{
	"__comment": "Designed by Optimus0812 with BDcraft Cubik PRO 0.95 Beta - http://bdcraft.net",
	"textures": {
		"pumpkin_face_off": "block/pumpkin_face_off",
		"pumpkin_side": "block/pumpkin_side",
		"pumpkin_top": "block/pumpkin_top"
	},
	"elements": [ 	 
		{
			"__comment": "Element",
			"from": [ 0, 0, 0 ],
			"to": [ 16, 16, 1 ],
			"faces": {
				"down": { "uv": [ 16, 16, 0, 15 ], "texture": "#pumpkin_top", "rotation": 180 },
				"up": { "uv": [ 0, 15, 16, 16 ], "texture": "#pumpkin_top", "rotation": 180 },
				"north": { "uv": [ 0, 0, 16, 16 ], "texture": "#pumpkin_face_off" },
				"south": { "uv": [ 0, 0, 16, 16 ], "texture": "#pumpkin_side" },
				"west": { "uv": [ 0, 0, 1, 16 ], "texture": "#pumpkin_side" },
				"east": { "uv": [ 15, 0, 16, 16 ], "texture": "#pumpkin_side" }
			}
		},
		{
			"__comment": "Element",
			"from": [ 0, 0, 15 ],
			"to": [ 16, 16, 16 ],
			"faces": {
				"down": { "uv": [ 16, 1, 0, 0 ], "texture": "#pumpkin_top", "rotation": 180 },
				"up": { "uv": [ 0, 0, 16, 1 ], "texture": "#pumpkin_top", "rotation": 180 },
				"north": { "uv": [ 0, 0, 16, 16 ], "texture": "#pumpkin_face_off" },
				"south": { "uv": [ 0, 0, 16, 16 ], "texture": "#pumpkin_side" },
				"west": { "uv": [ 15, 0, 16, 16 ], "texture": "#pumpkin_side" },
				"east": { "uv": [ 0, 0, 1, 16 ], "texture": "#pumpkin_side" }
			}
		},
		{
			"__comment": "Element",
			"from": [ 15, 0, 0 ],
			"to": [ 16, 16, 16 ],
			"faces": {
				"down": { "uv": [ 16, 16, 15, 0 ], "texture": "#pumpkin_top", "rotation": 180 },
				"up": { "uv": [ 0, 0, 1, 16 ], "texture": "#pumpkin_top", "rotation": 180 },
				"north": { "uv": [ 0, 0, 1, 16 ], "texture": "#pumpkin_face_off" },
				"south": { "uv": [ 15, 0, 16, 16 ], "texture": "#pumpkin_side" },
				"west": { "uv": [ 0, 0, 16, 16 ], "texture": "#pumpkin_side" },
				"east": { "uv": [ 0, 0, 16, 16 ], "texture": "#pumpkin_side" }
			}
		},
		{
			"__comment": "Element",
			"from": [ 0, 0, 0 ],
			"to": [ 1, 16, 16 ],
			"faces": {
				"down": { "uv": [ 1, 16, 0, 0 ], "texture": "#pumpkin_top", "rotation": 180 },
				"up": { "uv": [ 15, 0, 16, 16 ], "texture": "#pumpkin_top", "rotation": 180 },
				"north": { "uv": [ 15, 0, 16, 16 ], "texture": "#pumpkin_face_off" },
				"south": { "uv": [ 0, 0, 1, 16 ], "texture": "#pumpkin_side" },
				"west": { "uv": [ 0, 0, 16, 16 ], "texture": "#pumpkin_side" },
				"east": { "uv": [ 0, 0, 16, 16 ], "texture": "#pumpkin_side" }
			}
		},
		{
			"__comment": "Element",
			"from": [ 0, 15, 0 ],
			"to": [ 16, 16, 16 ],
			"faces": {
				"down": { "uv": [ 16, 16, 0, 0 ], "texture": "#pumpkin_top", "rotation": 180 },
				"up": { "uv": [ 0, 0, 16, 16 ], "texture": "#pumpkin_top", "rotation": 180 },
				"north": { "uv": [ 0, 0, 16, 1 ], "texture": "#pumpkin_face_off" },
				"south": { "uv": [ 0, 0, 16, 1 ], "texture": "#pumpkin_side" },
				"west": { "uv": [ 0, 0, 16, 1 ], "texture": "#pumpkin_side" },
				"east": { "uv": [ 0, 0, 16, 1 ], "texture": "#pumpkin_side" }
			}
		},
		{
			"__comment": "Element",
			"from": [ 0, 0, 0 ],
			"to": [ 16, 1, 16 ],
			"faces": {
				"down": { "uv": [ 16, 16, 0, 0 ], "texture": "#pumpkin_top", "rotation": 180 },
				"up": { "uv": [ 0, 0, 16, 16 ], "texture": "#pumpkin_top", "rotation": 180 },
				"north": { "uv": [ 0, 15, 16, 16 ], "texture": "#pumpkin_face_off" },
				"south": { "uv": [ 0, 15, 16, 16 ], "texture": "#pumpkin_side" },
				"west": { "uv": [ 0, 15, 16, 16 ], "texture": "#pumpkin_side" },
				"east": { "uv": [ 0, 15, 16, 16 ], "texture": "#pumpkin_side" }
			}
		}
	],
	"display": {
		"thirdperson_righthand": {
			"rotation":  [ 75, 45, 0 ],
			"translation":  [ 0, 2.5, 0 ],
			"scale":  [ 0.375, 0.375, 0.375 ]
		},
		"thirdperson_lefthand": {
			"rotation":  [ 75, 45, 0 ],
			"translation":  [ 0, 2.5, 0 ],
			"scale":  [ 0.375, 0.375, 0.375 ]
		},
		"firstperson_righthand": {
			"rotation":  [ 0, 45, 0 ],
			"scale":  [ 0.4, 0.4, 0.4 ]
		},
		"firstperson_lefthand": {
			"rotation":  [ 0, 45, 0 ],
			"scale":  [ 0.4, 0.4, 0.4 ]
		},
		"gui": {
			"scale":  [ 0.0001, 0.0001, 0.0001 ]
		},
		"head": {
			"scale":  [ 0.0001, 0.0001, 0.0001 ]
		},
		"ground": {
			"translation":  [ 0, 3, 0 ],
			"scale":  [ 0.25, 0.25, 0.25 ]
		},
		"fixed": {
			"scale":  [ 0.5, 0.5, 0.5 ]
		}
	}
}