{
	"__comment": "Designed by Optimus0812 with Cubik Studio - https://cubik.studio",
	"textures": {
		"texture": "dayz/food/canned_tuna"
	},
	"elements": [ 	 
		{
			"__comment": "textrure",
			"from": [ 1, 6, 3 ],
			"to": [ 15, 10, 13 ],
			"faces": {
				"down": { "uv": [ 7, 8, 14, 13 ], "texture": "#texture" },
				"up": { "uv": [ 0, 8, 7, 13 ], "texture": "#texture" },
				"north": { "uv": [ 0, 13.5, 7, 15.5 ], "texture": "#texture" },
				"south": { "uv": [ 0, 13.5, 7, 15.5 ], "texture": "#texture" },
				"west": { "uv": [ 8, 13.5, 13, 15.5 ], "texture": "#texture" },
				"east": { "uv": [ 8, 13.5, 13, 15.5 ], "texture": "#texture" }
			}
		},
		{
			"__comment": "textrure",
			"from": [ 1, 10, 3 ],
			"to": [ 2, 11, 13 ],
			"faces": {
				"down": { "uv": [ 0, 13, 0.5, 8 ], "texture": "#texture" },
				"up": { "uv": [ 0, 8, 0.5, 13 ], "texture": "#texture" },
				"north": { "uv": [ 0.5, 8.5, 0, 8 ], "texture": "#texture" },
				"south": { "uv": [ 0, 12.5, 0.5, 13 ], "texture": "#texture" },
				"west": { "uv": [ 1, 13, 6, 13.5 ], "texture": "#texture" },
				"east": { "uv": [ 0.5, 8, 0, 13 ], "texture": "#texture", "rotation": 90 }
			}
		},
		{
			"__comment": "textrure",
			"from": [ 14, 10, 3 ],
			"to": [ 15, 11, 13 ],
			"faces": {
				"down": { "uv": [ 6.5, 13, 7, 8 ], "texture": "#texture" },
				"up": { "uv": [ 6.5, 8, 7, 13 ], "texture": "#texture" },
				"north": { "uv": [ 7, 8.5, 6.5, 8 ], "texture": "#texture" },
				"south": { "uv": [ 6.5, 12.5, 7, 13 ], "texture": "#texture" },
				"west": { "uv": [ 6.5, 8, 7, 13 ], "texture": "#texture", "rotation": 270 },
				"east": { "uv": [ 1, 13, 6, 13.5 ], "texture": "#texture" }
			}
		},
		{
			"__comment": "textrure",
			"from": [ 2, 10, 12 ],
			"to": [ 14, 11, 13 ],
			"faces": {
				"down": { "uv": [ 0.5, 13, 6.5, 12.5 ], "texture": "#texture" },
				"up": { "uv": [ 0.5, 12.5, 6.5, 13 ], "texture": "#texture" },
				"north": { "uv": [ 6.5, 13, 0.5, 12.5 ], "texture": "#texture" },
				"south": { "uv": [ 0.5, 13, 6.5, 13.5 ], "texture": "#texture" },
				"west": { "uv": [ 0.5, 12.5, 1, 13 ], "texture": "#texture", "rotation": 270 },
				"east": { "uv": [ 6.5, 12.5, 6, 13 ], "texture": "#texture", "rotation": 90 }
			}
		},
		{
			"__comment": "textrure",
			"from": [ 2, 10, 3 ],
			"to": [ 14, 11, 4 ],
			"faces": {
				"down": { "uv": [ 0.5, 8.5, 6.5, 8 ], "texture": "#texture" },
				"up": { "uv": [ 0.5, 8, 6.5, 8.5 ], "texture": "#texture" },
				"north": { "uv": [ 6.5, 13.5, 0.5, 13 ], "texture": "#texture" },
				"south": { "uv": [ 0.5, 8, 6.5, 8.5 ], "texture": "#texture" },
				"west": { "uv": [ 0.5, 8, 1, 8.5 ], "texture": "#texture", "rotation": 270 },
				"east": { "uv": [ 6.5, 8, 6, 8.5 ], "texture": "#texture", "rotation": 90 }
			}
		},
		{
			"__comment": "textrure",
			"from": [ 2, 10, 8 ],
			"to": [ 4, 11, 10 ],
			"faces": {
				"down": { "uv": [ 0.5, 11.5, 1.5, 10.5 ], "texture": "#texture" },
				"up": { "uv": [ 0.5, 10.5, 1.5, 11.5 ], "texture": "#texture" },
				"north": { "uv": [ 1.5, 11, 0.5, 10.5 ], "texture": "#texture" },
				"south": { "uv": [ 0.5, 11, 1.5, 11.5 ], "texture": "#texture" },
				"west": { "uv": [ 0.5, 10.5, 1, 11.5 ], "texture": "#texture", "rotation": 270 },
				"east": { "uv": [ 1.5, 10.5, 1, 11.5 ], "texture": "#texture", "rotation": 90 }
			}
		},
		{
			"__comment": "textrure",
			"from": [ 4, 10, 10 ],
			"to": [ 6, 11, 11 ],
			"faces": {
				"down": { "uv": [ 1.5, 12, 2.5, 11.5 ], "texture": "#texture" },
				"up": { "uv": [ 1.5, 11.5, 2.5, 12 ], "texture": "#texture" },
				"north": { "uv": [ 2.5, 12, 1.5, 11.5 ], "texture": "#texture" },
				"south": { "uv": [ 1.5, 11.5, 2.5, 12 ], "texture": "#texture" },
				"west": { "uv": [ 1.5, 11.5, 2, 12 ], "texture": "#texture", "rotation": 270 },
				"east": { "uv": [ 2.5, 11.5, 2, 12 ], "texture": "#texture", "rotation": 90 }
			}
		},
		{
			"__comment": "textrure",
			"from": [ 4, 10, 7 ],
			"to": [ 6, 11, 8 ],
			"faces": {
				"down": { "uv": [ 1.5, 10.5, 2.5, 10 ], "texture": "#texture" },
				"up": { "uv": [ 1.5, 10, 2.5, 10.5 ], "texture": "#texture" },
				"north": { "uv": [ 2.5, 10.5, 1.5, 10 ], "texture": "#texture" },
				"south": { "uv": [ 1.5, 10, 2.5, 10.5 ], "texture": "#texture" },
				"west": { "uv": [ 1.5, 10, 2, 10.5 ], "texture": "#texture", "rotation": 270 },
				"east": { "uv": [ 2.5, 10, 2, 10.5 ], "texture": "#texture", "rotation": 90 }
			}
		},
		{
			"__comment": "textrure",
			"from": [ 6, 10, 8 ],
			"to": [ 7, 11, 10 ],
			"faces": {
				"down": { "uv": [ 2.5, 11.5, 3, 10.5 ], "texture": "#texture" },
				"up": { "uv": [ 2.5, 10.5, 3, 11.5 ], "texture": "#texture" },
				"north": { "uv": [ 3, 11, 2.5, 10.5 ], "texture": "#texture" },
				"south": { "uv": [ 2.5, 11, 3, 11.5 ], "texture": "#texture" },
				"west": { "uv": [ 2.5, 10.5, 3, 11.5 ], "texture": "#texture", "rotation": 270 },
				"east": { "uv": [ 3, 10.5, 2.5, 11.5 ], "texture": "#texture", "rotation": 90 }
			}
		},
		{
			"__comment": "textrure",
			"from": [ 1, 5, 3 ],
			"to": [ 2, 6, 13 ],
			"faces": {
				"down": { "uv": [ 1, 15.5, 6, 16 ], "texture": "#texture", "rotation": 270 },
				"up": { "uv": [ 1, 16, 6, 15.5 ], "texture": "#texture", "rotation": 90 },
				"north": { "uv": [ 1, 15.5, 1.5, 16 ], "texture": "#texture" },
				"south": { "uv": [ 6, 15.5, 5.5, 16 ], "texture": "#texture" },
				"west": { "uv": [ 1, 15.5, 6, 16 ], "texture": "#texture" },
				"east": { "uv": [ 6, 15.5, 1, 16 ], "texture": "#texture" }
			}
		},
		{
			"__comment": "textrure",
			"from": [ 14, 5, 3 ],
			"to": [ 15, 6, 13 ],
			"faces": {
				"down": { "uv": [ 1, 16, 6, 15.5 ], "texture": "#texture", "rotation": 90 },
				"up": { "uv": [ 1, 15.5, 6, 16 ], "texture": "#texture", "rotation": 270 },
				"north": { "uv": [ 5.5, 16, 6, 15.5 ], "texture": "#texture" },
				"south": { "uv": [ 1.5, 16, 1, 15.5 ], "texture": "#texture" },
				"west": { "uv": [ 1, 15.5, 6, 16 ], "texture": "#texture", "rotation": 180 },
				"east": { "uv": [ 6, 15.5, 1, 16 ], "texture": "#texture", "rotation": 180 }
			}
		},
		{
			"__comment": "textrure",
			"from": [ 2, 5, 12 ],
			"to": [ 14, 6, 13 ],
			"faces": {
				"down": { "uv": [ 0.5, 15.5, 6.5, 16 ], "texture": "#texture" },
				"up": { "uv": [ 0.5, 16, 6.5, 15.5 ], "texture": "#texture" },
				"north": { "uv": [ 6.5, 15.5, 0.5, 16 ], "texture": "#texture" },
				"south": { "uv": [ 0.5, 15.5, 6.5, 16 ], "texture": "#texture" },
				"west": { "uv": [ 0.5, 15.5, 1, 16 ], "texture": "#texture" },
				"east": { "uv": [ 6.5, 15.5, 6, 16 ], "texture": "#texture" }
			}
		},
		{
			"__comment": "textrure",
			"from": [ 2, 5, 3 ],
			"to": [ 14, 6, 4 ],
			"faces": {
				"down": { "uv": [ 0.5, 15.5, 6.5, 16 ], "texture": "#texture" },
				"up": { "uv": [ 0.5, 16, 6.5, 15.5 ], "texture": "#texture" },
				"north": { "uv": [ 6.5, 15.5, 0.5, 16 ], "texture": "#texture" },
				"south": { "uv": [ 0.5, 15.5, 6.5, 16 ], "texture": "#texture" },
				"west": { "uv": [ 0.5, 15.5, 1, 16 ], "texture": "#texture" },
				"east": { "uv": [ 6.5, 15.5, 6, 16 ], "texture": "#texture" }
			}
		}
	],
	"display": {
		"thirdperson_righthand": {
			"rotation":  [ 75, 45, 0 ],
			"translation":  [ 0, 2, 0 ],
			"scale":  [ 0.25, 0.25, 0.25 ]
		},
		"thirdperson_lefthand": {
			"rotation":  [ 75, 45, 0 ],
			"translation":  [ 0, 2, 0 ],
			"scale":  [ 0.25, 0.25, 0.25 ]
		},
		"firstperson_righthand": {
			"rotation":  [ 0, 45, 0 ],
			"scale":  [ 0.5, 0.5, 0.5 ]
		},
		"firstperson_lefthand": {
			"rotation":  [ 0, 45, 0 ],
			"scale":  [ 0.5, 0.5, 0.5 ]
		},
		"gui": {
			"rotation":  [ 30, 225, 0 ],
			"scale":  [ 0.625, 0.625, 0.625 ]
		},
		"head": {
			"scale":  [ 0.0001, 0.0001, 0.0001 ]
		},
		"ground": {
			"translation":  [ 0, 2, 0 ],
			"scale":  [ 0.25, 0.25, 0.25 ]
		},
		"fixed": {
			"scale":  [ 0.5, 0.5, 0.5 ]
		}
	}
}