 {
    "parent": "item/handheld",
    "textures": {
        "layer0": "items/diamond_hoe"
    },
        "overrides": [
                { "predicate": { "damage": 0.0000}, "model": "dayz/weapon/gun/rifle/akm_normal"},
                { "predicate": { "damage": 0.0006}, "model": "dayz/weapon/gun/rifle/sporter_normal"},
                { "predicate": { "damage": 0.0012}, "model": "dayz/weapon/gun/rifle/sporter_reload"},
                { "predicate": { "damage": 0.0019}, "model": "dayz/weapon/gun/rifle/sporter_scope"},
                { "predicate": { "damage": 0.0025}, "model": "dayz/weapon/gun/rifle/sporter_att_normal"},
                { "predicate": { "damage": 0.0032}, "model": "dayz/weapon/gun/rifle/sporter_att_reload"},
                { "predicate": { "damage": 0.0038}, "model": "dayz/weapon/gun/rifle/sporter_att_scope"},
                { "predicate": { "damage": 0.0044}, "model": "dayz/weapon/gun/rifle/trumpet_normal"},
                { "predicate": { "damage": 0.0051}, "model": "dayz/weapon/gun/rifle/trumpet_reload"},
                { "predicate": { "damage": 0.0057}, "model": "dayz/weapon/gun/rifle/trumpet_scope"},
                { "predicate": { "damage": 0.0064}, "model": "dayz/weapon/gun/rifle/trumpet_att_normal"},
                { "predicate": { "damage": 0.0070}, "model": "dayz/weapon/gun/rifle/trumpet_att_reload"},
                { "predicate": { "damage": 0.0076}, "model": "dayz/weapon/gun/rifle/trumpet_att_scope"},
                { "predicate": { "damage": 0.0083}, "model": "dayz/weapon/gun/rifle/repeater_normal"},
                { "predicate": { "damage": 0.0089}, "model": "dayz/weapon/gun/rifle/repeater_reload"},
                { "predicate": { "damage": 0.0096}, "model": "dayz/weapon/gun/rifle/repeater_scope"},
                { "predicate": { "damage": 0.0102}, "model": "dayz/weapon/gun/rifle/repeater_att_normal"},
                { "predicate": { "damage": 0.0108}, "model": "dayz/weapon/gun/rifle/repeater_att_reload"},
                { "predicate": { "damage": 0.0115}, "model": "dayz/weapon/gun/rifle/repeater_att_scope"},
                { "predicate": { "damage": 0.0121}, "model": "dayz/weapon/gun/rifle/ak74_normal"},
                { "predicate": { "damage": 0.0128}, "model": "dayz/weapon/gun/rifle/ak74_reload"},
                { "predicate": { "damage": 0.0134}, "model": "dayz/weapon/gun/rifle/ak74_scope"},
                { "predicate": { "damage": 0.0140}, "model": "dayz/weapon/gun/rifle/ak74_att_normal"},
                { "predicate": { "damage": 0.0147}, "model": "dayz/weapon/gun/rifle/ak74_att_reload"},
                { "predicate": { "damage": 0.0153}, "model": "dayz/weapon/gun/rifle/ak74_att_scope"},
                { "predicate": { "damage": 0.0160}, "model": "dayz/weapon/gun/rifle/aks-74u_normal"},
                { "predicate": { "damage": 0.0166}, "model": "dayz/weapon/gun/rifle/aks-74u_reload"},
                { "predicate": { "damage": 0.0172}, "model": "dayz/weapon/gun/rifle/aks-74u_scope"},
                { "predicate": { "damage": 0.0179}, "model": "dayz/weapon/gun/rifle/aks-74u_att_normal"},
                { "predicate": { "damage": 0.0185}, "model": "dayz/weapon/gun/rifle/aks-74u_att_reload"},
                { "predicate": { "damage": 0.0192}, "model": "dayz/weapon/gun/rifle/aks-74u_att_scope"},
                { "predicate": { "damage": 0.0198}, "model": "dayz/weapon/gun/rifle/ak101_normal"},
                { "predicate": { "damage": 0.0204}, "model": "dayz/weapon/gun/rifle/ak101_reload"},
                { "predicate": { "damage": 0.0211}, "model": "dayz/weapon/gun/rifle/ak101_scope"},
                { "predicate": { "damage": 0.0217}, "model": "dayz/weapon/gun/rifle/ak101_att_normal"},
                { "predicate": { "damage": 0.0224}, "model": "dayz/weapon/gun/rifle/ak101_att_reload"},
                { "predicate": { "damage": 0.0230}, "model": "dayz/weapon/gun/rifle/ak101_att_scope"},
                { "predicate": { "damage": 0.0237}, "model": "dayz/weapon/gun/rifle/m4a1_normal"},
                { "predicate": { "damage": 0.0243}, "model": "dayz/weapon/gun/rifle/m4a1_reload"},
                { "predicate": { "damage": 0.0249}, "model": "dayz/weapon/gun/rifle/m4a1_scope"},
                { "predicate": { "damage": 0.0256}, "model": "dayz/weapon/gun/rifle/m4a1_att_normal"},
                { "predicate": { "damage": 0.0262}, "model": "dayz/weapon/gun/rifle/m4a1_att_reload"},
                { "predicate": { "damage": 0.0269}, "model": "dayz/weapon/gun/rifle/m4a1_att_scope"},
                { "predicate": { "damage": 0.0275}, "model": "dayz/weapon/gun/rifle/steyr_aug_automatic_rifle_normal"},
                { "predicate": { "damage": 0.0281}, "model": "dayz/weapon/gun/rifle/steyr_aug_automatic_rifle_reload"},
                { "predicate": { "damage": 0.0288}, "model": "dayz/weapon/gun/rifle/steyr_aug_automatic_rifle_scope"},
                { "predicate": { "damage": 0.0294}, "model": "dayz/weapon/gun/rifle/steyr_aug_automatic_rifle_att_normal"},
                { "predicate": { "damage": 0.0301}, "model": "dayz/weapon/gun/rifle/steyr_aug_automatic_rifle_att_reload"},
                { "predicate": { "damage": 0.0307}, "model": "dayz/weapon/gun/rifle/steyr_aug_automatic_rifle_att_scope"},
                { "predicate": { "damage": 0.0313}, "model": "dayz/weapon/gun/rifle/akm_normal"},
                { "predicate": { "damage": 0.0320}, "model": "dayz/weapon/gun/rifle/akm_reload"},
                { "predicate": { "damage": 0.0326}, "model": "dayz/weapon/gun/rifle/akm_scope"},
                { "predicate": { "damage": 0.0333}, "model": "dayz/weapon/gun/rifle/akm_att_normal"},
                { "predicate": { "damage": 0.0339}, "model": "dayz/weapon/gun/rifle/akm_att_reload"},
                { "predicate": { "damage": 0.0345}, "model": "dayz/weapon/gun/rifle/akm_att_scope"},
                { "predicate": { "damage": 0.0352}, "model": "dayz/weapon/gun/rifle/cr527_carbine_normal"},
                { "predicate": { "damage": 0.0358}, "model": "dayz/weapon/gun/rifle/cr527_carbine_reload"},
                { "predicate": { "damage": 0.0365}, "model": "dayz/weapon/gun/rifle/cr527_carbine_scope"},
                { "predicate": { "damage": 0.0371}, "model": "dayz/weapon/gun/rifle/cr527_carbine_att_normal"},
                { "predicate": { "damage": 0.0377}, "model": "dayz/weapon/gun/rifle/cr527_carbine_att_reload"},
                { "predicate": { "damage": 0.0384}, "model": "dayz/weapon/gun/rifle/cr527_carbine_att_scope"},
                { "predicate": { "damage": 0.0390}, "model": "dayz/weapon/gun/rifle/izh_18_rifle_normal"},
                { "predicate": { "damage": 0.0397}, "model": "dayz/weapon/gun/rifle/izh_18_rifle_reload"},
                { "predicate": { "damage": 0.0403}, "model": "dayz/weapon/gun/rifle/izh_18_rifle_scope"},
                { "predicate": { "damage": 0.0409}, "model": "dayz/weapon/gun/rifle/izh_18_rifle_att_normal"},
                { "predicate": { "damage": 0.0416}, "model": "dayz/weapon/gun/rifle/izh_18_rifle_att_reload"},
                { "predicate": { "damage": 0.0422}, "model": "dayz/weapon/gun/rifle/izh_18_rifle_att_scope"},
                { "predicate": { "damage": 0.0429}, "model": "dayz/weapon/gun/rifle/sks_normal"},
                { "predicate": { "damage": 0.0435}, "model": "dayz/weapon/gun/rifle/sks_reload"},
                { "predicate": { "damage": 0.0442}, "model": "dayz/weapon/gun/rifle/sks_scope"},
                { "predicate": { "damage": 0.0448}, "model": "dayz/weapon/gun/rifle/sks_att_normal"},
                { "predicate": { "damage": 0.0454}, "model": "dayz/weapon/gun/rifle/sks_att_reload"},
                { "predicate": { "damage": 0.0461}, "model": "dayz/weapon/gun/rifle/sks_att_scope"},
                { "predicate": { "damage": 0.0467}, "model": "dayz/weapon/gun/rifle/b95_normal"},
                { "predicate": { "damage": 0.0474}, "model": "dayz/weapon/gun/rifle/b95_reload"},
                { "predicate": { "damage": 0.0480}, "model": "dayz/weapon/gun/rifle/b95_scope"},
                { "predicate": { "damage": 0.0486}, "model": "dayz/weapon/gun/rifle/b95_att_normal"},
                { "predicate": { "damage": 0.0493}, "model": "dayz/weapon/gun/rifle/b95_att_reload"},
                { "predicate": { "damage": 0.0499}, "model": "dayz/weapon/gun/rifle/b95_att_scope"},
                { "predicate": { "damage": 0.0506}, "model": "dayz/weapon/gun/rifle/fn_fal_normal"},
                { "predicate": { "damage": 0.0512}, "model": "dayz/weapon/gun/rifle/fn_fal_reload"},
                { "predicate": { "damage": 0.0518}, "model": "dayz/weapon/gun/rifle/fn_fal_scope"},
                { "predicate": { "damage": 0.0525}, "model": "dayz/weapon/gun/rifle/fn_fal_att_normal"},
                { "predicate": { "damage": 0.0531}, "model": "dayz/weapon/gun/rifle/fn_fal_att_reload"},
                { "predicate": { "damage": 0.0538}, "model": "dayz/weapon/gun/rifle/fn_fal_att_scope"},
                { "predicate": { "damage": 0.0544}, "model": "dayz/weapon/gun/rifle/winchester_model_70_normal"},
                { "predicate": { "damage": 0.0550}, "model": "dayz/weapon/gun/rifle/winchester_model_70_reload"},
                { "predicate": { "damage": 0.0557}, "model": "dayz/weapon/gun/rifle/winchester_model_70_scope"},
                { "predicate": { "damage": 0.0563}, "model": "dayz/weapon/gun/rifle/winchester_model_70_att_normal"},
                { "predicate": { "damage": 0.0570}, "model": "dayz/weapon/gun/rifle/winchester_model_70_att_reload"},
                { "predicate": { "damage": 0.0576}, "model": "dayz/weapon/gun/rifle/winchester_model_70_att_scope"},
                { "predicate": { "damage": 0.0582}, "model": "dayz/weapon/gun/rifle/mosin_9130_normal"},
                { "predicate": { "damage": 0.0589}, "model": "dayz/weapon/gun/rifle/mosin_9130_reload"},
                { "predicate": { "damage": 0.0595}, "model": "dayz/weapon/gun/rifle/mosin_9130_scope"},
                { "predicate": { "damage": 0.0602}, "model": "dayz/weapon/gun/rifle/mosin_9130_att_normal"},
                { "predicate": { "damage": 0.0608}, "model": "dayz/weapon/gun/rifle/mosin_9130_att_reload"},
                { "predicate": { "damage": 0.0614}, "model": "dayz/weapon/gun/rifle/mosin_9130_att_scope"},
                { "predicate": { "damage": 0.0621}, "model": "dayz/weapon/gun/rifle/svd_normal"},
                { "predicate": { "damage": 0.0627}, "model": "dayz/weapon/gun/rifle/svd_reload"},
                { "predicate": { "damage": 0.0634}, "model": "dayz/weapon/gun/rifle/svd_scope"},
                { "predicate": { "damage": 0.0640}, "model": "dayz/weapon/gun/rifle/svd_att_normal"},
                { "predicate": { "damage": 0.0647}, "model": "dayz/weapon/gun/rifle/svd_att_reload"},
                { "predicate": { "damage": 0.0653}, "model": "dayz/weapon/gun/rifle/svd_att_scope"},
                { "predicate": { "damage": 0.0659}, "model": "dayz/weapon/gun/rifle/vss_vintorez_normal"},
                { "predicate": { "damage": 0.0666}, "model": "dayz/weapon/gun/rifle/vss_vintorez_reload"},
                { "predicate": { "damage": 0.0672}, "model": "dayz/weapon/gun/rifle/vss_vintorez_scope"},
                { "predicate": { "damage": 0.0679}, "model": "dayz/weapon/gun/rifle/kar98k_normal"},
                { "predicate": { "damage": 0.0685}, "model": "dayz/weapon/gun/rifle/kar98k_reload"},
                { "predicate": { "damage": 0.0691}, "model": "dayz/weapon/gun/rifle/kar98k_scope"},
                { "predicate": { "damage": 0.0698}, "model": "dayz/weapon/gun/rifle/kar98k_att_normal"},
                { "predicate": { "damage": 0.0704}, "model": "dayz/weapon/gun/rifle/kar98k_att_reload"},
                { "predicate": { "damage": 0.0711}, "model": "dayz/weapon/gun/rifle/kar98k_att_scope"},
                { "predicate": { "damage": 0.0717}, "model": "dayz/weapon/gun/rifle/m24_normal"},
                { "predicate": { "damage": 0.0723}, "model": "dayz/weapon/gun/rifle/m24_reload"},
                { "predicate": { "damage": 0.0730}, "model": "dayz/weapon/gun/rifle/m24_scope"},
                { "predicate": { "damage": 0.0736}, "model": "dayz/weapon/gun/rifle/m24_att_normal"},
                { "predicate": { "damage": 0.0743}, "model": "dayz/weapon/gun/rifle/m24_att_reload"},
                { "predicate": { "damage": 0.0749}, "model": "dayz/weapon/gun/rifle/m24_att_scope"},
                { "predicate": { "damage": 0.0755}, "model": "dayz/weapon/gun/rifle/awm_normal"},
                { "predicate": { "damage": 0.0762}, "model": "dayz/weapon/gun/rifle/awm_reload"},
                { "predicate": { "damage": 0.0768}, "model": "dayz/weapon/gun/rifle/awm_scope"},
                { "predicate": { "damage": 0.0775}, "model": "dayz/weapon/gun/rifle/awm_att_normal"},
                { "predicate": { "damage": 0.0781}, "model": "dayz/weapon/gun/rifle/awm_att_reload"},
                { "predicate": { "damage": 0.0787}, "model": "dayz/weapon/gun/rifle/awm_att_scope"},
                { "predicate": { "damage": 0.0794}, "model": "dayz/weapon/gun/rifle/"},
                { "predicate": { "damage": 0.0800}, "model": "dayz/weapon/gun/rifle/"},
                { "predicate": { "damage": 0.0807}, "model": "dayz/weapon/gun/rifle/"},
                { "predicate": { "damage": 0.0813}, "model": "dayz/weapon/gun/rifle/"},
                { "predicate": { "damage": 0.0819}, "model": "dayz/weapon/gun/rifle/"},
                { "predicate": { "damage": 0.0826}, "model": "dayz/weapon/gun/rifle/"},
                { "predicate": { "damage": 0.0832}, "model": "dayz/weapon/gun/rifle/"},
                { "predicate": { "damage": 0.0839}, "model": "dayz/weapon/gun/rifle/"},
                { "predicate": { "damage": 0.0845}, "model": "dayz/weapon/gun/rifle/"},
                { "predicate": { "damage": 0.0852}, "model": "dayz/weapon/gun/rifle/"},
                { "predicate": { "damage": 0.0858}, "model": "dayz/weapon/gun/rifle/"},
                { "predicate": { "damage": 0.0864}, "model": "dayz/weapon/gun/rifle/"},
                { "predicate": { "damage": 0.0871}, "model": "dayz/weapon/gun/rifle/"},
                { "predicate": { "damage": 0.0877}, "model": "dayz/weapon/gun/rifle/"},
                { "predicate": { "damage": 0.0884}, "model": "dayz/weapon/gun/rifle/"},
                { "predicate": { "damage": 0.3593}, "model": "dayz/weapon/gun/rifle/"},
                { "predicate": { "damage": 0.3600}, "model": "dayz/weapon/gun/rifle/"},
                { "predicate": { "damage": 0.3606}, "model": "dayz/weapon/gun/rifle/"},
                { "predicate": { "damage": 0.3613}, "model": "dayz/weapon/gun/rifle/"},
                { "predicate": { "damage": 0.3619}, "model": "dayz/weapon/gun/rifle/"},
                { "predicate": { "damage": 0.3625}, "model": "dayz/weapon/gun/rifle/"},
                { "predicate": { "damage": 0.3632}, "model": "dayz/weapon/gun/rifle/"},
                { "predicate": { "damage": 0.3638}, "model": "dayz/weapon/gun/rifle/"},
                { "predicate": { "damage": 0.3645}, "model": "dayz/weapon/gun/rifle/"},
                { "predicate": { "damage": 0.3651}, "model": "dayz/weapon/gun/rifle/"},
                { "predicate": { "damage": 0.3657}, "model": "dayz/weapon/gun/rifle/"},
                { "predicate": { "damage": 0.3664}, "model": "dayz/weapon/gun/rifle/"},
                { "predicate": { "damage": 0.3670}, "model": "dayz/weapon/gun/rifle/"},
                { "predicate": { "damage": 0.3677}, "model": "dayz/weapon/gun/rifle/"},
                { "predicate": { "damage": 0.3683}, "model": "dayz/weapon/gun/rifle/"},
                { "predicate": { "damage": 0.3689}, "model": "dayz/weapon/gun/rifle/"},
                { "predicate": { "damage": 0.3696}, "model": "dayz/weapon/gun/rifle/"},
                { "predicate": { "damage": 0.3702}, "model": "dayz/weapon/gun/rifle/"},
                { "predicate": { "damage": 0.3709}, "model": "dayz/weapon/gun/rifle/"},
                { "predicate": { "damage": 0.3715}, "model": "dayz/weapon/gun/rifle/"},
                { "predicate": { "damage": 0.3721}, "model": "dayz/weapon/gun/rifle/"},
                { "predicate": { "damage": 0.3728}, "model": "dayz/weapon/gun/rifle/"},
                { "predicate": { "damage": 0.3734}, "model": "dayz/weapon/gun/rifle/"},
                { "predicate": { "damage": 0.3741}, "model": "dayz/weapon/gun/rifle/"},
                { "predicate": { "damage": 0.3747}, "model": "dayz/weapon/gun/rifle/"},
                { "predicate": { "damage": 0.3754}, "model": "dayz/weapon/gun/rifle/"},
                { "predicate": { "damage": 0.3760}, "model": "dayz/weapon/gun/rifle/"},
                { "predicate": { "damage": 0.3766}, "model": "dayz/weapon/gun/rifle/"},
                { "predicate": { "damage": 0.3773}, "model": "dayz/weapon/gun/rifle/"},
                { "predicate": { "damage": 0.3779}, "model": "dayz/weapon/gun/rifle/"},
                { "predicate": { "damage": 0.3786}, "model": "dayz/weapon/gun/rifle/"},
                { "predicate": { "damage": 0.3792}, "model": "dayz/weapon/gun/rifle/"},
                { "predicate": { "damage": 0.3798}, "model": "dayz/weapon/gun/rifle/"},
                { "predicate": { "damage": 0.3805}, "model": "dayz/weapon/gun/rifle/"},
                { "predicate": { "damage": 0.3811}, "model": "dayz/weapon/gun/rifle/"},
                { "predicate": { "damage": 0.3818}, "model": "dayz/weapon/gun/rifle/"},
                { "predicate": { "damage": 0.3824}, "model": "dayz/weapon/gun/rifle/"},
                { "predicate": { "damage": 0.3830}, "model": "dayz/weapon/gun/rifle/"},
                { "predicate": { "damage": 0.3837}, "model": "dayz/weapon/gun/rifle/"},
                { "predicate": { "damage": 0.3843}, "model": "dayz/weapon/gun/rifle/"},
                { "predicate": { "damage": 0.3850}, "model": "dayz/weapon/gun/rifle/"},
                { "predicate": { "damage": 0.3856}, "model": "dayz/weapon/gun/rifle/"},
                { "predicate": { "damage": 0.3862}, "model": "dayz/weapon/gun/rifle/"},
                { "predicate": { "damage": 0.3869}, "model": "dayz/weapon/gun/rifle/"},
                { "predicate": { "damage": 0.3875}, "model": "dayz/weapon/gun/rifle/"},
                { "predicate": { "damage": 0.3882}, "model": "dayz/weapon/gun/rifle/"},
                { "predicate": { "damage": 0.3888}, "model": "dayz/weapon/gun/rifle/"},
                { "predicate": { "damage": 0.3894}, "model": "dayz/weapon/gun/rifle/"},
                { "predicate": { "damage": 0.3901}, "model": "dayz/weapon/gun/rifle/"},
                { "predicate": { "damage": 0.3907}, "model": "dayz/weapon/gun/rifle/"},
                { "predicate": { "damage": 0.3914}, "model": "dayz/weapon/gun/rifle/"},
                { "predicate": { "damage": 0.3920}, "model": "dayz/weapon/gun/rifle/"},
                { "predicate": { "damage": 0.3926}, "model": "dayz/weapon/gun/rifle/"},
                { "predicate": { "damage": 0.3933}, "model": "dayz/weapon/gun/rifle/"},
                { "predicate": { "damage": 0.3939}, "model": "dayz/weapon/gun/rifle/"},
                { "predicate": { "damage": 0.3946}, "model": "dayz/weapon/gun/rifle/"},
                { "predicate": { "damage": 0.3952}, "model": "dayz/weapon/gun/rifle/"},
                { "predicate": { "damage": 0.3959}, "model": "dayz/weapon/gun/rifle/"},
                { "predicate": { "damage": 0.3965}, "model": "dayz/weapon/gun/rifle/"},
                { "predicate": { "damage": 0.3971}, "model": "dayz/weapon/gun/rifle/"},
                { "predicate": { "damage": 0.3978}, "model": "dayz/weapon/gun/rifle/"},
                { "predicate": { "damage": 0.3984}, "model": "dayz/weapon/gun/rifle/"},
                { "predicate": { "damage": 0.3991}, "model": "dayz/weapon/gun/rifle/"},
                { "predicate": { "damage": 0.3997}, "model": "dayz/weapon/gun/rifle/"},
                { "predicate": { "damage": 0.4003}, "model": "dayz/weapon/gun/rifle/"},
                { "predicate": { "damage": 0.4010}, "model": "dayz/weapon/gun/rifle/"},
                { "predicate": { "damage": 0.4016}, "model": "dayz/weapon/gun/rifle/"},
                { "predicate": { "damage": 0.4023}, "model": "dayz/weapon/gun/rifle/"},
                { "predicate": { "damage": 0.4029}, "model": "dayz/weapon/gun/rifle/"},
                { "predicate": { "damage": 0.4035}, "model": "dayz/weapon/gun/rifle/"},
                { "predicate": { "damage": 0.4042}, "model": "dayz/weapon/gun/rifle/"},
                { "predicate": { "damage": 0.4048}, "model": "dayz/weapon/gun/rifle/"},
                { "predicate": { "damage": 0.4055}, "model": "dayz/weapon/gun/rifle/"},
                { "predicate": { "damage": 0.4061}, "model": "dayz/weapon/gun/rifle/"},
                { "predicate": { "damage": 0.4067}, "model": "dayz/weapon/gun/rifle/"},
                { "predicate": { "damage": 0.4074}, "model": "dayz/weapon/gun/rifle/"},
                { "predicate": { "damage": 0.4080}, "model": "dayz/weapon/gun/rifle/"},
                { "predicate": { "damage": 0.4087}, "model": "dayz/weapon/gun/rifle/"},
                { "predicate": { "damage": 0.4093}, "model": "dayz/weapon/gun/rifle/"},
                { "predicate": { "damage": 0.4099}, "model": "dayz/weapon/gun/rifle/"},
                { "predicate": { "damage": 0.4106}, "model": "dayz/weapon/gun/rifle/"},
                { "predicate": { "damage": 0.4112}, "model": "dayz/weapon/gun/rifle/"},
                { "predicate": { "damage": 0.4119}, "model": "dayz/weapon/gun/rifle/"},
                { "predicate": { "damage": 0.4125}, "model": "dayz/weapon/gun/rifle/"},
                { "predicate": { "damage": 0.4131}, "model": "dayz/weapon/gun/rifle/"},
                { "predicate": { "damage": 0.4138}, "model": "dayz/weapon/gun/rifle/"},
                { "predicate": { "damage": 0.4144}, "model": "dayz/weapon/gun/rifle/"},
                { "predicate": { "damage": 0.4151}, "model": "dayz/weapon/gun/rifle/"},
                { "predicate": { "damage": 0.4157}, "model": "dayz/weapon/gun/rifle/"},
                { "predicate": { "damage": 0.4163}, "model": "dayz/weapon/gun/rifle/"},
                { "predicate": { "damage": 0.4170}, "model": "dayz/weapon/gun/rifle/"},
                { "predicate": { "damage": 0.4176}, "model": "dayz/weapon/gun/rifle/"},
                { "predicate": { "damage": 0.4183}, "model": "dayz/weapon/gun/rifle/"},
                { "predicate": { "damage": 0.4189}, "model": "dayz/weapon/gun/rifle/"},
                { "predicate": { "damage": 0.4196}, "model": "dayz/weapon/gun/rifle/"},
                { "predicate": { "damage": 0.4202}, "model": "dayz/weapon/gun/rifle/"},
                { "predicate": { "damage": 0.4208}, "model": "dayz/weapon/gun/rifle/"},
                { "predicate": { "damage": 0.4215}, "model": "dayz/weapon/gun/rifle/"},
                { "predicate": { "damage": 0.4221}, "model": "dayz/weapon/gun/rifle/"},
                { "predicate": { "damage": 0.4228}, "model": "dayz/weapon/gun/rifle/"},
                { "predicate": { "damage": 0.4234}, "model": "dayz/weapon/gun/rifle/"},
                { "predicate": { "damage": 0.4240}, "model": "dayz/weapon/gun/rifle/"},
                { "predicate": { "damage": 0.4247}, "model": "dayz/weapon/gun/rifle/"},
                { "predicate": { "damage": 0.4253}, "model": "dayz/weapon/gun/rifle/"},
                { "predicate": { "damage": 0.4260}, "model": "dayz/weapon/gun/rifle/"},
                { "predicate": { "damage": 0.4266}, "model": "dayz/weapon/gun/rifle/"},
                { "predicate": { "damage": 0.6796}, "model": "dayz/weapon/gun/rifle/"},
                { "predicate": { "damage": 0.6803}, "model": "dayz/weapon/gun/rifle/"},
                { "predicate": { "damage": 0.6809}, "model": "dayz/weapon/gun/rifle/"},
                { "predicate": { "damage": 0.6816}, "model": "dayz/weapon/gun/rifle/"},
                { "predicate": { "damage": 0.6822}, "model": "dayz/weapon/gun/rifle/"},
                { "predicate": { "damage": 0.6828}, "model": "dayz/weapon/gun/rifle/"},
                { "predicate": { "damage": 0.6835}, "model": "dayz/weapon/gun/rifle/"},
                { "predicate": { "damage": 0.6841}, "model": "dayz/weapon/gun/rifle/"},
                { "predicate": { "damage": 0.6848}, "model": "dayz/weapon/gun/rifle/"},
                { "predicate": { "damage": 0.6854}, "model": "dayz/weapon/gun/rifle/"},
                { "predicate": { "damage": 0.6860}, "model": "dayz/weapon/gun/rifle/"},
                { "predicate": { "damage": 0.6867}, "model": "dayz/weapon/gun/rifle/"},
                { "predicate": { "damage": 0.6873}, "model": "dayz/weapon/gun/rifle/"},
                { "predicate": { "damage": 0.6880}, "model": "dayz/weapon/gun/rifle/"},
                { "predicate": { "damage": 0.6886}, "model": "dayz/weapon/gun/rifle/"},
                { "predicate": { "damage": 0.6893}, "model": "dayz/weapon/gun/rifle/"},
                { "predicate": { "damage": 0.6899}, "model": "dayz/weapon/gun/rifle/"},
                { "predicate": { "damage": 0.6905}, "model": "dayz/weapon/gun/rifle/"},
                { "predicate": { "damage": 0.6912}, "model": "dayz/weapon/gun/rifle/"},
                { "predicate": { "damage": 0.6918}, "model": "dayz/weapon/gun/rifle/"},
                { "predicate": { "damage": 0.6925}, "model": "dayz/weapon/gun/rifle/"},
                { "predicate": { "damage": 0.6931}, "model": "dayz/weapon/gun/rifle/"},
                { "predicate": { "damage": 0.6937}, "model": "dayz/weapon/gun/rifle/"},
                { "predicate": { "damage": 0.6944}, "model": "dayz/weapon/gun/rifle/"},
                { "predicate": { "damage": 0.6950}, "model": "dayz/weapon/gun/rifle/"},
                { "predicate": { "damage": 0.6957}, "model": "dayz/weapon/gun/rifle/"},
                { "predicate": { "damage": 0.6963}, "model": "dayz/weapon/gun/rifle/"},
                { "predicate": { "damage": 0.6969}, "model": "dayz/weapon/gun/rifle/"},
                { "predicate": { "damage": 0.6976}, "model": "dayz/weapon/gun/rifle/"},
                { "predicate": { "damage": 0.6982}, "model": "dayz/weapon/gun/rifle/"},
                { "predicate": { "damage": 0.6989}, "model": "dayz/weapon/gun/rifle/"},
                { "predicate": { "damage": 0.6995}, "model": "dayz/weapon/gun/rifle/"},
                { "predicate": { "damage": 0.7001}, "model": "dayz/weapon/gun/rifle/"},
                { "predicate": { "damage": 0.7008}, "model": "dayz/weapon/gun/rifle/"},
                { "predicate": { "damage": 0.7014}, "model": "dayz/weapon/gun/rifle/"},
                { "predicate": { "damage": 0.7021}, "model": "dayz/weapon/gun/rifle/"},
                { "predicate": { "damage": 0.7027}, "model": "dayz/weapon/gun/rifle/"},
                { "predicate": { "damage": 0.7033}, "model": "dayz/weapon/gun/rifle/"},
                { "predicate": { "damage": 0.7040}, "model": "dayz/weapon/gun/rifle/"},
                { "predicate": { "damage": 0.7046}, "model": "dayz/weapon/gun/rifle/"},
                { "predicate": { "damage": 0.7053}, "model": "dayz/weapon/gun/rifle/"},
                { "predicate": { "damage": 0.7059}, "model": "dayz/weapon/gun/rifle/"},
                { "predicate": { "damage": 0.7065}, "model": "dayz/weapon/gun/rifle/"},
                { "predicate": { "damage": 0.7072}, "model": "dayz/weapon/gun/rifle/"},
                { "predicate": { "damage": 0.7078}, "model": "dayz/weapon/gun/rifle/"},
                { "predicate": { "damage": 0.7085}, "model": "dayz/weapon/gun/rifle/"},
                { "predicate": { "damage": 0.7091}, "model": "dayz/weapon/gun/rifle/"},
                { "predicate": { "damage": 0.7098}, "model": "dayz/weapon/gun/rifle/"},
                { "predicate": { "damage": 0.7104}, "model": "dayz/weapon/gun/rifle/"},
                { "predicate": { "damage": 0.7110}, "model": "dayz/weapon/gun/rifle/"},
                { "predicate": { "damage": 0.7117}, "model": "dayz/weapon/gun/rifle/"},
                { "predicate": { "damage": 0.7123}, "model": "dayz/weapon/gun/rifle/"},
                { "predicate": { "damage": 0.7130}, "model": "dayz/weapon/gun/rifle/"},
                { "predicate": { "damage": 0.7136}, "model": "dayz/weapon/gun/rifle/"},
                { "predicate": { "damage": 0.7142}, "model": "dayz/weapon/gun/rifle/"},
                { "predicate": { "damage": 0.7149}, "model": "dayz/weapon/gun/rifle/"},
                { "predicate": { "damage": 0.7155}, "model": "dayz/weapon/gun/rifle/"},
                { "predicate": { "damage": 0.7162}, "model": "dayz/weapon/gun/rifle/"},
                { "predicate": { "damage": 0.7168}, "model": "dayz/weapon/gun/rifle/"},
                { "predicate": { "damage": 0.7174}, "model": "dayz/weapon/gun/rifle/"},
                { "predicate": { "damage": 0.7181}, "model": "dayz/weapon/gun/rifle/"},
                { "predicate": { "damage": 0.7187}, "model": "dayz/weapon/gun/rifle/"},
                { "predicate": { "damage": 0.7194}, "model": "dayz/weapon/gun/rifle/"},
                { "predicate": { "damage": 0.7200}, "model": "dayz/weapon/gun/rifle/"},
                { "predicate": { "damage": 0.7206}, "model": "dayz/weapon/gun/rifle/"},
                { "predicate": { "damage": 0.7213}, "model": "dayz/weapon/gun/rifle/"},
                { "predicate": { "damage": 0.7219}, "model": "dayz/weapon/gun/rifle/"},
                { "predicate": { "damage": 0.7226}, "model": "dayz/weapon/gun/rifle/"},
                { "predicate": { "damage": 0.7232}, "model": "dayz/weapon/gun/rifle/"},
                { "predicate": { "damage": 0.7238}, "model": "dayz/weapon/gun/rifle/"},
                { "predicate": { "damage": 0.7245}, "model": "dayz/weapon/gun/rifle/"},
                { "predicate": { "damage": 0.7251}, "model": "dayz/weapon/gun/rifle/"},
                { "predicate": { "damage": 0.7258}, "model": "dayz/weapon/gun/rifle/"},
                { "predicate": { "damage": 0.7264}, "model": "dayz/weapon/gun/rifle/"},
                { "predicate": { "damage": 0.7270}, "model": "dayz/weapon/gun/rifle/"},
                { "predicate": { "damage": 0.7277}, "model": "dayz/weapon/gun/rifle/"},
                { "predicate": { "damage": 0.7283}, "model": "dayz/weapon/gun/rifle/"},
                { "predicate": { "damage": 0.7290}, "model": "dayz/weapon/gun/rifle/"},
                { "predicate": { "damage": 0.7296}, "model": "dayz/weapon/gun/rifle/"},
                { "predicate": { "damage": 0.7303}, "model": "dayz/weapon/gun/rifle/"},
                { "predicate": { "damage": 0.7309}, "model": "dayz/weapon/gun/rifle/"},
                { "predicate": { "damage": 0.7315}, "model": "dayz/weapon/gun/rifle/"},
                { "predicate": { "damage": 0.7322}, "model": "dayz/weapon/gun/rifle/"},
                { "predicate": { "damage": 0.7328}, "model": "dayz/weapon/gun/rifle/"},
                { "predicate": { "damage": 0.7335}, "model": "dayz/weapon/gun/rifle/"},
                { "predicate": { "damage": 0.7341}, "model": "dayz/weapon/gun/rifle/"},
                { "predicate": { "damage": 0.7347}, "model": "dayz/weapon/gun/rifle/"},
                { "predicate": { "damage": 0.7354}, "model": "dayz/weapon/gun/rifle/"},
                { "predicate": { "damage": 0.7360}, "model": "dayz/weapon/gun/rifle/"},
                { "predicate": { "damage": 0.7367}, "model": "dayz/weapon/gun/rifle/"},
                { "predicate": { "damage": 0.7373}, "model": "dayz/weapon/gun/rifle/"},
                { "predicate": { "damage": 0.7379}, "model": "dayz/weapon/gun/rifle/"},
                { "predicate": { "damage": 0.7386}, "model": "dayz/weapon/gun/rifle/"},
                { "predicate": { "damage": 0.7392}, "model": "dayz/weapon/gun/rifle/"},
                { "predicate": { "damage": 0.7399}, "model": "dayz/weapon/gun/rifle/"},
                { "predicate": { "damage": 0.7405}, "model": "dayz/weapon/gun/rifle/"},
                { "predicate": { "damage": 0.7411}, "model": "dayz/weapon/gun/rifle/"},
                { "predicate": { "damage": 0.7418}, "model": "dayz/weapon/gun/rifle/"},
                { "predicate": { "damage": 0.7424}, "model": "dayz/weapon/gun/rifle/"},
                { "predicate": { "damage": 0.7431}, "model": "dayz/weapon/gun/rifle/"},
                { "predicate": { "damage": 0.7437}, "model": "dayz/weapon/gun/rifle/"},
                { "predicate": { "damage": 0.7443}, "model": "dayz/weapon/gun/rifle/"},
                { "predicate": { "damage": 0.7450}, "model": "dayz/weapon/gun/rifle/"},
                { "predicate": { "damage": 0.7456}, "model": "dayz/weapon/gun/rifle/"},
                { "predicate": { "damage": 0.7463}, "model": "dayz/weapon/gun/rifle/"},
                { "predicate": { "damage": 0.7469}, "model": "dayz/weapon/gun/rifle/"},
                { "predicate": { "damage": 0.7475}, "model": "dayz/weapon/gun/rifle/"},
                { "predicate": { "damage": 0.7482}, "model": "dayz/weapon/gun/rifle/"},
                { "predicate": { "damage": 0.7488}, "model": "dayz/weapon/gun/rifle/"},
                { "predicate": { "damage": 0.7495}, "model": "dayz/weapon/gun/rifle/"},
                { "predicate": { "damage": 0.7501}, "model": "dayz/weapon/gun/rifle/"},
                { "predicate": { "damage": 0.7508}, "model": "dayz/weapon/gun/rifle/"},
                { "predicate": { "damage": 0.7514}, "model": "dayz/weapon/gun/rifle/"},
                { "predicate": { "damage": 0.7520}, "model": "dayz/weapon/gun/rifle/"},
                { "predicate": { "damage": 0.7527}, "model": "dayz/weapon/gun/rifle/"},
                { "predicate": { "damage": 0.7533}, "model": "dayz/weapon/gun/rifle/"},
                { "predicate": { "damage": 0.7540}, "model": "dayz/weapon/gun/rifle/"}
        ]
}