{
	"__comment": "Designed by Optimus0812 with Cubik Studio - https://cubik.studio",
	"textures": {
		"flash_light": "dayz/equipment/tool/flash_light"
	},
	"elements": [ 	 
		{
			"__comment": "flash_light",
			"from": [ 6.5, 7, 4 ],
			"to": [ 7, 9, 6 ],
			"faces": {
				"down": { "uv": [ 3, 5, 5, 5.5 ], "texture": "#flash_light", "rotation": 270 },
				"up": { "uv": [ 3, 4, 5, 3.5 ], "texture": "#flash_light", "rotation": 90 },
				"north": { "uv": [ 3, 3.5, 3.5, 5.5 ], "texture": "#flash_light" },
				"south": { "uv": [ 5, 3.5, 4.5, 5.5 ], "texture": "#flash_light" },
				"west": { "uv": [ 3, 3.5, 5, 5.5 ], "texture": "#flash_light" },
				"east": { "uv": [ 5, 3.5, 3, 5.5 ], "texture": "#flash_light" }
			}
		},
		{
			"__comment": "flash_light1",
			"from": [ 9, 7, 4 ],
			"to": [ 9.5, 9, 6 ],
			"faces": {
				"down": { "uv": [ 3, 5, 5, 5.5 ], "texture": "#flash_light", "rotation": 270 },
				"up": { "uv": [ 3, 4, 5, 3.5 ], "texture": "#flash_light", "rotation": 90 },
				"north": { "uv": [ 3, 3.5, 3.5, 5.5 ], "texture": "#flash_light" },
				"south": { "uv": [ 5, 3.5, 4.5, 5.5 ], "texture": "#flash_light" },
				"west": { "uv": [ 3, 3.5, 5, 5.5 ], "texture": "#flash_light" },
				"east": { "uv": [ 5, 3.5, 3, 5.5 ], "texture": "#flash_light" }
			}
		},
		{
			"__comment": "flash_light2",
			"from": [ 7, 6.5, 4 ],
			"to": [ 9, 7, 6 ],
			"faces": {
				"down": { "uv": [ 3, 8, 5, 6 ], "texture": "#flash_light" },
				"up": { "uv": [ 3, 6, 5, 8 ], "texture": "#flash_light" },
				"north": { "uv": [ 5, 6.5, 3, 6 ], "texture": "#flash_light" },
				"south": { "uv": [ 3, 7.5, 5, 8 ], "texture": "#flash_light" },
				"west": { "uv": [ 3, 6, 3.5, 8 ], "texture": "#flash_light", "rotation": 270 },
				"east": { "uv": [ 5, 6, 4.5, 8 ], "texture": "#flash_light", "rotation": 90 }
			}
		},
		{
			"__comment": "flash_light3",
			"from": [ 7, 9, 4 ],
			"to": [ 9, 9.5, 6 ],
			"faces": {
				"down": { "uv": [ 3, 2, 5, 0 ], "texture": "#flash_light" },
				"up": { "uv": [ 3, 0, 5, 2 ], "texture": "#flash_light" },
				"north": { "uv": [ 5, 0.5, 3, 0 ], "texture": "#flash_light" },
				"south": { "uv": [ 3, 1.5, 5, 2 ], "texture": "#flash_light" },
				"west": { "uv": [ 3, 0, 3.5, 2 ], "texture": "#flash_light", "rotation": 270 },
				"east": { "uv": [ 5, 0, 4.5, 2 ], "texture": "#flash_light", "rotation": 90 }
			}
		},
		{
			"__comment": "flash_light4",
			"from": [ 7, 7, 4.5 ],
			"to": [ 9, 9, 5 ],
			"faces": {
				"down": { "uv": [ 0.5, 5, 2.5, 5.5 ], "texture": "#flash_light" },
				"up": { "uv": [ 0.5, 4, 2.5, 3.5 ], "texture": "#flash_light" },
				"north": { "uv": [ 2.5, 3.5, 0.5, 5.5 ], "texture": "#flash_light" },
				"south": { "uv": [ 0.5, 3.5, 2.5, 5.5 ], "texture": "#flash_light" },
				"west": { "uv": [ 0.5, 3.5, 1, 5.5 ], "texture": "#flash_light" },
				"east": { "uv": [ 2.5, 3.5, 2, 5.5 ], "texture": "#flash_light" }
			}
		},
		{
			"__comment": "flash_light5",
			"from": [ 7, 7, 6 ],
			"to": [ 9, 9, 12 ],
			"faces": {
				"down": { "uv": [ 11, 5.5, 5, 7.5 ], "texture": "#flash_light", "rotation": 90 },
				"up": { "uv": [ 5, 1.5, 11, 3.5 ], "texture": "#flash_light", "rotation": 90 },
				"north": { "uv": [ 3, 3.5, 5, 5.5 ], "texture": "#flash_light" },
				"south": { "uv": [ 11, 3.5, 13, 5.5 ], "texture": "#flash_light" },
				"west": { "uv": [ 5, 3.5, 11, 5.5 ], "texture": "#flash_light" },
				"east": { "uv": [ 11, 3.5, 5, 5.5 ], "texture": "#flash_light" }
			}
		},
		{
			"__comment": "flash_light6",
			"from": [ 7.5, 9, 8 ],
			"to": [ 8.5, 9.5, 10 ],
			"faces": {
				"down": { "uv": [ 7, 3, 9, 2 ], "texture": "#flash_light", "rotation": 270 },
				"up": { "uv": [ 7, 2, 9, 3 ], "texture": "#flash_light", "rotation": 90 },
				"north": { "uv": [ 7, 2, 7.5, 3 ], "texture": "#flash_light", "rotation": 270 },
				"south": { "uv": [ 9, 2, 8.5, 3 ], "texture": "#flash_light", "rotation": 90 },
				"west": { "uv": [ 7, 2.5, 9, 3 ], "texture": "#flash_light" },
				"east": { "uv": [ 9, 2.5, 7, 2 ], "texture": "#flash_light" }
			}
		},
		{
			"__comment": "flash_light7",
			"from": [ 7.5, 6.5, 7 ],
			"to": [ 8.5, 7, 7.5 ],
			"faces": {
				"down": { "uv": [ 6, 7.5, 6.5, 8 ], "texture": "#flash_light", "rotation": 270 },
				"up": { "uv": [ 6, 8, 6.5, 7.5 ], "texture": "#flash_light", "rotation": 90 },
				"north": { "uv": [ 6, 7.5, 6.5, 8 ], "texture": "#flash_light" },
				"south": { "uv": [ 6.5, 7.5, 6, 8 ], "texture": "#flash_light" },
				"west": { "uv": [ 6, 7.5, 6.5, 8 ], "texture": "#flash_light" },
				"east": { "uv": [ 6.5, 7.5, 6, 8 ], "texture": "#flash_light" }
			}
		},
		{
			"__comment": "flash_light8",
			"from": [ 7.5, 6.5, 10.5 ],
			"to": [ 8.5, 7, 11 ],
			"faces": {
				"down": { "uv": [ 9.5, 7.5, 10, 8 ], "texture": "#flash_light", "rotation": 270 },
				"up": { "uv": [ 9.5, 8, 10, 7.5 ], "texture": "#flash_light", "rotation": 90 },
				"north": { "uv": [ 9.5, 7.5, 10, 8 ], "texture": "#flash_light" },
				"south": { "uv": [ 10, 7.5, 9.5, 8 ], "texture": "#flash_light" },
				"west": { "uv": [ 9.5, 7.5, 10, 8 ], "texture": "#flash_light" },
				"east": { "uv": [ 10, 7.5, 9.5, 8 ], "texture": "#flash_light" }
			}
		},
		{
			"__comment": "flash_light9",
			"from": [ 7.5, 6, 7 ],
			"to": [ 8.5, 6.5, 11 ],
			"faces": {
				"down": { "uv": [ 6, 8, 10, 8.5 ], "texture": "#flash_light", "rotation": 270 },
				"up": { "uv": [ 6, 8.5, 10, 8 ], "texture": "#flash_light", "rotation": 90 },
				"north": { "uv": [ 6, 8, 6.5, 8.5 ], "texture": "#flash_light" },
				"south": { "uv": [ 10, 8, 9.5, 8.5 ], "texture": "#flash_light" },
				"west": { "uv": [ 6, 8, 10, 8.5 ], "texture": "#flash_light" },
				"east": { "uv": [ 10, 8, 6, 8.5 ], "texture": "#flash_light" }
			}
		},
		{
			"__comment": "light",
			"from": [ 7, 7, 4 ],
			"to": [ 9, 9, 4.5 ],
			"faces": {
				"down": { "uv": [ 15.5, 15.5, 16, 16 ], "texture": "#flash_light", "rotation": 270 },
				"up": { "uv": [ 15.5, 16, 16, 15.5 ], "texture": "#flash_light", "rotation": 90 },
				"north": { "uv": [ 15.5, 15.5, 16, 16 ], "texture": "#flash_light" },
				"south": { "uv": [ 16, 15.5, 15.5, 16 ], "texture": "#flash_light" },
				"west": { "uv": [ 15.5, 15.5, 16, 16 ], "texture": "#flash_light" },
				"east": { "uv": [ 16, 15.5, 15.5, 16 ], "texture": "#flash_light" }
			}
		}
	],
	"display": {
		"thirdperson_righthand": {
			"rotation":  [ 90, 0, 0 ],
			"translation":  [ 0, 0.375, 1.1 ],
			"scale":  [ 0.75, 0.75, 0.75 ]
		},
		"thirdperson_lefthand": {
			"rotation":  [ 90, 0, 0 ],
			"translation":  [ 0, 0.375, 1.1 ],
			"scale":  [ 0.75, 0.75, 0.75 ]
		},
		"firstperson_righthand": {
			"translation":  [ -3, 1.5, 0 ]
		},
		"firstperson_lefthand": {
			"translation":  [ -3, 1.5, 0 ]
		},
		"gui": {
			"rotation":  [ 30, 135, 0 ]
		},
		"head": {
			"scale":  [ 0.0001, 0.0001, 0.0001 ]
		},
		"ground": {
			"rotation":  [ 0, 0, 90 ],
			"scale":  [ 0.75, 0.75, 0.75 ]
		},
		"fixed": {
			"rotation":  [ 0, -90, 0 ],
			"scale":  [ 1.5, 1.5, 1.5 ]
		}
	}
}