{
	"__comment": "Designed by Optimus0812 with Cubik Studio - https://cubik.studio",
	"textures": {
		"ammo_box": "dayz/equipment/container/ammo_box"
	},
	"elements": [ 	 
		{
			"__comment": "ammo_box1",
			"from": [ 6.5, 5.5, 5 ],
			"to": [ 9.5, 9.5, 7 ],
			"faces": {
				"down": { "uv": [ 3.5, 8, 5.5, 11 ], "texture": "#ammo_box", "rotation": 270 },
				"up": { "uv": [ 3.5, 4.5, 5.5, 4 ], "texture": "#ammo_box", "rotation": 90 },
				"north": { "uv": [ 3.5, 4, 4, 8 ], "texture": "#ammo_box" },
				"south": { "uv": [ 5.5, 4, 5, 8 ], "texture": "#ammo_box" },
				"west": { "uv": [ 3.5, 4, 5.5, 8 ], "texture": "#ammo_box" },
				"east": { "uv": [ 5.5, 4, 3.5, 8 ], "texture": "#ammo_box" }
			}
		},
		{
			"__comment": "ammo_box2",
			"from": [ 6.5, 5.5, 4.5 ],
			"to": [ 9.5, 10, 5 ],
			"faces": {
				"down": { "uv": [ 3, 8, 3.5, 11 ], "texture": "#ammo_box", "rotation": 270 },
				"up": { "uv": [ 3, 4, 3.5, 3.5 ], "texture": "#ammo_box", "rotation": 90 },
				"north": { "uv": [ 0, 3.5, 3, 8 ], "texture": "#ammo_box" },
				"south": { "uv": [ 0, 3.5, 3, 8 ], "texture": "#ammo_box" },
				"west": { "uv": [ 3, 3.5, 3.5, 8 ], "texture": "#ammo_box" },
				"east": { "uv": [ 3.5, 3.5, 3, 8 ], "texture": "#ammo_box" }
			}
		},
		{
			"__comment": "ammo_box3",
			"from": [ 6.5, 5.5, 7 ],
			"to": [ 9.5, 9, 9 ],
			"faces": {
				"down": { "uv": [ 5.5, 8, 7.5, 11 ], "texture": "#ammo_box", "rotation": 270 },
				"up": { "uv": [ 5.5, 5, 7.5, 4.5 ], "texture": "#ammo_box", "rotation": 90 },
				"north": { "uv": [ 5.5, 4.5, 6, 8 ], "texture": "#ammo_box" },
				"south": { "uv": [ 7.5, 4.5, 7, 8 ], "texture": "#ammo_box" },
				"west": { "uv": [ 5.5, 4.5, 7.5, 8 ], "texture": "#ammo_box" },
				"east": { "uv": [ 7.5, 4.5, 5.5, 8 ], "texture": "#ammo_box" }
			}
		},
		{
			"__comment": "ammo_box4",
			"from": [ 6.5, 5.5, 9 ],
			"to": [ 9.5, 8.5, 11 ],
			"faces": {
				"down": { "uv": [ 7.5, 8, 9.5, 11 ], "texture": "#ammo_box", "rotation": 270 },
				"up": { "uv": [ 7.5, 5.5, 9.5, 5 ], "texture": "#ammo_box", "rotation": 90 },
				"north": { "uv": [ 7.5, 5, 8, 8 ], "texture": "#ammo_box" },
				"south": { "uv": [ 9.5, 5, 9, 8 ], "texture": "#ammo_box" },
				"west": { "uv": [ 7.5, 5, 9.5, 8 ], "texture": "#ammo_box" },
				"east": { "uv": [ 9.5, 5, 7.5, 8 ], "texture": "#ammo_box" }
			}
		},
		{
			"__comment": "ammo_box5",
			"from": [ 6.5, 5.5, 11 ],
			"to": [ 9.5, 10.5, 11.5 ],
			"faces": {
				"down": { "uv": [ 9.5, 8, 10, 11 ], "texture": "#ammo_box", "rotation": 270 },
				"up": { "uv": [ 9.5, 0, 10, 3.5 ], "texture": "#ammo_box", "rotation": 90 },
				"north": { "uv": [ 9.5, 3, 10, 8 ], "texture": "#ammo_box" },
				"south": { "uv": [ 0, 3, 3, 8 ], "texture": "#ammo_box" },
				"west": { "uv": [ 9.5, 3, 10, 8 ], "texture": "#ammo_box" },
				"east": { "uv": [ 10, 3, 9.5, 8 ], "texture": "#ammo_box" }
			}
		},
		{
			"__comment": "ammo_box6",
			"from": [ 6.5, 9.5, 5 ],
			"to": [ 9.5, 10.5, 7 ],
			"faces": {
				"down": { "uv": [ 3.5, 3.5, 5.5, 4 ], "texture": "#ammo_box", "rotation": 270 },
				"up": { "uv": [ 3.5, 0, 5.5, 3 ], "texture": "#ammo_box", "rotation": 90 },
				"north": { "uv": [ 3.5, 3, 4, 4 ], "texture": "#ammo_box" },
				"south": { "uv": [ 5.5, 3, 5, 4 ], "texture": "#ammo_box" },
				"west": { "uv": [ 3.5, 3, 5.5, 4 ], "texture": "#ammo_box" },
				"east": { "uv": [ 5.5, 3, 3.5, 4 ], "texture": "#ammo_box" }
			}
		},
		{
			"__comment": "ammo_box7",
			"from": [ 6.5, 9, 7 ],
			"to": [ 9.5, 10.5, 9 ],
			"faces": {
				"down": { "uv": [ 5.5, 4, 7.5, 4.5 ], "texture": "#ammo_box", "rotation": 270 },
				"up": { "uv": [ 5.5, 0, 7.5, 3 ], "texture": "#ammo_box", "rotation": 90 },
				"north": { "uv": [ 5.5, 3, 6, 4.5 ], "texture": "#ammo_box" },
				"south": { "uv": [ 7.5, 3, 7, 4.5 ], "texture": "#ammo_box" },
				"west": { "uv": [ 5.5, 3, 7.5, 4.5 ], "texture": "#ammo_box" },
				"east": { "uv": [ 7.5, 3, 5.5, 4.5 ], "texture": "#ammo_box" }
			}
		},
		{
			"__comment": "ammo_box8",
			"from": [ 6.5, 8.5, 9 ],
			"to": [ 9.5, 10.5, 11 ],
			"faces": {
				"down": { "uv": [ 7.5, 4.5, 9.5, 5 ], "texture": "#ammo_box", "rotation": 270 },
				"up": { "uv": [ 7.5, 0, 9.5, 3 ], "texture": "#ammo_box", "rotation": 90 },
				"north": { "uv": [ 7.5, 3, 8, 5 ], "texture": "#ammo_box" },
				"south": { "uv": [ 9.5, 3, 9, 5 ], "texture": "#ammo_box" },
				"west": { "uv": [ 7.5, 3, 9.5, 5 ], "texture": "#ammo_box" },
				"east": { "uv": [ 9.5, 3, 7.5, 5 ], "texture": "#ammo_box" }
			}
		},
		{
			"__comment": "ammo_box9",
			"from": [ 7, 10, 11.5 ],
			"to": [ 9, 10.5, 12 ],
			"faces": {
				"down": { "uv": [ 10, 3, 12, 3.5 ], "texture": "#ammo_box" },
				"up": { "uv": [ 10, 3.5, 12, 3 ], "texture": "#ammo_box" },
				"north": { "uv": [ 12, 3, 10, 3.5 ], "texture": "#ammo_box" },
				"south": { "uv": [ 10, 3, 12, 3.5 ], "texture": "#ammo_box" },
				"west": { "uv": [ 10, 3, 10.5, 3.5 ], "texture": "#ammo_box" },
				"east": { "uv": [ 12, 3, 11.5, 3.5 ], "texture": "#ammo_box" }
			}
		},
		{
			"__comment": "ammo_box11",
			"from": [ 7, 8.5, 11.5 ],
			"to": [ 9, 9, 12.5 ],
			"faces": {
				"down": { "uv": [ 10, 4.5, 12, 5 ], "texture": "#ammo_box" },
				"up": { "uv": [ 10, 5, 12, 4.5 ], "texture": "#ammo_box" },
				"north": { "uv": [ 12, 4.5, 10, 5 ], "texture": "#ammo_box" },
				"south": { "uv": [ 10, 4.5, 12, 5 ], "texture": "#ammo_box" },
				"west": { "uv": [ 10, 4.5, 10.5, 5 ], "texture": "#ammo_box" },
				"east": { "uv": [ 12, 4.5, 11.5, 5 ], "texture": "#ammo_box" }
			}
		},
		{
			"__comment": "ammo_box12",
			"from": [ 7, 9.5, 11.5 ],
			"to": [ 7.5, 10, 12 ],
			"faces": {
				"down": { "uv": [ 10, 3.5, 10.5, 4 ], "texture": "#ammo_box" },
				"up": { "uv": [ 10, 4, 10.5, 3.5 ], "texture": "#ammo_box" },
				"north": { "uv": [ 10.5, 3.5, 10, 4 ], "texture": "#ammo_box" },
				"south": { "uv": [ 10, 3.5, 10.5, 4 ], "texture": "#ammo_box" },
				"west": { "uv": [ 10, 3.5, 10.5, 4 ], "texture": "#ammo_box" },
				"east": { "uv": [ 10.5, 3.5, 10, 4 ], "texture": "#ammo_box" }
			}
		},
		{
			"__comment": "ammo_box13",
			"from": [ 8.5, 9.5, 11.5 ],
			"to": [ 9, 10, 12 ],
			"faces": {
				"down": { "uv": [ 11.5, 3.5, 12, 4 ], "texture": "#ammo_box" },
				"up": { "uv": [ 11.5, 4, 12, 3.5 ], "texture": "#ammo_box" },
				"north": { "uv": [ 12, 3.5, 11.5, 4 ], "texture": "#ammo_box" },
				"south": { "uv": [ 11.5, 3.5, 12, 4 ], "texture": "#ammo_box" },
				"west": { "uv": [ 11.5, 3.5, 12, 4 ], "texture": "#ammo_box" },
				"east": { "uv": [ 12, 3.5, 11.5, 4 ], "texture": "#ammo_box" }
			}
		},
		{
			"__comment": "ammo_box14",
			"from": [ 7, 7.5, 11.5 ],
			"to": [ 7.5, 8.5, 12.5 ],
			"faces": {
				"down": { "uv": [ 10, 5.5, 10.5, 6 ], "texture": "#ammo_box" },
				"up": { "uv": [ 10, 5.5, 10.5, 5 ], "texture": "#ammo_box" },
				"north": { "uv": [ 10.5, 5, 10, 6 ], "texture": "#ammo_box" },
				"south": { "uv": [ 10, 5, 10.5, 6 ], "texture": "#ammo_box" },
				"west": { "uv": [ 10, 5, 10.5, 6 ], "texture": "#ammo_box" },
				"east": { "uv": [ 10.5, 5, 10, 6 ], "texture": "#ammo_box" }
			}
		},
		{
			"__comment": "ammo_box15",
			"from": [ 8.5, 7.5, 11.5 ],
			"to": [ 9, 8.5, 12.5 ],
			"faces": {
				"down": { "uv": [ 11.5, 5.5, 12, 6 ], "texture": "#ammo_box" },
				"up": { "uv": [ 11.5, 5.5, 12, 5 ], "texture": "#ammo_box" },
				"north": { "uv": [ 12, 5, 11.5, 6 ], "texture": "#ammo_box" },
				"south": { "uv": [ 11.5, 5, 12, 6 ], "texture": "#ammo_box" },
				"west": { "uv": [ 11.5, 5, 12, 6 ], "texture": "#ammo_box" },
				"east": { "uv": [ 12, 5, 11.5, 6 ], "texture": "#ammo_box" }
			}
		},
		{
			"__comment": "ammo_box16",
			"from": [ 7, 7, 11.5 ],
			"to": [ 9, 7.5, 12.5 ],
			"faces": {
				"down": { "uv": [ 10, 6, 12, 6.5 ], "texture": "#ammo_box" },
				"up": { "uv": [ 10, 6.5, 12, 6 ], "texture": "#ammo_box" },
				"north": { "uv": [ 12, 6, 10, 6.5 ], "texture": "#ammo_box" },
				"south": { "uv": [ 10, 6, 12, 6.5 ], "texture": "#ammo_box" },
				"west": { "uv": [ 10, 6, 10.5, 6.5 ], "texture": "#ammo_box" },
				"east": { "uv": [ 12, 6, 11.5, 6.5 ], "texture": "#ammo_box" }
			}
		},
		{
			"__comment": "ammo_box17",
			"from": [ 7, 6, 11.5 ],
			"to": [ 7.5, 7, 12 ],
			"faces": {
				"down": { "uv": [ 10, 7, 10.5, 7.5 ], "texture": "#ammo_box" },
				"up": { "uv": [ 10, 7, 10.5, 6.5 ], "texture": "#ammo_box" },
				"north": { "uv": [ 10.5, 6.5, 10, 7.5 ], "texture": "#ammo_box" },
				"south": { "uv": [ 10, 6.5, 10.5, 7.5 ], "texture": "#ammo_box" },
				"west": { "uv": [ 10, 6.5, 10.5, 7.5 ], "texture": "#ammo_box" },
				"east": { "uv": [ 10.5, 6.5, 10, 7.5 ], "texture": "#ammo_box" }
			}
		},
		{
			"__comment": "ammo_box18",
			"from": [ 8.5, 6, 11.5 ],
			"to": [ 9, 7, 12 ],
			"faces": {
				"down": { "uv": [ 11.5, 7, 12, 7.5 ], "texture": "#ammo_box" },
				"up": { "uv": [ 11.5, 7, 12, 6.5 ], "texture": "#ammo_box" },
				"north": { "uv": [ 12, 6.5, 11.5, 7.5 ], "texture": "#ammo_box" },
				"south": { "uv": [ 11.5, 6.5, 12, 7.5 ], "texture": "#ammo_box" },
				"west": { "uv": [ 11.5, 6.5, 12, 7.5 ], "texture": "#ammo_box" },
				"east": { "uv": [ 12, 6.5, 11.5, 7.5 ], "texture": "#ammo_box" }
			}
		},
		{
			"__comment": "ammo_box19",
			"from": [ 7, 5.5, 12 ],
			"to": [ 9, 6, 12.5 ],
			"faces": {
				"down": { "uv": [ 10, 7.5, 12, 8 ], "texture": "#ammo_box" },
				"up": { "uv": [ 10, 8, 12, 7.5 ], "texture": "#ammo_box" },
				"north": { "uv": [ 12, 7.5, 10, 8 ], "texture": "#ammo_box" },
				"south": { "uv": [ 10, 7.5, 12, 8 ], "texture": "#ammo_box" },
				"west": { "uv": [ 10, 7.5, 10.5, 8 ], "texture": "#ammo_box" },
				"east": { "uv": [ 12, 7.5, 11.5, 8 ], "texture": "#ammo_box" }
			}
		},
		{
			"__comment": "ammo_box20",
			"from": [ 7, 9, 11.5 ],
			"to": [ 9, 9.5, 12 ],
			"faces": {
				"down": { "uv": [ 10, 4, 12, 4.5 ], "texture": "#ammo_box" },
				"up": { "uv": [ 10, 4.5, 12, 4 ], "texture": "#ammo_box" },
				"north": { "uv": [ 12, 4, 10, 4.5 ], "texture": "#ammo_box" },
				"south": { "uv": [ 10, 4, 12, 4.5 ], "texture": "#ammo_box" },
				"west": { "uv": [ 10, 4, 10.5, 4.5 ], "texture": "#ammo_box" },
				"east": { "uv": [ 12, 4, 11.5, 4.5 ], "texture": "#ammo_box" }
			}
		},
		{
			"__comment": "ammo_box21",
			"from": [ 7.5, 9, 12 ],
			"to": [ 8.5, 9.5, 12.5 ],
			"faces": {
				"down": { "uv": [ 10.5, 4, 11.5, 4.5 ], "texture": "#ammo_box" },
				"up": { "uv": [ 10.5, 4.5, 11.5, 4 ], "texture": "#ammo_box" },
				"north": { "uv": [ 11.5, 4, 10.5, 4.5 ], "texture": "#ammo_box" },
				"south": { "uv": [ 10.5, 4, 11.5, 4.5 ], "texture": "#ammo_box" },
				"west": { "uv": [ 10.5, 4, 11, 4.5 ], "texture": "#ammo_box" },
				"east": { "uv": [ 11.5, 4, 11, 4.5 ], "texture": "#ammo_box" }
			}
		},
		{
			"__comment": "ammo_box22",
			"from": [ 7.5, 11, 6 ],
			"to": [ 8.5, 11.5, 6.5 ],
			"faces": {
				"down": { "uv": [ 11.5, 0.5, 12, 1 ], "texture": "#ammo_box", "rotation": 270 },
				"up": { "uv": [ 11.5, 1, 12, 0.5 ], "texture": "#ammo_box", "rotation": 90 },
				"north": { "uv": [ 11.5, 0.5, 12, 1 ], "texture": "#ammo_box" },
				"south": { "uv": [ 12, 0.5, 11.5, 1 ], "texture": "#ammo_box" },
				"west": { "uv": [ 11.5, 0.5, 12, 1 ], "texture": "#ammo_box" },
				"east": { "uv": [ 12, 0.5, 11.5, 1 ], "texture": "#ammo_box" }
			}
		},
		{
			"__comment": "ammo_box23",
			"from": [ 7.5, 11, 9.5 ],
			"to": [ 8.5, 11.5, 10 ],
			"faces": {
				"down": { "uv": [ 15, 0.5, 15.5, 1 ], "texture": "#ammo_box", "rotation": 270 },
				"up": { "uv": [ 15, 1, 15.5, 0.5 ], "texture": "#ammo_box", "rotation": 90 },
				"north": { "uv": [ 15, 0.5, 15.5, 1 ], "texture": "#ammo_box" },
				"south": { "uv": [ 15.5, 0.5, 15, 1 ], "texture": "#ammo_box" },
				"west": { "uv": [ 15, 0.5, 15.5, 1 ], "texture": "#ammo_box" },
				"east": { "uv": [ 15.5, 0.5, 15, 1 ], "texture": "#ammo_box" }
			}
		},
		{
			"__comment": "ammo_box24",
			"from": [ 7.5, 11.5, 6.5 ],
			"to": [ 8.5, 12, 9.5 ],
			"faces": {
				"down": { "uv": [ 12, 0, 15, 0.5 ], "texture": "#ammo_box", "rotation": 270 },
				"up": { "uv": [ 12, 0.5, 15, 0 ], "texture": "#ammo_box", "rotation": 90 },
				"north": { "uv": [ 12, 0, 12.5, 0.5 ], "texture": "#ammo_box" },
				"south": { "uv": [ 15, 0, 14.5, 0.5 ], "texture": "#ammo_box" },
				"west": { "uv": [ 12, 0, 15, 0.5 ], "texture": "#ammo_box" },
				"east": { "uv": [ 15, 0, 12, 0.5 ], "texture": "#ammo_box" }
			}
		},
		{
			"__comment": "ammo_box25",
			"from": [ 7.5, 10.5, 5.5 ],
			"to": [ 8.5, 11, 6 ],
			"faces": {
				"down": { "uv": [ 11, 1, 11.5, 1.5 ], "texture": "#ammo_box", "rotation": 270 },
				"up": { "uv": [ 11, 1.5, 11.5, 1 ], "texture": "#ammo_box", "rotation": 90 },
				"north": { "uv": [ 11, 1, 11.5, 1.5 ], "texture": "#ammo_box" },
				"south": { "uv": [ 11.5, 1, 11, 1.5 ], "texture": "#ammo_box" },
				"west": { "uv": [ 11, 1, 11.5, 1.5 ], "texture": "#ammo_box" },
				"east": { "uv": [ 11.5, 1, 11, 1.5 ], "texture": "#ammo_box" }
			}
		},
		{
			"__comment": "ammo_box26",
			"from": [ 7.5, 10.5, 10 ],
			"to": [ 8.5, 11, 10.5 ],
			"faces": {
				"down": { "uv": [ 15.5, 1, 16, 1.5 ], "texture": "#ammo_box", "rotation": 270 },
				"up": { "uv": [ 15.5, 1.5, 16, 1 ], "texture": "#ammo_box", "rotation": 90 },
				"north": { "uv": [ 15.5, 1, 16, 1.5 ], "texture": "#ammo_box" },
				"south": { "uv": [ 16, 1, 15.5, 1.5 ], "texture": "#ammo_box" },
				"west": { "uv": [ 15.5, 1, 16, 1.5 ], "texture": "#ammo_box" },
				"east": { "uv": [ 16, 1, 15.5, 1.5 ], "texture": "#ammo_box" }
			}
		},
		{
			"__comment": "ammo_box",
			"from": [ 6.5, 10, 4.5 ],
			"to": [ 9.5, 10.5, 5 ],
			"faces": {
				"down": { "uv": [ 3, 3, 3.5, 3.5 ], "texture": "#ammo_box", "rotation": 270 },
				"up": { "uv": [ 3, 0, 3.5, 3 ], "texture": "#ammo_box", "rotation": 90 },
				"north": { "uv": [ 0, 3, 3, 3.5 ], "texture": "#ammo_box" },
				"south": { "uv": [ 3.5, 3, 3, 3.5 ], "texture": "#ammo_box" },
				"west": { "uv": [ 3, 3, 3.5, 3.5 ], "texture": "#ammo_box" },
				"east": { "uv": [ 3.5, 3, 3, 3.5 ], "texture": "#ammo_box" }
			}
		},
		{
			"__comment": "ammo_box6",
			"from": [ 6, 9.5, 5 ],
			"to": [ 6.5, 10.5, 7 ],
			"faces": {
				"down": { "uv": [ 3.5, 3.5, 5.5, 4 ], "texture": "#ammo_box", "rotation": 270 },
				"up": { "uv": [ 3.5, 2, 5.5, 2.5 ], "texture": "#ammo_box", "rotation": 90 },
				"north": { "uv": [ 3.5, 3, 4, 4 ], "texture": "#ammo_box" },
				"south": { "uv": [ 5.5, 3, 5, 4 ], "texture": "#ammo_box" },
				"west": { "uv": [ 3.5, 3, 5.5, 4 ], "texture": "#ammo_box" },
				"east": { "uv": [ 5.5, 3, 3.5, 4 ], "texture": "#ammo_box" }
			}
		},
		{
			"__comment": "ammo_box7",
			"from": [ 6, 9, 7 ],
			"to": [ 6.5, 10.5, 9 ],
			"faces": {
				"down": { "uv": [ 5.5, 4, 7.5, 4.5 ], "texture": "#ammo_box", "rotation": 270 },
				"up": { "uv": [ 5.5, 2, 7.5, 2.5 ], "texture": "#ammo_box", "rotation": 90 },
				"north": { "uv": [ 5.5, 3, 6, 4.5 ], "texture": "#ammo_box" },
				"south": { "uv": [ 7.5, 3, 7, 4.5 ], "texture": "#ammo_box" },
				"west": { "uv": [ 5.5, 3, 7.5, 4.5 ], "texture": "#ammo_box" },
				"east": { "uv": [ 7.5, 3, 5.5, 4.5 ], "texture": "#ammo_box" }
			}
		},
		{
			"__comment": "ammo_box8",
			"from": [ 6, 8.5, 9 ],
			"to": [ 6.5, 10.5, 11 ],
			"faces": {
				"down": { "uv": [ 7.5, 4.5, 9.5, 5 ], "texture": "#ammo_box", "rotation": 270 },
				"up": { "uv": [ 7.5, 2, 10, 2.5 ], "texture": "#ammo_box", "rotation": 90 },
				"north": { "uv": [ 7.5, 3, 8, 5 ], "texture": "#ammo_box" },
				"south": { "uv": [ 9.5, 3, 9, 5 ], "texture": "#ammo_box" },
				"west": { "uv": [ 7.5, 3, 9.5, 5 ], "texture": "#ammo_box" },
				"east": { "uv": [ 9.5, 3, 7.5, 5 ], "texture": "#ammo_box" }
			}
		},
		{
			"__comment": "ammo_box6",
			"from": [ 9.5, 9.5, 5 ],
			"to": [ 10, 10.5, 7 ],
			"faces": {
				"down": { "uv": [ 3.5, 3.5, 5.5, 4 ], "texture": "#ammo_box", "rotation": 270 },
				"up": { "uv": [ 3.5, 2, 5.5, 2.5 ], "texture": "#ammo_box", "rotation": 90 },
				"north": { "uv": [ 3.5, 3, 4, 4 ], "texture": "#ammo_box" },
				"south": { "uv": [ 5.5, 3, 5, 4 ], "texture": "#ammo_box" },
				"west": { "uv": [ 3.5, 3, 5.5, 4 ], "texture": "#ammo_box" },
				"east": { "uv": [ 5.5, 3, 3.5, 4 ], "texture": "#ammo_box" }
			}
		},
		{
			"__comment": "ammo_box7",
			"from": [ 9.5, 9, 7 ],
			"to": [ 10, 10.5, 9 ],
			"faces": {
				"down": { "uv": [ 5.5, 4, 7.5, 4.5 ], "texture": "#ammo_box", "rotation": 270 },
				"up": { "uv": [ 5.5, 2, 7.5, 2.5 ], "texture": "#ammo_box", "rotation": 90 },
				"north": { "uv": [ 5.5, 3, 6, 4.5 ], "texture": "#ammo_box" },
				"south": { "uv": [ 7.5, 3, 7, 4.5 ], "texture": "#ammo_box" },
				"west": { "uv": [ 5.5, 3, 7.5, 4.5 ], "texture": "#ammo_box" },
				"east": { "uv": [ 7.5, 3, 5.5, 4.5 ], "texture": "#ammo_box" }
			}
		},
		{
			"__comment": "ammo_box8",
			"from": [ 9.5, 8.5, 9 ],
			"to": [ 10, 10.5, 11 ],
			"faces": {
				"down": { "uv": [ 7.5, 4.5, 9.5, 5 ], "texture": "#ammo_box", "rotation": 270 },
				"up": { "uv": [ 7.5, 2, 10, 2.5 ], "texture": "#ammo_box", "rotation": 90 },
				"north": { "uv": [ 7.5, 3, 8, 5 ], "texture": "#ammo_box" },
				"south": { "uv": [ 9.5, 3, 9, 5 ], "texture": "#ammo_box" },
				"west": { "uv": [ 7.5, 3, 9.5, 5 ], "texture": "#ammo_box" },
				"east": { "uv": [ 9.5, 3, 7.5, 5 ], "texture": "#ammo_box" }
			}
		}
	],
	"display": {
		"thirdperson_righthand": {
			"rotation":  [ 90, 0, 0 ],
			"translation":  [ 0, -2, -3.5 ]
		},
		"thirdperson_lefthand": {
			"rotation":  [ 90, 0, 0 ],
			"translation":  [ 0, -2, -3.5 ]
		},
		"firstperson_lefthand": {
			"translation":  [ 0, 1, 0 ]
		},
		"gui": {
			"rotation":  [ 30, 135, 0 ]
		},
		"head": {
			"scale":  [ 0.0001, 0.0001, 0.0001 ]
		},
		"fixed": {
			"rotation":  [ 0, -90, 0 ],
			"scale":  [ 2, 2, 2 ]
		}
	}
}