{
    "parent": "item/handheld",
    "textures": {
        "layer0": "items/iron_shovel"
    },
        "overrides": [
                { "predicate": { "damage": 0.0000}, "model": "dayz/weapon/gun/handgun/glock_19_normal"},
                { "predicate": { "damage": 0.0039}, "model": "dayz/weapon/gun/handgun/amphibia_s_normal"},
                { "predicate": { "damage": 0.0079}, "model": "dayz/weapon/gun/handgun/amphibia_s_reload"},
                { "predicate": { "damage": 0.0119}, "model": "dayz/weapon/gun/handgun/amphibia_s_scope"},
                { "predicate": { "damage": 0.0159}, "model": "dayz/weapon/gun/handgun/makarov_ij70_normal"},
                { "predicate": { "damage": 0.0199}, "model": "dayz/weapon/gun/handgun/makarov_ij70_reload"},
                { "predicate": { "damage": 0.0239}, "model": "dayz/weapon/gun/handgun/makarov_ij70_scope"},
                { "predicate": { "damage": 0.0278}, "model": "dayz/weapon/gun/handgun/p1_normal"},
                { "predicate": { "damage": 0.0318}, "model": "dayz/weapon/gun/handgun/p1_reload"},
                { "predicate": { "damage": 0.0358}, "model": "dayz/weapon/gun/handgun/p1_scope"},
                { "predicate": { "damage": 0.0398}, "model": "dayz/weapon/gun/handgun/red_9_normal"},
                { "predicate": { "damage": 0.0438}, "model": "dayz/weapon/gun/handgun/red_9_reload"},
                { "predicate": { "damage": 0.0478}, "model": "dayz/weapon/gun/handgun/red_9_scope"},
                { "predicate": { "damage": 0.0517}, "model": "dayz/weapon/gun/handgun/cr75_normal"},
                { "predicate": { "damage": 0.0557}, "model": "dayz/weapon/gun/handgun/cr75_reload"},
                { "predicate": { "damage": 0.0597}, "model": "dayz/weapon/gun/handgun/cr75_scope"},
                { "predicate": { "damage": 0.0637}, "model": "dayz/weapon/gun/handgun/glock_19_normal"},
                { "predicate": { "damage": 0.0677}, "model": "dayz/weapon/gun/handgun/glock_19_reload"},
                { "predicate": { "damage": 0.0717}, "model": "dayz/weapon/gun/handgun/glock_19_scope"},
                { "predicate": { "damage": 0.0756}, "model": "dayz/weapon/gun/handgun/derringer_normal"},
                { "predicate": { "damage": 0.0796}, "model": "dayz/weapon/gun/handgun/derringer_reload"},
                { "predicate": { "damage": 0.0836}, "model": "dayz/weapon/gun/handgun/derringer_scope"},
                { "predicate": { "damage": 0.0876}, "model": "dayz/weapon/gun/handgun/colt_1911_normal"},
                { "predicate": { "damage": 0.0916}, "model": "dayz/weapon/gun/handgun/colt_1911_reload"},
                { "predicate": { "damage": 0.0956}, "model": "dayz/weapon/gun/handgun/colt_1911_scope"},
                { "predicate": { "damage": 0.0996}, "model": "dayz/weapon/gun/handgun/colt_1911_engraved_normal"},
                { "predicate": { "damage": 0.1035}, "model": "dayz/weapon/gun/handgun/colt_1911_engraved_reload"},
                { "predicate": { "damage": 0.1075}, "model": "dayz/weapon/gun/handgun/colt_1911_engraved_scope"},
                { "predicate": { "damage": 0.1115}, "model": "dayz/weapon/gun/handgun/fnx45_normal"},
                { "predicate": { "damage": 0.1155}, "model": "dayz/weapon/gun/handgun/fnx45_reload"},
                { "predicate": { "damage": 0.1195}, "model": "dayz/weapon/gun/handgun/fnx45_scope"},
                { "predicate": { "damage": 0.1235}, "model": "dayz/weapon/gun/handgun/magnum_normal"},
                { "predicate": { "damage": 0.1274}, "model": "dayz/weapon/gun/handgun/magnum_reload"},
                { "predicate": { "damage": 0.1314}, "model": "dayz/weapon/gun/handgun/magnum_scope"},
                { "predicate": { "damage": 0.1354}, "model": "dayz/weapon/gun/handgun/long_horn_normal"},
                { "predicate": { "damage": 0.1394}, "model": "dayz/weapon/gun/handgun/long_horn_reload"},
                { "predicate": { "damage": 0.1434}, "model": "dayz/weapon/gun/handgun/long_horn_scope"},
                { "predicate": { "damage": 0.1474}, "model": "dayz/weapon/gun/handgun/flare_gun_normal"},
                { "predicate": { "damage": 0.1513}, "model": "dayz/weapon/gun/handgun/flare_gun_reload"},
                { "predicate": { "damage": 0.1553}, "model": "dayz/weapon/gun/handgun/flare_gun_scope"},
                { "predicate": { "damage": 0.1593}, "model": "dayz/weapon/gun/handgun/dart_gun_normal"},
                { "predicate": { "damage": 0.1633}, "model": "dayz/weapon/gun/handgun/dart_gun_reload"},
                { "predicate": { "damage": 0.1673}, "model": "dayz/weapon/gun/handgun/dart_gun_scope"},
                { "predicate": { "damage": 0.1713}, "model": "dayz/weapon/gun/handgun/tasergun_normal"},
                { "predicate": { "damage": 0.1752}, "model": "dayz/weapon/gun/handgun/tasergun_reload"},
                { "predicate": { "damage": 0.1792}, "model": "dayz/weapon/gun/handgun/tasergun_scope"},
                { "predicate": { "damage": 0.1832}, "model": "guns/submachine_guns/"},
                { "predicate": { "damage": 0.1872}, "model": "guns/submachine_guns/"},
                { "predicate": { "damage": 0.1912}, "model": "guns/submachine_guns/"},
                { "predicate": { "damage": 0.1952}, "model": "guns/submachine_guns/"},
                { "predicate": { "damage": 0.1992}, "model": "guns/submachine_guns/"},
                { "predicate": { "damage": 0.2031}, "model": "guns/submachine_guns/"},
                { "predicate": { "damage": 0.2071}, "model": "guns/submachine_guns/"},
                { "predicate": { "damage": 0.2111}, "model": "guns/submachine_guns/"},
                { "predicate": { "damage": 0.2151}, "model": "guns/submachine_guns/"},
                { "predicate": { "damage": 0.2191}, "model": "guns/submachine_guns/"},
                { "predicate": { "damage": 0.2231}, "model": "guns/submachine_guns/"},
                { "predicate": { "damage": 0.2270}, "model": "guns/submachine_guns/"},
                { "predicate": { "damage": 0.2310}, "model": "guns/submachine_guns/"},
                { "predicate": { "damage": 0.2350}, "model": "guns/submachine_guns/"},
                { "predicate": { "damage": 0.2390}, "model": "guns/submachine_guns/"},
                { "predicate": { "damage": 0.2430}, "model": "guns/submachine_guns/"},
                { "predicate": { "damage": 0.2470}, "model": "guns/submachine_guns/"},
                { "predicate": { "damage": 0.2509}, "model": "guns/submachine_guns/"},
                { "predicate": { "damage": 0.2549}, "model": "guns/submachine_guns/"},
                { "predicate": { "damage": 0.2589}, "model": "guns/submachine_guns/"},
                { "predicate": { "damage": 0.2629}, "model": "guns/submachine_guns/"},
                { "predicate": { "damage": 0.2669}, "model": "guns/submachine_guns/"},
                { "predicate": { "damage": 0.2709}, "model": "guns/submachine_guns/"},
                { "predicate": { "damage": 0.2749}, "model": "guns/submachine_guns/"},
                { "predicate": { "damage": 0.2788}, "model": "guns/submachine_guns/"},
                { "predicate": { "damage": 0.2828}, "model": "guns/submachine_guns/"},
                { "predicate": { "damage": 0.2868}, "model": "guns/submachine_guns/"},
                { "predicate": { "damage": 0.2908}, "model": "guns/submachine_guns/"},
                { "predicate": { "damage": 0.2948}, "model": "guns/submachine_guns/"},
                { "predicate": { "damage": 0.2988}, "model": "guns/submachine_guns/"},
                { "predicate": { "damage": 0.3027}, "model": "guns/submachine_guns/"},
                { "predicate": { "damage": 0.3067}, "model": "guns/submachine_guns/"},
                { "predicate": { "damage": 0.3107}, "model": "guns/submachine_guns/"},
                { "predicate": { "damage": 0.3147}, "model": "guns/submachine_guns/"},
                { "predicate": { "damage": 0.3187}, "model": "guns/submachine_guns/"},
                { "predicate": { "damage": 0.3227}, "model": "guns/submachine_guns/"},
                { "predicate": { "damage": 0.3266}, "model": "guns/submachine_guns/"},
                { "predicate": { "damage": 0.3306}, "model": "guns/submachine_guns/"},
                { "predicate": { "damage": 0.3346}, "model": "guns/submachine_guns/"},
                { "predicate": { "damage": 0.3386}, "model": "guns/submachine_guns/"},
                { "predicate": { "damage": 0.3426}, "model": "guns/submachine_guns/"},
                { "predicate": { "damage": 0.3466}, "model": "guns/submachine_guns/"},
                { "predicate": { "damage": 0.3505}, "model": "guns/submachine_guns/"},
                { "predicate": { "damage": 0.3545}, "model": "guns/submachine_guns/"},
                { "predicate": { "damage": 0.3585}, "model": "guns/submachine_guns/"},
                { "predicate": { "damage": 0.3625}, "model": "guns/submachine_guns/"},
                { "predicate": { "damage": 0.3665}, "model": "guns/submachine_guns/"},
                { "predicate": { "damage": 0.3705}, "model": "guns/submachine_guns/"},
                { "predicate": { "damage": 0.3745}, "model": "guns/submachine_guns/"},
                { "predicate": { "damage": 0.3784}, "model": "guns/submachine_guns/"},
                { "predicate": { "damage": 0.3824}, "model": "guns/submachine_guns/"},
                { "predicate": { "damage": 0.3864}, "model": "guns/submachine_guns/"},
                { "predicate": { "damage": 0.3904}, "model": "guns/submachine_guns/"},
                { "predicate": { "damage": 0.3944}, "model": "guns/submachine_guns/"},
                { "predicate": { "damage": 0.3984}, "model": "guns/submachine_guns/"},
                { "predicate": { "damage": 0.4023}, "model": "guns/submachine_guns/"},
                { "predicate": { "damage": 0.4063}, "model": "guns/submachine_guns/"},
                { "predicate": { "damage": 0.4103}, "model": "guns/submachine_guns/"},
                { "predicate": { "damage": 0.4143}, "model": "guns/submachine_guns/"},
                { "predicate": { "damage": 0.4183}, "model": "guns/submachine_guns/"},
                { "predicate": { "damage": 0.4223}, "model": "guns/submachine_guns/"},
                { "predicate": { "damage": 0.4262}, "model": "guns/submachine_guns/"},
                { "predicate": { "damage": 0.4302}, "model": "guns/submachine_guns/"},
                { "predicate": { "damage": 0.4342}, "model": "guns/submachine_guns/"},
                { "predicate": { "damage": 0.4382}, "model": "guns/submachine_guns/"},
                { "predicate": { "damage": 0.4422}, "model": "guns/submachine_guns/"},
                { "predicate": { "damage": 0.4462}, "model": "guns/submachine_guns/"},
                { "predicate": { "damage": 0.4501}, "model": "guns/submachine_guns/"},
                { "predicate": { "damage": 0.4541}, "model": "guns/submachine_guns/"},
                { "predicate": { "damage": 0.4581}, "model": "guns/submachine_guns/"},
                { "predicate": { "damage": 0.4621}, "model": "guns/submachine_guns/"},
                { "predicate": { "damage": 0.4661}, "model": "guns/submachine_guns/"},
                { "predicate": { "damage": 0.4701}, "model": "guns/submachine_guns/"},
                { "predicate": { "damage": 0.4741}, "model": "guns/submachine_guns/"},
                { "predicate": { "damage": 0.4780}, "model": "guns/submachine_guns/"},
                { "predicate": { "damage": 0.4820}, "model": "guns/submachine_guns/"},
                { "predicate": { "damage": 0.4860}, "model": "guns/submachine_guns/"},
                { "predicate": { "damage": 0.4900}, "model": "guns/submachine_guns/"},
                { "predicate": { "damage": 0.4940}, "model": "guns/submachine_guns/"},
                { "predicate": { "damage": 0.4980}, "model": "guns/submachine_guns/"},
                { "predicate": { "damage": 0.5019}, "model": "guns/submachine_guns/"},
                { "predicate": { "damage": 0.5059}, "model": "guns/submachine_guns/"},
                { "predicate": { "damage": 0.5099}, "model": "guns/submachine_guns/"},
                { "predicate": { "damage": 0.5139}, "model": "guns/submachine_guns/"},
                { "predicate": { "damage": 0.5179}, "model": "guns/submachine_guns/"},
                { "predicate": { "damage": 0.5219}, "model": "guns/submachine_guns/"},
                { "predicate": { "damage": 0.5258}, "model": "guns/submachine_guns/"},
                { "predicate": { "damage": 0.5298}, "model": "guns/submachine_guns/"},
                { "predicate": { "damage": 0.5338}, "model": "guns/submachine_guns/"},
                { "predicate": { "damage": 0.5378}, "model": "guns/submachine_guns/"},
                { "predicate": { "damage": 0.5418}, "model": "guns/submachine_guns/"},
                { "predicate": { "damage": 0.5458}, "model": "guns/submachine_guns/"},
                { "predicate": { "damage": 0.5498}, "model": "guns/submachine_guns/"},
                { "predicate": { "damage": 0.5537}, "model": "guns/submachine_guns/"},
                { "predicate": { "damage": 0.5577}, "model": "guns/submachine_guns/"},
                { "predicate": { "damage": 0.5617}, "model": "guns/submachine_guns/"},
                { "predicate": { "damage": 0.5657}, "model": "guns/submachine_guns/"},
                { "predicate": { "damage": 0.5697}, "model": "guns/submachine_guns/"},
                { "predicate": { "damage": 0.5737}, "model": "guns/submachine_guns/"},
                { "predicate": { "damage": 0.5776}, "model": "guns/submachine_guns/"},
                { "predicate": { "damage": 0.5816}, "model": "guns/submachine_guns/"},
                { "predicate": { "damage": 0.5856}, "model": "guns/submachine_guns/"},
                { "predicate": { "damage": 0.5896}, "model": "guns/submachine_guns/"},
                { "predicate": { "damage": 0.5936}, "model": "guns/submachine_guns/"},
                { "predicate": { "damage": 0.5976}, "model": "guns/submachine_guns/"},
                { "predicate": { "damage": 0.6015}, "model": "guns/submachine_guns/"},
                { "predicate": { "damage": 0.6055}, "model": "guns/submachine_guns/"},
                { "predicate": { "damage": 0.6095}, "model": "guns/submachine_guns/"},
                { "predicate": { "damage": 0.6135}, "model": "guns/submachine_guns/"},
                { "predicate": { "damage": 0.6175}, "model": "guns/submachine_guns/"},
                { "predicate": { "damage": 0.6215}, "model": "guns/submachine_guns/"},
                { "predicate": { "damage": 0.6254}, "model": "guns/submachine_guns/"},
                { "predicate": { "damage": 0.6294}, "model": "guns/submachine_guns/"},
                { "predicate": { "damage": 0.6334}, "model": "guns/submachine_guns/"},
                { "predicate": { "damage": 0.6374}, "model": "guns/submachine_guns/"},
                { "predicate": { "damage": 0.6414}, "model": "guns/submachine_guns/"},
                { "predicate": { "damage": 0.6454}, "model": "guns/submachine_guns/"},
                { "predicate": { "damage": 0.6494}, "model": "guns/submachine_guns/"},
                { "predicate": { "damage": 0.6533}, "model": "guns/submachine_guns/"},
                { "predicate": { "damage": 0.6573}, "model": "guns/submachine_guns/"},
                { "predicate": { "damage": 0.6613}, "model": "guns/submachine_guns/"},
                { "predicate": { "damage": 0.6653}, "model": "guns/submachine_guns/"},
                { "predicate": { "damage": 0.6693}, "model": "guns/submachine_guns/"},
                { "predicate": { "damage": 0.6733}, "model": "guns/submachine_guns/"},
                { "predicate": { "damage": 0.6772}, "model": "guns/submachine_guns/"},
                { "predicate": { "damage": 0.6812}, "model": "guns/submachine_guns/"},
                { "predicate": { "damage": 0.6852}, "model": "guns/submachine_guns/"},
                { "predicate": { "damage": 0.6892}, "model": "guns/submachine_guns/"},
                { "predicate": { "damage": 0.6932}, "model": "guns/submachine_guns/"},
                { "predicate": { "damage": 0.6972}, "model": "guns/submachine_guns/"},
                { "predicate": { "damage": 0.7011}, "model": "guns/submachine_guns/"},
                { "predicate": { "damage": 0.7051}, "model": "guns/submachine_guns/"},
                { "predicate": { "damage": 0.7091}, "model": "guns/submachine_guns/"},
                { "predicate": { "damage": 0.7131}, "model": "guns/submachine_guns/"},
                { "predicate": { "damage": 0.7171}, "model": "guns/submachine_guns/"},
                { "predicate": { "damage": 0.7211}, "model": "guns/submachine_guns/"},
                { "predicate": { "damage": 0.7250}, "model": "guns/submachine_guns/"},
                { "predicate": { "damage": 0.7290}, "model": "guns/submachine_guns/"},
                { "predicate": { "damage": 0.7330}, "model": "guns/submachine_guns/"},
                { "predicate": { "damage": 0.7370}, "model": "guns/submachine_guns/"},
                { "predicate": { "damage": 0.7410}, "model": "guns/submachine_guns/"},
                { "predicate": { "damage": 0.7450}, "model": "guns/submachine_guns/"},
                { "predicate": { "damage": 0.7490}, "model": "guns/submachine_guns/"},
                { "predicate": { "damage": 0.7529}, "model": "guns/submachine_guns/"},
                { "predicate": { "damage": 0.7569}, "model": "guns/submachine_guns/"},
                { "predicate": { "damage": 0.7609}, "model": "guns/submachine_guns/"},
                { "predicate": { "damage": 0.7649}, "model": "guns/submachine_guns/"},
                { "predicate": { "damage": 0.7689}, "model": "guns/submachine_guns/"},
                { "predicate": { "damage": 0.7729}, "model": "guns/submachine_guns/"},
                { "predicate": { "damage": 0.7768}, "model": "guns/submachine_guns/"},
                { "predicate": { "damage": 0.7808}, "model": "guns/submachine_guns/"},
                { "predicate": { "damage": 0.7848}, "model": "guns/submachine_guns/"},
                { "predicate": { "damage": 0.7888}, "model": "guns/submachine_guns/"},
                { "predicate": { "damage": 0.7928}, "model": "guns/submachine_guns/"},
                { "predicate": { "damage": 0.7968}, "model": "guns/submachine_guns/"},
                { "predicate": { "damage": 0.8007}, "model": "guns/submachine_guns/"},
                { "predicate": { "damage": 0.8047}, "model": "guns/submachine_guns/"},
                { "predicate": { "damage": 0.8087}, "model": "guns/submachine_guns/"},
                { "predicate": { "damage": 0.8127}, "model": "guns/submachine_guns/"},
                { "predicate": { "damage": 0.8167}, "model": "guns/submachine_guns/"},
                { "predicate": { "damage": 0.8207}, "model": "guns/submachine_guns/"},
                { "predicate": { "damage": 0.8247}, "model": "guns/submachine_guns/"},
                { "predicate": { "damage": 0.8286}, "model": "guns/submachine_guns/"},
                { "predicate": { "damage": 0.8326}, "model": "guns/submachine_guns/"},
                { "predicate": { "damage": 0.8366}, "model": "guns/submachine_guns/"},
                { "predicate": { "damage": 0.8406}, "model": "guns/submachine_guns/"},
                { "predicate": { "damage": 0.8446}, "model": "guns/submachine_guns/"},
                { "predicate": { "damage": 0.8486}, "model": "guns/submachine_guns/"},
                { "predicate": { "damage": 0.8525}, "model": "guns/submachine_guns/"},
                { "predicate": { "damage": 0.8565}, "model": "guns/submachine_guns/"},
                { "predicate": { "damage": 0.8605}, "model": "guns/submachine_guns/"},
                { "predicate": { "damage": 0.8645}, "model": "guns/submachine_guns/"},
                { "predicate": { "damage": 0.8685}, "model": "guns/submachine_guns/"},
                { "predicate": { "damage": 0.8725}, "model": "guns/submachine_guns/"},
                { "predicate": { "damage": 0.8764}, "model": "guns/submachine_guns/"},
                { "predicate": { "damage": 0.8804}, "model": "guns/submachine_guns/"},
                { "predicate": { "damage": 0.8844}, "model": "guns/submachine_guns/"},
                { "predicate": { "damage": 0.8884}, "model": "guns/submachine_guns/"},
                { "predicate": { "damage": 0.8924}, "model": "guns/submachine_guns/"},
                { "predicate": { "damage": 0.8964}, "model": "guns/submachine_guns/"},
                { "predicate": { "damage": 0.9003}, "model": "guns/submachine_guns/"},
                { "predicate": { "damage": 0.9043}, "model": "guns/submachine_guns/"},
                { "predicate": { "damage": 0.9083}, "model": "guns/submachine_guns/"},
                { "predicate": { "damage": 0.9123}, "model": "guns/submachine_guns/"},
                { "predicate": { "damage": 0.9163}, "model": "guns/submachine_guns/"},
                { "predicate": { "damage": 0.9203}, "model": "guns/submachine_guns/"},
                { "predicate": { "damage": 0.9243}, "model": "guns/submachine_guns/"},
                { "predicate": { "damage": 0.9282}, "model": "guns/submachine_guns/"},
                { "predicate": { "damage": 0.9322}, "model": "guns/submachine_guns/"},
                { "predicate": { "damage": 0.9362}, "model": "guns/submachine_guns/"},
                { "predicate": { "damage": 0.9402}, "model": "guns/submachine_guns/"},
                { "predicate": { "damage": 0.9442}, "model": "guns/submachine_guns/"},
                { "predicate": { "damage": 0.9482}, "model": "guns/submachine_guns/"},
                { "predicate": { "damage": 0.9521}, "model": "guns/submachine_guns/"},
                { "predicate": { "damage": 0.9561}, "model": "guns/submachine_guns/"},
                { "predicate": { "damage": 0.9601}, "model": "guns/submachine_guns/"},
                { "predicate": { "damage": 0.9641}, "model": "guns/submachine_guns/"},
                { "predicate": { "damage": 0.9681}, "model": "guns/submachine_guns/"},
                { "predicate": { "damage": 0.9721}, "model": "guns/submachine_guns/"},
                { "predicate": { "damage": 0.9760}, "model": "guns/submachine_guns/"},
                { "predicate": { "damage": 0.9800}, "model": "guns/submachine_guns/"},
                { "predicate": { "damage": 0.9840}, "model": "guns/submachine_guns/"},
                { "predicate": { "damage": 0.9880}, "model": "guns/submachine_guns/"},
                { "predicate": { "damage": 0.9920}, "model": "guns/submachine_guns/"},
                { "predicate": { "damage": 0.9960}, "model": "guns/submachine_guns/"}
        ]
}