{
	"__comment": "Designed by Optimus0812 with Cubik Studio - https://cubik.studio",
	"textures": {
		"smoke_grenade": "dayz/weapon/explosive/smoke_grenade"
	},
	"elements": [ 	 
		{
			"__comment": "smoke_grenade",
			"from": [ 6, 3.5, 7 ],
			"to": [ 10, 11.5, 9 ],
			"faces": {
				"down": { "uv": [ 0.5, 11, 4.5, 13 ], "texture": "#smoke_grenade" },
				"up": { "uv": [ 6, 11, 10, 13 ], "texture": "#smoke_grenade" },
				"north": { "uv": [ 6, 0.5, 10, 8.5 ], "texture": "#smoke_grenade" },
				"south": { "uv": [ 6, 0.5, 10, 8.5 ], "texture": "#smoke_grenade" },
				"west": { "uv": [ 1.5, 0.5, 3.5, 8.5 ], "texture": "#smoke_grenade" },
				"east": { "uv": [ 7, 0.5, 9, 8.5 ], "texture": "#smoke_grenade" }
			}
		},
		{
			"__comment": "smoke_grenade1",
			"from": [ 6.5, 3.5, 9 ],
			"to": [ 9.5, 11.5, 9.5 ],
			"faces": {
				"down": { "uv": [ 1, 13, 4, 13.5 ], "texture": "#smoke_grenade" },
				"up": { "uv": [ 6.5, 13, 9.5, 13.5 ], "texture": "#smoke_grenade" },
				"north": { "uv": [ 6.5, 0.5, 9.5, 8.5 ], "texture": "#smoke_grenade" },
				"south": { "uv": [ 6.5, 0.5, 9.5, 8.5 ], "texture": "#smoke_grenade" },
				"west": { "uv": [ 3.5, 0.5, 4, 8.5 ], "texture": "#smoke_grenade" },
				"east": { "uv": [ 9, 0.5, 9.5, 8.5 ], "texture": "#smoke_grenade" }
			}
		},
		{
			"__comment": "smoke_grenade2",
			"from": [ 6.5, 3.5, 6.5 ],
			"to": [ 9.5, 11.5, 7 ],
			"faces": {
				"down": { "uv": [ 1, 10.5, 4, 11 ], "texture": "#smoke_grenade" },
				"up": { "uv": [ 6.5, 10.5, 9.5, 11 ], "texture": "#smoke_grenade" },
				"north": { "uv": [ 6.5, 0.5, 9.5, 8.5 ], "texture": "#smoke_grenade" },
				"south": { "uv": [ 6.5, 0.5, 9.5, 8.5 ], "texture": "#smoke_grenade" },
				"west": { "uv": [ 1, 0.5, 1.5, 8.5 ], "texture": "#smoke_grenade" },
				"east": { "uv": [ 6.5, 0.5, 7, 8.5 ], "texture": "#smoke_grenade" }
			}
		},
		{
			"__comment": "smoke_grenade3",
			"from": [ 7, 3.5, 6 ],
			"to": [ 9, 11.5, 6.5 ],
			"faces": {
				"down": { "uv": [ 1.5, 10, 3.5, 10.5 ], "texture": "#smoke_grenade" },
				"up": { "uv": [ 7, 10, 9, 10.5 ], "texture": "#smoke_grenade" },
				"north": { "uv": [ 7, 0.5, 9, 8.5 ], "texture": "#smoke_grenade" },
				"south": { "uv": [ 7, 0.5, 9, 8.5 ], "texture": "#smoke_grenade" },
				"west": { "uv": [ 0.5, 0.5, 1, 8.5 ], "texture": "#smoke_grenade" },
				"east": { "uv": [ 6, 0.5, 6.5, 8.5 ], "texture": "#smoke_grenade" }
			}
		},
		{
			"__comment": "smoke_grenade4",
			"from": [ 7, 3.5, 9.5 ],
			"to": [ 9, 11.5, 10 ],
			"faces": {
				"down": { "uv": [ 1.5, 10, 3.5, 10.5 ], "texture": "#smoke_grenade" },
				"up": { "uv": [ 7, 10, 9, 10.5 ], "texture": "#smoke_grenade" },
				"north": { "uv": [ 7, 0.5, 9, 8.5 ], "texture": "#smoke_grenade" },
				"south": { "uv": [ 7, 0.5, 9, 8.5 ], "texture": "#smoke_grenade" },
				"west": { "uv": [ 4, 0.5, 4.5, 8.5 ], "texture": "#smoke_grenade" },
				"east": { "uv": [ 9.5, 0.5, 10, 8.5 ], "texture": "#smoke_grenade" }
			}
		},
		{
			"__comment": "smoke_grenade5",
			"from": [ 7, 11.5, 5.5 ],
			"to": [ 9, 12, 6 ],
			"faces": {
				"down": { "uv": [ 7, 0, 9, 0.5 ], "texture": "#smoke_grenade" },
				"up": { "uv": [ 7, 0.5, 9, 0 ], "texture": "#smoke_grenade" },
				"north": { "uv": [ 9, 0, 7, 0.5 ], "texture": "#smoke_grenade" },
				"south": { "uv": [ 7, 0, 9, 0.5 ], "texture": "#smoke_grenade" },
				"west": { "uv": [ 7, 0, 7.5, 0.5 ], "texture": "#smoke_grenade" },
				"east": { "uv": [ 9, 0, 8.5, 0.5 ], "texture": "#smoke_grenade" }
			}
		},
		{
			"__comment": "smoke_grenade6",
			"from": [ 6, 11.5, 6 ],
			"to": [ 7, 12, 6.5 ],
			"faces": {
				"down": { "uv": [ 6, 0, 7, 0.5 ], "texture": "#smoke_grenade" },
				"up": { "uv": [ 6, 0.5, 7, 0 ], "texture": "#smoke_grenade" },
				"north": { "uv": [ 7, 0, 6, 0.5 ], "texture": "#smoke_grenade" },
				"south": { "uv": [ 6, 0, 7, 0.5 ], "texture": "#smoke_grenade" },
				"west": { "uv": [ 6, 0, 6.5, 0.5 ], "texture": "#smoke_grenade" },
				"east": { "uv": [ 7, 0, 6.5, 0.5 ], "texture": "#smoke_grenade" }
			}
		},
		{
			"__comment": "smoke_grenade7",
			"from": [ 9, 11.5, 6 ],
			"to": [ 10, 12, 6.5 ],
			"faces": {
				"down": { "uv": [ 9, 0, 10, 0.5 ], "texture": "#smoke_grenade" },
				"up": { "uv": [ 9, 0.5, 10, 0 ], "texture": "#smoke_grenade" },
				"north": { "uv": [ 10, 0, 9, 0.5 ], "texture": "#smoke_grenade" },
				"south": { "uv": [ 9, 0, 10, 0.5 ], "texture": "#smoke_grenade" },
				"west": { "uv": [ 9, 0, 9.5, 0.5 ], "texture": "#smoke_grenade" },
				"east": { "uv": [ 10, 0, 9.5, 0.5 ], "texture": "#smoke_grenade" }
			}
		},
		{
			"__comment": "smoke_grenade8",
			"from": [ 9.5, 11.5, 6.5 ],
			"to": [ 10, 12, 7 ],
			"faces": {
				"down": { "uv": [ 1, 0, 1.5, 0.5 ], "texture": "#smoke_grenade", "rotation": 270 },
				"up": { "uv": [ 1, 0.5, 1.5, 0 ], "texture": "#smoke_grenade", "rotation": 90 },
				"north": { "uv": [ 1, 0, 1.5, 0.5 ], "texture": "#smoke_grenade" },
				"south": { "uv": [ 1.5, 0, 1, 0.5 ], "texture": "#smoke_grenade" },
				"west": { "uv": [ 1, 0, 1.5, 0.5 ], "texture": "#smoke_grenade" },
				"east": { "uv": [ 1.5, 0, 1, 0.5 ], "texture": "#smoke_grenade" }
			}
		},
		{
			"__comment": "smoke_grenade9",
			"from": [ 6, 11.5, 6.5 ],
			"to": [ 6.5, 12, 7 ],
			"faces": {
				"down": { "uv": [ 6, 0, 6.5, 0.5 ], "texture": "#smoke_grenade" },
				"up": { "uv": [ 6, 0.5, 6.5, 0 ], "texture": "#smoke_grenade" },
				"north": { "uv": [ 6.5, 0, 6, 0.5 ], "texture": "#smoke_grenade" },
				"south": { "uv": [ 6, 0, 6.5, 0.5 ], "texture": "#smoke_grenade" },
				"west": { "uv": [ 6, 0, 6.5, 0.5 ], "texture": "#smoke_grenade" },
				"east": { "uv": [ 6.5, 0, 6, 0.5 ], "texture": "#smoke_grenade" }
			}
		},
		{
			"__comment": "smoke_grenade10",
			"from": [ 5.5, 11.5, 7 ],
			"to": [ 6, 12, 9 ],
			"faces": {
				"down": { "uv": [ 1.5, 0, 3.5, 0.5 ], "texture": "#smoke_grenade", "rotation": 270 },
				"up": { "uv": [ 1.5, 0.5, 3.5, 0 ], "texture": "#smoke_grenade", "rotation": 90 },
				"north": { "uv": [ 1.5, 0, 2, 0.5 ], "texture": "#smoke_grenade" },
				"south": { "uv": [ 3.5, 0, 3, 0.5 ], "texture": "#smoke_grenade" },
				"west": { "uv": [ 1.5, 0, 3.5, 0.5 ], "texture": "#smoke_grenade" },
				"east": { "uv": [ 3.5, 0, 1.5, 0.5 ], "texture": "#smoke_grenade" }
			}
		},
		{
			"__comment": "smoke_grenade11",
			"from": [ 10, 11.5, 7 ],
			"to": [ 10.5, 12, 9 ],
			"faces": {
				"down": { "uv": [ 1.5, 0, 3.5, 0.5 ], "texture": "#smoke_grenade", "rotation": 270 },
				"up": { "uv": [ 1.5, 0.5, 3.5, 0 ], "texture": "#smoke_grenade", "rotation": 90 },
				"north": { "uv": [ 1.5, 0, 2, 0.5 ], "texture": "#smoke_grenade" },
				"south": { "uv": [ 3.5, 0, 3, 0.5 ], "texture": "#smoke_grenade" },
				"west": { "uv": [ 1.5, 0, 3.5, 0.5 ], "texture": "#smoke_grenade" },
				"east": { "uv": [ 3.5, 0, 1.5, 0.5 ], "texture": "#smoke_grenade" }
			}
		},
		{
			"__comment": "smoke_grenade12",
			"from": [ 9.5, 11.5, 9 ],
			"to": [ 10, 12, 9.5 ],
			"faces": {
				"down": { "uv": [ 3.5, 0, 4, 0.5 ], "texture": "#smoke_grenade", "rotation": 270 },
				"up": { "uv": [ 3.5, 0.5, 4, 0 ], "texture": "#smoke_grenade", "rotation": 90 },
				"north": { "uv": [ 3.5, 0, 4, 0.5 ], "texture": "#smoke_grenade" },
				"south": { "uv": [ 4, 0, 3.5, 0.5 ], "texture": "#smoke_grenade" },
				"west": { "uv": [ 3.5, 0, 4, 0.5 ], "texture": "#smoke_grenade" },
				"east": { "uv": [ 4, 0, 3.5, 0.5 ], "texture": "#smoke_grenade" }
			}
		},
		{
			"__comment": "smoke_grenade13",
			"from": [ 9, 11.5, 9.5 ],
			"to": [ 10, 12, 10 ],
			"faces": {
				"down": { "uv": [ 4, 0, 4.5, 0.5 ], "texture": "#smoke_grenade", "rotation": 270 },
				"up": { "uv": [ 4, 0.5, 4.5, 0 ], "texture": "#smoke_grenade", "rotation": 90 },
				"north": { "uv": [ 4, 0, 4.5, 0.5 ], "texture": "#smoke_grenade" },
				"south": { "uv": [ 4.5, 0, 4, 0.5 ], "texture": "#smoke_grenade" },
				"west": { "uv": [ 4, 0, 4.5, 0.5 ], "texture": "#smoke_grenade" },
				"east": { "uv": [ 4.5, 0, 4, 0.5 ], "texture": "#smoke_grenade" }
			}
		},
		{
			"__comment": "smoke_grenade14",
			"from": [ 6, 11.5, 9.5 ],
			"to": [ 7, 12, 10 ],
			"faces": {
				"down": { "uv": [ 6, 0, 7, 0.5 ], "texture": "#smoke_grenade" },
				"up": { "uv": [ 6, 0.5, 7, 0 ], "texture": "#smoke_grenade" },
				"north": { "uv": [ 7, 0, 6, 0.5 ], "texture": "#smoke_grenade" },
				"south": { "uv": [ 6, 0, 7, 0.5 ], "texture": "#smoke_grenade" },
				"west": { "uv": [ 6, 0, 6.5, 0.5 ], "texture": "#smoke_grenade" },
				"east": { "uv": [ 7, 0, 6.5, 0.5 ], "texture": "#smoke_grenade" }
			}
		},
		{
			"__comment": "smoke_grenade15",
			"from": [ 6, 11.5, 9 ],
			"to": [ 6.5, 12, 9.5 ],
			"faces": {
				"down": { "uv": [ 6, 0, 6.5, 0.5 ], "texture": "#smoke_grenade" },
				"up": { "uv": [ 6, 0.5, 6.5, 0 ], "texture": "#smoke_grenade" },
				"north": { "uv": [ 6.5, 0, 6, 0.5 ], "texture": "#smoke_grenade" },
				"south": { "uv": [ 6, 0, 6.5, 0.5 ], "texture": "#smoke_grenade" },
				"west": { "uv": [ 6, 0, 6.5, 0.5 ], "texture": "#smoke_grenade" },
				"east": { "uv": [ 6.5, 0, 6, 0.5 ], "texture": "#smoke_grenade" }
			}
		},
		{
			"__comment": "smoke_grenade16",
			"from": [ 7, 11.5, 10 ],
			"to": [ 9, 12, 10.5 ],
			"faces": {
				"down": { "uv": [ 7, 0, 9, 0.5 ], "texture": "#smoke_grenade" },
				"up": { "uv": [ 7, 0.5, 9, 0 ], "texture": "#smoke_grenade" },
				"north": { "uv": [ 9, 0, 7, 0.5 ], "texture": "#smoke_grenade" },
				"south": { "uv": [ 7, 0, 9, 0.5 ], "texture": "#smoke_grenade" },
				"west": { "uv": [ 7, 0, 7.5, 0.5 ], "texture": "#smoke_grenade" },
				"east": { "uv": [ 9, 0, 8.5, 0.5 ], "texture": "#smoke_grenade" }
			}
		},
		{
			"__comment": "smoke_grenade17",
			"from": [ 7, 3, 5.5 ],
			"to": [ 9, 3.5, 6 ],
			"faces": {
				"down": { "uv": [ 7, 8.5, 9, 9 ], "texture": "#smoke_grenade" },
				"up": { "uv": [ 7, 9, 9, 8.5 ], "texture": "#smoke_grenade" },
				"north": { "uv": [ 9, 8.5, 7, 9 ], "texture": "#smoke_grenade" },
				"south": { "uv": [ 7, 8.5, 9, 9 ], "texture": "#smoke_grenade" },
				"west": { "uv": [ 7, 8.5, 7.5, 9 ], "texture": "#smoke_grenade" },
				"east": { "uv": [ 9, 8.5, 8.5, 9 ], "texture": "#smoke_grenade" }
			}
		},
		{
			"__comment": "smoke_grenade18",
			"from": [ 6, 3, 6 ],
			"to": [ 7, 3.5, 6.5 ],
			"faces": {
				"down": { "uv": [ 6, 8.5, 7, 9 ], "texture": "#smoke_grenade" },
				"up": { "uv": [ 6, 9, 7, 8.5 ], "texture": "#smoke_grenade" },
				"north": { "uv": [ 7, 8.5, 6, 9 ], "texture": "#smoke_grenade" },
				"south": { "uv": [ 6, 8.5, 7, 9 ], "texture": "#smoke_grenade" },
				"west": { "uv": [ 6, 8.5, 6.5, 9 ], "texture": "#smoke_grenade" },
				"east": { "uv": [ 7, 8.5, 6.5, 9 ], "texture": "#smoke_grenade" }
			}
		},
		{
			"__comment": "smoke_grenade19",
			"from": [ 9, 3, 6 ],
			"to": [ 10, 3.5, 6.5 ],
			"faces": {
				"down": { "uv": [ 9, 8.5, 10, 9 ], "texture": "#smoke_grenade" },
				"up": { "uv": [ 9, 9, 10, 8.5 ], "texture": "#smoke_grenade" },
				"north": { "uv": [ 10, 8.5, 9, 9 ], "texture": "#smoke_grenade" },
				"south": { "uv": [ 9, 8.5, 10, 9 ], "texture": "#smoke_grenade" },
				"west": { "uv": [ 9, 8.5, 9.5, 9 ], "texture": "#smoke_grenade" },
				"east": { "uv": [ 10, 8.5, 9.5, 9 ], "texture": "#smoke_grenade" }
			}
		},
		{
			"__comment": "smoke_grenade20",
			"from": [ 9.5, 3, 6.5 ],
			"to": [ 10, 3.5, 7 ],
			"faces": {
				"down": { "uv": [ 9.5, 8.5, 10, 9 ], "texture": "#smoke_grenade" },
				"up": { "uv": [ 9.5, 9, 10, 8.5 ], "texture": "#smoke_grenade" },
				"north": { "uv": [ 10, 8.5, 9.5, 9 ], "texture": "#smoke_grenade" },
				"south": { "uv": [ 9.5, 8.5, 10, 9 ], "texture": "#smoke_grenade" },
				"west": { "uv": [ 9.5, 8.5, 10, 9 ], "texture": "#smoke_grenade" },
				"east": { "uv": [ 10, 8.5, 9.5, 9 ], "texture": "#smoke_grenade" }
			}
		},
		{
			"__comment": "smoke_grenade21",
			"from": [ 6, 3, 6.5 ],
			"to": [ 6.5, 3.5, 7 ],
			"faces": {
				"down": { "uv": [ 6, 8.5, 6.5, 9 ], "texture": "#smoke_grenade" },
				"up": { "uv": [ 6, 9, 6.5, 8.5 ], "texture": "#smoke_grenade" },
				"north": { "uv": [ 6.5, 8.5, 6, 9 ], "texture": "#smoke_grenade" },
				"south": { "uv": [ 6, 8.5, 6.5, 9 ], "texture": "#smoke_grenade" },
				"west": { "uv": [ 6, 8.5, 6.5, 9 ], "texture": "#smoke_grenade" },
				"east": { "uv": [ 6.5, 8.5, 6, 9 ], "texture": "#smoke_grenade" }
			}
		},
		{
			"__comment": "smoke_grenade22",
			"from": [ 5.5, 3, 7 ],
			"to": [ 6, 3.5, 9 ],
			"faces": {
				"down": { "uv": [ 1.5, 8.5, 3.5, 9 ], "texture": "#smoke_grenade", "rotation": 270 },
				"up": { "uv": [ 1.5, 9, 3.5, 8.5 ], "texture": "#smoke_grenade", "rotation": 90 },
				"north": { "uv": [ 1.5, 8.5, 2, 9 ], "texture": "#smoke_grenade" },
				"south": { "uv": [ 3.5, 8.5, 3, 9 ], "texture": "#smoke_grenade" },
				"west": { "uv": [ 1.5, 8.5, 3.5, 9 ], "texture": "#smoke_grenade" },
				"east": { "uv": [ 3.5, 8.5, 1.5, 9 ], "texture": "#smoke_grenade" }
			}
		},
		{
			"__comment": "smoke_grenade23",
			"from": [ 10, 3, 7 ],
			"to": [ 10.5, 3.5, 9 ],
			"faces": {
				"down": { "uv": [ 1.5, 8.5, 3.5, 9 ], "texture": "#smoke_grenade", "rotation": 270 },
				"up": { "uv": [ 1.5, 9, 3.5, 8.5 ], "texture": "#smoke_grenade", "rotation": 90 },
				"north": { "uv": [ 1.5, 8.5, 2, 9 ], "texture": "#smoke_grenade" },
				"south": { "uv": [ 3.5, 8.5, 3, 9 ], "texture": "#smoke_grenade" },
				"west": { "uv": [ 1.5, 8.5, 3.5, 9 ], "texture": "#smoke_grenade" },
				"east": { "uv": [ 3.5, 8.5, 1.5, 9 ], "texture": "#smoke_grenade" }
			}
		},
		{
			"__comment": "smoke_grenade24",
			"from": [ 9.5, 3, 9 ],
			"to": [ 10, 3.5, 9.5 ],
			"faces": {
				"down": { "uv": [ 3.5, 8.5, 4, 9 ], "texture": "#smoke_grenade", "rotation": 270 },
				"up": { "uv": [ 3.5, 9, 4, 8.5 ], "texture": "#smoke_grenade", "rotation": 90 },
				"north": { "uv": [ 3.5, 8.5, 4, 9 ], "texture": "#smoke_grenade" },
				"south": { "uv": [ 4, 8.5, 3.5, 9 ], "texture": "#smoke_grenade" },
				"west": { "uv": [ 3.5, 8.5, 4, 9 ], "texture": "#smoke_grenade" },
				"east": { "uv": [ 4, 8.5, 3.5, 9 ], "texture": "#smoke_grenade" }
			}
		},
		{
			"__comment": "smoke_grenade25",
			"from": [ 9, 3, 9.5 ],
			"to": [ 10, 3.5, 10 ],
			"faces": {
				"down": { "uv": [ 4, 8.5, 4.5, 9 ], "texture": "#smoke_grenade", "rotation": 270 },
				"up": { "uv": [ 4, 9, 4.5, 8.5 ], "texture": "#smoke_grenade", "rotation": 90 },
				"north": { "uv": [ 4, 8.5, 4.5, 9 ], "texture": "#smoke_grenade" },
				"south": { "uv": [ 4.5, 8.5, 4, 9 ], "texture": "#smoke_grenade" },
				"west": { "uv": [ 4, 8.5, 4.5, 9 ], "texture": "#smoke_grenade" },
				"east": { "uv": [ 4.5, 8.5, 4, 9 ], "texture": "#smoke_grenade" }
			}
		},
		{
			"__comment": "smoke_grenade26",
			"from": [ 6, 3, 9.5 ],
			"to": [ 7, 3.5, 10 ],
			"faces": {
				"down": { "uv": [ 6, 8.5, 7, 9 ], "texture": "#smoke_grenade" },
				"up": { "uv": [ 6, 9, 7, 8.5 ], "texture": "#smoke_grenade" },
				"north": { "uv": [ 7, 8.5, 6, 9 ], "texture": "#smoke_grenade" },
				"south": { "uv": [ 6, 8.5, 7, 9 ], "texture": "#smoke_grenade" },
				"west": { "uv": [ 6, 8.5, 6.5, 9 ], "texture": "#smoke_grenade" },
				"east": { "uv": [ 7, 8.5, 6.5, 9 ], "texture": "#smoke_grenade" }
			}
		},
		{
			"__comment": "smoke_grenade27",
			"from": [ 6, 3, 9 ],
			"to": [ 6.5, 3.5, 9.5 ],
			"faces": {
				"down": { "uv": [ 6, 8.5, 6.5, 9 ], "texture": "#smoke_grenade" },
				"up": { "uv": [ 6, 9, 6.5, 8.5 ], "texture": "#smoke_grenade" },
				"north": { "uv": [ 6.5, 8.5, 6, 9 ], "texture": "#smoke_grenade" },
				"south": { "uv": [ 6, 8.5, 6.5, 9 ], "texture": "#smoke_grenade" },
				"west": { "uv": [ 6, 8.5, 6.5, 9 ], "texture": "#smoke_grenade" },
				"east": { "uv": [ 6.5, 8.5, 6, 9 ], "texture": "#smoke_grenade" }
			}
		},
		{
			"__comment": "smoke_grenade28",
			"from": [ 7, 3, 10 ],
			"to": [ 9, 3.5, 10.5 ],
			"faces": {
				"down": { "uv": [ 7, 8.5, 9, 9 ], "texture": "#smoke_grenade" },
				"up": { "uv": [ 7, 9, 9, 8.5 ], "texture": "#smoke_grenade" },
				"north": { "uv": [ 9, 8.5, 7, 9 ], "texture": "#smoke_grenade" },
				"south": { "uv": [ 7, 8.5, 9, 9 ], "texture": "#smoke_grenade" },
				"west": { "uv": [ 7, 8.5, 7.5, 9 ], "texture": "#smoke_grenade" },
				"east": { "uv": [ 9, 8.5, 8.5, 9 ], "texture": "#smoke_grenade" }
			}
		},
		{
			"__comment": "smoke_grenade29",
			"from": [ 7.5, 14.5, 7 ],
			"to": [ 8.5, 15, 9 ],
			"faces": {
				"down": { "uv": [ 11.5, 0, 13.5, 0.5 ], "texture": "#smoke_grenade", "rotation": 270 },
				"up": { "uv": [ 11.5, 0.5, 13.5, 0 ], "texture": "#smoke_grenade", "rotation": 90 },
				"north": { "uv": [ 11.5, 0, 12, 0.5 ], "texture": "#smoke_grenade" },
				"south": { "uv": [ 13.5, 0, 13, 0.5 ], "texture": "#smoke_grenade" },
				"west": { "uv": [ 11.5, 0, 13.5, 0.5 ], "texture": "#smoke_grenade" },
				"east": { "uv": [ 13.5, 0, 11.5, 0.5 ], "texture": "#smoke_grenade" }
			}
		},
		{
			"__comment": "smoke_grenade30",
			"from": [ 7.5, 14, 7.5 ],
			"to": [ 8.5, 14.5, 9.5 ],
			"faces": {
				"down": { "uv": [ 12, 0.5, 14, 1 ], "texture": "#smoke_grenade", "rotation": 270 },
				"up": { "uv": [ 12, 1, 14, 0.5 ], "texture": "#smoke_grenade", "rotation": 90 },
				"north": { "uv": [ 12, 0.5, 12.5, 1 ], "texture": "#smoke_grenade" },
				"south": { "uv": [ 14, 0.5, 13.5, 1 ], "texture": "#smoke_grenade" },
				"west": { "uv": [ 12, 0.5, 14, 1 ], "texture": "#smoke_grenade" },
				"east": { "uv": [ 14, 0.5, 12, 1 ], "texture": "#smoke_grenade" }
			}
		},
		{
			"__comment": "smoke_grenade31",
			"from": [ 7.5, 13.5, 7.5 ],
			"to": [ 8.5, 14, 10 ],
			"faces": {
				"down": { "uv": [ 12, 1, 14.5, 1.5 ], "texture": "#smoke_grenade", "rotation": 270 },
				"up": { "uv": [ 12, 1.5, 14.5, 1 ], "texture": "#smoke_grenade", "rotation": 90 },
				"north": { "uv": [ 12, 1, 12.5, 1.5 ], "texture": "#smoke_grenade" },
				"south": { "uv": [ 14.5, 1, 14, 1.5 ], "texture": "#smoke_grenade" },
				"west": { "uv": [ 12, 1, 14.5, 1.5 ], "texture": "#smoke_grenade" },
				"east": { "uv": [ 14.5, 1, 12, 1.5 ], "texture": "#smoke_grenade" }
			}
		},
		{
			"__comment": "smoke_grenade32",
			"from": [ 7.5, 13, 7.5 ],
			"to": [ 8.5, 13.5, 10.5 ],
			"faces": {
				"down": { "uv": [ 12, 1.5, 15, 2 ], "texture": "#smoke_grenade", "rotation": 270 },
				"up": { "uv": [ 12, 2, 15, 1.5 ], "texture": "#smoke_grenade", "rotation": 90 },
				"north": { "uv": [ 12, 1.5, 12.5, 2 ], "texture": "#smoke_grenade" },
				"south": { "uv": [ 15, 1.5, 14.5, 2 ], "texture": "#smoke_grenade" },
				"west": { "uv": [ 12, 1.5, 15, 2 ], "texture": "#smoke_grenade" },
				"east": { "uv": [ 15, 1.5, 12, 2 ], "texture": "#smoke_grenade" }
			}
		},
		{
			"__comment": "smoke_grenade33",
			"from": [ 7.5, 12.5, 7.5 ],
			"to": [ 8.5, 13, 11 ],
			"faces": {
				"down": { "uv": [ 12, 2, 15.5, 2.5 ], "texture": "#smoke_grenade", "rotation": 270 },
				"up": { "uv": [ 12, 2.5, 15.5, 2 ], "texture": "#smoke_grenade", "rotation": 90 },
				"north": { "uv": [ 12, 2, 12.5, 2.5 ], "texture": "#smoke_grenade" },
				"south": { "uv": [ 15.5, 2, 15, 2.5 ], "texture": "#smoke_grenade" },
				"west": { "uv": [ 12, 2, 15.5, 2.5 ], "texture": "#smoke_grenade" },
				"east": { "uv": [ 15.5, 2, 12, 2.5 ], "texture": "#smoke_grenade" }
			}
		},
		{
			"__comment": "smoke_grenade34",
			"from": [ 7.5, 11.5, 7.5 ],
			"to": [ 8.5, 12.5, 8.5 ],
			"faces": {
				"down": { "uv": [ 12, 3, 13, 3.5 ], "texture": "#smoke_grenade", "rotation": 270 },
				"up": { "uv": [ 12, 3, 13, 2.5 ], "texture": "#smoke_grenade", "rotation": 90 },
				"north": { "uv": [ 12, 2.5, 12.5, 3.5 ], "texture": "#smoke_grenade" },
				"south": { "uv": [ 13, 2.5, 12.5, 3.5 ], "texture": "#smoke_grenade" },
				"west": { "uv": [ 12, 2.5, 13, 3.5 ], "texture": "#smoke_grenade" },
				"east": { "uv": [ 13, 2.5, 12, 3.5 ], "texture": "#smoke_grenade" }
			}
		},
		{
			"__comment": "smoke_grenade35",
			"from": [ 7.5, 12, 10.5 ],
			"to": [ 8.5, 12.5, 11.5 ],
			"faces": {
				"down": { "uv": [ 15, 2.5, 16, 3 ], "texture": "#smoke_grenade", "rotation": 270 },
				"up": { "uv": [ 15, 3, 16, 2.5 ], "texture": "#smoke_grenade", "rotation": 90 },
				"north": { "uv": [ 15, 2.5, 15.5, 3 ], "texture": "#smoke_grenade" },
				"south": { "uv": [ 16, 2.5, 15.5, 3 ], "texture": "#smoke_grenade" },
				"west": { "uv": [ 15, 2.5, 16, 3 ], "texture": "#smoke_grenade" },
				"east": { "uv": [ 16, 2.5, 15, 3 ], "texture": "#smoke_grenade" }
			}
		},
		{
			"__comment": "smoke_grenade36",
			"from": [ 7.5, 7.5, 11 ],
			"to": [ 8.5, 12, 11.5 ],
			"faces": {
				"down": { "uv": [ 15.5, 7, 16, 7.5 ], "texture": "#smoke_grenade", "rotation": 270 },
				"up": { "uv": [ 15.5, 3.5, 16, 3 ], "texture": "#smoke_grenade", "rotation": 90 },
				"north": { "uv": [ 15.5, 3, 16, 7.5 ], "texture": "#smoke_grenade" },
				"south": { "uv": [ 16, 3, 15.5, 7.5 ], "texture": "#smoke_grenade" },
				"west": { "uv": [ 15.5, 3, 16, 7.5 ], "texture": "#smoke_grenade" },
				"east": { "uv": [ 16, 3, 15.5, 7.5 ], "texture": "#smoke_grenade" }
			}
		},
		{
			"__comment": "smoke_grenade37",
			"from": [ 8.6875, 14.0625, 8.5 ],
			"to": [ 9.1875, 14.5625, 10 ],
			"rotation": { "origin": [ 8.6875, 14.0625, 8.5 ], "axis": "z", "angle": 22.5 },
			"faces": {
				"down": { "uv": [ 14, 8, 15.5, 8.5 ], "texture": "#smoke_grenade", "rotation": 270 },
				"up": { "uv": [ 14, 8.5, 15.5, 8 ], "texture": "#smoke_grenade", "rotation": 90 },
				"north": { "uv": [ 14, 8, 14.5, 8.5 ], "texture": "#smoke_grenade" },
				"south": { "uv": [ 15.5, 8, 15, 8.5 ], "texture": "#smoke_grenade" },
				"west": { "uv": [ 14, 8, 15.5, 8.5 ], "texture": "#smoke_grenade" },
				"east": { "uv": [ 15.5, 8, 14, 8.5 ], "texture": "#smoke_grenade" }
			}
		},
		{
			"__comment": "smoke_grenade38",
			"from": [ 8.6875, 12.0625, 8.5 ],
			"to": [ 9.1875, 12.5625, 10 ],
			"rotation": { "origin": [ 8.6875, 14.0625, 8.5 ], "axis": "z", "angle": 22.5 },
			"faces": {
				"down": { "uv": [ 14, 10, 15.5, 10.5 ], "texture": "#smoke_grenade", "rotation": 270 },
				"up": { "uv": [ 14, 10.5, 15.5, 10 ], "texture": "#smoke_grenade", "rotation": 90 },
				"north": { "uv": [ 14, 10, 14.5, 10.5 ], "texture": "#smoke_grenade" },
				"south": { "uv": [ 15.5, 10, 15, 10.5 ], "texture": "#smoke_grenade" },
				"west": { "uv": [ 14, 10, 15.5, 10.5 ], "texture": "#smoke_grenade" },
				"east": { "uv": [ 15.5, 10, 14, 10.5 ], "texture": "#smoke_grenade" }
			}
		},
		{
			"__comment": "smoke_grenade39",
			"from": [ 8.6875, 12.5625, 10 ],
			"to": [ 9.1875, 14.0625, 10.5 ],
			"rotation": { "origin": [ 8.6875, 14.0625, 8.5 ], "axis": "z", "angle": 22.5 },
			"faces": {
				"down": { "uv": [ 15.5, 9.5, 16, 10 ], "texture": "#smoke_grenade", "rotation": 270 },
				"up": { "uv": [ 15.5, 9, 16, 8.5 ], "texture": "#smoke_grenade", "rotation": 90 },
				"north": { "uv": [ 15.5, 8.5, 16, 10 ], "texture": "#smoke_grenade" },
				"south": { "uv": [ 16, 8.5, 15.5, 10 ], "texture": "#smoke_grenade" },
				"west": { "uv": [ 15.5, 8.5, 16, 10 ], "texture": "#smoke_grenade" },
				"east": { "uv": [ 16, 8.5, 15.5, 10 ], "texture": "#smoke_grenade" }
			}
		},
		{
			"__comment": "smoke_grenade40",
			"from": [ 8.6875, 12.5625, 8 ],
			"to": [ 9.1875, 14.0625, 8.5 ],
			"rotation": { "origin": [ 8.6875, 14.0625, 8.5 ], "axis": "z", "angle": 22.5 },
			"faces": {
				"down": { "uv": [ 13.5, 9.5, 14, 10 ], "texture": "#smoke_grenade", "rotation": 270 },
				"up": { "uv": [ 13.5, 9, 14, 8.5 ], "texture": "#smoke_grenade", "rotation": 90 },
				"north": { "uv": [ 13.5, 8.5, 14, 10 ], "texture": "#smoke_grenade" },
				"south": { "uv": [ 14, 8.5, 13.5, 10 ], "texture": "#smoke_grenade" },
				"west": { "uv": [ 13.5, 8.5, 14, 10 ], "texture": "#smoke_grenade" },
				"east": { "uv": [ 14, 8.5, 13.5, 10 ], "texture": "#smoke_grenade" }
			}
		}
	],
	"display": {
		"thirdperson_righthand": {
			"rotation":  [ 0, 0, 25 ],
			"scale":  [ 0.5, 0.5, 0.5 ]
		},
		"thirdperson_lefthand": {
			"rotation":  [ 0, 0, 25 ],
			"scale":  [ 0.5, 0.5, 0.5 ]
		},
		"firstperson_righthand": {
			"rotation":  [ 0, 0, 25 ],
			"translation":  [ 1.13, 3.2, 1.13 ],
			"scale":  [ 0.68, 0.68, 0.68 ]
		},
		"firstperson_lefthand": {
			"rotation":  [ 0, 0, 25 ],
			"translation":  [ 1.13, 3.2, 1.13 ],
			"scale":  [ 0.68, 0.68, 0.68 ]
		},
		"gui": {
			"rotation":  [ 30, 135, 0 ]
		},
		"head": {
			"scale":  [ 0.0001, 0.0001, 0.0001 ]
		},
		"ground": {
			"scale":  [ 0.5, 0.5, 0.5 ]
		},
		"fixed": {
			"rotation":  [ 0, -90, 0 ],
			"scale":  [ 1, 1, 1 ]
		}
	}
}