{
	"__comment": "Designed by Optimus0812 with Cubik Studio - https://cubik.studio",
	"textures": {
		"mountain_backpack": "dayz/equipment/backpack/mountain_backpack"
	},
	"elements": [ 	 
		{
			"__comment": "mountain_backpack1",
			"from": [ 4, 0, 4 ],
			"to": [ 12, 15, 11 ],
			"faces": {
				"down": { "uv": [ 6.75, 0, 8.75, 1.75 ], "texture": "#mountain_backpack", "rotation": 180 },
				"up": { "uv": [ 2.25, 0, 4.25, 1.75 ], "texture": "#mountain_backpack", "rotation": 180 },
				"north": { "uv": [ 6.75, 2.5, 8.75, 6.25 ], "texture": "#mountain_backpack" },
				"south": { "uv": [ 2.25, 2.5, 4.25, 6.25 ], "texture": "#mountain_backpack" },
				"west": { "uv": [ 0, 2.5, 1.75, 6.25 ], "texture": "#mountain_backpack" },
				"east": { "uv": [ 4.75, 2.5, 6.5, 6.25 ], "texture": "#mountain_backpack" }
			}
		},
		{
			"__comment": "mountain_backpack2",
			"from": [ 11, 15, 4 ],
			"to": [ 12, 16, 11 ],
			"faces": {
				"down": { "uv": [ 8.5, 0, 8.75, 1.75 ], "texture": "#mountain_backpack", "rotation": 180 },
				"up": { "uv": [ 4, 0, 4.25, 1.75 ], "texture": "#mountain_backpack", "rotation": 180 },
				"north": { "uv": [ 8.5, 2.25, 8.75, 2.5 ], "texture": "#mountain_backpack" },
				"south": { "uv": [ 4, 2.25, 4.25, 2.5 ], "texture": "#mountain_backpack" },
				"west": { "uv": [ 0, 2.25, 1.75, 2.5 ], "texture": "#mountain_backpack" },
				"east": { "uv": [ 4.75, 2.25, 6.5, 2.5 ], "texture": "#mountain_backpack" }
			}
		},
		{
			"__comment": "mountain_backpack3",
			"from": [ 12, 15, 5 ],
			"to": [ 13, 16, 10 ],
			"faces": {
				"down": { "uv": [ 4.25, 0.25, 4.5, 1.5 ], "texture": "#mountain_backpack", "rotation": 180 },
				"up": { "uv": [ 4.25, 0.25, 4.5, 1.5 ], "texture": "#mountain_backpack", "rotation": 180 },
				"north": { "uv": [ 8.75, 2.25, 9, 2.5 ], "texture": "#mountain_backpack" },
				"south": { "uv": [ 4.25, 2.25, 4.5, 2.5 ], "texture": "#mountain_backpack" },
				"west": { "uv": [ 0.25, 2.25, 1.5, 2.5 ], "texture": "#mountain_backpack" },
				"east": { "uv": [ 5, 2.25, 6.25, 2.5 ], "texture": "#mountain_backpack" }
			}
		},
		{
			"__comment": "mountain_backpack4",
			"from": [ 3, 15, 5 ],
			"to": [ 4, 16, 10 ],
			"faces": {
				"down": { "uv": [ 2, 0.25, 2.25, 1.5 ], "texture": "#mountain_backpack", "rotation": 180 },
				"up": { "uv": [ 2, 0.25, 2.25, 1.5 ], "texture": "#mountain_backpack", "rotation": 180 },
				"north": { "uv": [ 6.5, 2.25, 6.75, 2.5 ], "texture": "#mountain_backpack" },
				"south": { "uv": [ 2, 2.25, 2.25, 2.5 ], "texture": "#mountain_backpack" },
				"west": { "uv": [ 0.25, 2.25, 1.5, 2.5 ], "texture": "#mountain_backpack" },
				"east": { "uv": [ 5, 2.25, 6.25, 2.5 ], "texture": "#mountain_backpack" }
			}
		},
		{
			"__comment": "mountain_backpack5",
			"from": [ 12, 0, 4 ],
			"to": [ 13, 15, 11 ],
			"faces": {
				"down": { "uv": [ 8.75, 0, 9, 1.75 ], "texture": "#mountain_backpack", "rotation": 180 },
				"up": { "uv": [ 4.25, 0, 4.5, 1.75 ], "texture": "#mountain_backpack", "rotation": 180 },
				"north": { "uv": [ 8.75, 2.5, 9, 6.25 ], "texture": "#mountain_backpack" },
				"south": { "uv": [ 4.25, 2.5, 4.5, 6.25 ], "texture": "#mountain_backpack" },
				"west": { "uv": [ 0, 2.5, 1.75, 6.25 ], "texture": "#mountain_backpack" },
				"east": { "uv": [ 4.75, 2.5, 6.5, 6.25 ], "texture": "#mountain_backpack" }
			}
		},
		{
			"__comment": "mountain_backpack6",
			"from": [ 3, 0, 4 ],
			"to": [ 4, 15, 11 ],
			"faces": {
				"down": { "uv": [ 6.5, 0, 6.75, 1.75 ], "texture": "#mountain_backpack", "rotation": 180 },
				"up": { "uv": [ 2, 0, 2.25, 1.75 ], "texture": "#mountain_backpack", "rotation": 180 },
				"north": { "uv": [ 6.5, 2.5, 6.75, 6.25 ], "texture": "#mountain_backpack" },
				"south": { "uv": [ 2, 2.5, 2.25, 6.25 ], "texture": "#mountain_backpack" },
				"west": { "uv": [ 0, 2.499999, 1.75, 6.25 ], "texture": "#mountain_backpack" },
				"east": { "uv": [ 4.5, 2.5, 6.25, 6 ], "texture": "#mountain_backpack" }
			}
		},
		{
			"__comment": "mountain_backpack7",
			"from": [ 4, -1, 4 ],
			"to": [ 12, 0, 11 ],
			"faces": {
				"down": { "uv": [ 6.75, 0, 8.75, 1.75 ], "texture": "#mountain_backpack", "rotation": 180 },
				"up": { "uv": [ 2.25, 0, 4.25, 1.75 ], "texture": "#mountain_backpack", "rotation": 180 },
				"north": { "uv": [ 6.75, 6.25, 8.75, 6.5 ], "texture": "#mountain_backpack" },
				"south": { "uv": [ 2.25, 6.25, 4.25, 6.5 ], "texture": "#mountain_backpack" },
				"west": { "uv": [ 0, 6.25, 1.75, 6.5 ], "texture": "#mountain_backpack" },
				"east": { "uv": [ 4.75, 6.25, 6.5, 6.5 ], "texture": "#mountain_backpack" }
			}
		},
		{
			"__comment": "mountain_backpack8",
			"from": [ 12, -1, 5 ],
			"to": [ 13, 0, 10 ],
			"faces": {
				"down": { "uv": [ 8.75, 0.25, 9, 1.5 ], "texture": "#mountain_backpack", "rotation": 180 },
				"up": { "uv": [ 4.25, 0.25, 4.5, 1.5 ], "texture": "#mountain_backpack", "rotation": 180 },
				"north": { "uv": [ 8.75, 6.25, 9, 6.5 ], "texture": "#mountain_backpack" },
				"south": { "uv": [ 4.25, 6.25, 4.5, 6.5 ], "texture": "#mountain_backpack" },
				"west": { "uv": [ 0.25, 6.25, 1.5, 6.5 ], "texture": "#mountain_backpack" },
				"east": { "uv": [ 5, 6.5, 6.25, 6.25 ], "texture": "#mountain_backpack" }
			}
		},
		{
			"__comment": "mountain_backpack9",
			"from": [ 3, -1, 5 ],
			"to": [ 4, 0, 10 ],
			"faces": {
				"down": { "uv": [ 6.5, 0.25, 6.75, 1.5 ], "texture": "#mountain_backpack", "rotation": 180 },
				"up": { "uv": [ 2, 0.25, 2.25, 1.5 ], "texture": "#mountain_backpack", "rotation": 180 },
				"north": { "uv": [ 6.5, 6.25, 6.75, 6.5 ], "texture": "#mountain_backpack" },
				"south": { "uv": [ 2, 6.25, 2.25, 6.5 ], "texture": "#mountain_backpack" },
				"west": { "uv": [ 0.25, 6.25, 1.5, 6.5 ], "texture": "#mountain_backpack" },
				"east": { "uv": [ 5, 6.25, 6.25, 6.5 ], "texture": "#mountain_backpack" }
			}
		},
		{
			"__comment": "mountain_backpack10",
			"from": [ 5, 16, 4 ],
			"to": [ 11, 17, 11 ],
			"faces": {
				"down": { "uv": [ 7, 0, 8.5, 1.75 ], "texture": "#mountain_backpack", "rotation": 180 },
				"up": { "uv": [ 2.5, 0, 4, 1.75 ], "texture": "#mountain_backpack", "rotation": 180 },
				"north": { "uv": [ 7, 2, 8.5, 2.25 ], "texture": "#mountain_backpack" },
				"south": { "uv": [ 2.5, 2, 4, 2.25 ], "texture": "#mountain_backpack" },
				"west": { "uv": [ 0, 2, 1.75, 2.25 ], "texture": "#mountain_backpack" },
				"east": { "uv": [ 4.75, 2, 6.5, 2.25 ], "texture": "#mountain_backpack" }
			}
		},
		{
			"__comment": "mountain_backpack11",
			"from": [ 11, 16, 5 ],
			"to": [ 12, 17, 10 ],
			"faces": {
				"down": { "uv": [ 8.5, 0.25, 8.75, 1.5 ], "texture": "#mountain_backpack", "rotation": 180 },
				"up": { "uv": [ 4, 0.25, 4.25, 1.5 ], "texture": "#mountain_backpack", "rotation": 180 },
				"north": { "uv": [ 8.5, 2, 8.75, 2.25 ], "texture": "#mountain_backpack" },
				"south": { "uv": [ 4, 2, 4.25, 2.25 ], "texture": "#mountain_backpack" },
				"west": { "uv": [ 0.25, 2, 1.5, 2.25 ], "texture": "#mountain_backpack" },
				"east": { "uv": [ 5, 2, 6.25, 2.25 ], "texture": "#mountain_backpack" }
			}
		},
		{
			"__comment": "mountain_backpack12",
			"from": [ 4, 16, 5 ],
			"to": [ 5, 17, 10 ],
			"faces": {
				"down": { "uv": [ 6.75, 0.25, 7, 1.5 ], "texture": "#mountain_backpack", "rotation": 180 },
				"up": { "uv": [ 2.25, 0.25, 2.5, 1.5 ], "texture": "#mountain_backpack", "rotation": 180 },
				"north": { "uv": [ 6.75, 2, 7, 2.25 ], "texture": "#mountain_backpack" },
				"south": { "uv": [ 2.25, 2, 2.5, 2.25 ], "texture": "#mountain_backpack" },
				"west": { "uv": [ 0.25, 2, 1.5, 2.25 ], "texture": "#mountain_backpack" },
				"east": { "uv": [ 5, 2, 6.25, 2.25 ], "texture": "#mountain_backpack" }
			}
		},
		{
			"__comment": "mountain_backpack13",
			"from": [ 4, 15, 4 ],
			"to": [ 5, 16, 11 ],
			"faces": {
				"down": { "uv": [ 6.75, 0, 7, 1.75 ], "texture": "#mountain_backpack", "rotation": 180 },
				"up": { "uv": [ 2.25, 0, 2.5, 1.75 ], "texture": "#mountain_backpack", "rotation": 180 },
				"north": { "uv": [ 6.75, 2.25, 7, 2.5 ], "texture": "#mountain_backpack" },
				"south": { "uv": [ 2.25, 2.25, 2.5, 2.5 ], "texture": "#mountain_backpack" },
				"west": { "uv": [ 0, 2.25, 1.75, 2.5 ], "texture": "#mountain_backpack" },
				"east": { "uv": [ 4.75, 2.25, 6.5, 2.5 ], "texture": "#mountain_backpack" }
			}
		},
		{
			"__comment": "mountain_backpack14",
			"from": [ 5, 15, 4 ],
			"to": [ 11, 16, 12 ],
			"faces": {
				"down": { "uv": [ 2.5, 2.25, 4, 2.5 ], "texture": "#mountain_backpack" },
				"up": { "uv": [ 2.5, 2.5, 4, 2.25 ], "texture": "#mountain_backpack" },
				"north": { "uv": [ 4, 2.25, 2.5, 2.5 ], "texture": "#mountain_backpack" },
				"south": { "uv": [ 2.5, 2.25, 4, 2.5 ], "texture": "#mountain_backpack" },
				"west": { "uv": [ 2.5, 2.25, 2.75, 2.5 ], "texture": "#mountain_backpack" },
				"east": { "uv": [ 4, 2.25, 3.75, 2.5 ], "texture": "#mountain_backpack" }
			}
		},
		{
			"__comment": "mountain_backpack15",
			"from": [ 5, 14, 11 ],
			"to": [ 11, 15, 12 ],
			"faces": {
				"down": { "uv": [ 2.5, 2.5, 4, 2.75 ], "texture": "#mountain_backpack" },
				"up": { "uv": [ 2.5, 2.75, 4, 2.5 ], "texture": "#mountain_backpack" },
				"north": { "uv": [ 4, 2.5, 2.5, 2.75 ], "texture": "#mountain_backpack" },
				"south": { "uv": [ 2.5, 2.5, 4, 2.75 ], "texture": "#mountain_backpack" },
				"west": { "uv": [ 2.5, 2.5, 2.75, 2.75 ], "texture": "#mountain_backpack" },
				"east": { "uv": [ 4, 2.5, 3.75, 2.75 ], "texture": "#mountain_backpack" }
			}
		},
		{
			"__comment": "mountain_backpack16",
			"from": [ 10, 12, 11 ],
			"to": [ 11, 14, 12 ],
			"faces": {
				"down": { "uv": [ 3.75, 3, 4, 3.25 ], "texture": "#mountain_backpack" },
				"up": { "uv": [ 3.75, 3, 4, 2.75 ], "texture": "#mountain_backpack" },
				"north": { "uv": [ 4, 2.75, 3.75, 3.25 ], "texture": "#mountain_backpack" },
				"south": { "uv": [ 3.75, 2.75, 4, 3.25 ], "texture": "#mountain_backpack" },
				"west": { "uv": [ 3.75, 2.75, 4, 3.25 ], "texture": "#mountain_backpack" },
				"east": { "uv": [ 4, 2.75, 3.75, 3.25 ], "texture": "#mountain_backpack" }
			}
		},
		{
			"__comment": "mountain_backpack17",
			"from": [ 5, 12, 11 ],
			"to": [ 6, 14, 12 ],
			"faces": {
				"down": { "uv": [ 2.5, 3, 2.75, 3.25 ], "texture": "#mountain_backpack" },
				"up": { "uv": [ 2.5, 3, 2.75, 2.75 ], "texture": "#mountain_backpack" },
				"north": { "uv": [ 2.75, 2.75, 2.5, 3.25 ], "texture": "#mountain_backpack" },
				"south": { "uv": [ 2.5, 2.75, 2.75, 3.25 ], "texture": "#mountain_backpack" },
				"west": { "uv": [ 2.5, 2.75, 2.75, 3.25 ], "texture": "#mountain_backpack" },
				"east": { "uv": [ 2.75, 2.75, 2.5, 3.25 ], "texture": "#mountain_backpack" }
			}
		},
		{
			"__comment": "mountain_backpack18",
			"from": [ 6, 6, 11 ],
			"to": [ 7, 13, 12 ],
			"faces": {
				"down": { "uv": [ 2.75, 4.5, 3, 4.75 ], "texture": "#mountain_backpack" },
				"up": { "uv": [ 2.75, 3.25, 3, 3 ], "texture": "#mountain_backpack" },
				"north": { "uv": [ 3, 3, 2.75, 4.75 ], "texture": "#mountain_backpack" },
				"south": { "uv": [ 2.75, 3, 3, 4.75 ], "texture": "#mountain_backpack" },
				"west": { "uv": [ 2.75, 3, 3, 4.75 ], "texture": "#mountain_backpack" },
				"east": { "uv": [ 3, 3, 2.75, 4.75 ], "texture": "#mountain_backpack" }
			}
		},
		{
			"__comment": "mountain_backpack19",
			"from": [ 9, 6, 11 ],
			"to": [ 10, 13, 12 ],
			"faces": {
				"down": { "uv": [ 3.5, 4.5, 3.75, 4.75 ], "texture": "#mountain_backpack" },
				"up": { "uv": [ 3.5, 3.25, 3.75, 3 ], "texture": "#mountain_backpack" },
				"north": { "uv": [ 3.75, 3, 3.5, 4.75 ], "texture": "#mountain_backpack" },
				"south": { "uv": [ 3.5, 3, 3.75, 4.75 ], "texture": "#mountain_backpack" },
				"west": { "uv": [ 3.5, 3, 3.75, 4.75 ], "texture": "#mountain_backpack" },
				"east": { "uv": [ 3.75, 3, 3.5, 4.75 ], "texture": "#mountain_backpack" }
			}
		},
		{
			"__comment": "mountain_backpack20",
			"from": [ 7, 12, 11 ],
			"to": [ 9, 13, 12 ],
			"faces": {
				"down": { "uv": [ 3, 3, 3.5, 3.25 ], "texture": "#mountain_backpack" },
				"up": { "uv": [ 3, 3.25, 3.5, 3 ], "texture": "#mountain_backpack" },
				"north": { "uv": [ 3.5, 3, 3, 3.25 ], "texture": "#mountain_backpack" },
				"south": { "uv": [ 3, 3, 3.5, 3.25 ], "texture": "#mountain_backpack" },
				"west": { "uv": [ 3, 3, 3.25, 3.25 ], "texture": "#mountain_backpack" },
				"east": { "uv": [ 3.5, 3, 3.25, 3.25 ], "texture": "#mountain_backpack" }
			}
		},
		{
			"__comment": "mountain_backpack21",
			"from": [ 7, 1, 11 ],
			"to": [ 9, 6, 12 ],
			"faces": {
				"down": { "uv": [ 3, 5.75, 3.5, 6 ], "texture": "#mountain_backpack" },
				"up": { "uv": [ 3, 5, 3.5, 4.75 ], "texture": "#mountain_backpack" },
				"north": { "uv": [ 3.5, 4.75, 3, 6 ], "texture": "#mountain_backpack" },
				"south": { "uv": [ 3, 4.75, 3.5, 6 ], "texture": "#mountain_backpack" },
				"west": { "uv": [ 3, 4.75, 3.25, 6 ], "texture": "#mountain_backpack" },
				"east": { "uv": [ 3.5, 4.75, 3.25, 6 ], "texture": "#mountain_backpack" }
			}
		},
		{
			"__comment": "mountain_backpack22",
			"from": [ 5, 1, 11 ],
			"to": [ 6, 6, 12 ],
			"faces": {
				"down": { "uv": [ 2.5, 5.5, 2.75, 5.75 ], "texture": "#mountain_backpack" },
				"up": { "uv": [ 2.5, 5, 2.75, 4.75 ], "texture": "#mountain_backpack" },
				"north": { "uv": [ 2.75, 4.75, 2.5, 5.75 ], "texture": "#mountain_backpack" },
				"south": { "uv": [ 2.5, 4.75, 2.75, 5.75 ], "texture": "#mountain_backpack" },
				"west": { "uv": [ 2.5, 4.75, 2.75, 5.75 ], "texture": "#mountain_backpack" },
				"east": { "uv": [ 2.75, 4.75, 2.5, 5.75 ], "texture": "#mountain_backpack" }
			}
		},
		{
			"__comment": "mountain_backpack23",
			"from": [ 10, 1, 11 ],
			"to": [ 11, 6, 12 ],
			"faces": {
				"down": { "uv": [ 3.75, 5.5, 4, 5.75 ], "texture": "#mountain_backpack" },
				"up": { "uv": [ 3.75, 5, 4, 4.75 ], "texture": "#mountain_backpack" },
				"north": { "uv": [ 4, 4.75, 3.75, 5.75 ], "texture": "#mountain_backpack" },
				"south": { "uv": [ 3.75, 4.75, 4, 5.75 ], "texture": "#mountain_backpack" },
				"west": { "uv": [ 3.75, 4.75, 4, 5.75 ], "texture": "#mountain_backpack" },
				"east": { "uv": [ 4, 4.75, 3.75, 5.75 ], "texture": "#mountain_backpack" }
			}
		},
		{
			"__comment": "mountain_backpack24",
			"from": [ 4, 2, 11 ],
			"to": [ 5, 12, 12 ],
			"faces": {
				"down": { "uv": [ 2.25, 5.5, 2.5, 5.75 ], "texture": "#mountain_backpack" },
				"up": { "uv": [ 2.25, 3.5, 2.5, 3.25 ], "texture": "#mountain_backpack" },
				"north": { "uv": [ 2.5, 3.25, 2.25, 5.75 ], "texture": "#mountain_backpack" },
				"south": { "uv": [ 2.25, 3.25, 2.5, 5.75 ], "texture": "#mountain_backpack" },
				"west": { "uv": [ 2.25, 3.25, 2.5, 5.75 ], "texture": "#mountain_backpack" },
				"east": { "uv": [ 2.5, 3.25, 2.25, 5.75 ], "texture": "#mountain_backpack" }
			}
		},
		{
			"__comment": "mountain_backpack25",
			"from": [ 3, 11, 11 ],
			"to": [ 4, 14, 12 ],
			"faces": {
				"down": { "uv": [ 2, 3.25, 2.25, 3.5 ], "texture": "#mountain_backpack" },
				"up": { "uv": [ 2, 3, 2.25, 2.75 ], "texture": "#mountain_backpack" },
				"north": { "uv": [ 2.25, 2.75, 2, 3.5 ], "texture": "#mountain_backpack" },
				"south": { "uv": [ 2, 2.75, 2.25, 3.5 ], "texture": "#mountain_backpack" },
				"west": { "uv": [ 2, 2.75, 2.25, 3.5 ], "texture": "#mountain_backpack" },
				"east": { "uv": [ 2.25, 2.75, 2, 3.5 ], "texture": "#mountain_backpack" }
			}
		},
		{
			"__comment": "mountain_backpack26",
			"from": [ 12, 11, 11 ],
			"to": [ 13, 14, 12 ],
			"faces": {
				"down": { "uv": [ 4.25, 3.25, 4.5, 3.5 ], "texture": "#mountain_backpack" },
				"up": { "uv": [ 4.25, 2.75, 4.5, 2.5 ], "texture": "#mountain_backpack" },
				"north": { "uv": [ 4.5, 2.5, 4.25, 3.5 ], "texture": "#mountain_backpack" },
				"south": { "uv": [ 4.25, 2.5, 4.5, 3.5 ], "texture": "#mountain_backpack" },
				"west": { "uv": [ 4.25, 2.5, 4.5, 3.5 ], "texture": "#mountain_backpack" },
				"east": { "uv": [ 4.5, 2.5, 4.25, 3.5 ], "texture": "#mountain_backpack" }
			}
		},
		{
			"__comment": "mountain_backpack27",
			"from": [ 6, 13, 11 ],
			"to": [ 10, 14, 12 ],
			"faces": {
				"down": { "uv": [ 2.75, 2.75, 3.75, 3 ], "texture": "#mountain_backpack" },
				"up": { "uv": [ 2.75, 3, 3.75, 2.75 ], "texture": "#mountain_backpack" },
				"north": { "uv": [ 3.75, 2.75, 2.75, 3 ], "texture": "#mountain_backpack" },
				"south": { "uv": [ 2.75, 2.75, 3.75, 3 ], "texture": "#mountain_backpack" },
				"west": { "uv": [ 2.75, 2.75, 3, 3 ], "texture": "#mountain_backpack" },
				"east": { "uv": [ 3.75, 2.75, 3.5, 3 ], "texture": "#mountain_backpack" }
			}
		},
		{
			"__comment": "mountain_backpack28",
			"from": [ 6, 0, 11 ],
			"to": [ 10, 1, 12 ],
			"faces": {
				"down": { "uv": [ 2.75, 6, 3.75, 6.25 ], "texture": "#mountain_backpack" },
				"up": { "uv": [ 2.75, 6.25, 3.75, 6 ], "texture": "#mountain_backpack" },
				"north": { "uv": [ 3.75, 6, 2.75, 6.25 ], "texture": "#mountain_backpack" },
				"south": { "uv": [ 2.75, 6, 3.75, 6.25 ], "texture": "#mountain_backpack" },
				"west": { "uv": [ 2.75, 6, 3, 6.25 ], "texture": "#mountain_backpack" },
				"east": { "uv": [ 3.75, 6, 3.5, 6.25 ], "texture": "#mountain_backpack" }
			}
		},
		{
			"__comment": "mountain_backpack29",
			"from": [ 11, 2, 11 ],
			"to": [ 12, 12, 12 ],
			"faces": {
				"down": { "uv": [ 4, 5.5, 4.25, 5.75 ], "texture": "#mountain_backpack" },
				"up": { "uv": [ 4, 3.5, 4.25, 3.25 ], "texture": "#mountain_backpack" },
				"north": { "uv": [ 4.25, 3.25, 4, 5.75 ], "texture": "#mountain_backpack" },
				"south": { "uv": [ 4, 3.25, 4.25, 5.75 ], "texture": "#mountain_backpack" },
				"west": { "uv": [ 4, 3.25, 4.25, 5.75 ], "texture": "#mountain_backpack" },
				"east": { "uv": [ 4.25, 3.25, 4, 5.75 ], "texture": "#mountain_backpack" }
			}
		},
		{
			"__comment": "mountain_backpack30",
			"from": [ 7, 6, 11 ],
			"to": [ 9, 12, 12 ],
			"faces": {
				"down": { "uv": [ 3, 4.5, 3.5, 4.75 ], "texture": "#mountain_backpack" },
				"up": { "uv": [ 3, 3.5, 3.5, 3.25 ], "texture": "#mountain_backpack" },
				"north": { "uv": [ 3.5, 3.25, 3, 4.75 ], "texture": "#mountain_backpack" },
				"south": { "uv": [ 3, 3.25, 3.5, 4.75 ], "texture": "#mountain_backpack" },
				"west": { "uv": [ 3, 3.25, 3.25, 4.75 ], "texture": "#mountain_backpack" },
				"east": { "uv": [ 3.5, 3.25, 3.25, 4.75 ], "texture": "#mountain_backpack" }
			}
		}
	],
	"display": {
		"thirdperson_righthand": {
			"rotation":  [ 60, -30, 0 ],
			"translation":  [ 0, 4, 4 ]
		},
		"thirdperson_lefthand": {
			"rotation":  [ 75, 0, -5 ],
			"translation":  [ -6, -9, 12 ]
		},
		"firstperson_righthand": {
			"translation":  [ -9, 0, 0 ]
		},
		"firstperson_lefthand": {
			"scale":  [ 0.0001, 0.0001, 0.0001 ]
		},
		"gui": {
			"rotation":  [ 30, -45, 0 ],
			"scale":  [ 0.625, 0.625, 0.625 ]
		},
		"head": {
			"scale":  [ 0.0001, 0.0001, 0.0001 ]
		},
		"ground": {
			"rotation":  [ -90, 0, 0 ]
		},
		"fixed": {
			"rotation":  [ 0, 180, 0 ],
			"scale":  [ 2, 2, 2 ]
		}
	}
}