{
	"__comment": "Designed by Optimus0812 with Cubik Studio - https://cubik.studio",
	"textures": {
		"dry_bag": "dayz/equipment/backpack/dry_bag"
	},
	"elements": [ 	 
		{
			"__comment": "dry_bag",
			"from": [ 5, -1, 5 ],
			"to": [ 11, 2, 11 ],
			"faces": {
				"down": { "uv": [ 3, 6.75, 4.5, 7 ], "texture": "#dry_bag" },
				"up": { "uv": [ 3, 6.5, 4.5, 6.25 ], "texture": "#dry_bag" },
				"north": { "uv": [ 4.5, 6.25, 3, 7 ], "texture": "#dry_bag" },
				"south": { "uv": [ 3, 6.25, 4.5, 7 ], "texture": "#dry_bag" },
				"west": { "uv": [ 3, 6.25, 3.25, 7 ], "texture": "#dry_bag" },
				"east": { "uv": [ 4.5, 6.25, 4.25, 7 ], "texture": "#dry_bag" }
			}
		},
		{
			"__comment": "dry_bag1",
			"from": [ 4, -1, 6 ],
			"to": [ 5, 2, 10 ],
			"faces": {
				"down": { "uv": [ 2.75, 6.75, 3, 7 ], "texture": "#dry_bag" },
				"up": { "uv": [ 2.75, 6.5, 3, 6.25 ], "texture": "#dry_bag" },
				"north": { "uv": [ 3, 6.25, 2.75, 7 ], "texture": "#dry_bag" },
				"south": { "uv": [ 2.75, 6.25, 3, 7 ], "texture": "#dry_bag" },
				"west": { "uv": [ 2.75, 6.25, 3, 7 ], "texture": "#dry_bag" },
				"east": { "uv": [ 3, 6.25, 2.75, 7 ], "texture": "#dry_bag" }
			}
		},
		{
			"__comment": "dry_bag2",
			"from": [ 11, -1, 6 ],
			"to": [ 12, 2, 10 ],
			"faces": {
				"down": { "uv": [ 4.5, 6.75, 4.75, 7 ], "texture": "#dry_bag" },
				"up": { "uv": [ 4.5, 6.5, 4.75, 6.25 ], "texture": "#dry_bag" },
				"north": { "uv": [ 4.75, 6.25, 4.5, 7 ], "texture": "#dry_bag" },
				"south": { "uv": [ 4.5, 6.25, 4.75, 7 ], "texture": "#dry_bag" },
				"west": { "uv": [ 4.5, 6.25, 4.75, 7 ], "texture": "#dry_bag" },
				"east": { "uv": [ 4.75, 6.25, 4.5, 7 ], "texture": "#dry_bag" }
			}
		},
		{
			"__comment": "dry_bag3",
			"from": [ 4, 0, 5 ],
			"to": [ 5, 3, 11 ],
			"faces": {
				"down": { "uv": [ 2.75, 6.5, 3, 6.75 ], "texture": "#dry_bag" },
				"up": { "uv": [ 2.75, 6.25, 3, 6 ], "texture": "#dry_bag" },
				"north": { "uv": [ 3, 6, 2.75, 6.75 ], "texture": "#dry_bag" },
				"south": { "uv": [ 2.75, 6, 3, 6.75 ], "texture": "#dry_bag" },
				"west": { "uv": [ 2.75, 6, 3, 6.75 ], "texture": "#dry_bag" },
				"east": { "uv": [ 3, 6, 2.75, 6.75 ], "texture": "#dry_bag" }
			}
		},
		{
			"__comment": "dry_bag4",
			"from": [ 11, 0, 5 ],
			"to": [ 12, 3, 11 ],
			"faces": {
				"down": { "uv": [ 5.5, 6.5, 7, 6.75 ], "texture": "#dry_bag", "rotation": 270 },
				"up": { "uv": [ 5.5, 6.25, 7, 6 ], "texture": "#dry_bag", "rotation": 90 },
				"north": { "uv": [ 5.5, 6, 5.75, 6.75 ], "texture": "#dry_bag" },
				"south": { "uv": [ 7, 6, 6.75, 6.75 ], "texture": "#dry_bag" },
				"west": { "uv": [ 5.5, 6, 7, 6.75 ], "texture": "#dry_bag" },
				"east": { "uv": [ 7, 6, 5.5, 6.75 ], "texture": "#dry_bag" }
			}
		},
		{
			"__comment": "dry_bag5",
			"from": [ 5, 0, 4 ],
			"to": [ 11, 3, 12 ],
			"faces": {
				"down": { "uv": [ 3, 6.5, 4.5, 6.75 ], "texture": "#dry_bag" },
				"up": { "uv": [ 3, 6.25, 4.5, 6 ], "texture": "#dry_bag" },
				"north": { "uv": [ 4.5, 6, 3, 6.75 ], "texture": "#dry_bag" },
				"south": { "uv": [ 3, 6, 4.5, 6.75 ], "texture": "#dry_bag" },
				"west": { "uv": [ 3, 6, 3.25, 6.75 ], "texture": "#dry_bag" },
				"east": { "uv": [ 4.5, 6, 4.25, 6.75 ], "texture": "#dry_bag" }
			}
		},
		{
			"__comment": "dry_bag6",
			"from": [ 4, 1, 4 ],
			"to": [ 12, 5, 12 ],
			"faces": {
				"down": { "uv": [ 2.75, 6.25, 4.75, 6.5 ], "texture": "#dry_bag" },
				"up": { "uv": [ 2.75, 5.75, 4.75, 5.5 ], "texture": "#dry_bag" },
				"north": { "uv": [ 4.75, 5.5, 2.75, 6.5 ], "texture": "#dry_bag" },
				"south": { "uv": [ 2.75, 5.5, 4.75, 6.5 ], "texture": "#dry_bag" },
				"west": { "uv": [ 2.75, 5.5, 3, 6.5 ], "texture": "#dry_bag" },
				"east": { "uv": [ 4.75, 5.5, 4.5, 6.5 ], "texture": "#dry_bag" }
			}
		},
		{
			"__comment": "dry_bag7",
			"from": [ 3, 1, 5 ],
			"to": [ 4, 4, 11 ],
			"faces": {
				"down": { "uv": [ 2.5, 6.25, 2.75, 6.5 ], "texture": "#dry_bag" },
				"up": { "uv": [ 2.5, 5.75, 2.75, 5.5 ], "texture": "#dry_bag" },
				"north": { "uv": [ 2.75, 5.5, 2.5, 6.5 ], "texture": "#dry_bag" },
				"south": { "uv": [ 2.5, 5.5, 2.75, 6.5 ], "texture": "#dry_bag" },
				"west": { "uv": [ 0.5, 5.5, 2, 6.5 ], "texture": "#dry_bag" },
				"east": { "uv": [ 2.75, 5.5, 2.5, 6.5 ], "texture": "#dry_bag" }
			}
		},
		{
			"__comment": "dry_bag8",
			"from": [ 12, 1, 5 ],
			"to": [ 13, 4, 11 ],
			"faces": {
				"down": { "uv": [ 5.5, 6, 7, 6.25 ], "texture": "#dry_bag", "rotation": 270 },
				"up": { "uv": [ 5.5, 5.75, 7, 5.5 ], "texture": "#dry_bag", "rotation": 90 },
				"north": { "uv": [ 5.5, 5.5, 5.75, 6.25 ], "texture": "#dry_bag" },
				"south": { "uv": [ 7, 5.5, 6.75, 6.25 ], "texture": "#dry_bag" },
				"west": { "uv": [ 5.5, 5.5, 7, 6.25 ], "texture": "#dry_bag" },
				"east": { "uv": [ 7, 5.5, 5.5, 6.25 ], "texture": "#dry_bag" }
			}
		},
		{
			"__comment": "dry_bag9",
			"from": [ 4, 3, 4 ],
			"to": [ 12, 9, 13 ],
			"faces": {
				"down": { "uv": [ 2.75, 5.75, 4.75, 6 ], "texture": "#dry_bag" },
				"up": { "uv": [ 2.75, 4.75, 4.75, 4.5 ], "texture": "#dry_bag" },
				"north": { "uv": [ 4.75, 4.5, 2.75, 6 ], "texture": "#dry_bag" },
				"south": { "uv": [ 2.75, 4.5, 4.75, 6 ], "texture": "#dry_bag" },
				"west": { "uv": [ 2.75, 4.5, 3, 6 ], "texture": "#dry_bag" },
				"east": { "uv": [ 4.75, 4.5, 4.5, 6 ], "texture": "#dry_bag" }
			}
		},
		{
			"__comment": "dry_bag10",
			"from": [ 3, 4, 4 ],
			"to": [ 13, 9, 12 ],
			"faces": {
				"down": { "uv": [ 2.5, 5.75, 5, 6 ], "texture": "#dry_bag" },
				"up": { "uv": [ 2.5, 4.75, 5, 4.5 ], "texture": "#dry_bag" },
				"north": { "uv": [ 5, 4.5, 2.5, 6 ], "texture": "#dry_bag" },
				"south": { "uv": [ 2.5, 4.5, 5, 5.75 ], "texture": "#dry_bag" },
				"west": { "uv": [ 0.25, 4.5, 2.25, 5.75 ], "texture": "#dry_bag" },
				"east": { "uv": [ 5.25, 4.5, 7.25, 6 ], "texture": "#dry_bag" }
			}
		},
		{
			"__comment": "dry_bag11",
			"from": [ 5, 1, 4 ],
			"to": [ 11, 5, 13 ],
			"faces": {
				"down": { "uv": [ 3, 6.25, 4.5, 6.5 ], "texture": "#dry_bag" },
				"up": { "uv": [ 3, 5.75, 4.5, 5.5 ], "texture": "#dry_bag" },
				"north": { "uv": [ 4.5, 5.5, 3, 6.5 ], "texture": "#dry_bag" },
				"south": { "uv": [ 3, 5.5, 4.5, 6.5 ], "texture": "#dry_bag" },
				"west": { "uv": [ 3, 5.5, 3.25, 6.5 ], "texture": "#dry_bag" },
				"east": { "uv": [ 4.5, 5.5, 4.25, 6.5 ], "texture": "#dry_bag" }
			}
		},
		{
			"__comment": "dry_bag12",
			"from": [ 4, 9, 4 ],
			"to": [ 12, 12, 12 ],
			"faces": {
				"down": { "uv": [ 2.75, 4.25, 4.75, 4.5 ], "texture": "#dry_bag" },
				"up": { "uv": [ 2.75, 4, 4.75, 3.75 ], "texture": "#dry_bag" },
				"north": { "uv": [ 4.75, 3.75, 2.75, 4.5 ], "texture": "#dry_bag" },
				"south": { "uv": [ 2.75, 3.75, 4.75, 4.5 ], "texture": "#dry_bag" },
				"west": { "uv": [ 2.75, 3.75, 3, 4.5 ], "texture": "#dry_bag" },
				"east": { "uv": [ 4.75, 3.75, 4.5, 4.5 ], "texture": "#dry_bag" }
			}
		},
		{
			"__comment": "dry_bag13",
			"from": [ 3, 9, 4 ],
			"to": [ 13, 13, 11 ],
			"faces": {
				"down": { "uv": [ 2.5, 4.25, 5, 4.5 ], "texture": "#dry_bag" },
				"up": { "uv": [ 2.5, 3.75, 5, 3.5 ], "texture": "#dry_bag" },
				"north": { "uv": [ 10, 3.5, 7.5, 4.5 ], "texture": "#dry_bag" },
				"south": { "uv": [ 2.5, 3.5, 5, 4.5 ], "texture": "#dry_bag" },
				"west": { "uv": [ 0.5, 3.25, 2.25, 4.25 ], "texture": "#dry_bag" },
				"east": { "uv": [ 5.5, 3.5, 7.25, 4.5 ], "texture": "#dry_bag" }
			}
		},
		{
			"__comment": "dry_bag14",
			"from": [ 3, 13, 5 ],
			"to": [ 13, 14, 9 ],
			"faces": {
				"down": { "uv": [ 2.5, 3.25, 5, 3.5 ], "texture": "#dry_bag" },
				"up": { "uv": [ 2.5, 3.5, 5, 3.25 ], "texture": "#dry_bag" },
				"north": { "uv": [ 10, 3.25, 7.5, 3.5 ], "texture": "#dry_bag" },
				"south": { "uv": [ 2.5, 3.25, 5, 3.5 ], "texture": "#dry_bag" },
				"west": { "uv": [ 0.5, 3.25, 1.5, 3.5 ], "texture": "#dry_bag" },
				"east": { "uv": [ 6, 3.25, 7, 3.5 ], "texture": "#dry_bag" }
			}
		},
		{
			"__comment": "dry_bag15",
			"from": [ 5, 13, 4 ],
			"to": [ 11, 15, 11 ],
			"faces": {
				"down": { "uv": [ 3, 3.25, 4.5, 3.5 ], "texture": "#dry_bag" },
				"up": { "uv": [ 3, 3.25, 4.5, 3 ], "texture": "#dry_bag" },
				"north": { "uv": [ 4.5, 3, 3, 3.5 ], "texture": "#dry_bag" },
				"south": { "uv": [ 3, 3, 4.5, 3.5 ], "texture": "#dry_bag" },
				"west": { "uv": [ 3, 3, 3.25, 3.5 ], "texture": "#dry_bag" },
				"east": { "uv": [ 4.5, 3, 4.25, 3.5 ], "texture": "#dry_bag" }
			}
		},
		{
			"__comment": "dry_bag16",
			"from": [ 4, 13, 4 ],
			"to": [ 12, 15, 5 ],
			"faces": {
				"down": { "uv": [ 8, 3.25, 10, 3.5 ], "texture": "#dry_bag" },
				"up": { "uv": [ 8, 3.25, 10, 3 ], "texture": "#dry_bag" },
				"north": { "uv": [ 10, 3, 8, 3.5 ], "texture": "#dry_bag" },
				"south": { "uv": [ 8, 3, 10, 3.5 ], "texture": "#dry_bag" },
				"west": { "uv": [ 8, 3, 8.25, 3.5 ], "texture": "#dry_bag" },
				"east": { "uv": [ 10, 3, 9.75, 3.5 ], "texture": "#dry_bag" }
			}
		},
		{
			"__comment": "dry_bag17",
			"from": [ 5, 15, 4 ],
			"to": [ 11, 16, 10 ],
			"faces": {
				"down": { "uv": [ 3, 2.75, 4.5, 3 ], "texture": "#dry_bag" },
				"up": { "uv": [ 3, 0.25, 4.5, 1.75 ], "texture": "#dry_bag" },
				"north": { "uv": [ 9.5, 2.75, 8, 3 ], "texture": "#dry_bag" },
				"south": { "uv": [ 3, 1.75, 4.5, 2 ], "texture": "#dry_bag" },
				"west": { "uv": [ 3, 1.5, 3.25, 1.75 ], "texture": "#dry_bag" },
				"east": { "uv": [ 4.5, 1.5, 4.25, 1.75 ], "texture": "#dry_bag" }
			}
		},
		{
			"__comment": "dry_bag18",
			"from": [ 4, 15, 5 ],
			"to": [ 5, 16, 9 ],
			"faces": {
				"down": { "uv": [ 2.75, 1.5, 3, 0.5 ], "texture": "#dry_bag" },
				"up": { "uv": [ 2.75, 0.5, 3, 1.5 ], "texture": "#dry_bag" },
				"north": { "uv": [ 3, 0.75, 2.75, 0.5 ], "texture": "#dry_bag" },
				"south": { "uv": [ 2.75, 1.25, 3, 1.5 ], "texture": "#dry_bag" },
				"west": { "uv": [ 2.75, 0.5, 3, 1.5 ], "texture": "#dry_bag", "rotation": 270 },
				"east": { "uv": [ 3, 0.5, 2.75, 1.5 ], "texture": "#dry_bag", "rotation": 90 }
			}
		},
		{
			"__comment": "dry_bag19",
			"from": [ 6, 15, 3 ],
			"to": [ 10, 16, 4 ],
			"faces": {
				"down": { "uv": [ 8.25, 2.75, 9.25, 3 ], "texture": "#dry_bag" },
				"up": { "uv": [ 8.25, 3, 9.25, 2.75 ], "texture": "#dry_bag" },
				"north": { "uv": [ 9.25, 2.75, 8.25, 3 ], "texture": "#dry_bag" },
				"south": { "uv": [ 8.25, 2.75, 9.25, 3 ], "texture": "#dry_bag" },
				"west": { "uv": [ 8.25, 2.75, 8.5, 3 ], "texture": "#dry_bag" },
				"east": { "uv": [ 9.25, 2.75, 9, 3 ], "texture": "#dry_bag" }
			}
		},
		{
			"__comment": "dry_bag20",
			"from": [ 5, 16, 6 ],
			"to": [ 11, 17, 8 ],
			"faces": {
				"down": { "uv": [ 3, 2.5, 4.5, 2.75 ], "texture": "#dry_bag" },
				"up": { "uv": [ 3, 1.25, 4.5, 0.75 ], "texture": "#dry_bag" },
				"north": { "uv": [ 4.5, 2.5, 3, 2.75 ], "texture": "#dry_bag" },
				"south": { "uv": [ 3, 2.5, 4.5, 2.75 ], "texture": "#dry_bag" },
				"west": { "uv": [ 3, 2.5, 3.25, 2.75 ], "texture": "#dry_bag" },
				"east": { "uv": [ 4.5, 2.5, 4.25, 2.75 ], "texture": "#dry_bag" }
			}
		},
		{
			"__comment": "dry_bag21",
			"from": [ 6, 16, 5 ],
			"to": [ 10, 17, 6 ],
			"faces": {
				"down": { "uv": [ 3.25, 2.5, 4.25, 2.75 ], "texture": "#dry_bag" },
				"up": { "uv": [ 3.25, 0.75, 4.25, 0.5 ], "texture": "#dry_bag" },
				"north": { "uv": [ 4.25, 2.5, 3.25, 2.75 ], "texture": "#dry_bag" },
				"south": { "uv": [ 3.25, 2.5, 4.25, 2.75 ], "texture": "#dry_bag" },
				"west": { "uv": [ 3.25, 2.5, 3.5, 2.75 ], "texture": "#dry_bag" },
				"east": { "uv": [ 4.25, 2.5, 4, 2.75 ], "texture": "#dry_bag" }
			}
		},
		{
			"__comment": "dry_bag22",
			"from": [ 6, 16, 8 ],
			"to": [ 10, 17, 9 ],
			"faces": {
				"down": { "uv": [ 3.25, 1.5, 4.25, 1.75 ], "texture": "#dry_bag" },
				"up": { "uv": [ 3.25, 1.75, 4.25, 1.5 ], "texture": "#dry_bag" },
				"north": { "uv": [ 4.25, 2, 3.25, 1.75 ], "texture": "#dry_bag" },
				"south": { "uv": [ 3.25, 1.5, 4.25, 1.75 ], "texture": "#dry_bag" },
				"west": { "uv": [ 3.25, 1.75, 3.5, 1.5 ], "texture": "#dry_bag", "rotation": 270 },
				"east": { "uv": [ 4.25, 1.75, 4, 1.5 ], "texture": "#dry_bag", "rotation": 90 }
			}
		},
		{
			"__comment": "dry_bag23",
			"from": [ 3, 13, 9 ],
			"to": [ 13, 14, 10 ],
			"faces": {
				"down": { "uv": [ 2.5, 3.25, 5, 3.5 ], "texture": "#dry_bag" },
				"up": { "uv": [ 2.5, 3.5, 5, 3.25 ], "texture": "#dry_bag" },
				"north": { "uv": [ 5, 3.25, 2.5, 3.5 ], "texture": "#dry_bag" },
				"south": { "uv": [ 2.5, 3.25, 5, 3.5 ], "texture": "#dry_bag" },
				"west": { "uv": [ 1.75, 3.25, 2, 3.5 ], "texture": "#dry_bag" },
				"east": { "uv": [ 5.5, 3.25, 5.25, 3.5 ], "texture": "#dry_bag" }
			}
		},
		{
			"__comment": "dry_bag24",
			"from": [ 4, 14, 9 ],
			"to": [ 12, 15, 10 ],
			"faces": {
				"down": { "uv": [ 2.75, 3, 4.75, 3.25 ], "texture": "#dry_bag" },
				"up": { "uv": [ 2.75, 3.25, 4.75, 3 ], "texture": "#dry_bag" },
				"north": { "uv": [ 4.75, 3, 2.75, 3.25 ], "texture": "#dry_bag" },
				"south": { "uv": [ 2.75, 3, 4.75, 3.25 ], "texture": "#dry_bag" },
				"west": { "uv": [ 2.75, 3, 3, 3.25 ], "texture": "#dry_bag" },
				"east": { "uv": [ 4.75, 3, 4.5, 3.25 ], "texture": "#dry_bag" }
			}
		},
		{
			"__comment": "dry_bag25",
			"from": [ 4, 13, 10 ],
			"to": [ 12, 14, 11 ],
			"faces": {
				"down": { "uv": [ 2.75, 3.25, 4.75, 3.5 ], "texture": "#dry_bag" },
				"up": { "uv": [ 2.75, 3.5, 4.75, 3.25 ], "texture": "#dry_bag" },
				"north": { "uv": [ 4.75, 3.25, 2.75, 3.5 ], "texture": "#dry_bag" },
				"south": { "uv": [ 2.75, 3.25, 4.75, 3.5 ], "texture": "#dry_bag" },
				"west": { "uv": [ 2.75, 3.25, 3, 3.5 ], "texture": "#dry_bag" },
				"east": { "uv": [ 4.75, 3.25, 4.5, 3.5 ], "texture": "#dry_bag" }
			}
		},
		{
			"__comment": "dry_bag26",
			"from": [ 5, 9, 12 ],
			"to": [ 11, 11, 13 ],
			"faces": {
				"down": { "uv": [ 3, 4.25, 4.5, 4.5 ], "texture": "#dry_bag" },
				"up": { "uv": [ 3, 4.25, 4.5, 4 ], "texture": "#dry_bag" },
				"north": { "uv": [ 4.5, 4, 3, 4.5 ], "texture": "#dry_bag" },
				"south": { "uv": [ 3, 4, 4.5, 4.5 ], "texture": "#dry_bag" },
				"west": { "uv": [ 3, 4, 3.25, 4.5 ], "texture": "#dry_bag" },
				"east": { "uv": [ 4.5, 4, 4.25, 4.5 ], "texture": "#dry_bag" }
			}
		},
		{
			"__comment": "dry_bag27",
			"from": [ 5, 9, 12 ],
			"to": [ 11, 10, 13 ],
			"faces": {
				"down": { "uv": [ 3, 4.25, 4.5, 4.5 ], "texture": "#dry_bag" },
				"up": { "uv": [ 3, 4.5, 4.5, 4.25 ], "texture": "#dry_bag" },
				"north": { "uv": [ 4.5, 4.25, 3, 4.5 ], "texture": "#dry_bag" },
				"south": { "uv": [ 3, 4.25, 4.5, 4.5 ], "texture": "#dry_bag" },
				"west": { "uv": [ 3, 4.25, 3.25, 4.5 ], "texture": "#dry_bag" },
				"east": { "uv": [ 4.5, 4.25, 4.25, 4.5 ], "texture": "#dry_bag" }
			}
		},
		{
			"__comment": "dry_bag28",
			"from": [ 5, 12, 3 ],
			"to": [ 11, 13, 4 ],
			"faces": {
				"down": { "uv": [ 8, 3.5, 9.5, 3.75 ], "texture": "#dry_bag" },
				"up": { "uv": [ 8, 3.75, 9.5, 3.5 ], "texture": "#dry_bag" },
				"north": { "uv": [ 9.5, 3.5, 8, 3.75 ], "texture": "#dry_bag" },
				"south": { "uv": [ 8, 3.5, 9.5, 3.75 ], "texture": "#dry_bag" },
				"west": { "uv": [ 8, 3.5, 8.25, 3.75 ], "texture": "#dry_bag" },
				"east": { "uv": [ 9.5, 3.5, 9.25, 3.75 ], "texture": "#dry_bag" }
			}
		},
		{
			"__comment": "dry_bag29",
			"from": [ 5, 12, 11 ],
			"to": [ 11, 13, 12 ],
			"faces": {
				"down": { "uv": [ 3, 3.5, 4.5, 3.75 ], "texture": "#dry_bag" },
				"up": { "uv": [ 3, 3.75, 4.5, 3.5 ], "texture": "#dry_bag" },
				"north": { "uv": [ 4.5, 3.5, 3, 3.75 ], "texture": "#dry_bag" },
				"south": { "uv": [ 3, 3.5, 4.5, 3.75 ], "texture": "#dry_bag" },
				"west": { "uv": [ 3, 3.5, 3.25, 3.75 ], "texture": "#dry_bag" },
				"east": { "uv": [ 4.5, 3.5, 4.25, 3.75 ], "texture": "#dry_bag" }
			}
		},
		{
			"__comment": "dry_bag30",
			"from": [ 6, 13, 11 ],
			"to": [ 10, 14, 12 ],
			"faces": {
				"down": { "uv": [ 3.25, 3.25, 4.25, 3.5 ], "texture": "#dry_bag" },
				"up": { "uv": [ 3.25, 3.5, 4.25, 3.25 ], "texture": "#dry_bag" },
				"north": { "uv": [ 4.25, 3.25, 3.25, 3.5 ], "texture": "#dry_bag" },
				"south": { "uv": [ 3.25, 3.25, 4.25, 3.5 ], "texture": "#dry_bag" },
				"west": { "uv": [ 3.25, 3.25, 3.5, 3.5 ], "texture": "#dry_bag" },
				"east": { "uv": [ 4.25, 3.25, 4, 3.5 ], "texture": "#dry_bag" }
			}
		},
		{
			"__comment": "dry_bag31",
			"from": [ 6, 11, 12 ],
			"to": [ 10, 13, 13 ],
			"faces": {
				"down": { "uv": [ 3.25, 3.75, 4.25, 4 ], "texture": "#dry_bag" },
				"up": { "uv": [ 3.25, 3.75, 4.25, 3.5 ], "texture": "#dry_bag" },
				"north": { "uv": [ 4.25, 3.5, 3.25, 4 ], "texture": "#dry_bag" },
				"south": { "uv": [ 3.25, 3.5, 4.25, 4 ], "texture": "#dry_bag" },
				"west": { "uv": [ 3.25, 3.5, 3.5, 4 ], "texture": "#dry_bag" },
				"east": { "uv": [ 4.25, 3.5, 4, 4 ], "texture": "#dry_bag" }
			}
		},
		{
			"__comment": "dry_bag32",
			"from": [ 4, 17, 6 ],
			"to": [ 12, 18, 7 ],
			"faces": {
				"down": { "uv": [ 0.25, 0, 2.25, 0.25 ], "texture": "#dry_bag" },
				"up": { "uv": [ 0.25, 0.25, 2.25, 0 ], "texture": "#dry_bag" },
				"north": { "uv": [ 2.25, 0, 0.25, 0.25 ], "texture": "#dry_bag" },
				"south": { "uv": [ 0.25, 0, 2.25, 0.25 ], "texture": "#dry_bag" },
				"west": { "uv": [ 0.25, 0, 0.5, 0.25 ], "texture": "#dry_bag" },
				"east": { "uv": [ 2.25, 0, 2, 0.25 ], "texture": "#dry_bag" }
			}
		},
		{
			"__comment": "dry_bag33",
			"from": [ 3, 16, 6 ],
			"to": [ 4, 17, 7 ],
			"faces": {
				"down": { "uv": [ 0, 0, 0.25, 0.25 ], "texture": "#dry_bag" },
				"up": { "uv": [ 0, 0.25, 0.25, 0 ], "texture": "#dry_bag" },
				"north": { "uv": [ 0.25, 0, 0, 0.25 ], "texture": "#dry_bag" },
				"south": { "uv": [ 0, 0, 0.25, 0.25 ], "texture": "#dry_bag" },
				"west": { "uv": [ 0, 0, 0.25, 0.25 ], "texture": "#dry_bag" },
				"east": { "uv": [ 0.25, 0, 0, 0.25 ], "texture": "#dry_bag" }
			}
		},
		{
			"__comment": "dry_bag34",
			"from": [ 12, 16, 6 ],
			"to": [ 13, 17, 7 ],
			"faces": {
				"down": { "uv": [ 2.25, 0, 2.5, 0.25 ], "texture": "#dry_bag" },
				"up": { "uv": [ 2.25, 0.25, 2.5, 0 ], "texture": "#dry_bag" },
				"north": { "uv": [ 2.5, 0, 2.25, 0.25 ], "texture": "#dry_bag" },
				"south": { "uv": [ 2.25, 0, 2.5, 0.25 ], "texture": "#dry_bag" },
				"west": { "uv": [ 2.25, 0, 2.5, 0.25 ], "texture": "#dry_bag" },
				"east": { "uv": [ 2.5, 0, 2.25, 0.25 ], "texture": "#dry_bag" }
			}
		},
		{
			"__comment": "dry_bag8",
			"from": [ 12, 0, 6 ],
			"to": [ 13, 1, 10 ],
			"faces": {
				"down": { "uv": [ 5.75, 6.5, 6.75, 6.75 ], "texture": "#dry_bag", "rotation": 270 },
				"up": { "uv": [ 5.75, 6.75, 6.75, 6.5 ], "texture": "#dry_bag", "rotation": 90 },
				"north": { "uv": [ 5.75, 6.5, 6, 6.75 ], "texture": "#dry_bag" },
				"south": { "uv": [ 6.75, 6.5, 6.5, 6.75 ], "texture": "#dry_bag" },
				"west": { "uv": [ 5.75, 6.5, 6.75, 6.75 ], "texture": "#dry_bag" },
				"east": { "uv": [ 6.75, 6.5, 5.75, 6.75 ], "texture": "#dry_bag" }
			}
		},
		{
			"__comment": "dry_bag8",
			"from": [ 3, 0, 6 ],
			"to": [ 4, 1, 10 ],
			"faces": {
				"down": { "uv": [ 2.5, 6.5, 2.75, 6.75 ], "texture": "#dry_bag" },
				"up": { "uv": [ 2.5, 6.75, 2.75, 6.5 ], "texture": "#dry_bag" },
				"north": { "uv": [ 2.75, 6.5, 2.5, 6.75 ], "texture": "#dry_bag" },
				"south": { "uv": [ 2.5, 6.5, 2.75, 6.75 ], "texture": "#dry_bag" },
				"west": { "uv": [ 2.5, 6.5, 2.75, 6.75 ], "texture": "#dry_bag" },
				"east": { "uv": [ 2.75, 6.5, 2.5, 6.75 ], "texture": "#dry_bag" }
			}
		},
		{
			"__comment": "dry_bag11",
			"from": [ 6, 0, 12 ],
			"to": [ 10, 1, 13 ],
			"faces": {
				"down": { "uv": [ 3.25, 6.5, 4.25, 6.75 ], "texture": "#dry_bag" },
				"up": { "uv": [ 3.25, 6.75, 4.25, 6.5 ], "texture": "#dry_bag" },
				"north": { "uv": [ 4.25, 6.5, 3.25, 6.75 ], "texture": "#dry_bag" },
				"south": { "uv": [ 3.25, 6.5, 4.25, 6.75 ], "texture": "#dry_bag" },
				"west": { "uv": [ 3.25, 6.5, 3.5, 6.75 ], "texture": "#dry_bag" },
				"east": { "uv": [ 4.25, 6.5, 4, 6.75 ], "texture": "#dry_bag" }
			}
		},
		{
			"__comment": "dry_bag11",
			"from": [ 6, -1, 11 ],
			"to": [ 10, 0, 12 ],
			"faces": {
				"down": { "uv": [ 3.25, 6.75, 4.25, 7 ], "texture": "#dry_bag" },
				"up": { "uv": [ 3.25, 7, 4.25, 6.75 ], "texture": "#dry_bag" },
				"north": { "uv": [ 4.25, 6.75, 3.25, 7 ], "texture": "#dry_bag" },
				"south": { "uv": [ 3.25, 6.75, 4.25, 7 ], "texture": "#dry_bag" },
				"west": { "uv": [ 3.25, 6.75, 3.5, 7 ], "texture": "#dry_bag" },
				"east": { "uv": [ 4.25, 6.75, 4, 7 ], "texture": "#dry_bag" }
			}
		},
		{
			"__comment": "dry_bag11",
			"from": [ 6, 0, 3 ],
			"to": [ 10, 1, 4 ],
			"faces": {
				"down": { "uv": [ 8.25, 6.5, 9.25, 6.75 ], "texture": "#dry_bag" },
				"up": { "uv": [ 8.25, 6.75, 9.25, 6.5 ], "texture": "#dry_bag" },
				"north": { "uv": [ 9.25, 6.5, 8.25, 6.75 ], "texture": "#dry_bag" },
				"south": { "uv": [ 8.25, 6.5, 9.25, 6.75 ], "texture": "#dry_bag" },
				"west": { "uv": [ 8.25, 6.5, 8.5, 6.75 ], "texture": "#dry_bag" },
				"east": { "uv": [ 9.25, 6.5, 9, 6.75 ], "texture": "#dry_bag" }
			}
		},
		{
			"__comment": "dry_bag11",
			"from": [ 6, -1, 4 ],
			"to": [ 10, 0, 5 ],
			"faces": {
				"down": { "uv": [ 8.25, 6.75, 9.25, 7 ], "texture": "#dry_bag" },
				"up": { "uv": [ 8.25, 7, 9.25, 6.75 ], "texture": "#dry_bag" },
				"north": { "uv": [ 9.25, 6.75, 8.25, 7 ], "texture": "#dry_bag" },
				"south": { "uv": [ 8.25, 6.75, 9.25, 7 ], "texture": "#dry_bag" },
				"west": { "uv": [ 8.25, 6.75, 8.5, 7 ], "texture": "#dry_bag" },
				"east": { "uv": [ 9.25, 6.75, 9, 7 ], "texture": "#dry_bag" }
			}
		},
		{
			"__comment": "dry_bag14",
			"from": [ 3, 14, 5 ],
			"to": [ 13, 15, 9 ],
			"faces": {
				"down": { "uv": [ 2.5, 3, 5, 3.25 ], "texture": "#dry_bag" },
				"up": { "uv": [ 2.5, 3.25, 5, 3 ], "texture": "#dry_bag" },
				"north": { "uv": [ 5, 3, 2.5, 3.25 ], "texture": "#dry_bag" },
				"south": { "uv": [ 2.5, 3, 5, 3.25 ], "texture": "#dry_bag" },
				"west": { "uv": [ 0.5, 3, 1.5, 3.25 ], "texture": "#dry_bag" },
				"east": { "uv": [ 6, 3, 7, 3.25 ], "texture": "#dry_bag" }
			}
		},
		{
			"__comment": "dry_bag18",
			"from": [ 11, 15, 5 ],
			"to": [ 12, 16, 9 ],
			"faces": {
				"down": { "uv": [ 4.5, 1.5, 4.75, 0.5 ], "texture": "#dry_bag" },
				"up": { "uv": [ 4.5, 0.5, 4.75, 1.5 ], "texture": "#dry_bag" },
				"north": { "uv": [ 4.75, 0.75, 4.5, 0.5 ], "texture": "#dry_bag" },
				"south": { "uv": [ 4.5, 1.25, 4.75, 1.5 ], "texture": "#dry_bag" },
				"west": { "uv": [ 4.5, 0.5, 4.75, 1.5 ], "texture": "#dry_bag", "rotation": 270 },
				"east": { "uv": [ 4.75, 0.5, 4.5, 1.5 ], "texture": "#dry_bag", "rotation": 90 }
			}
		},
		{
			"__comment": "dry_bag11",
			"from": [ 5, 1, 3 ],
			"to": [ 11, 3, 4 ],
			"faces": {
				"down": { "uv": [ 8, 6.25, 9.5, 6.5 ], "texture": "#dry_bag" },
				"up": { "uv": [ 8, 6.25, 9.5, 6 ], "texture": "#dry_bag" },
				"north": { "uv": [ 9.5, 6, 8, 6.5 ], "texture": "#dry_bag" },
				"south": { "uv": [ 8, 6, 9.5, 6.5 ], "texture": "#dry_bag" },
				"west": { "uv": [ 8, 6, 8.25, 6.5 ], "texture": "#dry_bag" },
				"east": { "uv": [ 9.5, 6, 9.25, 6.5 ], "texture": "#dry_bag" }
			}
		},
		{
			"__comment": "dry_bag9",
			"from": [ 4, 3, 3 ],
			"to": [ 12, 9, 4 ],
			"faces": {
				"down": { "uv": [ 7.75, 5.5, 9.75, 5.75 ], "texture": "#dry_bag" },
				"up": { "uv": [ 7.75, 4.5, 9.75, 4.25 ], "texture": "#dry_bag" },
				"north": { "uv": [ 9.75, 4.25, 7.75, 5.75 ], "texture": "#dry_bag" },
				"south": { "uv": [ 7.75, 4.25, 9.75, 5.75 ], "texture": "#dry_bag" },
				"west": { "uv": [ 7.75, 4.25, 8, 5.75 ], "texture": "#dry_bag" },
				"east": { "uv": [ 9.75, 4.25, 9.5, 5.75 ], "texture": "#dry_bag" }
			}
		},
		{
			"__comment": "dry_bag12",
			"from": [ 4, 9, 3 ],
			"to": [ 12, 12, 4 ],
			"faces": {
				"down": { "uv": [ 2.75, 4.25, 4.75, 4.5 ], "texture": "#dry_bag" },
				"up": { "uv": [ 7.75, 4, 9.75, 3.75 ], "texture": "#dry_bag" },
				"north": { "uv": [ 9.749999, 3.75, 7.749999, 4.5 ], "texture": "#dry_bag" },
				"south": { "uv": [ 2.75, 3.75, 4.75, 4.5 ], "texture": "#dry_bag" },
				"west": { "uv": [ 7.75, 4, 8, 4.75 ], "texture": "#dry_bag" },
				"east": { "uv": [ 9.5, 3.75, 9.25, 4.5 ], "texture": "#dry_bag" }
			}
		},
		{
			"__comment": "dry_bag15",
			"from": [ 5, 13, 3 ],
			"to": [ 11, 15, 4 ],
			"faces": {
				"down": { "uv": [ 3, 3.25, 4.5, 3.5 ], "texture": "#dry_bag" },
				"up": { "uv": [ 8, 3.25, 9.5, 3 ], "texture": "#dry_bag" },
				"north": { "uv": [ 9.5, 3, 8, 3.5 ], "texture": "#dry_bag" },
				"south": { "uv": [ 3, 3, 4.5, 3.5 ], "texture": "#dry_bag" },
				"west": { "uv": [ 7.75, 3, 8, 3.5 ], "texture": "#dry_bag" },
				"east": { "uv": [ 9.75, 3, 9.5, 3.5 ], "texture": "#dry_bag" }
			}
		}
	],
	"display": {
		"thirdperson_righthand": {
			"rotation":  [ 60, -30, 0 ],
			"translation":  [ 0, 4, 4 ]
		},
		"thirdperson_lefthand": {
			"rotation":  [ 75, 0, -5 ],
			"translation":  [ -6, -9, 12 ]
		},
		"firstperson_righthand": {
			"translation":  [ -9, 0, 0 ]
		},
		"firstperson_lefthand": {
			"scale":  [ 0.0001, 0.0001, 0.0001 ]
		},
		"gui": {
			"rotation":  [ 30, -45, 0 ],
			"scale":  [ 0.625, 0.625, 0.625 ]
		},
		"head": {
			"scale":  [ 0.0001, 0.0001, 0.0001 ]
		},
		"ground": {
			"rotation":  [ -90, 0, 0 ]
		},
		"fixed": {
			"rotation":  [ 0, 180, 0 ],
			"scale":  [ 2, 2, 2 ]
		}
	}
}