{
	"__comment": "Designed by Optimus0812 with Cubik Studio - https://cubik.studio",
	"textures": {
		"alice_backpack": "dayz/equipment/backpack/alice_backpack"
	},
	"elements": [ 	 
		{
			"__comment": "alice_backpack",
			"from": [ 0, 2, 5 ],
			"to": [ 16, 13, 11 ],
			"faces": {
				"down": { "uv": [ 2, 5.25, 6, 5.5 ], "texture": "#alice_backpack" },
				"up": { "uv": [ 2, 3, 6, 2.75 ], "texture": "#alice_backpack" },
				"north": { "uv": [ 6, 2.75, 2, 5.5 ], "texture": "#alice_backpack" },
				"south": { "uv": [ 2, 2.75, 6, 5.5 ], "texture": "#alice_backpack" },
				"west": { "uv": [ 0.25, 2.75, 1.75, 5.5 ], "texture": "#alice_backpack" },
				"east": { "uv": [ 6.25, 2.75, 7.75, 5.5 ], "texture": "#alice_backpack" }
			}
		},
		{
			"__comment": "alice_backpack1",
			"from": [ 1, 2, 4 ],
			"to": [ 15, 13, 5 ],
			"faces": {
				"down": { "uv": [ 8.25, 5.25, 11.75, 5.5 ], "texture": "#alice_backpack" },
				"up": { "uv": [ 8.25, 3, 11.75, 2.75 ], "texture": "#alice_backpack" },
				"north": { "uv": [ 11.75, 2.75, 8.25, 5.5 ], "texture": "#alice_backpack" },
				"south": { "uv": [ 8.25, 2.75, 11.75, 5.5 ], "texture": "#alice_backpack" },
				"west": { "uv": [ 8.25, 2.75, 8.5, 5.5 ], "texture": "#alice_backpack" },
				"east": { "uv": [ 11.75, 2.75, 11.5, 5.5 ], "texture": "#alice_backpack" }
			}
		},
		{
			"__comment": "alice_backpack17",
			"from": [ 1, 2, 11 ],
			"to": [ 15, 13, 12 ],
			"faces": {
				"down": { "uv": [ 2.25, 5.25, 5.75, 5.5 ], "texture": "#alice_backpack" },
				"up": { "uv": [ 2.25, 3, 5.75, 2.75 ], "texture": "#alice_backpack" },
				"north": { "uv": [ 5.75, 2.75, 2.25, 5.5 ], "texture": "#alice_backpack" },
				"south": { "uv": [ 2.25, 2.75, 5.75, 5.5 ], "texture": "#alice_backpack" },
				"west": { "uv": [ 2.25, 2.75, 2.5, 5.5 ], "texture": "#alice_backpack" },
				"east": { "uv": [ 5.75, 2.75, 5.5, 5.5 ], "texture": "#alice_backpack" }
			}
		},
		{
			"__comment": "alice_backpack2",
			"from": [ 1, 15, 6 ],
			"to": [ 15, 16, 10 ],
			"faces": {
				"down": { "uv": [ 2.25, 2, 5.75, 2.25 ], "texture": "#alice_backpack" },
				"up": { "uv": [ 5.75, 1.5, 2.25, 0.5 ], "texture": "#alice_backpack", "rotation": 180 },
				"north": { "uv": [ 5.75, 2, 2.25, 2.25 ], "texture": "#alice_backpack" },
				"south": { "uv": [ 2.25, 2, 5.75, 2.25 ], "texture": "#alice_backpack" },
				"west": { "uv": [ 2.25, 2, 2.5, 2.25 ], "texture": "#alice_backpack" },
				"east": { "uv": [ 5.75, 2, 5.5, 2.25 ], "texture": "#alice_backpack" }
			}
		},
		{
			"__comment": "alice_backpack3",
			"from": [ 2, 15, 5 ],
			"to": [ 14, 16, 6 ],
			"faces": {
				"down": { "uv": [ 2.5, 0.25, 5.5, 0.5 ], "texture": "#alice_backpack" },
				"up": { "uv": [ 2.5, 0.5, 5.5, 0.25 ], "texture": "#alice_backpack" },
				"north": { "uv": [ 5.5, 0.75, 2.5, 0.5 ], "texture": "#alice_backpack" },
				"south": { "uv": [ 2.5, 0, 5.5, 0.25 ], "texture": "#alice_backpack" },
				"west": { "uv": [ 2.5, 0.5, 2.75, 0.25 ], "texture": "#alice_backpack", "rotation": 270 },
				"east": { "uv": [ 5.5, 0.5, 5.25, 0.25 ], "texture": "#alice_backpack", "rotation": 90 }
			}
		},
		{
			"__comment": "alice_backpack18",
			"from": [ 2, 15, 10 ],
			"to": [ 14, 16, 11 ],
			"faces": {
				"down": { "uv": [ 2.5, 2, 5.5, 2.25 ], "texture": "#alice_backpack" },
				"up": { "uv": [ 2.5, 1.75, 5.5, 1.5 ], "texture": "#alice_backpack" },
				"north": { "uv": [ 5.5, 2, 2.5, 2.25 ], "texture": "#alice_backpack" },
				"south": { "uv": [ 2.5, 2, 5.5, 2.25 ], "texture": "#alice_backpack" },
				"west": { "uv": [ 2.5, 2, 2.75, 2.25 ], "texture": "#alice_backpack" },
				"east": { "uv": [ 5.5, 2, 5.25, 2.25 ], "texture": "#alice_backpack" }
			}
		},
		{
			"__comment": "alice_backpack19",
			"from": [ 2, 13, 11 ],
			"to": [ 14, 15, 12 ],
			"faces": {
				"down": { "uv": [ 2.5, 2.5, 5.5, 2.75 ], "texture": "#alice_backpack" },
				"up": { "uv": [ 2.5, 2.5, 5.5, 2.25 ], "texture": "#alice_backpack" },
				"north": { "uv": [ 5.5, 2.25, 2.5, 2.75 ], "texture": "#alice_backpack" },
				"south": { "uv": [ 2.5, 2.25, 5.5, 2.75 ], "texture": "#alice_backpack" },
				"west": { "uv": [ 2.5, 2.25, 2.75, 2.75 ], "texture": "#alice_backpack" },
				"east": { "uv": [ 5.5, 2.25, 5.25, 2.75 ], "texture": "#alice_backpack" }
			}
		},
		{
			"__comment": "alice_backpack20",
			"from": [ 1, 13, 10 ],
			"to": [ 4, 15, 11 ],
			"faces": {
				"down": { "uv": [ 2.25, 2.5, 3, 2.75 ], "texture": "#alice_backpack" },
				"up": { "uv": [ 2.25, 2.5, 3, 2.25 ], "texture": "#alice_backpack" },
				"north": { "uv": [ 3, 2.25, 2.25, 2.75 ], "texture": "#alice_backpack" },
				"south": { "uv": [ 2.25, 2.25, 3, 2.75 ], "texture": "#alice_backpack" },
				"west": { "uv": [ 2.25, 2.25, 2.5, 2.75 ], "texture": "#alice_backpack" },
				"east": { "uv": [ 3, 2.25, 2.75, 2.75 ], "texture": "#alice_backpack" }
			}
		},
		{
			"__comment": "alice_backpack28",
			"from": [ 12, 13, 10 ],
			"to": [ 15, 15, 11 ],
			"faces": {
				"down": { "uv": [ 5, 2.5, 5.75, 2.75 ], "texture": "#alice_backpack" },
				"up": { "uv": [ 5, 2.5, 5.75, 2.25 ], "texture": "#alice_backpack" },
				"north": { "uv": [ 5.75, 2.25, 5, 2.75 ], "texture": "#alice_backpack" },
				"south": { "uv": [ 5, 2.25, 5.75, 2.75 ], "texture": "#alice_backpack" },
				"west": { "uv": [ 5, 2.25, 5.25, 2.75 ], "texture": "#alice_backpack" },
				"east": { "uv": [ 5.75, 2.25, 5.5, 2.75 ], "texture": "#alice_backpack" }
			}
		},
		{
			"__comment": "alice_backpack4",
			"from": [ 2, 13, 4 ],
			"to": [ 14, 15, 5 ],
			"faces": {
				"down": { "uv": [ 8.5, 2.5, 11.5, 2.75 ], "texture": "#alice_backpack" },
				"up": { "uv": [ 8.5, 2.5, 11.5, 2.25 ], "texture": "#alice_backpack" },
				"north": { "uv": [ 11.5, 2.25, 8.5, 2.75 ], "texture": "#alice_backpack" },
				"south": { "uv": [ 8.5, 2.25, 11.5, 2.75 ], "texture": "#alice_backpack" },
				"west": { "uv": [ 8.5, 2.25, 8.75, 2.75 ], "texture": "#alice_backpack" },
				"east": { "uv": [ 11.5, 2.25, 11.25, 2.75 ], "texture": "#alice_backpack" }
			}
		},
		{
			"__comment": "alice_backpack5",
			"from": [ 1, 13, 5 ],
			"to": [ 4, 15, 6 ],
			"faces": {
				"down": { "uv": [ 2.25, 2.5, 3, 2.75 ], "texture": "#alice_backpack" },
				"up": { "uv": [ 2.25, 2.5, 3, 2.25 ], "texture": "#alice_backpack" },
				"north": { "uv": [ 3, 2.25, 2.25, 2.75 ], "texture": "#alice_backpack" },
				"south": { "uv": [ 2.25, 2.25, 3, 2.75 ], "texture": "#alice_backpack" },
				"west": { "uv": [ 2.25, 2.25, 2.5, 2.75 ], "texture": "#alice_backpack" },
				"east": { "uv": [ 3, 2.25, 2.75, 2.75 ], "texture": "#alice_backpack" }
			}
		},
		{
			"__comment": "alice_backpack29",
			"from": [ 12, 13, 5 ],
			"to": [ 15, 15, 6 ],
			"faces": {
				"down": { "uv": [ 5, 2.5, 5.75, 2.75 ], "texture": "#alice_backpack" },
				"up": { "uv": [ 5, 2.5, 5.75, 2.25 ], "texture": "#alice_backpack" },
				"north": { "uv": [ 5.75, 2.25, 5, 2.75 ], "texture": "#alice_backpack" },
				"south": { "uv": [ 5, 2.25, 5.75, 2.75 ], "texture": "#alice_backpack" },
				"west": { "uv": [ 5, 2.25, 5.25, 2.75 ], "texture": "#alice_backpack" },
				"east": { "uv": [ 5.75, 2.25, 5.5, 2.75 ], "texture": "#alice_backpack" }
			}
		},
		{
			"__comment": "alice_backpack30",
			"from": [ 13, 13, 6 ],
			"to": [ 16, 15, 10 ],
			"faces": {
				"down": { "uv": [ 5.25, 2.5, 6, 2.75 ], "texture": "#alice_backpack" },
				"up": { "uv": [ 5.25, 2.5, 6, 2.25 ], "texture": "#alice_backpack" },
				"north": { "uv": [ 6, 2.25, 5.25, 2.75 ], "texture": "#alice_backpack" },
				"south": { "uv": [ 5.25, 2.25, 6, 2.75 ], "texture": "#alice_backpack" },
				"west": { "uv": [ 5.25, 2.25, 5.5, 2.75 ], "texture": "#alice_backpack" },
				"east": { "uv": [ 6.5, 2.25, 7.5, 2.75 ], "texture": "#alice_backpack" }
			}
		},
		{
			"__comment": "alice_backpack6",
			"from": [ 0, 13, 6 ],
			"to": [ 3, 15, 10 ],
			"faces": {
				"down": { "uv": [ 2, 2.5, 2.75, 2.75 ], "texture": "#alice_backpack" },
				"up": { "uv": [ 2, 2.5, 2.75, 2.25 ], "texture": "#alice_backpack" },
				"north": { "uv": [ 8, 2.25, 7.25, 2.75 ], "texture": "#alice_backpack" },
				"south": { "uv": [ 2, 2.25, 2.75, 2.75 ], "texture": "#alice_backpack" },
				"west": { "uv": [ 0.5, 2.25, 1.5, 2.75 ], "texture": "#alice_backpack" },
				"east": { "uv": [ 2.75, 2.25, 2.5, 2.75 ], "texture": "#alice_backpack" }
			}
		},
		{
			"__comment": "alice_backpack7",
			"from": [ 2, 0, 5 ],
			"to": [ 14, 1, 6 ],
			"faces": {
				"down": { "uv": [ 2.5, 5.75, 5.5, 6 ], "texture": "#alice_backpack" },
				"up": { "uv": [ 2.5, 6, 5.5, 5.75 ], "texture": "#alice_backpack" },
				"north": { "uv": [ 5.5, 5.75, 2.5, 6 ], "texture": "#alice_backpack" },
				"south": { "uv": [ 2.5, 5.75, 5.5, 6 ], "texture": "#alice_backpack" },
				"west": { "uv": [ 2.5, 5.75, 2.75, 6 ], "texture": "#alice_backpack" },
				"east": { "uv": [ 5.5, 5.75, 5.25, 6 ], "texture": "#alice_backpack" }
			}
		},
		{
			"__comment": "alice_backpack8",
			"from": [ 1, 0, 6 ],
			"to": [ 15, 1, 10 ],
			"faces": {
				"down": { "uv": [ 8.25, 0.5, 11.75, 1.5 ], "texture": "#alice_backpack" },
				"up": { "uv": [ 2.25, 6, 5.75, 5.75 ], "texture": "#alice_backpack" },
				"north": { "uv": [ 5.75, 5.75, 2.25, 6 ], "texture": "#alice_backpack" },
				"south": { "uv": [ 2.25, 5.75, 5.75, 6 ], "texture": "#alice_backpack" },
				"west": { "uv": [ 0.5, 5.75, 1.5, 6 ], "texture": "#alice_backpack" },
				"east": { "uv": [ 6.25, 5.75, 7.25, 6 ], "texture": "#alice_backpack" }
			}
		},
		{
			"__comment": "alice_backpack21",
			"from": [ 2, 0, 10 ],
			"to": [ 14, 1, 11 ],
			"faces": {
				"down": { "uv": [ 2.5, 5.75, 5.5, 6 ], "texture": "#alice_backpack" },
				"up": { "uv": [ 2.5, 6, 5.5, 5.75 ], "texture": "#alice_backpack" },
				"north": { "uv": [ 5.5, 5.75, 2.5, 6 ], "texture": "#alice_backpack" },
				"south": { "uv": [ 2.5, 5.75, 5.5, 6 ], "texture": "#alice_backpack" },
				"west": { "uv": [ 2.5, 5.75, 2.75, 6 ], "texture": "#alice_backpack" },
				"east": { "uv": [ 5.5, 5.75, 5.25, 6 ], "texture": "#alice_backpack" }
			}
		},
		{
			"__comment": "alice_backpack22",
			"from": [ 2, 1, 11 ],
			"to": [ 14, 2, 12 ],
			"faces": {
				"down": { "uv": [ 2.5, 5.5, 5.5, 5.75 ], "texture": "#alice_backpack" },
				"up": { "uv": [ 2.5, 5.75, 5.5, 5.5 ], "texture": "#alice_backpack" },
				"north": { "uv": [ 5.5, 5.5, 2.5, 5.75 ], "texture": "#alice_backpack" },
				"south": { "uv": [ 2.5, 5.5, 5.5, 5.75 ], "texture": "#alice_backpack" },
				"west": { "uv": [ 2.5, 5.5, 2.75, 5.75 ], "texture": "#alice_backpack" },
				"east": { "uv": [ 5.5, 5.5, 5.25, 5.75 ], "texture": "#alice_backpack" }
			}
		},
		{
			"__comment": "alice_backpack23",
			"from": [ 1, 1, 10 ],
			"to": [ 4, 2, 11 ],
			"faces": {
				"down": { "uv": [ 2.25, 5.5, 3, 5.75 ], "texture": "#alice_backpack" },
				"up": { "uv": [ 2.25, 5.75, 3, 5.5 ], "texture": "#alice_backpack" },
				"north": { "uv": [ 3, 5.5, 2.25, 5.75 ], "texture": "#alice_backpack" },
				"south": { "uv": [ 2.25, 5.5, 3, 5.75 ], "texture": "#alice_backpack" },
				"west": { "uv": [ 2.25, 5.5, 2.5, 5.75 ], "texture": "#alice_backpack" },
				"east": { "uv": [ 3, 5.5, 2.75, 5.75 ], "texture": "#alice_backpack" }
			}
		},
		{
			"__comment": "alice_backpack31",
			"from": [ 12, 1, 10 ],
			"to": [ 15, 2, 11 ],
			"faces": {
				"down": { "uv": [ 5, 5.5, 5.75, 5.75 ], "texture": "#alice_backpack" },
				"up": { "uv": [ 5, 5.75, 5.75, 5.5 ], "texture": "#alice_backpack" },
				"north": { "uv": [ 5.75, 5.5, 5, 5.75 ], "texture": "#alice_backpack" },
				"south": { "uv": [ 5, 5.5, 5.75, 5.75 ], "texture": "#alice_backpack" },
				"west": { "uv": [ 5, 5.5, 5.25, 5.75 ], "texture": "#alice_backpack" },
				"east": { "uv": [ 6.5, 5.5, 6.25, 5.75 ], "texture": "#alice_backpack" }
			}
		},
		{
			"__comment": "alice_backpack9",
			"from": [ 2, 1, 4 ],
			"to": [ 14, 2, 5 ],
			"faces": {
				"down": { "uv": [ 8.5, 5.5, 11.5, 5.75 ], "texture": "#alice_backpack" },
				"up": { "uv": [ 8.5, 5.75, 11.5, 5.5 ], "texture": "#alice_backpack" },
				"north": { "uv": [ 11.5, 5.5, 8.5, 5.75 ], "texture": "#alice_backpack" },
				"south": { "uv": [ 8.5, 5.5, 11.5, 5.75 ], "texture": "#alice_backpack" },
				"west": { "uv": [ 8.5, 5.5, 8.75, 5.75 ], "texture": "#alice_backpack" },
				"east": { "uv": [ 11.5, 5.5, 11.25, 5.75 ], "texture": "#alice_backpack" }
			}
		},
		{
			"__comment": "alice_backpack10",
			"from": [ 1, 1, 5 ],
			"to": [ 4, 2, 6 ],
			"faces": {
				"down": { "uv": [ 2.25, 5.5, 3, 5.75 ], "texture": "#alice_backpack" },
				"up": { "uv": [ 2.25, 5.75, 3, 5.5 ], "texture": "#alice_backpack" },
				"north": { "uv": [ 3, 5.5, 2.25, 5.75 ], "texture": "#alice_backpack" },
				"south": { "uv": [ 2.25, 5.5, 3, 5.75 ], "texture": "#alice_backpack" },
				"west": { "uv": [ 2.25, 5.5, 2.5, 5.75 ], "texture": "#alice_backpack" },
				"east": { "uv": [ 3, 5.5, 2.75, 5.75 ], "texture": "#alice_backpack" }
			}
		},
		{
			"__comment": "alice_backpack32",
			"from": [ 12, 1, 5 ],
			"to": [ 15, 2, 6 ],
			"faces": {
				"down": { "uv": [ 5, 5.5, 5.75, 5.75 ], "texture": "#alice_backpack" },
				"up": { "uv": [ 5, 5.75, 5.75, 5.5 ], "texture": "#alice_backpack" },
				"north": { "uv": [ 5.75, 5.5, 5, 5.75 ], "texture": "#alice_backpack" },
				"south": { "uv": [ 5, 5.5, 5.75, 5.75 ], "texture": "#alice_backpack" },
				"west": { "uv": [ 5, 5.5, 5.25, 5.75 ], "texture": "#alice_backpack" },
				"east": { "uv": [ 8.25, 5.25, 8, 5.5 ], "texture": "#alice_backpack" }
			}
		},
		{
			"__comment": "alice_backpack33",
			"from": [ 13, 1, 6 ],
			"to": [ 16, 2, 10 ],
			"faces": {
				"down": { "uv": [ 5.25, 5.5, 6, 5.75 ], "texture": "#alice_backpack" },
				"up": { "uv": [ 5.25, 5.75, 6, 5.5 ], "texture": "#alice_backpack" },
				"north": { "uv": [ 6, 5.5, 5.25, 5.75 ], "texture": "#alice_backpack" },
				"south": { "uv": [ 5.25, 5.5, 6, 5.75 ], "texture": "#alice_backpack" },
				"west": { "uv": [ 5.25, 5.5, 5.5, 5.75 ], "texture": "#alice_backpack" },
				"east": { "uv": [ 6.5, 5.5, 7.5, 5.75 ], "texture": "#alice_backpack" }
			}
		},
		{
			"__comment": "alice_backpack11",
			"from": [ 0, 1, 6 ],
			"to": [ 3, 2, 10 ],
			"faces": {
				"down": { "uv": [ 2, 5.5, 2.75, 5.75 ], "texture": "#alice_backpack" },
				"up": { "uv": [ 2, 5.75, 2.75, 5.5 ], "texture": "#alice_backpack" },
				"north": { "uv": [ 2.75, 5.5, 2, 5.75 ], "texture": "#alice_backpack" },
				"south": { "uv": [ 2, 5.5, 2.75, 5.75 ], "texture": "#alice_backpack" },
				"west": { "uv": [ 0.5, 5.5, 1.5, 5.75 ], "texture": "#alice_backpack" },
				"east": { "uv": [ 2.75, 5.5, 2.5, 5.75 ], "texture": "#alice_backpack" }
			}
		},
		{
			"__comment": "alice_backpack25",
			"from": [ 3, 2, 12 ],
			"to": [ 13, 9, 13 ],
			"faces": {
				"down": { "uv": [ 2.75, 5.25, 5.25, 5.5 ], "texture": "#alice_backpack" },
				"up": { "uv": [ 2.75, 4, 5.25, 3.75 ], "texture": "#alice_backpack" },
				"north": { "uv": [ 5.25, 3.75, 2.75, 5.5 ], "texture": "#alice_backpack" },
				"south": { "uv": [ 2.75, 3.75, 5.25, 5.5 ], "texture": "#alice_backpack" },
				"west": { "uv": [ 2.75, 3.75, 3, 5.5 ], "texture": "#alice_backpack" },
				"east": { "uv": [ 5.25, 3.75, 5, 5.5 ], "texture": "#alice_backpack" }
			}
		},
		{
			"__comment": "alice_backpack26",
			"from": [ 4, 9, 12 ],
			"to": [ 12, 10, 13 ],
			"faces": {
				"down": { "uv": [ 3, 3.5, 5, 3.75 ], "texture": "#alice_backpack" },
				"up": { "uv": [ 3, 3.75, 5, 3.5 ], "texture": "#alice_backpack" },
				"north": { "uv": [ 5, 3.5, 3, 3.75 ], "texture": "#alice_backpack" },
				"south": { "uv": [ 3, 3.5, 5, 3.75 ], "texture": "#alice_backpack" },
				"west": { "uv": [ 3, 3.5, 3.25, 3.75 ], "texture": "#alice_backpack" },
				"east": { "uv": [ 5, 3.5, 4.75, 3.75 ], "texture": "#alice_backpack" }
			}
		},
		{
			"__comment": "alice_backpack27",
			"from": [ 4, 1, 12 ],
			"to": [ 12, 2, 13 ],
			"faces": {
				"down": { "uv": [ 3, 5.5, 5, 5.75 ], "texture": "#alice_backpack" },
				"up": { "uv": [ 3, 5.75, 5, 5.5 ], "texture": "#alice_backpack" },
				"north": { "uv": [ 5, 5.5, 3, 5.75 ], "texture": "#alice_backpack" },
				"south": { "uv": [ 3, 5.5, 5, 5.75 ], "texture": "#alice_backpack" },
				"west": { "uv": [ 3, 5.5, 3.25, 5.75 ], "texture": "#alice_backpack" },
				"east": { "uv": [ 5, 5.5, 4.75, 5.75 ], "texture": "#alice_backpack" }
			}
		},
		{
			"__comment": "alice_backpack12",
			"from": [ -2, 3, 6 ],
			"to": [ 0, 9, 10 ],
			"faces": {
				"down": { "uv": [ 12.5, 5, 14, 5.25 ], "texture": "#alice_backpack", "rotation": 270 },
				"up": { "uv": [ 12.5, 4, 14, 3.75 ], "texture": "#alice_backpack", "rotation": 90 },
				"north": { "uv": [ 12, 3.75, 12.5, 5.25 ], "texture": "#alice_backpack" },
				"south": { "uv": [ 14.5, 3.75, 14, 5.25 ], "texture": "#alice_backpack" },
				"west": { "uv": [ 12.75, 3.75, 13.75, 5.25 ], "texture": "#alice_backpack" },
				"east": { "uv": [ 14, 3.75, 12.5, 5.25 ], "texture": "#alice_backpack" }
			}
		},
		{
			"__comment": "alice_backpack13",
			"from": [ -1, 2, 6 ],
			"to": [ 0, 3, 10 ],
			"faces": {
				"down": { "uv": [ 12.75, 6, 13.75, 5.75 ], "texture": "#alice_backpack", "rotation": 270 },
				"up": { "uv": [ 12.75, 5.75, 13.75, 6 ], "texture": "#alice_backpack", "rotation": 90 },
				"north": { "uv": [ 12.75, 5.75, 13, 6 ], "texture": "#alice_backpack", "rotation": 270 },
				"south": { "uv": [ 13.75, 5.75, 13.5, 6 ], "texture": "#alice_backpack", "rotation": 90 },
				"west": { "uv": [ 12.75, 5.75, 13.75, 6 ], "texture": "#alice_backpack" },
				"east": { "uv": [ 13.75, 6, 12.75, 5.75 ], "texture": "#alice_backpack" }
			}
		},
		{
			"__comment": "alice_backpack14",
			"from": [ -1, 9, 6 ],
			"to": [ 0, 10, 10 ],
			"faces": {
				"down": { "uv": [ 12.75, 3.25, 13.75, 3 ], "texture": "#alice_backpack" },
				"up": { "uv": [ 12.75, 3, 13.75, 3.25 ], "texture": "#alice_backpack", "rotation": 90 },
				"north": { "uv": [ 13.75, 3.25, 12.75, 3 ], "texture": "#alice_backpack" },
				"south": { "uv": [ 12.75, 3, 13.75, 3.25 ], "texture": "#alice_backpack" },
				"west": { "uv": [ 12.75, 3, 13, 3.25 ], "texture": "#alice_backpack", "rotation": 270 },
				"east": { "uv": [ 13.75, 3, 13.5, 3.25 ], "texture": "#alice_backpack", "rotation": 90 }
			}
		},
		{
			"__comment": "alice_backpack15",
			"from": [ -2, 9, 7 ],
			"to": [ -1, 10, 9 ],
			"faces": {
				"down": { "uv": [ 13, 3.5, 13.5, 3.25 ], "texture": "#alice_backpack" },
				"up": { "uv": [ 13, 3.25, 13.5, 3.5 ], "texture": "#alice_backpack", "rotation": 90 },
				"north": { "uv": [ 13.5, 3.5, 13, 3.25 ], "texture": "#alice_backpack" },
				"south": { "uv": [ 13, 3.25, 13.5, 3.5 ], "texture": "#alice_backpack" },
				"west": { "uv": [ 13, 3.25, 13.25, 3.5 ], "texture": "#alice_backpack", "rotation": 270 },
				"east": { "uv": [ 13.5, 3.25, 13.25, 3.5 ], "texture": "#alice_backpack", "rotation": 90 }
			}
		},
		{
			"__comment": "alice_backpack16",
			"from": [ -2, 2, 7 ],
			"to": [ -1, 3, 9 ],
			"faces": {
				"down": { "uv": [ 13, 5.75, 13.5, 5.5 ], "texture": "#alice_backpack", "rotation": 270 },
				"up": { "uv": [ 13, 5.5, 13.5, 5.75 ], "texture": "#alice_backpack", "rotation": 90 },
				"north": { "uv": [ 13, 5.5, 13.25, 5.75 ], "texture": "#alice_backpack", "rotation": 270 },
				"south": { "uv": [ 13.5, 5.5, 13.25, 5.75 ], "texture": "#alice_backpack", "rotation": 90 },
				"west": { "uv": [ 13, 5.5, 13.5, 5.75 ], "texture": "#alice_backpack" },
				"east": { "uv": [ 13.5, 5.75, 13, 5.5 ], "texture": "#alice_backpack" }
			}
		},
		{
			"__comment": "alice_backpack34",
			"from": [ 3, 3, 13 ],
			"to": [ 13, 8, 14 ],
			"faces": {
				"down": { "uv": [ 2.75, 5, 5.25, 5.25 ], "texture": "#alice_backpack" },
				"up": { "uv": [ 2.75, 4.25, 5.25, 4 ], "texture": "#alice_backpack" },
				"north": { "uv": [ 5.25, 4, 2.75, 5.25 ], "texture": "#alice_backpack" },
				"south": { "uv": [ 2.75, 4, 5.25, 5.25 ], "texture": "#alice_backpack" },
				"west": { "uv": [ 2.75, 4, 3, 5.25 ], "texture": "#alice_backpack" },
				"east": { "uv": [ 5.25, 4, 5, 5.25 ], "texture": "#alice_backpack" }
			}
		},
		{
			"__comment": "alice_backpack24",
			"from": [ 4, 0, 11 ],
			"to": [ 12, 1, 12 ],
			"faces": {
				"down": { "uv": [ 9, 0.25, 11, 0.5 ], "texture": "#alice_backpack" },
				"up": { "uv": [ 3, 6, 5, 5.75 ], "texture": "#alice_backpack" },
				"north": { "uv": [ 5, 5.75, 3, 6 ], "texture": "#alice_backpack" },
				"south": { "uv": [ 3, 5.75, 5, 6 ], "texture": "#alice_backpack" },
				"west": { "uv": [ 3, 5.75, 3.25, 6 ], "texture": "#alice_backpack" },
				"east": { "uv": [ 5, 5.75, 4.75, 6 ], "texture": "#alice_backpack" }
			}
		},
		{
			"__comment": "alice_backpack35",
			"from": [ 4, 2, 13 ],
			"to": [ 12, 3, 14 ],
			"faces": {
				"down": { "uv": [ 3, 5.25, 5, 5.5 ], "texture": "#alice_backpack" },
				"up": { "uv": [ 3, 5.5, 5, 5.25 ], "texture": "#alice_backpack" },
				"north": { "uv": [ 5, 5.25, 3, 5.5 ], "texture": "#alice_backpack" },
				"south": { "uv": [ 3, 5.25, 5, 5.5 ], "texture": "#alice_backpack" },
				"west": { "uv": [ 3, 5.25, 3.25, 5.5 ], "texture": "#alice_backpack" },
				"east": { "uv": [ 5, 5.25, 4.75, 5.5 ], "texture": "#alice_backpack" }
			}
		},
		{
			"__comment": "alice_backpack36",
			"from": [ 4, 8, 13 ],
			"to": [ 12, 9, 14 ],
			"faces": {
				"down": { "uv": [ 3, 3.75, 5, 4 ], "texture": "#alice_backpack" },
				"up": { "uv": [ 3, 4, 5, 3.75 ], "texture": "#alice_backpack" },
				"north": { "uv": [ 5, 3.75, 3, 4 ], "texture": "#alice_backpack" },
				"south": { "uv": [ 3, 3.75, 5, 4 ], "texture": "#alice_backpack" },
				"west": { "uv": [ 3, 3.75, 3.25, 4 ], "texture": "#alice_backpack" },
				"east": { "uv": [ 5, 3.75, 4.75, 4 ], "texture": "#alice_backpack" }
			}
		},
		{
			"__comment": "alice_backpack40",
			"from": [ 17, 9, 7 ],
			"to": [ 18, 10, 9 ],
			"faces": {
				"down": { "uv": [ 13, 3.5, 13.5, 3.25 ], "texture": "#alice_backpack" },
				"up": { "uv": [ 13, 3.25, 13.5, 3.5 ], "texture": "#alice_backpack", "rotation": 90 },
				"north": { "uv": [ 13.5, 3.5, 13, 3.25 ], "texture": "#alice_backpack" },
				"south": { "uv": [ 13, 3.25, 13.5, 3.5 ], "texture": "#alice_backpack" },
				"west": { "uv": [ 13, 3.25, 13.25, 3.5 ], "texture": "#alice_backpack", "rotation": 270 },
				"east": { "uv": [ 13.5, 3.25, 13.25, 3.5 ], "texture": "#alice_backpack", "rotation": 90 }
			}
		},
		{
			"__comment": "alice_backpack37",
			"from": [ 16, 3, 6 ],
			"to": [ 18, 9, 10 ],
			"faces": {
				"down": { "uv": [ 12.5, 5, 14, 5.25 ], "texture": "#alice_backpack", "rotation": 270 },
				"up": { "uv": [ 12.5, 4, 14, 3.75 ], "texture": "#alice_backpack", "rotation": 90 },
				"north": { "uv": [ 12, 3.75, 12.5, 5.25 ], "texture": "#alice_backpack" },
				"south": { "uv": [ 14.5, 3.75, 14, 5.25 ], "texture": "#alice_backpack" },
				"west": { "uv": [ 12.75, 3.75, 13.75, 5.25 ], "texture": "#alice_backpack" },
				"east": { "uv": [ 13.75, 3.75, 12.75, 5.25 ], "texture": "#alice_backpack" }
			}
		},
		{
			"__comment": "alice_backpack41",
			"from": [ 17, 2, 7 ],
			"to": [ 18, 3, 9 ],
			"faces": {
				"down": { "uv": [ 13, 5.75, 13.5, 5.5 ], "texture": "#alice_backpack", "rotation": 270 },
				"up": { "uv": [ 13, 5.5, 13.5, 5.75 ], "texture": "#alice_backpack", "rotation": 90 },
				"north": { "uv": [ 13, 5.5, 13.25, 5.75 ], "texture": "#alice_backpack", "rotation": 270 },
				"south": { "uv": [ 13.5, 5.5, 13.25, 5.75 ], "texture": "#alice_backpack", "rotation": 90 },
				"west": { "uv": [ 13, 5.5, 13.5, 5.75 ], "texture": "#alice_backpack" },
				"east": { "uv": [ 13.5, 5.75, 13, 5.5 ], "texture": "#alice_backpack" }
			}
		},
		{
			"__comment": "alice_backpack38",
			"from": [ 16, 2, 6 ],
			"to": [ 17, 3, 10 ],
			"faces": {
				"down": { "uv": [ 12.75, 6, 13.75, 5.75 ], "texture": "#alice_backpack", "rotation": 270 },
				"up": { "uv": [ 12.75, 5.75, 13.75, 6 ], "texture": "#alice_backpack", "rotation": 90 },
				"north": { "uv": [ 12.75, 5.75, 13, 6 ], "texture": "#alice_backpack", "rotation": 270 },
				"south": { "uv": [ 13.75, 5.75, 13.5, 6 ], "texture": "#alice_backpack", "rotation": 90 },
				"west": { "uv": [ 12.75, 5.75, 13.75, 6 ], "texture": "#alice_backpack" },
				"east": { "uv": [ 13.75, 6, 12.75, 5.75 ], "texture": "#alice_backpack" }
			}
		},
		{
			"__comment": "alice_backpack39",
			"from": [ 16, 9, 6 ],
			"to": [ 17, 10, 10 ],
			"faces": {
				"down": { "uv": [ 12.75, 3.25, 13.75, 3 ], "texture": "#alice_backpack" },
				"up": { "uv": [ 12.75, 3, 13.75, 3.25 ], "texture": "#alice_backpack", "rotation": 90 },
				"north": { "uv": [ 13.75, 3.25, 12.75, 3 ], "texture": "#alice_backpack" },
				"south": { "uv": [ 12.75, 3, 13.75, 3.25 ], "texture": "#alice_backpack" },
				"west": { "uv": [ 12.75, 3, 13, 3.25 ], "texture": "#alice_backpack", "rotation": 270 },
				"east": { "uv": [ 13.75, 3, 13.5, 3.25 ], "texture": "#alice_backpack", "rotation": 90 }
			}
		}
	],
	"display": {
		"thirdperson_righthand": {
			"rotation":  [ 60, -30, 0 ],
			"translation":  [ 0, 4, 4 ]
		},
		"thirdperson_lefthand": {
			"rotation":  [ 75, 0, -5 ],
			"translation":  [ -6, -9, 9 ]
		},
		"firstperson_righthand": {
			"translation":  [ -9, 0, 0 ]
		},
		"firstperson_lefthand": {
			"scale":  [ 0.0001, 0.0001, 0.0001 ]
		},
		"gui": {
			"rotation":  [ 30, -45, 0 ],
			"scale":  [ 0.625, 0.625, 0.625 ]
		},
		"head": {
			"scale":  [ 0.0001, 0.0001, 0.0001 ]
		},
		"ground": {
			"rotation":  [ -90, 0, 0 ]
		},
		"fixed": {
			"rotation":  [ 0, 180, 0 ],
			"scale":  [ 2, 2, 2 ]
		}
	}
}