{
	"__comment": "Designed by Optimus0812 with Cubik Studio - https://cubik.studio",
	"textures": {
		"bolt_cutter": "dayz/equipment/tool/bolt_cutter"
	},
	"elements": [ 	 
		{
			"__comment": "bolt_cutter",
			"from": [ 7.5, 23.5, 6.5 ],
			"to": [ 8.5, 24, 7.5 ],
			"faces": {
				"down": { "uv": [ 7.25, 0, 7.75, 0.25 ], "texture": "#bolt_cutter", "rotation": 270 },
				"up": { "uv": [ 7.25, 0.25, 7.75, 0 ], "texture": "#bolt_cutter", "rotation": 90 },
				"north": { "uv": [ 7.25, 0, 7.5, 0.25 ], "texture": "#bolt_cutter" },
				"south": { "uv": [ 7.75, 0, 7.5, 0.25 ], "texture": "#bolt_cutter" },
				"west": { "uv": [ 7.25, 0, 7.75, 0.25 ], "texture": "#bolt_cutter" },
				"east": { "uv": [ 7.75, 0, 7.25, 0.25 ], "texture": "#bolt_cutter" }
			}
		},
		{
			"__comment": "bolt_cutter1",
			"from": [ 7.5, 22.5, 8.5 ],
			"to": [ 8.5, 23.5, 10 ],
			"faces": {
				"down": { "uv": [ 8.25, 0.5, 9, 0.75 ], "texture": "#bolt_cutter", "rotation": 270 },
				"up": { "uv": [ 8.25, 0.5, 9, 0.25 ], "texture": "#bolt_cutter", "rotation": 90 },
				"north": { "uv": [ 8.25, 0.25, 8.5, 0.75 ], "texture": "#bolt_cutter" },
				"south": { "uv": [ 9, 0.25, 8.75, 0.75 ], "texture": "#bolt_cutter" },
				"west": { "uv": [ 8.25, 0.25, 9, 0.75 ], "texture": "#bolt_cutter" },
				"east": { "uv": [ 9, 0.25, 8.25, 0.75 ], "texture": "#bolt_cutter" }
			}
		},
		{
			"__comment": "bolt_cutter2",
			"from": [ 7.5, 20.5, 5.5 ],
			"to": [ 8.5, 22.5, 10.5 ],
			"faces": {
				"down": { "uv": [ 6.75, 1.5, 9.25, 1.75 ], "texture": "#bolt_cutter", "rotation": 270 },
				"up": { "uv": [ 6.75, 1, 9.25, 0.75 ], "texture": "#bolt_cutter", "rotation": 90 },
				"north": { "uv": [ 6.75, 0.75, 7, 1.75 ], "texture": "#bolt_cutter" },
				"south": { "uv": [ 9.25, 0.75, 9, 1.75 ], "texture": "#bolt_cutter" },
				"west": { "uv": [ 6.75, 0.75, 9.25, 1.75 ], "texture": "#bolt_cutter" },
				"east": { "uv": [ 9.25, 0.75, 6.75, 1.75 ], "texture": "#bolt_cutter" }
			}
		},
		{
			"__comment": "bolt_cutter3",
			"from": [ 7.5, 19.5, 5.5 ],
			"to": [ 8.5, 20.5, 7.5 ],
			"faces": {
				"down": { "uv": [ 6.75, 2, 7.75, 2.25 ], "texture": "#bolt_cutter", "rotation": 270 },
				"up": { "uv": [ 6.75, 2, 7.75, 1.75 ], "texture": "#bolt_cutter", "rotation": 90 },
				"north": { "uv": [ 6.75, 1.75, 7, 2.25 ], "texture": "#bolt_cutter" },
				"south": { "uv": [ 7.75, 1.75, 7.5, 2.25 ], "texture": "#bolt_cutter" },
				"west": { "uv": [ 6.75, 1.75, 7.75, 2.25 ], "texture": "#bolt_cutter" },
				"east": { "uv": [ 7.75, 1.75, 6.75, 2.25 ], "texture": "#bolt_cutter" }
			}
		},
		{
			"__comment": "bolt_cutter4",
			"from": [ 7.5, 19.5, 8.5 ],
			"to": [ 8.5, 20.5, 10.5 ],
			"faces": {
				"down": { "uv": [ 8.25, 2, 9.25, 2.25 ], "texture": "#bolt_cutter", "rotation": 270 },
				"up": { "uv": [ 8.25, 2, 9.25, 1.75 ], "texture": "#bolt_cutter", "rotation": 90 },
				"north": { "uv": [ 8.25, 1.75, 8.5, 2.25 ], "texture": "#bolt_cutter" },
				"south": { "uv": [ 9.25, 1.75, 9, 2.25 ], "texture": "#bolt_cutter" },
				"west": { "uv": [ 8.25, 1.75, 9.25, 2.25 ], "texture": "#bolt_cutter" },
				"east": { "uv": [ 9.25, 1.75, 8.25, 2.25 ], "texture": "#bolt_cutter" }
			}
		},
		{
			"__comment": "bolt_cutter5",
			"from": [ 7.5, 17.5, 7 ],
			"to": [ 8.5, 19.5, 7.5 ],
			"faces": {
				"down": { "uv": [ 7.5, 3, 7.75, 3.25 ], "texture": "#bolt_cutter", "rotation": 270 },
				"up": { "uv": [ 7.5, 2.5, 7.75, 2.25 ], "texture": "#bolt_cutter", "rotation": 90 },
				"north": { "uv": [ 7.5, 2.25, 7.75, 3.25 ], "texture": "#bolt_cutter" },
				"south": { "uv": [ 7.75, 2.25, 7.5, 3.25 ], "texture": "#bolt_cutter" },
				"west": { "uv": [ 7.5, 2.25, 7.75, 3.25 ], "texture": "#bolt_cutter" },
				"east": { "uv": [ 7.75, 2.25, 7.5, 3.25 ], "texture": "#bolt_cutter" }
			}
		},
		{
			"__comment": "bolt_cutter6",
			"from": [ 7.5, 17.5, 8.5 ],
			"to": [ 8.5, 19.5, 9 ],
			"faces": {
				"down": { "uv": [ 8.25, 3, 8.5, 3.25 ], "texture": "#bolt_cutter", "rotation": 270 },
				"up": { "uv": [ 8.25, 2.5, 8.5, 2.25 ], "texture": "#bolt_cutter", "rotation": 90 },
				"north": { "uv": [ 8.25, 2.25, 8.5, 3.25 ], "texture": "#bolt_cutter" },
				"south": { "uv": [ 8.5, 2.25, 8.25, 3.25 ], "texture": "#bolt_cutter" },
				"west": { "uv": [ 8.25, 2.25, 8.5, 3.25 ], "texture": "#bolt_cutter" },
				"east": { "uv": [ 8.5, 2.25, 8.25, 3.25 ], "texture": "#bolt_cutter" }
			}
		},
		{
			"__comment": "bolt_cutter7",
			"from": [ 7.5, 16, 6 ],
			"to": [ 8.5, 19.5, 7 ],
			"faces": {
				"down": { "uv": [ 7, 3.75, 7.5, 4 ], "texture": "#bolt_cutter", "rotation": 270 },
				"up": { "uv": [ 7, 2.5, 7.5, 2.25 ], "texture": "#bolt_cutter", "rotation": 90 },
				"north": { "uv": [ 7, 2.25, 7.25, 4 ], "texture": "#bolt_cutter" },
				"south": { "uv": [ 7.5, 2.25, 7.25, 4 ], "texture": "#bolt_cutter" },
				"west": { "uv": [ 7, 2.25, 7.5, 4 ], "texture": "#bolt_cutter" },
				"east": { "uv": [ 7.5, 2.25, 7, 4 ], "texture": "#bolt_cutter" }
			}
		},
		{
			"__comment": "bolt_cutter8",
			"from": [ 7.5, 16, 9 ],
			"to": [ 8.5, 19.5, 10 ],
			"faces": {
				"down": { "uv": [ 8.5, 3.75, 9, 4 ], "texture": "#bolt_cutter", "rotation": 270 },
				"up": { "uv": [ 8.5, 2.5, 9, 2.25 ], "texture": "#bolt_cutter", "rotation": 90 },
				"north": { "uv": [ 8.5, 2.25, 8.75, 4 ], "texture": "#bolt_cutter" },
				"south": { "uv": [ 9, 2.25, 8.75, 4 ], "texture": "#bolt_cutter" },
				"west": { "uv": [ 8.5, 2.25, 9, 4 ], "texture": "#bolt_cutter" },
				"east": { "uv": [ 9, 2.25, 8.5, 4 ], "texture": "#bolt_cutter" }
			}
		},
		{
			"__comment": "bolt_cutter9",
			"from": [ 7, 21, 6 ],
			"to": [ 9, 22.5, 10 ],
			"faces": {
				"down": { "uv": [ 7, 1.25, 9, 1.5 ], "texture": "#bolt_cutter", "rotation": 270 },
				"up": { "uv": [ 7, 1, 9, 0.75 ], "texture": "#bolt_cutter", "rotation": 90 },
				"north": { "uv": [ 7, 0.75, 7.25, 1.5 ], "texture": "#bolt_cutter" },
				"south": { "uv": [ 9, 0.75, 8.75, 1.5 ], "texture": "#bolt_cutter" },
				"west": { "uv": [ 7, 0.75, 9, 1.5 ], "texture": "#bolt_cutter" },
				"east": { "uv": [ 9, 0.75, 7, 1.5 ], "texture": "#bolt_cutter" }
			}
		},
		{
			"__comment": "bolt_cutter10",
			"from": [ 7.5, 22.5, 6 ],
			"to": [ 8.5, 23.5, 7.5 ],
			"faces": {
				"down": { "uv": [ 7, 0.5, 7.75, 0.75 ], "texture": "#bolt_cutter", "rotation": 270 },
				"up": { "uv": [ 7, 0.5, 7.75, 0.25 ], "texture": "#bolt_cutter", "rotation": 90 },
				"north": { "uv": [ 7, 0.25, 7.25, 0.75 ], "texture": "#bolt_cutter" },
				"south": { "uv": [ 7.75, 0.25, 7.5, 0.75 ], "texture": "#bolt_cutter" },
				"west": { "uv": [ 7, 0.25, 7.75, 0.75 ], "texture": "#bolt_cutter" },
				"east": { "uv": [ 7.75, 0.25, 7, 0.75 ], "texture": "#bolt_cutter" }
			}
		},
		{
			"__comment": "bolt_cutter11",
			"from": [ 7.5, 23.5, 8.5 ],
			"to": [ 8.5, 24, 9.5 ],
			"faces": {
				"down": { "uv": [ 8.25, 0, 8.75, 0.25 ], "texture": "#bolt_cutter", "rotation": 270 },
				"up": { "uv": [ 8.25, 0.25, 8.75, 0 ], "texture": "#bolt_cutter", "rotation": 90 },
				"north": { "uv": [ 8.25, 0, 8.5, 0.25 ], "texture": "#bolt_cutter" },
				"south": { "uv": [ 8.75, 0, 8.5, 0.25 ], "texture": "#bolt_cutter" },
				"west": { "uv": [ 8.25, 0, 8.75, 0.25 ], "texture": "#bolt_cutter" },
				"east": { "uv": [ 8.75, 0, 8.25, 0.25 ], "texture": "#bolt_cutter" }
			}
		},
		{
			"__comment": "bolt_cutter12",
			"from": [ 8, 22.5, 7.5 ],
			"to": [ 8.5, 24, 8.5 ],
			"faces": {
				"down": { "uv": [ 7.75, 0.5, 8.25, 0.75 ], "texture": "#bolt_cutter", "rotation": 270 },
				"up": { "uv": [ 7.75, 0.25, 8.25, 0 ], "texture": "#bolt_cutter", "rotation": 90 },
				"north": { "uv": [ 7.75, 0, 8, 0.75 ], "texture": "#bolt_cutter" },
				"south": { "uv": [ 8.25, 0, 8, 0.75 ], "texture": "#bolt_cutter" },
				"west": { "uv": [ 7.75, 0, 8.25, 0.75 ], "texture": "#bolt_cutter" },
				"east": { "uv": [ 8.25, 0, 7.75, 0.75 ], "texture": "#bolt_cutter" }
			}
		},
		{
			"__comment": "bolt_cutter13",
			"from": [ 7.5, 14.5, 5.5 ],
			"to": [ 8.5, 16, 6 ],
			"faces": {
				"down": { "uv": [ 6.75, 4.5, 7, 4.75 ], "texture": "#bolt_cutter", "rotation": 270 },
				"up": { "uv": [ 6.75, 4.25, 7, 4 ], "texture": "#bolt_cutter", "rotation": 90 },
				"north": { "uv": [ 6.75, 4, 7, 4.75 ], "texture": "#bolt_cutter" },
				"south": { "uv": [ 7, 4, 6.75, 4.75 ], "texture": "#bolt_cutter" },
				"west": { "uv": [ 6.75, 4, 7, 4.75 ], "texture": "#bolt_cutter" },
				"east": { "uv": [ 7, 4, 6.75, 4.75 ], "texture": "#bolt_cutter" }
			}
		},
		{
			"__comment": "bolt_cutter14",
			"from": [ 7.5, 13, 5 ],
			"to": [ 8.5, 14.5, 5.5 ],
			"faces": {
				"down": { "uv": [ 6.5, 5.25, 6.75, 5.5 ], "texture": "#bolt_cutter", "rotation": 270 },
				"up": { "uv": [ 6.5, 5, 6.75, 4.75 ], "texture": "#bolt_cutter", "rotation": 90 },
				"north": { "uv": [ 6.5, 4.75, 6.75, 5.5 ], "texture": "#bolt_cutter" },
				"south": { "uv": [ 6.75, 4.75, 6.5, 5.5 ], "texture": "#bolt_cutter" },
				"west": { "uv": [ 6.5, 4.75, 6.75, 5.5 ], "texture": "#bolt_cutter" },
				"east": { "uv": [ 6.75, 4.75, 6.5, 5.5 ], "texture": "#bolt_cutter" }
			}
		},
		{
			"__comment": "bolt_cutter15",
			"from": [ 7.5, 11.5, 4.5 ],
			"to": [ 8.5, 13, 5 ],
			"faces": {
				"down": { "uv": [ 6.25, 6, 6.5, 6.25 ], "texture": "#bolt_cutter", "rotation": 270 },
				"up": { "uv": [ 6.25, 5.75, 6.5, 5.5 ], "texture": "#bolt_cutter", "rotation": 90 },
				"north": { "uv": [ 6.25, 5.5, 6.5, 6.25 ], "texture": "#bolt_cutter" },
				"south": { "uv": [ 6.5, 5.5, 6.25, 6.25 ], "texture": "#bolt_cutter" },
				"west": { "uv": [ 6.25, 5.5, 6.5, 6.25 ], "texture": "#bolt_cutter" },
				"east": { "uv": [ 6.5, 5.5, 6.25, 6.25 ], "texture": "#bolt_cutter" }
			}
		},
		{
			"__comment": "bolt_cutter16",
			"from": [ 7.5, 10, 4 ],
			"to": [ 8.5, 11.5, 4.5 ],
			"faces": {
				"down": { "uv": [ 6, 6.75, 6.25, 7 ], "texture": "#bolt_cutter", "rotation": 270 },
				"up": { "uv": [ 6, 6.5, 6.25, 6.25 ], "texture": "#bolt_cutter", "rotation": 90 },
				"north": { "uv": [ 6, 6.25, 6.25, 7 ], "texture": "#bolt_cutter" },
				"south": { "uv": [ 6.25, 6.25, 6, 7 ], "texture": "#bolt_cutter" },
				"west": { "uv": [ 6, 6.25, 6.25, 7 ], "texture": "#bolt_cutter" },
				"east": { "uv": [ 6.25, 6.25, 6, 7 ], "texture": "#bolt_cutter" }
			}
		},
		{
			"__comment": "bolt_cutter17",
			"from": [ 7.5, 8.5, 3.5 ],
			"to": [ 8.5, 10, 4 ],
			"faces": {
				"down": { "uv": [ 5.75, 7.5, 6, 7.75 ], "texture": "#bolt_cutter", "rotation": 270 },
				"up": { "uv": [ 5.75, 7.25, 6, 7 ], "texture": "#bolt_cutter", "rotation": 90 },
				"north": { "uv": [ 5.75, 7, 6, 7.75 ], "texture": "#bolt_cutter" },
				"south": { "uv": [ 6, 7, 5.75, 7.75 ], "texture": "#bolt_cutter" },
				"west": { "uv": [ 5.75, 7, 6, 7.75 ], "texture": "#bolt_cutter" },
				"east": { "uv": [ 6, 7, 5.75, 7.75 ], "texture": "#bolt_cutter" }
			}
		},
		{
			"__comment": "bolt_cutter18",
			"from": [ 7.5, 7, 3 ],
			"to": [ 8.5, 8.5, 3.5 ],
			"faces": {
				"down": { "uv": [ 5.5, 8.25, 5.75, 8.5 ], "texture": "#bolt_cutter", "rotation": 270 },
				"up": { "uv": [ 5.5, 8, 5.75, 7.75 ], "texture": "#bolt_cutter", "rotation": 90 },
				"north": { "uv": [ 5.5, 7.75, 5.75, 8.5 ], "texture": "#bolt_cutter" },
				"south": { "uv": [ 5.75, 7.75, 5.5, 8.5 ], "texture": "#bolt_cutter" },
				"west": { "uv": [ 5.5, 7.75, 5.75, 8.5 ], "texture": "#bolt_cutter" },
				"east": { "uv": [ 5.75, 7.75, 5.5, 8.5 ], "texture": "#bolt_cutter" }
			}
		},
		{
			"__comment": "bolt_cutter19",
			"from": [ 7.5, 5.5, 2.5 ],
			"to": [ 8.5, 7, 3 ],
			"faces": {
				"down": { "uv": [ 5.25, 9, 5.5, 9.25 ], "texture": "#bolt_cutter", "rotation": 270 },
				"up": { "uv": [ 5.25, 8.75, 5.5, 8.5 ], "texture": "#bolt_cutter", "rotation": 90 },
				"north": { "uv": [ 5.25, 8.5, 5.5, 9.25 ], "texture": "#bolt_cutter" },
				"south": { "uv": [ 5.5, 8.5, 5.25, 9.25 ], "texture": "#bolt_cutter" },
				"west": { "uv": [ 5.25, 8.5, 5.5, 9.25 ], "texture": "#bolt_cutter" },
				"east": { "uv": [ 5.5, 8.5, 5.25, 9.25 ], "texture": "#bolt_cutter" }
			}
		},
		{
			"__comment": "bolt_cutter20",
			"from": [ 7.5, 4, 2 ],
			"to": [ 8.5, 5.5, 2.5 ],
			"faces": {
				"down": { "uv": [ 5, 9.75, 5.25, 10 ], "texture": "#bolt_cutter", "rotation": 270 },
				"up": { "uv": [ 5, 9.5, 5.25, 9.25 ], "texture": "#bolt_cutter", "rotation": 90 },
				"north": { "uv": [ 5, 9.25, 5.25, 10 ], "texture": "#bolt_cutter" },
				"south": { "uv": [ 5.25, 9.25, 5, 10 ], "texture": "#bolt_cutter" },
				"west": { "uv": [ 5, 9.25, 5.25, 10 ], "texture": "#bolt_cutter" },
				"east": { "uv": [ 5.25, 9.25, 5, 10 ], "texture": "#bolt_cutter" }
			}
		},
		{
			"__comment": "bolt_cutter21",
			"from": [ 7.5, 2.5, 1.5 ],
			"to": [ 8.5, 4, 2 ],
			"faces": {
				"down": { "uv": [ 4.75, 10.5, 5, 10.75 ], "texture": "#bolt_cutter", "rotation": 270 },
				"up": { "uv": [ 4.75, 10.25, 5, 10 ], "texture": "#bolt_cutter", "rotation": 90 },
				"north": { "uv": [ 4.75, 10, 5, 10.75 ], "texture": "#bolt_cutter" },
				"south": { "uv": [ 5, 10, 4.75, 10.75 ], "texture": "#bolt_cutter" },
				"west": { "uv": [ 4.75, 10, 5, 10.75 ], "texture": "#bolt_cutter" },
				"east": { "uv": [ 5, 10, 4.75, 10.75 ], "texture": "#bolt_cutter" }
			}
		},
		{
			"__comment": "bolt_cutter22",
			"from": [ 7.5, 1, 1 ],
			"to": [ 8.5, 2.5, 1.5 ],
			"faces": {
				"down": { "uv": [ 4.5, 11.25, 4.75, 11.5 ], "texture": "#bolt_cutter", "rotation": 270 },
				"up": { "uv": [ 4.5, 11, 4.75, 10.75 ], "texture": "#bolt_cutter", "rotation": 90 },
				"north": { "uv": [ 4.5, 10.75, 4.75, 11.5 ], "texture": "#bolt_cutter" },
				"south": { "uv": [ 4.75, 10.75, 4.5, 11.5 ], "texture": "#bolt_cutter" },
				"west": { "uv": [ 4.5, 10.75, 4.75, 11.5 ], "texture": "#bolt_cutter" },
				"east": { "uv": [ 4.75, 10.75, 4.5, 11.5 ], "texture": "#bolt_cutter" }
			}
		},
		{
			"__comment": "bolt_cutter23",
			"from": [ 7.5, -0.5, 0.5 ],
			"to": [ 8.5, 1, 1 ],
			"faces": {
				"down": { "uv": [ 4.25, 12, 4.5, 12.25 ], "texture": "#bolt_cutter", "rotation": 270 },
				"up": { "uv": [ 4.25, 11.75, 4.5, 11.5 ], "texture": "#bolt_cutter", "rotation": 90 },
				"north": { "uv": [ 4.25, 11.5, 4.5, 12.25 ], "texture": "#bolt_cutter" },
				"south": { "uv": [ 4.5, 11.5, 4.25, 12.25 ], "texture": "#bolt_cutter" },
				"west": { "uv": [ 4.25, 11.5, 4.5, 12.25 ], "texture": "#bolt_cutter" },
				"east": { "uv": [ 4.5, 11.5, 4.25, 12.25 ], "texture": "#bolt_cutter" }
			}
		},
		{
			"__comment": "bolt_cutter24",
			"from": [ 7.5, -2, 0 ],
			"to": [ 8.5, -0.5, 0.5 ],
			"faces": {
				"down": { "uv": [ 4, 12.75, 4.25, 13 ], "texture": "#bolt_cutter", "rotation": 270 },
				"up": { "uv": [ 4, 12.5, 4.25, 12.25 ], "texture": "#bolt_cutter", "rotation": 90 },
				"north": { "uv": [ 4, 12.25, 4.25, 13 ], "texture": "#bolt_cutter" },
				"south": { "uv": [ 4.25, 12.25, 4, 13 ], "texture": "#bolt_cutter" },
				"west": { "uv": [ 4, 12.25, 4.25, 13 ], "texture": "#bolt_cutter" },
				"east": { "uv": [ 4.25, 12.25, 4, 13 ], "texture": "#bolt_cutter" }
			}
		},
		{
			"__comment": "bolt_cutter25",
			"from": [ 7.5, -3.5, -0.5 ],
			"to": [ 8.5, -2, 0 ],
			"faces": {
				"down": { "uv": [ 3.75, 13.5, 4, 13.75 ], "texture": "#bolt_cutter", "rotation": 270 },
				"up": { "uv": [ 3.75, 13.25, 4, 13 ], "texture": "#bolt_cutter", "rotation": 90 },
				"north": { "uv": [ 3.75, 13, 4, 13.75 ], "texture": "#bolt_cutter" },
				"south": { "uv": [ 4, 13, 3.75, 13.75 ], "texture": "#bolt_cutter" },
				"west": { "uv": [ 3.75, 13, 4, 13.75 ], "texture": "#bolt_cutter" },
				"east": { "uv": [ 4, 13, 3.75, 13.75 ], "texture": "#bolt_cutter" }
			}
		},
		{
			"__comment": "bolt_cutter26",
			"from": [ 7.5, -5, -1 ],
			"to": [ 8.5, -3.5, -0.5 ],
			"faces": {
				"down": { "uv": [ 3.5, 14.25, 3.75, 14.5 ], "texture": "#bolt_cutter", "rotation": 270 },
				"up": { "uv": [ 3.5, 14, 3.75, 13.75 ], "texture": "#bolt_cutter", "rotation": 90 },
				"north": { "uv": [ 3.5, 13.75, 3.75, 14.5 ], "texture": "#bolt_cutter" },
				"south": { "uv": [ 3.75, 13.75, 3.5, 14.5 ], "texture": "#bolt_cutter" },
				"west": { "uv": [ 3.5, 13.75, 3.75, 14.5 ], "texture": "#bolt_cutter" },
				"east": { "uv": [ 3.75, 13.75, 3.5, 14.5 ], "texture": "#bolt_cutter" }
			}
		},
		{
			"__comment": "bolt_cutter27",
			"from": [ 7.5, -6.5, -1.5 ],
			"to": [ 8.5, -5, -1 ],
			"faces": {
				"down": { "uv": [ 3.25, 15, 3.5, 15.25 ], "texture": "#bolt_cutter", "rotation": 270 },
				"up": { "uv": [ 3.25, 14.75, 3.5, 14.5 ], "texture": "#bolt_cutter", "rotation": 90 },
				"north": { "uv": [ 3.25, 14.5, 3.5, 15.25 ], "texture": "#bolt_cutter" },
				"south": { "uv": [ 3.5, 14.5, 3.25, 15.25 ], "texture": "#bolt_cutter" },
				"west": { "uv": [ 3.25, 14.5, 3.5, 15.25 ], "texture": "#bolt_cutter" },
				"east": { "uv": [ 3.5, 14.5, 3.25, 15.25 ], "texture": "#bolt_cutter" }
			}
		},
		{
			"__comment": "bolt_cutter28",
			"from": [ 7.5, -7.5, -2 ],
			"to": [ 8.5, -6.5, -1.5 ],
			"faces": {
				"down": { "uv": [ 3, 15.5, 3.25, 15.75 ], "texture": "#bolt_cutter", "rotation": 270 },
				"up": { "uv": [ 3, 15.5, 3.25, 15.25 ], "texture": "#bolt_cutter", "rotation": 90 },
				"north": { "uv": [ 3, 15.25, 3.25, 15.75 ], "texture": "#bolt_cutter" },
				"south": { "uv": [ 3.25, 15.25, 3, 15.75 ], "texture": "#bolt_cutter" },
				"west": { "uv": [ 3, 15.25, 3.25, 15.75 ], "texture": "#bolt_cutter" },
				"east": { "uv": [ 3.25, 15.25, 3, 15.75 ], "texture": "#bolt_cutter" }
			}
		},
		{
			"__comment": "bolt_cutter29",
			"from": [ 7.5, -8, -1.5 ],
			"to": [ 8.5, -7.5, -0.5 ],
			"faces": {
				"down": { "uv": [ 3.25, 15.75, 3.75, 16 ], "texture": "#bolt_cutter", "rotation": 270 },
				"up": { "uv": [ 3.25, 16, 3.75, 15.75 ], "texture": "#bolt_cutter", "rotation": 90 },
				"north": { "uv": [ 3.25, 15.75, 3.5, 16 ], "texture": "#bolt_cutter" },
				"south": { "uv": [ 3.75, 15.75, 3.5, 16 ], "texture": "#bolt_cutter" },
				"west": { "uv": [ 3.25, 15.75, 3.75, 16 ], "texture": "#bolt_cutter" },
				"east": { "uv": [ 3.75, 15.75, 3.25, 16 ], "texture": "#bolt_cutter" }
			}
		},
		{
			"__comment": "bolt_cutter30",
			"from": [ 7.5, -7.5, -0.5 ],
			"to": [ 8.5, -6.5, 0 ],
			"faces": {
				"down": { "uv": [ 3.75, 15.5, 4, 15.75 ], "texture": "#bolt_cutter", "rotation": 270 },
				"up": { "uv": [ 3.75, 15.5, 4, 15.25 ], "texture": "#bolt_cutter", "rotation": 90 },
				"north": { "uv": [ 3.75, 15.25, 4, 15.75 ], "texture": "#bolt_cutter" },
				"south": { "uv": [ 4, 15.25, 3.75, 15.75 ], "texture": "#bolt_cutter" },
				"west": { "uv": [ 3.75, 15.25, 4, 15.75 ], "texture": "#bolt_cutter" },
				"east": { "uv": [ 4, 15.25, 3.75, 15.75 ], "texture": "#bolt_cutter" }
			}
		},
		{
			"__comment": "bolt_cutter31",
			"from": [ 7.5, -6.5, 0 ],
			"to": [ 8.5, -5, 0.5 ],
			"faces": {
				"down": { "uv": [ 4, 15, 4.25, 15.25 ], "texture": "#bolt_cutter", "rotation": 270 },
				"up": { "uv": [ 4, 14.75, 4.25, 14.5 ], "texture": "#bolt_cutter", "rotation": 90 },
				"north": { "uv": [ 4, 14.5, 4.25, 15.25 ], "texture": "#bolt_cutter" },
				"south": { "uv": [ 4.25, 14.5, 4, 15.25 ], "texture": "#bolt_cutter" },
				"west": { "uv": [ 4, 14.5, 4.25, 15.25 ], "texture": "#bolt_cutter" },
				"east": { "uv": [ 4.25, 14.5, 4, 15.25 ], "texture": "#bolt_cutter" }
			}
		},
		{
			"__comment": "bolt_cutter32",
			"from": [ 7.5, -5, 0.5 ],
			"to": [ 8.5, -3.5, 1 ],
			"faces": {
				"down": { "uv": [ 4.25, 14.25, 4.5, 14.5 ], "texture": "#bolt_cutter", "rotation": 270 },
				"up": { "uv": [ 4.25, 14, 4.5, 13.75 ], "texture": "#bolt_cutter", "rotation": 90 },
				"north": { "uv": [ 4.25, 13.75, 4.5, 14.5 ], "texture": "#bolt_cutter" },
				"south": { "uv": [ 4.5, 13.75, 4.25, 14.5 ], "texture": "#bolt_cutter" },
				"west": { "uv": [ 4.25, 13.75, 4.5, 14.5 ], "texture": "#bolt_cutter" },
				"east": { "uv": [ 4.5, 13.75, 4.25, 14.5 ], "texture": "#bolt_cutter" }
			}
		},
		{
			"__comment": "bolt_cutter33",
			"from": [ 7.5, -3.5, 1 ],
			"to": [ 8.5, -2, 1.5 ],
			"faces": {
				"down": { "uv": [ 4.5, 13.5, 4.75, 13.75 ], "texture": "#bolt_cutter", "rotation": 270 },
				"up": { "uv": [ 4.5, 13.25, 4.75, 13 ], "texture": "#bolt_cutter", "rotation": 90 },
				"north": { "uv": [ 4.5, 13, 4.75, 13.75 ], "texture": "#bolt_cutter" },
				"south": { "uv": [ 4.75, 13, 4.5, 13.75 ], "texture": "#bolt_cutter" },
				"west": { "uv": [ 4.5, 13, 4.75, 13.75 ], "texture": "#bolt_cutter" },
				"east": { "uv": [ 4.75, 13, 4.5, 13.75 ], "texture": "#bolt_cutter" }
			}
		},
		{
			"__comment": "bolt_cutter34",
			"from": [ 7.5, -2, 1.5 ],
			"to": [ 8.5, -0.5, 2 ],
			"faces": {
				"down": { "uv": [ 4.75, 12.75, 5, 13 ], "texture": "#bolt_cutter", "rotation": 270 },
				"up": { "uv": [ 4.75, 12.5, 5, 12.25 ], "texture": "#bolt_cutter", "rotation": 90 },
				"north": { "uv": [ 4.75, 12.25, 5, 13 ], "texture": "#bolt_cutter" },
				"south": { "uv": [ 5, 12.25, 4.75, 13 ], "texture": "#bolt_cutter" },
				"west": { "uv": [ 4.75, 12.25, 5, 13 ], "texture": "#bolt_cutter" },
				"east": { "uv": [ 5, 12.25, 4.75, 13 ], "texture": "#bolt_cutter" }
			}
		},
		{
			"__comment": "bolt_cutter35",
			"from": [ 7.5, -0.5, 2 ],
			"to": [ 8.5, 1, 2.5 ],
			"faces": {
				"down": { "uv": [ 5, 12, 5.25, 12.25 ], "texture": "#bolt_cutter", "rotation": 270 },
				"up": { "uv": [ 5, 11.75, 5.25, 11.5 ], "texture": "#bolt_cutter", "rotation": 90 },
				"north": { "uv": [ 5, 11.5, 5.25, 12.25 ], "texture": "#bolt_cutter" },
				"south": { "uv": [ 5.25, 11.5, 5, 12.25 ], "texture": "#bolt_cutter" },
				"west": { "uv": [ 5, 11.5, 5.25, 12.25 ], "texture": "#bolt_cutter" },
				"east": { "uv": [ 5.25, 11.5, 5, 12.25 ], "texture": "#bolt_cutter" }
			}
		},
		{
			"__comment": "bolt_cutter36",
			"from": [ 7.5, 1, 2.5 ],
			"to": [ 8.5, 2.5, 3 ],
			"faces": {
				"down": { "uv": [ 5.25, 11.25, 5.5, 11.5 ], "texture": "#bolt_cutter", "rotation": 270 },
				"up": { "uv": [ 5.25, 11, 5.5, 10.75 ], "texture": "#bolt_cutter", "rotation": 90 },
				"north": { "uv": [ 5.25, 10.75, 5.5, 11.5 ], "texture": "#bolt_cutter" },
				"south": { "uv": [ 5.5, 10.75, 5.25, 11.5 ], "texture": "#bolt_cutter" },
				"west": { "uv": [ 5.25, 10.75, 5.5, 11.5 ], "texture": "#bolt_cutter" },
				"east": { "uv": [ 5.5, 10.75, 5.25, 11.5 ], "texture": "#bolt_cutter" }
			}
		},
		{
			"__comment": "bolt_cutter37",
			"from": [ 7.5, 2.5, 3 ],
			"to": [ 8.5, 4, 3.5 ],
			"faces": {
				"down": { "uv": [ 5.5, 10.5, 5.75, 10.75 ], "texture": "#bolt_cutter", "rotation": 270 },
				"up": { "uv": [ 5.5, 10.25, 5.75, 10 ], "texture": "#bolt_cutter", "rotation": 90 },
				"north": { "uv": [ 5.5, 10, 5.75, 10.75 ], "texture": "#bolt_cutter" },
				"south": { "uv": [ 5.75, 10, 5.5, 10.75 ], "texture": "#bolt_cutter" },
				"west": { "uv": [ 5.5, 10, 5.75, 10.75 ], "texture": "#bolt_cutter" },
				"east": { "uv": [ 5.75, 10, 5.5, 10.75 ], "texture": "#bolt_cutter" }
			}
		},
		{
			"__comment": "bolt_cutter38",
			"from": [ 7.5, 4, 3.5 ],
			"to": [ 8.5, 5.5, 4 ],
			"faces": {
				"down": { "uv": [ 5.75, 9.75, 6, 10 ], "texture": "#bolt_cutter", "rotation": 270 },
				"up": { "uv": [ 5.75, 9.5, 6, 9.25 ], "texture": "#bolt_cutter", "rotation": 90 },
				"north": { "uv": [ 5.75, 9.25, 6, 10 ], "texture": "#bolt_cutter" },
				"south": { "uv": [ 6, 9.25, 5.75, 10 ], "texture": "#bolt_cutter" },
				"west": { "uv": [ 5.75, 9.25, 6, 10 ], "texture": "#bolt_cutter" },
				"east": { "uv": [ 6, 9.25, 5.75, 10 ], "texture": "#bolt_cutter" }
			}
		},
		{
			"__comment": "bolt_cutter39",
			"from": [ 7.5, 5.5, 4 ],
			"to": [ 8.5, 7, 4.5 ],
			"faces": {
				"down": { "uv": [ 6, 9, 6.25, 9.25 ], "texture": "#bolt_cutter", "rotation": 270 },
				"up": { "uv": [ 6, 8.75, 6.25, 8.5 ], "texture": "#bolt_cutter", "rotation": 90 },
				"north": { "uv": [ 6, 8.5, 6.25, 9.25 ], "texture": "#bolt_cutter" },
				"south": { "uv": [ 6.25, 8.5, 6, 9.25 ], "texture": "#bolt_cutter" },
				"west": { "uv": [ 6, 8.5, 6.25, 9.25 ], "texture": "#bolt_cutter" },
				"east": { "uv": [ 6.25, 8.5, 6, 9.25 ], "texture": "#bolt_cutter" }
			}
		},
		{
			"__comment": "bolt_cutter40",
			"from": [ 7.5, 7, 4.5 ],
			"to": [ 8.5, 8.5, 5 ],
			"faces": {
				"down": { "uv": [ 6.25, 8.25, 6.5, 8.5 ], "texture": "#bolt_cutter", "rotation": 270 },
				"up": { "uv": [ 6.25, 8, 6.5, 7.75 ], "texture": "#bolt_cutter", "rotation": 90 },
				"north": { "uv": [ 6.25, 7.75, 6.5, 8.5 ], "texture": "#bolt_cutter" },
				"south": { "uv": [ 6.5, 7.75, 6.25, 8.5 ], "texture": "#bolt_cutter" },
				"west": { "uv": [ 6.25, 7.75, 6.5, 8.5 ], "texture": "#bolt_cutter" },
				"east": { "uv": [ 6.5, 7.75, 6.25, 8.5 ], "texture": "#bolt_cutter" }
			}
		},
		{
			"__comment": "bolt_cutter41",
			"from": [ 7.5, 8.5, 5 ],
			"to": [ 8.5, 10, 5.5 ],
			"faces": {
				"down": { "uv": [ 6.5, 7.5, 6.75, 7.75 ], "texture": "#bolt_cutter", "rotation": 270 },
				"up": { "uv": [ 6.5, 7.25, 6.75, 7 ], "texture": "#bolt_cutter", "rotation": 90 },
				"north": { "uv": [ 6.5, 7, 6.75, 7.75 ], "texture": "#bolt_cutter" },
				"south": { "uv": [ 6.75, 7, 6.5, 7.75 ], "texture": "#bolt_cutter" },
				"west": { "uv": [ 6.5, 7, 6.75, 7.75 ], "texture": "#bolt_cutter" },
				"east": { "uv": [ 6.75, 7, 6.5, 7.75 ], "texture": "#bolt_cutter" }
			}
		},
		{
			"__comment": "bolt_cutter42",
			"from": [ 7.5, 14.5, 7 ],
			"to": [ 8.5, 16, 7.5 ],
			"faces": {
				"down": { "uv": [ 7.5, 4.5, 7.75, 4.75 ], "texture": "#bolt_cutter", "rotation": 270 },
				"up": { "uv": [ 7.5, 4.25, 7.75, 4 ], "texture": "#bolt_cutter", "rotation": 90 },
				"north": { "uv": [ 7.5, 4, 7.75, 4.75 ], "texture": "#bolt_cutter" },
				"south": { "uv": [ 7.75, 4, 7.5, 4.75 ], "texture": "#bolt_cutter" },
				"west": { "uv": [ 7.5, 4, 7.75, 4.75 ], "texture": "#bolt_cutter" },
				"east": { "uv": [ 7.75, 4, 7.5, 4.75 ], "texture": "#bolt_cutter" }
			}
		},
		{
			"__comment": "bolt_cutter43",
			"from": [ 7, 14.5, 6 ],
			"to": [ 9, 16, 7 ],
			"faces": {
				"down": { "uv": [ 7, 4.5, 7.5, 4.75 ], "texture": "#bolt_cutter", "rotation": 270 },
				"up": { "uv": [ 7, 4.25, 7.5, 4 ], "texture": "#bolt_cutter", "rotation": 90 },
				"north": { "uv": [ 7, 4, 7.25, 4.75 ], "texture": "#bolt_cutter" },
				"south": { "uv": [ 7.5, 4, 7.25, 4.75 ], "texture": "#bolt_cutter" },
				"west": { "uv": [ 7, 4, 7.5, 4.75 ], "texture": "#bolt_cutter" },
				"east": { "uv": [ 7.5, 4, 7, 4.75 ], "texture": "#bolt_cutter" }
			}
		},
		{
			"__comment": "bolt_cutter44",
			"from": [ 7, 11.5, 5 ],
			"to": [ 9, 13, 7 ],
			"faces": {
				"down": { "uv": [ 6.5, 6, 7.5, 6.25 ], "texture": "#bolt_cutter", "rotation": 270 },
				"up": { "uv": [ 6.5, 5.75, 7.5, 5.5 ], "texture": "#bolt_cutter", "rotation": 90 },
				"north": { "uv": [ 6.5, 5.5, 6.75, 6.25 ], "texture": "#bolt_cutter" },
				"south": { "uv": [ 7.5, 5.5, 7.25, 6.25 ], "texture": "#bolt_cutter" },
				"west": { "uv": [ 6.5, 5.5, 7.5, 6.25 ], "texture": "#bolt_cutter" },
				"east": { "uv": [ 7.5, 5.5, 6.5, 6.25 ], "texture": "#bolt_cutter" }
			}
		},
		{
			"__comment": "bolt_cutter45",
			"from": [ 7, 13, 5.5 ],
			"to": [ 9, 14.5, 7.5 ],
			"faces": {
				"down": { "uv": [ 6.75, 5.25, 7.75, 5.5 ], "texture": "#bolt_cutter", "rotation": 270 },
				"up": { "uv": [ 6.75, 5, 7.75, 4.75 ], "texture": "#bolt_cutter", "rotation": 90 },
				"north": { "uv": [ 6.75, 4.75, 7, 5.5 ], "texture": "#bolt_cutter" },
				"south": { "uv": [ 7.75, 4.75, 7.5, 5.5 ], "texture": "#bolt_cutter" },
				"west": { "uv": [ 6.75, 4.75, 7.75, 5.5 ], "texture": "#bolt_cutter" },
				"east": { "uv": [ 7.75, 4.75, 6.75, 5.5 ], "texture": "#bolt_cutter" }
			}
		},
		{
			"__comment": "bolt_cutter46",
			"from": [ 7, 10, 4.5 ],
			"to": [ 9, 11.5, 5.5 ],
			"faces": {
				"down": { "uv": [ 6.25, 6.75, 6.75, 7 ], "texture": "#bolt_cutter", "rotation": 270 },
				"up": { "uv": [ 6.25, 6.5, 6.75, 6.25 ], "texture": "#bolt_cutter", "rotation": 90 },
				"north": { "uv": [ 6.25, 6.25, 6.5, 7 ], "texture": "#bolt_cutter" },
				"south": { "uv": [ 6.75, 6.25, 6.5, 7 ], "texture": "#bolt_cutter" },
				"west": { "uv": [ 6.25, 6.25, 6.75, 7 ], "texture": "#bolt_cutter" },
				"east": { "uv": [ 6.75, 6.25, 6.25, 7 ], "texture": "#bolt_cutter" }
			}
		},
		{
			"__comment": "bolt_cutter47",
			"from": [ 7, 8.5, 4 ],
			"to": [ 9, 10, 5 ],
			"faces": {
				"down": { "uv": [ 6, 7.5, 6.5, 7.75 ], "texture": "#bolt_cutter", "rotation": 270 },
				"up": { "uv": [ 6, 7.25, 6.5, 7 ], "texture": "#bolt_cutter", "rotation": 90 },
				"north": { "uv": [ 6, 7, 6.25, 7.75 ], "texture": "#bolt_cutter" },
				"south": { "uv": [ 6.5, 7, 6.25, 7.75 ], "texture": "#bolt_cutter" },
				"west": { "uv": [ 6, 7, 6.5, 7.75 ], "texture": "#bolt_cutter" },
				"east": { "uv": [ 6.5, 7, 6, 7.75 ], "texture": "#bolt_cutter" }
			}
		},
		{
			"__comment": "bolt_cutter48",
			"from": [ 7, 7, 3.5 ],
			"to": [ 9, 8.5, 4.5 ],
			"faces": {
				"down": { "uv": [ 5.75, 8.25, 6.25, 8.5 ], "texture": "#bolt_cutter", "rotation": 270 },
				"up": { "uv": [ 5.75, 8, 6.25, 7.75 ], "texture": "#bolt_cutter", "rotation": 90 },
				"north": { "uv": [ 5.75, 7.75, 6, 8.5 ], "texture": "#bolt_cutter" },
				"south": { "uv": [ 6.25, 7.75, 6, 8.5 ], "texture": "#bolt_cutter" },
				"west": { "uv": [ 5.75, 7.75, 6.25, 8.5 ], "texture": "#bolt_cutter" },
				"east": { "uv": [ 6.25, 7.75, 5.75, 8.5 ], "texture": "#bolt_cutter" }
			}
		},
		{
			"__comment": "bolt_cutter49",
			"from": [ 7, 5.5, 3 ],
			"to": [ 9, 7, 4 ],
			"faces": {
				"down": { "uv": [ 5.5, 9, 6, 9.25 ], "texture": "#bolt_cutter", "rotation": 270 },
				"up": { "uv": [ 5.5, 8.75, 6, 8.5 ], "texture": "#bolt_cutter", "rotation": 90 },
				"north": { "uv": [ 5.5, 8.5, 5.75, 9.25 ], "texture": "#bolt_cutter" },
				"south": { "uv": [ 6, 8.5, 5.75, 9.25 ], "texture": "#bolt_cutter" },
				"west": { "uv": [ 5.5, 8.5, 6, 9.25 ], "texture": "#bolt_cutter" },
				"east": { "uv": [ 6, 8.5, 5.5, 9.25 ], "texture": "#bolt_cutter" }
			}
		},
		{
			"__comment": "bolt_cutter50",
			"from": [ 7, 4, 2.5 ],
			"to": [ 9, 5.5, 3.5 ],
			"faces": {
				"down": { "uv": [ 5.25, 9.75, 5.75, 10 ], "texture": "#bolt_cutter", "rotation": 270 },
				"up": { "uv": [ 5.25, 9.5, 5.75, 9.25 ], "texture": "#bolt_cutter", "rotation": 90 },
				"north": { "uv": [ 5.25, 9.25, 5.5, 10 ], "texture": "#bolt_cutter" },
				"south": { "uv": [ 5.75, 9.25, 5.5, 10 ], "texture": "#bolt_cutter" },
				"west": { "uv": [ 5.25, 9.25, 5.75, 10 ], "texture": "#bolt_cutter" },
				"east": { "uv": [ 5.75, 9.25, 5.25, 10 ], "texture": "#bolt_cutter" }
			}
		},
		{
			"__comment": "bolt_cutter51",
			"from": [ 7, 2.5, 2 ],
			"to": [ 9, 4, 3 ],
			"faces": {
				"down": { "uv": [ 5, 10.5, 5.5, 10.75 ], "texture": "#bolt_cutter", "rotation": 270 },
				"up": { "uv": [ 5, 10.25, 5.5, 10 ], "texture": "#bolt_cutter", "rotation": 90 },
				"north": { "uv": [ 5, 10, 5.25, 10.75 ], "texture": "#bolt_cutter" },
				"south": { "uv": [ 5.5, 10, 5.25, 10.75 ], "texture": "#bolt_cutter" },
				"west": { "uv": [ 5, 10, 5.5, 10.75 ], "texture": "#bolt_cutter" },
				"east": { "uv": [ 5.5, 10, 5, 10.75 ], "texture": "#bolt_cutter" }
			}
		},
		{
			"__comment": "bolt_cutter52",
			"from": [ 7, 1, 1.5 ],
			"to": [ 9, 2.5, 2.5 ],
			"faces": {
				"down": { "uv": [ 4.75, 11.25, 5.25, 11.5 ], "texture": "#bolt_cutter", "rotation": 270 },
				"up": { "uv": [ 4.75, 11, 5.25, 10.75 ], "texture": "#bolt_cutter", "rotation": 90 },
				"north": { "uv": [ 4.75, 10.75, 5, 11.5 ], "texture": "#bolt_cutter" },
				"south": { "uv": [ 5.25, 10.75, 5, 11.5 ], "texture": "#bolt_cutter" },
				"west": { "uv": [ 4.75, 10.75, 5.25, 11.5 ], "texture": "#bolt_cutter" },
				"east": { "uv": [ 5.25, 10.75, 4.75, 11.5 ], "texture": "#bolt_cutter" }
			}
		},
		{
			"__comment": "bolt_cutter53",
			"from": [ 7, -0.5, 1 ],
			"to": [ 9, 1, 2 ],
			"faces": {
				"down": { "uv": [ 4.5, 12, 5, 12.25 ], "texture": "#bolt_cutter", "rotation": 270 },
				"up": { "uv": [ 4.5, 11.75, 5, 11.5 ], "texture": "#bolt_cutter", "rotation": 90 },
				"north": { "uv": [ 4.5, 11.5, 4.75, 12.25 ], "texture": "#bolt_cutter" },
				"south": { "uv": [ 5, 11.5, 4.75, 12.25 ], "texture": "#bolt_cutter" },
				"west": { "uv": [ 4.5, 11.5, 5, 12.25 ], "texture": "#bolt_cutter" },
				"east": { "uv": [ 5, 11.5, 4.5, 12.25 ], "texture": "#bolt_cutter" }
			}
		},
		{
			"__comment": "bolt_cutter54",
			"from": [ 7, -2, 0.5 ],
			"to": [ 9, -0.5, 1.5 ],
			"faces": {
				"down": { "uv": [ 4.25, 12.75, 4.75, 13 ], "texture": "#bolt_cutter", "rotation": 270 },
				"up": { "uv": [ 4.25, 12.5, 4.75, 12.25 ], "texture": "#bolt_cutter", "rotation": 90 },
				"north": { "uv": [ 4.25, 12.25, 4.5, 13 ], "texture": "#bolt_cutter" },
				"south": { "uv": [ 4.75, 12.25, 4.5, 13 ], "texture": "#bolt_cutter" },
				"west": { "uv": [ 4.25, 12.25, 4.75, 13 ], "texture": "#bolt_cutter" },
				"east": { "uv": [ 4.75, 12.25, 4.25, 13 ], "texture": "#bolt_cutter" }
			}
		},
		{
			"__comment": "bolt_cutter55",
			"from": [ 7, -3.5, 0 ],
			"to": [ 9, -2, 1 ],
			"faces": {
				"down": { "uv": [ 4, 13.5, 4.5, 13.75 ], "texture": "#bolt_cutter", "rotation": 270 },
				"up": { "uv": [ 4, 13.25, 4.5, 13 ], "texture": "#bolt_cutter", "rotation": 90 },
				"north": { "uv": [ 4, 13, 4.25, 13.75 ], "texture": "#bolt_cutter" },
				"south": { "uv": [ 4.5, 13, 4.25, 13.75 ], "texture": "#bolt_cutter" },
				"west": { "uv": [ 4, 13, 4.5, 13.75 ], "texture": "#bolt_cutter" },
				"east": { "uv": [ 4.5, 13, 4, 13.75 ], "texture": "#bolt_cutter" }
			}
		},
		{
			"__comment": "bolt_cutter56",
			"from": [ 7, -5, -0.5 ],
			"to": [ 9, -3.5, 0.5 ],
			"faces": {
				"down": { "uv": [ 3.75, 14.25, 4.25, 14.5 ], "texture": "#bolt_cutter", "rotation": 270 },
				"up": { "uv": [ 3.75, 14, 4.25, 13.75 ], "texture": "#bolt_cutter", "rotation": 90 },
				"north": { "uv": [ 3.75, 13.75, 4, 14.5 ], "texture": "#bolt_cutter" },
				"south": { "uv": [ 4.25, 13.75, 4, 14.5 ], "texture": "#bolt_cutter" },
				"west": { "uv": [ 3.75, 13.75, 4.25, 14.5 ], "texture": "#bolt_cutter" },
				"east": { "uv": [ 4.25, 13.75, 3.75, 14.5 ], "texture": "#bolt_cutter" }
			}
		},
		{
			"__comment": "bolt_cutter57",
			"from": [ 7, -6.5, -1 ],
			"to": [ 9, -5, 0 ],
			"faces": {
				"down": { "uv": [ 3.5, 15, 4, 15.25 ], "texture": "#bolt_cutter", "rotation": 270 },
				"up": { "uv": [ 3.5, 14.75, 4, 14.5 ], "texture": "#bolt_cutter", "rotation": 90 },
				"north": { "uv": [ 3.5, 14.5, 3.75, 15.25 ], "texture": "#bolt_cutter" },
				"south": { "uv": [ 4, 14.5, 3.75, 15.25 ], "texture": "#bolt_cutter" },
				"west": { "uv": [ 3.5, 14.5, 4, 15.25 ], "texture": "#bolt_cutter" },
				"east": { "uv": [ 4, 14.5, 3.5, 15.25 ], "texture": "#bolt_cutter" }
			}
		},
		{
			"__comment": "bolt_cutter58",
			"from": [ 7, -7.5, -1.5 ],
			"to": [ 9, -6.5, -0.5 ],
			"faces": {
				"down": { "uv": [ 3.25, 15.5, 3.75, 15.75 ], "texture": "#bolt_cutter", "rotation": 270 },
				"up": { "uv": [ 3.25, 15.5, 3.75, 15.25 ], "texture": "#bolt_cutter", "rotation": 90 },
				"north": { "uv": [ 3.25, 15.25, 3.5, 15.75 ], "texture": "#bolt_cutter" },
				"south": { "uv": [ 3.75, 15.25, 3.5, 15.75 ], "texture": "#bolt_cutter" },
				"west": { "uv": [ 3.25, 15.25, 3.75, 15.75 ], "texture": "#bolt_cutter" },
				"east": { "uv": [ 3.75, 15.25, 3.25, 15.75 ], "texture": "#bolt_cutter" }
			}
		},
		{
			"__comment": "bolt_cutter59",
			"from": [ 7, 12.5, 7 ],
			"to": [ 9, 13, 7.5 ],
			"faces": {
				"down": { "uv": [ 7.5, 5.5, 7.75, 5.75 ], "texture": "#bolt_cutter", "rotation": 270 },
				"up": { "uv": [ 7.5, 5.75, 7.75, 5.5 ], "texture": "#bolt_cutter", "rotation": 90 },
				"north": { "uv": [ 7.5, 5.5, 7.75, 5.75 ], "texture": "#bolt_cutter" },
				"south": { "uv": [ 7.75, 5.5, 7.5, 5.75 ], "texture": "#bolt_cutter" },
				"west": { "uv": [ 7.5, 5.5, 7.75, 5.75 ], "texture": "#bolt_cutter" },
				"east": { "uv": [ 7.75, 5.5, 7.5, 5.75 ], "texture": "#bolt_cutter" }
			}
		},
		{
			"__comment": "bolt_cutter60",
			"from": [ 7.5, 10, 5.5 ],
			"to": [ 8.5, 11, 6 ],
			"faces": {
				"down": { "uv": [ 6.75, 6.75, 7, 7 ], "texture": "#bolt_cutter", "rotation": 270 },
				"up": { "uv": [ 6.75, 6.75, 7, 6.5 ], "texture": "#bolt_cutter", "rotation": 90 },
				"north": { "uv": [ 6.75, 6.5, 7, 7 ], "texture": "#bolt_cutter" },
				"south": { "uv": [ 7, 6.5, 6.75, 7 ], "texture": "#bolt_cutter" },
				"west": { "uv": [ 6.75, 6.5, 7, 7 ], "texture": "#bolt_cutter" },
				"east": { "uv": [ 7, 6.5, 6.75, 7 ], "texture": "#bolt_cutter" }
			}
		},
		{
			"__comment": "bolt_cutter61",
			"from": [ 7, 11, 5.5 ],
			"to": [ 9, 11.5, 6.5 ],
			"faces": {
				"down": { "uv": [ 6.75, 6.25, 7.25, 6.5 ], "texture": "#bolt_cutter", "rotation": 270 },
				"up": { "uv": [ 6.75, 6.5, 7.25, 6.25 ], "texture": "#bolt_cutter", "rotation": 90 },
				"north": { "uv": [ 6.75, 6.25, 7, 6.5 ], "texture": "#bolt_cutter" },
				"south": { "uv": [ 7.25, 6.25, 7, 6.5 ], "texture": "#bolt_cutter" },
				"west": { "uv": [ 6.75, 6.25, 7.25, 6.5 ], "texture": "#bolt_cutter" },
				"east": { "uv": [ 7.25, 6.25, 6.75, 6.5 ], "texture": "#bolt_cutter" }
			}
		},
		{
			"__comment": "bolt_cutter62",
			"from": [ 7.5, 11.5, 7 ],
			"to": [ 8.5, 12.5, 8 ],
			"faces": {
				"down": { "uv": [ 7.5, 6, 8, 6.25 ], "texture": "#bolt_cutter", "rotation": 270 },
				"up": { "uv": [ 7.5, 6, 8, 5.75 ], "texture": "#bolt_cutter", "rotation": 90 },
				"north": { "uv": [ 7.5, 5.75, 7.75, 6.25 ], "texture": "#bolt_cutter" },
				"south": { "uv": [ 8, 5.75, 7.75, 6.25 ], "texture": "#bolt_cutter" },
				"west": { "uv": [ 7.5, 5.75, 8, 6.25 ], "texture": "#bolt_cutter" },
				"east": { "uv": [ 8, 5.75, 7.5, 6.25 ], "texture": "#bolt_cutter" }
			}
		},
		{
			"__comment": "bolt_cutter63",
			"from": [ 7.5, 13.5, 7.5 ],
			"to": [ 8.5, 14.5, 8 ],
			"faces": {
				"down": { "uv": [ 7.75, 5, 8, 5.25 ], "texture": "#bolt_cutter", "rotation": 270 },
				"up": { "uv": [ 7.75, 5, 8, 4.75 ], "texture": "#bolt_cutter", "rotation": 90 },
				"north": { "uv": [ 7.75, 4.75, 8, 5.25 ], "texture": "#bolt_cutter" },
				"south": { "uv": [ 8, 4.75, 7.75, 5.25 ], "texture": "#bolt_cutter" },
				"west": { "uv": [ 7.75, 4.75, 8, 5.25 ], "texture": "#bolt_cutter" },
				"east": { "uv": [ 8, 4.75, 7.75, 5.25 ], "texture": "#bolt_cutter" }
			}
		},
		{
			"__comment": "bolt_cutter64",
			"from": [ 7.5, 14.5, 7.5 ],
			"to": [ 8.5, 15, 8.5 ],
			"faces": {
				"down": { "uv": [ 7.75, 4.5, 8.25, 4.75 ], "texture": "#bolt_cutter", "rotation": 270 },
				"up": { "uv": [ 7.75, 4.75, 8.25, 4.5 ], "texture": "#bolt_cutter", "rotation": 90 },
				"north": { "uv": [ 7.75, 4.5, 8, 4.75 ], "texture": "#bolt_cutter" },
				"south": { "uv": [ 8.25, 4.5, 8, 4.75 ], "texture": "#bolt_cutter" },
				"west": { "uv": [ 7.75, 4.5, 8.25, 4.75 ], "texture": "#bolt_cutter" },
				"east": { "uv": [ 8.25, 4.5, 7.75, 4.75 ], "texture": "#bolt_cutter" }
			}
		},
		{
			"__comment": "bolt_cutter65",
			"from": [ 7.5, 14, 8.5 ],
			"to": [ 8.5, 14.5, 9 ],
			"faces": {
				"down": { "uv": [ 8.25, 4.75, 8.5, 5 ], "texture": "#bolt_cutter", "rotation": 270 },
				"up": { "uv": [ 8.25, 5, 8.5, 4.75 ], "texture": "#bolt_cutter", "rotation": 90 },
				"north": { "uv": [ 8.25, 4.75, 8.5, 5 ], "texture": "#bolt_cutter" },
				"south": { "uv": [ 8.5, 4.75, 8.25, 5 ], "texture": "#bolt_cutter" },
				"west": { "uv": [ 8.25, 4.75, 8.5, 5 ], "texture": "#bolt_cutter" },
				"east": { "uv": [ 8.5, 4.75, 8.25, 5 ], "texture": "#bolt_cutter" }
			}
		},
		{
			"__comment": "bolt_cutter66",
			"from": [ 7.5, 11.5, 9 ],
			"to": [ 8.5, 14.5, 9.5 ],
			"faces": {
				"down": { "uv": [ 8.5, 6, 8.75, 6.25 ], "texture": "#bolt_cutter", "rotation": 270 },
				"up": { "uv": [ 8.5, 5, 8.75, 4.75 ], "texture": "#bolt_cutter", "rotation": 90 },
				"north": { "uv": [ 8.5, 4.75, 8.75, 6.25 ], "texture": "#bolt_cutter" },
				"south": { "uv": [ 8.75, 4.75, 8.5, 6.25 ], "texture": "#bolt_cutter" },
				"west": { "uv": [ 8.5, 4.75, 8.75, 6.25 ], "texture": "#bolt_cutter" },
				"east": { "uv": [ 8.75, 4.75, 8.5, 6.25 ], "texture": "#bolt_cutter" }
			}
		},
		{
			"__comment": "bolt_cutter67",
			"from": [ 7.5, 11.5, 9 ],
			"to": [ 8.5, 14.5, 9.5 ],
			"faces": {
				"down": { "uv": [ 8.5, 6, 8.75, 6.25 ], "texture": "#bolt_cutter", "rotation": 270 },
				"up": { "uv": [ 8.5, 5, 8.75, 4.75 ], "texture": "#bolt_cutter", "rotation": 90 },
				"north": { "uv": [ 8.5, 4.75, 8.75, 6.25 ], "texture": "#bolt_cutter" },
				"south": { "uv": [ 8.75, 4.75, 8.5, 6.25 ], "texture": "#bolt_cutter" },
				"west": { "uv": [ 8.5, 4.75, 8.75, 6.25 ], "texture": "#bolt_cutter" },
				"east": { "uv": [ 8.75, 4.75, 8.5, 6.25 ], "texture": "#bolt_cutter" }
			}
		},
		{
			"__comment": "bolt_cutter68",
			"from": [ 7.5, 11.5, 8.5 ],
			"to": [ 8.5, 12.5, 9 ],
			"faces": {
				"down": { "uv": [ 8.25, 6, 8.5, 6.25 ], "texture": "#bolt_cutter", "rotation": 270 },
				"up": { "uv": [ 8.25, 6, 8.5, 5.75 ], "texture": "#bolt_cutter", "rotation": 90 },
				"north": { "uv": [ 8.25, 5.75, 8.5, 6.25 ], "texture": "#bolt_cutter" },
				"south": { "uv": [ 8.5, 5.75, 8.25, 6.25 ], "texture": "#bolt_cutter" },
				"west": { "uv": [ 8.25, 5.75, 8.5, 6.25 ], "texture": "#bolt_cutter" },
				"east": { "uv": [ 8.5, 5.75, 8.25, 6.25 ], "texture": "#bolt_cutter" }
			}
		},
		{
			"__comment": "bolt_cutter69",
			"from": [ 7.5, 14.5, 8.5 ],
			"to": [ 8.5, 16, 9 ],
			"faces": {
				"down": { "uv": [ 8.25, 4.5, 8.5, 4.75 ], "texture": "#bolt_cutter", "rotation": 270 },
				"up": { "uv": [ 8.25, 4.25, 8.5, 4 ], "texture": "#bolt_cutter", "rotation": 90 },
				"north": { "uv": [ 8.25, 4, 8.5, 4.75 ], "texture": "#bolt_cutter" },
				"south": { "uv": [ 8.5, 4, 8.25, 4.75 ], "texture": "#bolt_cutter" },
				"west": { "uv": [ 8.25, 4, 8.5, 4.75 ], "texture": "#bolt_cutter" },
				"east": { "uv": [ 8.5, 4, 8.25, 4.75 ], "texture": "#bolt_cutter" }
			}
		},
		{
			"__comment": "bolt_cutter70",
			"from": [ 7, 15, 7.5 ],
			"to": [ 9, 16, 8.5 ],
			"faces": {
				"down": { "uv": [ 7.75, 4.25, 8.25, 4.5 ], "texture": "#bolt_cutter", "rotation": 270 },
				"up": { "uv": [ 7.75, 4.25, 8.25, 4 ], "texture": "#bolt_cutter", "rotation": 90 },
				"north": { "uv": [ 7.75, 4, 8, 4.5 ], "texture": "#bolt_cutter" },
				"south": { "uv": [ 8.25, 4, 8, 4.5 ], "texture": "#bolt_cutter" },
				"west": { "uv": [ 7.75, 4, 8.25, 4.5 ], "texture": "#bolt_cutter" },
				"east": { "uv": [ 8.25, 4, 7.75, 4.5 ], "texture": "#bolt_cutter" }
			}
		},
		{
			"__comment": "bolt_cutter71",
			"from": [ 7.5, 14.5, 10 ],
			"to": [ 8.5, 16, 10.5 ],
			"faces": {
				"down": { "uv": [ 9, 4.5, 9.25, 4.75 ], "texture": "#bolt_cutter", "rotation": 270 },
				"up": { "uv": [ 9, 4.25, 9.25, 4 ], "texture": "#bolt_cutter", "rotation": 90 },
				"north": { "uv": [ 9, 4, 9.25, 4.75 ], "texture": "#bolt_cutter" },
				"south": { "uv": [ 9.25, 4, 9, 4.75 ], "texture": "#bolt_cutter" },
				"west": { "uv": [ 9, 4, 9.25, 4.75 ], "texture": "#bolt_cutter" },
				"east": { "uv": [ 9.25, 4, 9, 4.75 ], "texture": "#bolt_cutter" }
			}
		},
		{
			"__comment": "bolt_cutter72",
			"from": [ 7.5, 13, 10.5 ],
			"to": [ 8.5, 14.5, 11 ],
			"faces": {
				"down": { "uv": [ 9.25, 5.25, 9.5, 5.5 ], "texture": "#bolt_cutter", "rotation": 270 },
				"up": { "uv": [ 9.25, 5, 9.5, 4.75 ], "texture": "#bolt_cutter", "rotation": 90 },
				"north": { "uv": [ 9.25, 4.75, 9.5, 5.5 ], "texture": "#bolt_cutter" },
				"south": { "uv": [ 9.5, 4.75, 9.25, 5.5 ], "texture": "#bolt_cutter" },
				"west": { "uv": [ 9.25, 4.75, 9.5, 5.5 ], "texture": "#bolt_cutter" },
				"east": { "uv": [ 9.5, 4.75, 9.25, 5.5 ], "texture": "#bolt_cutter" }
			}
		},
		{
			"__comment": "bolt_cutter73",
			"from": [ 7.5, 11.5, 11 ],
			"to": [ 8.5, 13, 11.5 ],
			"faces": {
				"down": { "uv": [ 9.5, 6, 9.75, 6.25 ], "texture": "#bolt_cutter", "rotation": 270 },
				"up": { "uv": [ 9.5, 5.75, 9.75, 5.5 ], "texture": "#bolt_cutter", "rotation": 90 },
				"north": { "uv": [ 9.5, 5.5, 9.75, 6.25 ], "texture": "#bolt_cutter" },
				"south": { "uv": [ 9.75, 5.5, 9.5, 6.25 ], "texture": "#bolt_cutter" },
				"west": { "uv": [ 9.5, 5.5, 9.75, 6.25 ], "texture": "#bolt_cutter" },
				"east": { "uv": [ 9.75, 5.5, 9.5, 6.25 ], "texture": "#bolt_cutter" }
			}
		},
		{
			"__comment": "bolt_cutter74",
			"from": [ 7.5, 11, 9.5 ],
			"to": [ 8.5, 13, 10 ],
			"faces": {
				"down": { "uv": [ 8.75, 6.25, 9, 6.5 ], "texture": "#bolt_cutter", "rotation": 270 },
				"up": { "uv": [ 8.75, 5.75, 9, 5.5 ], "texture": "#bolt_cutter", "rotation": 90 },
				"north": { "uv": [ 8.75, 5.5, 9, 6.5 ], "texture": "#bolt_cutter" },
				"south": { "uv": [ 9, 5.5, 8.75, 6.5 ], "texture": "#bolt_cutter" },
				"west": { "uv": [ 8.75, 5.5, 9, 6.5 ], "texture": "#bolt_cutter" },
				"east": { "uv": [ 9, 5.5, 8.75, 6.5 ], "texture": "#bolt_cutter" }
			}
		},
		{
			"__comment": "bolt_cutter75",
			"from": [ 7.5, 10, 10 ],
			"to": [ 8.5, 11.5, 10.5 ],
			"faces": {
				"down": { "uv": [ 9, 6.75, 9.25, 7 ], "texture": "#bolt_cutter", "rotation": 270 },
				"up": { "uv": [ 9, 6.5, 9.25, 6.25 ], "texture": "#bolt_cutter", "rotation": 90 },
				"north": { "uv": [ 9, 6.25, 9.25, 7 ], "texture": "#bolt_cutter" },
				"south": { "uv": [ 9.25, 6.25, 9, 7 ], "texture": "#bolt_cutter" },
				"west": { "uv": [ 9, 6.25, 9.25, 7 ], "texture": "#bolt_cutter" },
				"east": { "uv": [ 9.25, 6.25, 9, 7 ], "texture": "#bolt_cutter" }
			}
		},
		{
			"__comment": "bolt_cutter76",
			"from": [ 7.5, 8.5, 10.5 ],
			"to": [ 8.5, 10, 11 ],
			"faces": {
				"down": { "uv": [ 9.25, 7.5, 9.5, 7.75 ], "texture": "#bolt_cutter", "rotation": 270 },
				"up": { "uv": [ 9.25, 7.25, 9.5, 7 ], "texture": "#bolt_cutter", "rotation": 90 },
				"north": { "uv": [ 9.25, 7, 9.5, 7.75 ], "texture": "#bolt_cutter" },
				"south": { "uv": [ 9.5, 7, 9.25, 7.75 ], "texture": "#bolt_cutter" },
				"west": { "uv": [ 9.25, 7, 9.5, 7.75 ], "texture": "#bolt_cutter" },
				"east": { "uv": [ 9.5, 7, 9.25, 7.75 ], "texture": "#bolt_cutter" }
			}
		},
		{
			"__comment": "bolt_cutter77",
			"from": [ 7.5, 10, 11.5 ],
			"to": [ 8.5, 11.5, 12 ],
			"faces": {
				"down": { "uv": [ 9.75, 6.75, 10, 7 ], "texture": "#bolt_cutter", "rotation": 270 },
				"up": { "uv": [ 9.75, 6.5, 10, 6.25 ], "texture": "#bolt_cutter", "rotation": 90 },
				"north": { "uv": [ 9.75, 6.25, 10, 7 ], "texture": "#bolt_cutter" },
				"south": { "uv": [ 10, 6.25, 9.75, 7 ], "texture": "#bolt_cutter" },
				"west": { "uv": [ 9.75, 6.25, 10, 7 ], "texture": "#bolt_cutter" },
				"east": { "uv": [ 10, 6.25, 9.75, 7 ], "texture": "#bolt_cutter" }
			}
		},
		{
			"__comment": "bolt_cutter78",
			"from": [ 7.5, 8.5, 12 ],
			"to": [ 8.5, 10, 12.5 ],
			"faces": {
				"down": { "uv": [ 10, 7.5, 10.25, 7.75 ], "texture": "#bolt_cutter", "rotation": 270 },
				"up": { "uv": [ 10, 7.25, 10.25, 7 ], "texture": "#bolt_cutter", "rotation": 90 },
				"north": { "uv": [ 10, 7, 10.25, 7.75 ], "texture": "#bolt_cutter" },
				"south": { "uv": [ 10.25, 7, 10, 7.75 ], "texture": "#bolt_cutter" },
				"west": { "uv": [ 10, 7, 10.25, 7.75 ], "texture": "#bolt_cutter" },
				"east": { "uv": [ 10.25, 7, 10, 7.75 ], "texture": "#bolt_cutter" }
			}
		},
		{
			"__comment": "bolt_cutter79",
			"from": [ 7.5, 7, 11 ],
			"to": [ 8.5, 8.5, 11.5 ],
			"faces": {
				"down": { "uv": [ 9.5, 8.25, 9.75, 8.5 ], "texture": "#bolt_cutter", "rotation": 270 },
				"up": { "uv": [ 9.5, 8, 9.75, 7.75 ], "texture": "#bolt_cutter", "rotation": 90 },
				"north": { "uv": [ 9.5, 7.75, 9.75, 8.5 ], "texture": "#bolt_cutter" },
				"south": { "uv": [ 9.75, 7.75, 9.5, 8.5 ], "texture": "#bolt_cutter" },
				"west": { "uv": [ 9.5, 7.75, 9.75, 8.5 ], "texture": "#bolt_cutter" },
				"east": { "uv": [ 9.75, 7.75, 9.5, 8.5 ], "texture": "#bolt_cutter" }
			}
		},
		{
			"__comment": "bolt_cutter80",
			"from": [ 7.5, 7, 12.5 ],
			"to": [ 8.5, 8.5, 13 ],
			"faces": {
				"down": { "uv": [ 10.25, 8.25, 10.5, 8.5 ], "texture": "#bolt_cutter", "rotation": 270 },
				"up": { "uv": [ 10.25, 8, 10.5, 7.75 ], "texture": "#bolt_cutter", "rotation": 90 },
				"north": { "uv": [ 10.25, 7.75, 10.5, 8.5 ], "texture": "#bolt_cutter" },
				"south": { "uv": [ 10.5, 7.75, 10.25, 8.5 ], "texture": "#bolt_cutter" },
				"west": { "uv": [ 10.25, 7.75, 10.5, 8.5 ], "texture": "#bolt_cutter" },
				"east": { "uv": [ 10.5, 7.75, 10.25, 8.5 ], "texture": "#bolt_cutter" }
			}
		},
		{
			"__comment": "bolt_cutter81",
			"from": [ 7.5, 5.5, 13 ],
			"to": [ 8.5, 7, 13.5 ],
			"faces": {
				"down": { "uv": [ 10.5, 9, 10.75, 9.25 ], "texture": "#bolt_cutter", "rotation": 270 },
				"up": { "uv": [ 10.5, 8.75, 10.75, 8.5 ], "texture": "#bolt_cutter", "rotation": 90 },
				"north": { "uv": [ 10.5, 8.5, 10.75, 9.25 ], "texture": "#bolt_cutter" },
				"south": { "uv": [ 10.75, 8.5, 10.5, 9.25 ], "texture": "#bolt_cutter" },
				"west": { "uv": [ 10.5, 8.5, 10.75, 9.25 ], "texture": "#bolt_cutter" },
				"east": { "uv": [ 10.75, 8.5, 10.5, 9.25 ], "texture": "#bolt_cutter" }
			}
		},
		{
			"__comment": "bolt_cutter82",
			"from": [ 7.5, 5.5, 11.5 ],
			"to": [ 8.5, 7, 12 ],
			"faces": {
				"down": { "uv": [ 9.75, 9, 10, 9.25 ], "texture": "#bolt_cutter", "rotation": 270 },
				"up": { "uv": [ 9.75, 8.75, 10, 8.5 ], "texture": "#bolt_cutter", "rotation": 90 },
				"north": { "uv": [ 9.75, 8.5, 10, 9.25 ], "texture": "#bolt_cutter" },
				"south": { "uv": [ 10, 8.5, 9.75, 9.25 ], "texture": "#bolt_cutter" },
				"west": { "uv": [ 9.75, 8.5, 10, 9.25 ], "texture": "#bolt_cutter" },
				"east": { "uv": [ 10, 8.5, 9.75, 9.25 ], "texture": "#bolt_cutter" }
			}
		},
		{
			"__comment": "bolt_cutter83",
			"from": [ 7.5, 4, 12 ],
			"to": [ 8.5, 5.5, 12.5 ],
			"faces": {
				"down": { "uv": [ 10, 9.75, 10.25, 10 ], "texture": "#bolt_cutter", "rotation": 270 },
				"up": { "uv": [ 10, 9.5, 10.25, 9.25 ], "texture": "#bolt_cutter", "rotation": 90 },
				"north": { "uv": [ 10, 9.25, 10.25, 10 ], "texture": "#bolt_cutter" },
				"south": { "uv": [ 10.25, 9.25, 10, 10 ], "texture": "#bolt_cutter" },
				"west": { "uv": [ 10, 9.25, 10.25, 10 ], "texture": "#bolt_cutter" },
				"east": { "uv": [ 10.25, 9.25, 10, 10 ], "texture": "#bolt_cutter" }
			}
		},
		{
			"__comment": "bolt_cutter84",
			"from": [ 7.5, 4, 13.5 ],
			"to": [ 8.5, 5.5, 14 ],
			"faces": {
				"down": { "uv": [ 10.75, 9.75, 11, 10 ], "texture": "#bolt_cutter", "rotation": 270 },
				"up": { "uv": [ 10.75, 9.5, 11, 9.25 ], "texture": "#bolt_cutter", "rotation": 90 },
				"north": { "uv": [ 10.75, 9.25, 11, 10 ], "texture": "#bolt_cutter" },
				"south": { "uv": [ 11, 9.25, 10.75, 10 ], "texture": "#bolt_cutter" },
				"west": { "uv": [ 10.75, 9.25, 11, 10 ], "texture": "#bolt_cutter" },
				"east": { "uv": [ 11, 9.25, 10.75, 10 ], "texture": "#bolt_cutter" }
			}
		},
		{
			"__comment": "bolt_cutter85",
			"from": [ 7.5, 2.5, 14 ],
			"to": [ 8.5, 4, 14.5 ],
			"faces": {
				"down": { "uv": [ 11, 10.5, 11.25, 10.75 ], "texture": "#bolt_cutter", "rotation": 270 },
				"up": { "uv": [ 11, 10.25, 11.25, 10 ], "texture": "#bolt_cutter", "rotation": 90 },
				"north": { "uv": [ 11, 10, 11.25, 10.75 ], "texture": "#bolt_cutter" },
				"south": { "uv": [ 11.25, 10, 11, 10.75 ], "texture": "#bolt_cutter" },
				"west": { "uv": [ 11, 10, 11.25, 10.75 ], "texture": "#bolt_cutter" },
				"east": { "uv": [ 11.25, 10, 11, 10.75 ], "texture": "#bolt_cutter" }
			}
		},
		{
			"__comment": "bolt_cutter86",
			"from": [ 7.5, 2.5, 12.5 ],
			"to": [ 8.5, 4, 13 ],
			"faces": {
				"down": { "uv": [ 10.25, 10.5, 10.5, 10.75 ], "texture": "#bolt_cutter", "rotation": 270 },
				"up": { "uv": [ 10.25, 10.25, 10.5, 10 ], "texture": "#bolt_cutter", "rotation": 90 },
				"north": { "uv": [ 10.25, 10, 10.5, 10.75 ], "texture": "#bolt_cutter" },
				"south": { "uv": [ 10.5, 10, 10.25, 10.75 ], "texture": "#bolt_cutter" },
				"west": { "uv": [ 10.25, 10, 10.5, 10.75 ], "texture": "#bolt_cutter" },
				"east": { "uv": [ 10.5, 10, 10.25, 10.75 ], "texture": "#bolt_cutter" }
			}
		},
		{
			"__comment": "bolt_cutter87",
			"from": [ 7.5, 1, 13 ],
			"to": [ 8.5, 2.5, 13.5 ],
			"faces": {
				"down": { "uv": [ 10.5, 11.25, 10.75, 11.5 ], "texture": "#bolt_cutter", "rotation": 270 },
				"up": { "uv": [ 10.5, 11, 10.75, 10.75 ], "texture": "#bolt_cutter", "rotation": 90 },
				"north": { "uv": [ 10.5, 10.75, 10.75, 11.5 ], "texture": "#bolt_cutter" },
				"south": { "uv": [ 10.75, 10.75, 10.5, 11.5 ], "texture": "#bolt_cutter" },
				"west": { "uv": [ 10.5, 10.75, 10.75, 11.5 ], "texture": "#bolt_cutter" },
				"east": { "uv": [ 10.75, 10.75, 10.5, 11.5 ], "texture": "#bolt_cutter" }
			}
		},
		{
			"__comment": "bolt_cutter88",
			"from": [ 7.5, 1, 14.5 ],
			"to": [ 8.5, 2.5, 15 ],
			"faces": {
				"down": { "uv": [ 11.25, 11.25, 11.5, 11.5 ], "texture": "#bolt_cutter", "rotation": 270 },
				"up": { "uv": [ 11.25, 11, 11.5, 10.75 ], "texture": "#bolt_cutter", "rotation": 90 },
				"north": { "uv": [ 11.25, 10.75, 11.5, 11.5 ], "texture": "#bolt_cutter" },
				"south": { "uv": [ 11.5, 10.75, 11.25, 11.5 ], "texture": "#bolt_cutter" },
				"west": { "uv": [ 11.25, 10.75, 11.5, 11.5 ], "texture": "#bolt_cutter" },
				"east": { "uv": [ 11.5, 10.75, 11.25, 11.5 ], "texture": "#bolt_cutter" }
			}
		},
		{
			"__comment": "bolt_cutter89",
			"from": [ 7.5, -0.5, 13.5 ],
			"to": [ 8.5, 1, 14 ],
			"faces": {
				"down": { "uv": [ 10.75, 12, 11, 12.25 ], "texture": "#bolt_cutter", "rotation": 270 },
				"up": { "uv": [ 10.75, 11.75, 11, 11.5 ], "texture": "#bolt_cutter", "rotation": 90 },
				"north": { "uv": [ 10.75, 11.5, 11, 12.25 ], "texture": "#bolt_cutter" },
				"south": { "uv": [ 11, 11.5, 10.75, 12.25 ], "texture": "#bolt_cutter" },
				"west": { "uv": [ 10.75, 11.5, 11, 12.25 ], "texture": "#bolt_cutter" },
				"east": { "uv": [ 11, 11.5, 10.75, 12.25 ], "texture": "#bolt_cutter" }
			}
		},
		{
			"__comment": "bolt_cutter90",
			"from": [ 7.5, -0.5, 15 ],
			"to": [ 8.5, 1, 15.5 ],
			"faces": {
				"down": { "uv": [ 11.5, 12, 11.75, 12.25 ], "texture": "#bolt_cutter", "rotation": 270 },
				"up": { "uv": [ 11.5, 11.75, 11.75, 11.5 ], "texture": "#bolt_cutter", "rotation": 90 },
				"north": { "uv": [ 11.5, 11.5, 11.75, 12.25 ], "texture": "#bolt_cutter" },
				"south": { "uv": [ 11.75, 11.5, 11.5, 12.25 ], "texture": "#bolt_cutter" },
				"west": { "uv": [ 11.5, 11.5, 11.75, 12.25 ], "texture": "#bolt_cutter" },
				"east": { "uv": [ 11.75, 11.5, 11.5, 12.25 ], "texture": "#bolt_cutter" }
			}
		},
		{
			"__comment": "bolt_cutter91",
			"from": [ 7.5, -2, 15.5 ],
			"to": [ 8.5, -0.5, 16 ],
			"faces": {
				"down": { "uv": [ 11.75, 12.75, 12, 13 ], "texture": "#bolt_cutter", "rotation": 270 },
				"up": { "uv": [ 11.75, 12.5, 12, 12.25 ], "texture": "#bolt_cutter", "rotation": 90 },
				"north": { "uv": [ 11.75, 12.25, 12, 13 ], "texture": "#bolt_cutter" },
				"south": { "uv": [ 12, 12.25, 11.75, 13 ], "texture": "#bolt_cutter" },
				"west": { "uv": [ 11.75, 12.25, 12, 13 ], "texture": "#bolt_cutter" },
				"east": { "uv": [ 12, 12.25, 11.75, 13 ], "texture": "#bolt_cutter" }
			}
		},
		{
			"__comment": "bolt_cutter92",
			"from": [ 7.5, -2, 14 ],
			"to": [ 8.5, -0.5, 14.5 ],
			"faces": {
				"down": { "uv": [ 11, 12.75, 11.25, 13 ], "texture": "#bolt_cutter", "rotation": 270 },
				"up": { "uv": [ 11, 12.5, 11.25, 12.25 ], "texture": "#bolt_cutter", "rotation": 90 },
				"north": { "uv": [ 11, 12.25, 11.25, 13 ], "texture": "#bolt_cutter" },
				"south": { "uv": [ 11.25, 12.25, 11, 13 ], "texture": "#bolt_cutter" },
				"west": { "uv": [ 11, 12.25, 11.25, 13 ], "texture": "#bolt_cutter" },
				"east": { "uv": [ 11.25, 12.25, 11, 13 ], "texture": "#bolt_cutter" }
			}
		},
		{
			"__comment": "bolt_cutter93",
			"from": [ 7.5, -3.5, 14.5 ],
			"to": [ 8.5, -2, 15 ],
			"faces": {
				"down": { "uv": [ 11.25, 13.5, 11.5, 13.75 ], "texture": "#bolt_cutter", "rotation": 270 },
				"up": { "uv": [ 11.25, 13.25, 11.5, 13 ], "texture": "#bolt_cutter", "rotation": 90 },
				"north": { "uv": [ 11.25, 13, 11.5, 13.75 ], "texture": "#bolt_cutter" },
				"south": { "uv": [ 11.5, 13, 11.25, 13.75 ], "texture": "#bolt_cutter" },
				"west": { "uv": [ 11.25, 13, 11.5, 13.75 ], "texture": "#bolt_cutter" },
				"east": { "uv": [ 11.5, 13, 11.25, 13.75 ], "texture": "#bolt_cutter" }
			}
		},
		{
			"__comment": "bolt_cutter94",
			"from": [ 7.5, -3.5, 16 ],
			"to": [ 8.5, -2, 16.5 ],
			"faces": {
				"down": { "uv": [ 12, 13.5, 12.25, 13.75 ], "texture": "#bolt_cutter", "rotation": 270 },
				"up": { "uv": [ 12, 13.25, 12.25, 13 ], "texture": "#bolt_cutter", "rotation": 90 },
				"north": { "uv": [ 12, 13, 12.25, 13.75 ], "texture": "#bolt_cutter" },
				"south": { "uv": [ 12.25, 13, 12, 13.75 ], "texture": "#bolt_cutter" },
				"west": { "uv": [ 12, 13, 12.25, 13.75 ], "texture": "#bolt_cutter" },
				"east": { "uv": [ 12.25, 13, 12, 13.75 ], "texture": "#bolt_cutter" }
			}
		},
		{
			"__comment": "bolt_cutter95",
			"from": [ 7.5, -5, 15 ],
			"to": [ 8.5, -3.5, 15.5 ],
			"faces": {
				"down": { "uv": [ 11.5, 14.25, 11.75, 14.5 ], "texture": "#bolt_cutter", "rotation": 270 },
				"up": { "uv": [ 11.5, 14, 11.75, 13.75 ], "texture": "#bolt_cutter", "rotation": 90 },
				"north": { "uv": [ 11.5, 13.75, 11.75, 14.5 ], "texture": "#bolt_cutter" },
				"south": { "uv": [ 11.75, 13.75, 11.5, 14.5 ], "texture": "#bolt_cutter" },
				"west": { "uv": [ 11.5, 13.75, 11.75, 14.5 ], "texture": "#bolt_cutter" },
				"east": { "uv": [ 11.75, 13.75, 11.5, 14.5 ], "texture": "#bolt_cutter" }
			}
		},
		{
			"__comment": "bolt_cutter96",
			"from": [ 7.5, -5, 16.5 ],
			"to": [ 8.5, -3.5, 17 ],
			"faces": {
				"down": { "uv": [ 12.25, 14.25, 12.5, 14.5 ], "texture": "#bolt_cutter", "rotation": 270 },
				"up": { "uv": [ 12.25, 14, 12.5, 13.75 ], "texture": "#bolt_cutter", "rotation": 90 },
				"north": { "uv": [ 12.25, 13.75, 12.5, 14.5 ], "texture": "#bolt_cutter" },
				"south": { "uv": [ 12.5, 13.75, 12.25, 14.5 ], "texture": "#bolt_cutter" },
				"west": { "uv": [ 12.25, 13.75, 12.5, 14.5 ], "texture": "#bolt_cutter" },
				"east": { "uv": [ 12.5, 13.75, 12.25, 14.5 ], "texture": "#bolt_cutter" }
			}
		},
		{
			"__comment": "bolt_cutter97",
			"from": [ 7.5, -6.5, 15.5 ],
			"to": [ 8.5, -5, 16 ],
			"faces": {
				"down": { "uv": [ 11.75, 15, 12, 15.25 ], "texture": "#bolt_cutter", "rotation": 270 },
				"up": { "uv": [ 11.75, 14.75, 12, 14.5 ], "texture": "#bolt_cutter", "rotation": 90 },
				"north": { "uv": [ 11.75, 14.5, 12, 15.25 ], "texture": "#bolt_cutter" },
				"south": { "uv": [ 12, 14.5, 11.75, 15.25 ], "texture": "#bolt_cutter" },
				"west": { "uv": [ 11.75, 14.5, 12, 15.25 ], "texture": "#bolt_cutter" },
				"east": { "uv": [ 12, 14.5, 11.75, 15.25 ], "texture": "#bolt_cutter" }
			}
		},
		{
			"__comment": "bolt_cutter98",
			"from": [ 7.5, -6.5, 17 ],
			"to": [ 8.5, -5, 17.5 ],
			"faces": {
				"down": { "uv": [ 12.5, 15, 12.75, 15.25 ], "texture": "#bolt_cutter", "rotation": 270 },
				"up": { "uv": [ 12.5, 14.75, 12.75, 14.5 ], "texture": "#bolt_cutter", "rotation": 90 },
				"north": { "uv": [ 12.5, 14.5, 12.75, 15.25 ], "texture": "#bolt_cutter" },
				"south": { "uv": [ 12.75, 14.5, 12.5, 15.25 ], "texture": "#bolt_cutter" },
				"west": { "uv": [ 12.5, 14.5, 12.75, 15.25 ], "texture": "#bolt_cutter" },
				"east": { "uv": [ 12.75, 14.5, 12.5, 15.25 ], "texture": "#bolt_cutter" }
			}
		},
		{
			"__comment": "bolt_cutter99",
			"from": [ 7.5, -7.5, 16 ],
			"to": [ 8.5, -6.5, 16.5 ],
			"faces": {
				"down": { "uv": [ 12, 15.5, 12.25, 15.75 ], "texture": "#bolt_cutter", "rotation": 270 },
				"up": { "uv": [ 12, 15.5, 12.25, 15.25 ], "texture": "#bolt_cutter", "rotation": 90 },
				"north": { "uv": [ 12, 15.25, 12.25, 15.75 ], "texture": "#bolt_cutter" },
				"south": { "uv": [ 12.25, 15.25, 12, 15.75 ], "texture": "#bolt_cutter" },
				"west": { "uv": [ 12, 15.25, 12.25, 15.75 ], "texture": "#bolt_cutter" },
				"east": { "uv": [ 12.25, 15.25, 12, 15.75 ], "texture": "#bolt_cutter" }
			}
		},
		{
			"__comment": "bolt_cutter100",
			"from": [ 7.5, -7.5, 17.5 ],
			"to": [ 8.5, -6.5, 18 ],
			"faces": {
				"down": { "uv": [ 12.75, 15.5, 13, 15.75 ], "texture": "#bolt_cutter", "rotation": 270 },
				"up": { "uv": [ 12.75, 15.5, 13, 15.25 ], "texture": "#bolt_cutter", "rotation": 90 },
				"north": { "uv": [ 12.75, 15.25, 13, 15.75 ], "texture": "#bolt_cutter" },
				"south": { "uv": [ 13, 15.25, 12.75, 15.75 ], "texture": "#bolt_cutter" },
				"west": { "uv": [ 12.75, 15.25, 13, 15.75 ], "texture": "#bolt_cutter" },
				"east": { "uv": [ 13, 15.25, 12.75, 15.75 ], "texture": "#bolt_cutter" }
			}
		},
		{
			"__comment": "bolt_cutter101",
			"from": [ 7.5, -8, 16.5 ],
			"to": [ 8.5, -7.5, 17.5 ],
			"faces": {
				"down": { "uv": [ 12.25, 15.75, 12.75, 16 ], "texture": "#bolt_cutter", "rotation": 270 },
				"up": { "uv": [ 12.25, 16, 12.75, 15.75 ], "texture": "#bolt_cutter", "rotation": 90 },
				"north": { "uv": [ 12.25, 15.75, 12.5, 16 ], "texture": "#bolt_cutter" },
				"south": { "uv": [ 12.75, 15.75, 12.5, 16 ], "texture": "#bolt_cutter" },
				"west": { "uv": [ 12.25, 15.75, 12.75, 16 ], "texture": "#bolt_cutter" },
				"east": { "uv": [ 12.75, 15.75, 12.25, 16 ], "texture": "#bolt_cutter" }
			}
		},
		{
			"__comment": "bolt_cutter102",
			"from": [ 7, 14.5, 9 ],
			"to": [ 9, 16, 10 ],
			"faces": {
				"down": { "uv": [ 8.5, 4.5, 9, 4.75 ], "texture": "#bolt_cutter", "rotation": 270 },
				"up": { "uv": [ 8.5, 4.25, 9, 4 ], "texture": "#bolt_cutter", "rotation": 90 },
				"north": { "uv": [ 8.5, 4, 8.75, 4.75 ], "texture": "#bolt_cutter" },
				"south": { "uv": [ 9, 4, 8.75, 4.75 ], "texture": "#bolt_cutter" },
				"west": { "uv": [ 8.5, 4, 9, 4.75 ], "texture": "#bolt_cutter" },
				"east": { "uv": [ 9, 4, 8.5, 4.75 ], "texture": "#bolt_cutter" }
			}
		},
		{
			"__comment": "bolt_cutter103",
			"from": [ 7, 13, 9.5 ],
			"to": [ 9, 14.5, 10.5 ],
			"faces": {
				"down": { "uv": [ 8.75, 5.25, 9.25, 5.5 ], "texture": "#bolt_cutter", "rotation": 270 },
				"up": { "uv": [ 8.75, 5, 9.25, 4.75 ], "texture": "#bolt_cutter", "rotation": 90 },
				"north": { "uv": [ 8.75, 4.75, 9, 5.5 ], "texture": "#bolt_cutter" },
				"south": { "uv": [ 9.25, 4.75, 9, 5.5 ], "texture": "#bolt_cutter" },
				"west": { "uv": [ 8.75, 4.75, 9.25, 5.5 ], "texture": "#bolt_cutter" },
				"east": { "uv": [ 9.25, 4.75, 8.75, 5.5 ], "texture": "#bolt_cutter" }
			}
		},
		{
			"__comment": "bolt_cutter104",
			"from": [ 7, 11.5, 10 ],
			"to": [ 9, 13, 11 ],
			"faces": {
				"down": { "uv": [ 9, 6, 9.5, 6.25 ], "texture": "#bolt_cutter", "rotation": 270 },
				"up": { "uv": [ 9, 5.75, 9.5, 5.5 ], "texture": "#bolt_cutter", "rotation": 90 },
				"north": { "uv": [ 9, 5.5, 9.25, 6.25 ], "texture": "#bolt_cutter" },
				"south": { "uv": [ 9.5, 5.5, 9.25, 6.25 ], "texture": "#bolt_cutter" },
				"west": { "uv": [ 9, 5.5, 9.5, 6.25 ], "texture": "#bolt_cutter" },
				"east": { "uv": [ 9.5, 5.5, 9, 6.25 ], "texture": "#bolt_cutter" }
			}
		},
		{
			"__comment": "bolt_cutter105",
			"from": [ 7, 10, 10.5 ],
			"to": [ 9, 11.5, 11.5 ],
			"faces": {
				"down": { "uv": [ 9.25, 6.75, 9.75, 7 ], "texture": "#bolt_cutter", "rotation": 270 },
				"up": { "uv": [ 9.25, 6.5, 9.75, 6.25 ], "texture": "#bolt_cutter", "rotation": 90 },
				"north": { "uv": [ 9.25, 6.25, 9.5, 7 ], "texture": "#bolt_cutter" },
				"south": { "uv": [ 9.75, 6.25, 9.5, 7 ], "texture": "#bolt_cutter" },
				"west": { "uv": [ 9.25, 6.25, 9.75, 7 ], "texture": "#bolt_cutter" },
				"east": { "uv": [ 9.75, 6.25, 9.25, 7 ], "texture": "#bolt_cutter" }
			}
		},
		{
			"__comment": "bolt_cutter106",
			"from": [ 7, 8.5, 11 ],
			"to": [ 9, 10, 12 ],
			"faces": {
				"down": { "uv": [ 9.5, 7.5, 10, 7.75 ], "texture": "#bolt_cutter", "rotation": 270 },
				"up": { "uv": [ 9.5, 7.25, 10, 7 ], "texture": "#bolt_cutter", "rotation": 90 },
				"north": { "uv": [ 9.5, 7, 9.75, 7.75 ], "texture": "#bolt_cutter" },
				"south": { "uv": [ 10, 7, 9.75, 7.75 ], "texture": "#bolt_cutter" },
				"west": { "uv": [ 9.5, 7, 10, 7.75 ], "texture": "#bolt_cutter" },
				"east": { "uv": [ 10, 7, 9.5, 7.75 ], "texture": "#bolt_cutter" }
			}
		},
		{
			"__comment": "bolt_cutter107",
			"from": [ 7, 7, 11.5 ],
			"to": [ 9, 8.5, 12.5 ],
			"faces": {
				"down": { "uv": [ 9.75, 8.25, 10.25, 8.5 ], "texture": "#bolt_cutter", "rotation": 270 },
				"up": { "uv": [ 9.75, 8, 10.25, 7.75 ], "texture": "#bolt_cutter", "rotation": 90 },
				"north": { "uv": [ 9.75, 7.75, 10, 8.5 ], "texture": "#bolt_cutter" },
				"south": { "uv": [ 10.25, 7.75, 10, 8.5 ], "texture": "#bolt_cutter" },
				"west": { "uv": [ 9.75, 7.75, 10.25, 8.5 ], "texture": "#bolt_cutter" },
				"east": { "uv": [ 10.25, 7.75, 9.75, 8.5 ], "texture": "#bolt_cutter" }
			}
		},
		{
			"__comment": "bolt_cutter108",
			"from": [ 7, 5.5, 12 ],
			"to": [ 9, 7, 13 ],
			"faces": {
				"down": { "uv": [ 10, 9, 10.5, 9.25 ], "texture": "#bolt_cutter", "rotation": 270 },
				"up": { "uv": [ 10, 8.75, 10.5, 8.5 ], "texture": "#bolt_cutter", "rotation": 90 },
				"north": { "uv": [ 10, 8.5, 10.25, 9.25 ], "texture": "#bolt_cutter" },
				"south": { "uv": [ 10.5, 8.5, 10.25, 9.25 ], "texture": "#bolt_cutter" },
				"west": { "uv": [ 10, 8.5, 10.5, 9.25 ], "texture": "#bolt_cutter" },
				"east": { "uv": [ 10.5, 8.5, 10, 9.25 ], "texture": "#bolt_cutter" }
			}
		},
		{
			"__comment": "bolt_cutter109",
			"from": [ 7, 4, 12.5 ],
			"to": [ 9, 5.5, 13.5 ],
			"faces": {
				"down": { "uv": [ 10.25, 9.75, 10.75, 10 ], "texture": "#bolt_cutter", "rotation": 270 },
				"up": { "uv": [ 10.25, 9.5, 10.75, 9.25 ], "texture": "#bolt_cutter", "rotation": 90 },
				"north": { "uv": [ 10.25, 9.25, 10.5, 10 ], "texture": "#bolt_cutter" },
				"south": { "uv": [ 10.75, 9.25, 10.5, 10 ], "texture": "#bolt_cutter" },
				"west": { "uv": [ 10.25, 9.25, 10.75, 10 ], "texture": "#bolt_cutter" },
				"east": { "uv": [ 10.75, 9.25, 10.25, 10 ], "texture": "#bolt_cutter" }
			}
		},
		{
			"__comment": "bolt_cutter110",
			"from": [ 7, 2.5, 13 ],
			"to": [ 9, 4, 14 ],
			"faces": {
				"down": { "uv": [ 10.5, 10.5, 11, 10.75 ], "texture": "#bolt_cutter", "rotation": 270 },
				"up": { "uv": [ 10.5, 10.25, 11, 10 ], "texture": "#bolt_cutter", "rotation": 90 },
				"north": { "uv": [ 10.5, 10, 10.75, 10.75 ], "texture": "#bolt_cutter" },
				"south": { "uv": [ 11, 10, 10.75, 10.75 ], "texture": "#bolt_cutter" },
				"west": { "uv": [ 10.5, 10, 11, 10.75 ], "texture": "#bolt_cutter" },
				"east": { "uv": [ 11, 10, 10.5, 10.75 ], "texture": "#bolt_cutter" }
			}
		},
		{
			"__comment": "bolt_cutter111",
			"from": [ 7, 1, 13.5 ],
			"to": [ 9, 2.5, 14.5 ],
			"faces": {
				"down": { "uv": [ 10.75, 11.25, 11.25, 11.5 ], "texture": "#bolt_cutter", "rotation": 270 },
				"up": { "uv": [ 10.75, 11, 11.25, 10.75 ], "texture": "#bolt_cutter", "rotation": 90 },
				"north": { "uv": [ 10.75, 10.75, 11, 11.5 ], "texture": "#bolt_cutter" },
				"south": { "uv": [ 11.25, 10.75, 11, 11.5 ], "texture": "#bolt_cutter" },
				"west": { "uv": [ 10.75, 10.75, 11.25, 11.5 ], "texture": "#bolt_cutter" },
				"east": { "uv": [ 11.25, 10.75, 10.75, 11.5 ], "texture": "#bolt_cutter" }
			}
		},
		{
			"__comment": "bolt_cutter112",
			"from": [ 7, -0.5, 14 ],
			"to": [ 9, 1, 15 ],
			"faces": {
				"down": { "uv": [ 11, 12, 11.5, 12.25 ], "texture": "#bolt_cutter", "rotation": 270 },
				"up": { "uv": [ 11, 11.75, 11.5, 11.5 ], "texture": "#bolt_cutter", "rotation": 90 },
				"north": { "uv": [ 11, 11.5, 11.25, 12.25 ], "texture": "#bolt_cutter" },
				"south": { "uv": [ 11.5, 11.5, 11.25, 12.25 ], "texture": "#bolt_cutter" },
				"west": { "uv": [ 11, 11.5, 11.5, 12.25 ], "texture": "#bolt_cutter" },
				"east": { "uv": [ 11.5, 11.5, 11, 12.25 ], "texture": "#bolt_cutter" }
			}
		},
		{
			"__comment": "bolt_cutter113",
			"from": [ 7, -2, 14.5 ],
			"to": [ 9, -0.5, 15.5 ],
			"faces": {
				"down": { "uv": [ 11.25, 12.75, 11.75, 13 ], "texture": "#bolt_cutter", "rotation": 270 },
				"up": { "uv": [ 11.25, 12.5, 11.75, 12.25 ], "texture": "#bolt_cutter", "rotation": 90 },
				"north": { "uv": [ 11.25, 12.25, 11.5, 13 ], "texture": "#bolt_cutter" },
				"south": { "uv": [ 11.75, 12.25, 11.5, 13 ], "texture": "#bolt_cutter" },
				"west": { "uv": [ 11.25, 12.25, 11.75, 13 ], "texture": "#bolt_cutter" },
				"east": { "uv": [ 11.75, 12.25, 11.25, 13 ], "texture": "#bolt_cutter" }
			}
		},
		{
			"__comment": "bolt_cutter114",
			"from": [ 7, -3.5, 15 ],
			"to": [ 9, -2, 16 ],
			"faces": {
				"down": { "uv": [ 11.5, 13.5, 12, 13.75 ], "texture": "#bolt_cutter", "rotation": 270 },
				"up": { "uv": [ 11.5, 13.25, 12, 13 ], "texture": "#bolt_cutter", "rotation": 90 },
				"north": { "uv": [ 11.5, 13, 11.75, 13.75 ], "texture": "#bolt_cutter" },
				"south": { "uv": [ 12, 13, 11.75, 13.75 ], "texture": "#bolt_cutter" },
				"west": { "uv": [ 11.5, 13, 12, 13.75 ], "texture": "#bolt_cutter" },
				"east": { "uv": [ 12, 13, 11.5, 13.75 ], "texture": "#bolt_cutter" }
			}
		},
		{
			"__comment": "bolt_cutter115",
			"from": [ 7, -5, 15.5 ],
			"to": [ 9, -3.5, 16.5 ],
			"faces": {
				"down": { "uv": [ 11.75, 14.25, 12.25, 14.5 ], "texture": "#bolt_cutter", "rotation": 270 },
				"up": { "uv": [ 11.75, 14, 12.25, 13.75 ], "texture": "#bolt_cutter", "rotation": 90 },
				"north": { "uv": [ 11.75, 13.75, 12, 14.5 ], "texture": "#bolt_cutter" },
				"south": { "uv": [ 12.25, 13.75, 12, 14.5 ], "texture": "#bolt_cutter" },
				"west": { "uv": [ 11.75, 13.75, 12.25, 14.5 ], "texture": "#bolt_cutter" },
				"east": { "uv": [ 12.25, 13.75, 11.75, 14.5 ], "texture": "#bolt_cutter" }
			}
		},
		{
			"__comment": "bolt_cutter116",
			"from": [ 7, -6.5, 16 ],
			"to": [ 9, -5, 17 ],
			"faces": {
				"down": { "uv": [ 12, 15, 12.5, 15.25 ], "texture": "#bolt_cutter", "rotation": 270 },
				"up": { "uv": [ 12, 14.75, 12.5, 14.5 ], "texture": "#bolt_cutter", "rotation": 90 },
				"north": { "uv": [ 12, 14.5, 12.25, 15.25 ], "texture": "#bolt_cutter" },
				"south": { "uv": [ 12.5, 14.5, 12.25, 15.25 ], "texture": "#bolt_cutter" },
				"west": { "uv": [ 12, 14.5, 12.5, 15.25 ], "texture": "#bolt_cutter" },
				"east": { "uv": [ 12.5, 14.5, 12, 15.25 ], "texture": "#bolt_cutter" }
			}
		},
		{
			"__comment": "bolt_cutter117",
			"from": [ 7, -7.5, 16.5 ],
			"to": [ 9, -6.5, 17.5 ],
			"faces": {
				"down": { "uv": [ 12.25, 15.5, 12.75, 15.75 ], "texture": "#bolt_cutter", "rotation": 270 },
				"up": { "uv": [ 12.25, 15.5, 12.75, 15.25 ], "texture": "#bolt_cutter", "rotation": 90 },
				"north": { "uv": [ 12.25, 15.25, 12.5, 15.75 ], "texture": "#bolt_cutter" },
				"south": { "uv": [ 12.75, 15.25, 12.5, 15.75 ], "texture": "#bolt_cutter" },
				"west": { "uv": [ 12.25, 15.25, 12.75, 15.75 ], "texture": "#bolt_cutter" },
				"east": { "uv": [ 12.75, 15.25, 12.25, 15.75 ], "texture": "#bolt_cutter" }
			}
		}
	],
	"display": {
		"thirdperson_righthand": {
			"rotation":  [ 0, 90, 0 ],
			"translation":  [ -6, 6.85, 0 ],
			"scale":  [ 0.75, 0.75, 0.75 ]
		},
		"thirdperson_lefthand": {
			"rotation":  [ 0, 125, 90 ],
			"translation":  [ -6, -6, 9 ],
			"scale":  [ 0.75, 0.75, 0.75 ]
		},
		"firstperson_righthand": {
			"rotation":  [ -60, 90, 0 ],
			"translation":  [ -8.95, 0, 0 ]
		},
		"firstperson_lefthand": {
			"scale":  [ 0.0001, 0.0001, 0.0001 ]
		},
		"gui": {
			"rotation":  [ -90, -45, -90 ],
			"translation":  [ 1.5, 1.5, 0 ],
			"scale":  [ 0.5, 0.5, 0.5 ]
		},
		"head": {
			"scale":  [ 0.0001, 0.0001, 0.0001 ]
		},
		"ground": {
			"rotation":  [ 0, 0, 90 ],
			"scale":  [ 0.75, 0.75, 0.75 ]
		},
		"fixed": {
			"rotation":  [ 0, -90, 0 ],
			"scale":  [ 1.5, 1.5, 1.5 ]
		}
	}
}