{
	"__comment": "Designed by Optimus0812 with Cubik Studio - https://cubik.studio",
	"textures": {
		"stick": "dayz/weapon/melee/stick"
	},
	"elements": [ 	 
		{
			"__comment": "stick11",
			"from": [ 7.5, 0, 7.5 ],
			"to": [ 8.5, 16, 8.5 ],
			"faces": {
				"down": { "uv": [ 7.5, 15.5, 8.5, 16 ], "texture": "#stick" },
				"up": { "uv": [ 7.5, 0.5, 8.5, 0 ], "texture": "#stick" },
				"north": { "uv": [ 8.5, 0, 7.5, 16 ], "texture": "#stick" },
				"south": { "uv": [ 7.5, 0, 8.5, 16 ], "texture": "#stick" },
				"west": { "uv": [ 7.5, 0, 8.5, 16 ], "texture": "#stick" },
				"east": { "uv": [ 8.5, 0, 7.5, 16 ], "texture": "#stick" }
			}
		},
		{
			"__comment": "stick",
			"from": [ 8.5, 13, 7.5 ],
			"to": [ 9, 14.5, 8.5 ],
			"faces": {
				"down": { "uv": [ 8.5, 2.5, 9, 3 ], "texture": "#stick" },
				"up": { "uv": [ 8.5, 2, 9, 1.5 ], "texture": "#stick" },
				"north": { "uv": [ 9, 1.5, 8.5, 3 ], "texture": "#stick" },
				"south": { "uv": [ 8.5, 1.5, 9, 3 ], "texture": "#stick" },
				"west": { "uv": [ 8.5, 1.5, 9, 3 ], "texture": "#stick" },
				"east": { "uv": [ 9, 1.5, 8, 3 ], "texture": "#stick" }
			}
		},
		{
			"__comment": "stick10",
			"from": [ 7, 1.5, 7.5 ],
			"to": [ 7.5, 3.5, 8.5 ],
			"faces": {
				"down": { "uv": [ 7, 14, 7.5, 14.5 ], "texture": "#stick" },
				"up": { "uv": [ 7, 13, 7.5, 12.5 ], "texture": "#stick" },
				"north": { "uv": [ 7.5, 12.5, 7, 14.5 ], "texture": "#stick" },
				"south": { "uv": [ 7, 12.5, 7.5, 14.5 ], "texture": "#stick" },
				"west": { "uv": [ 7, 12.5, 8, 14.5 ], "texture": "#stick" },
				"east": { "uv": [ 7.5, 12.5, 7, 14.5 ], "texture": "#stick" }
			}
		},
		{
			"__comment": "stick6",
			"from": [ 8.5, 4, 7.5 ],
			"to": [ 9, 5, 8.5 ],
			"faces": {
				"down": { "uv": [ 8.5, 11.5, 9, 12 ], "texture": "#stick" },
				"up": { "uv": [ 8.5, 11.5, 9, 11 ], "texture": "#stick" },
				"north": { "uv": [ 9, 11, 8.5, 12 ], "texture": "#stick" },
				"south": { "uv": [ 8.5, 11, 9, 12 ], "texture": "#stick" },
				"west": { "uv": [ 8, 11, 9, 12 ], "texture": "#stick" },
				"east": { "uv": [ 9, 11, 8, 12 ], "texture": "#stick" }
			}
		},
		{
			"__comment": "stick4",
			"from": [ 8.5, 7.5, 7.5 ],
			"to": [ 9, 8.5, 8.5 ],
			"faces": {
				"down": { "uv": [ 8.5, 8, 9, 8.5 ], "texture": "#stick" },
				"up": { "uv": [ 8.5, 8, 9, 7.5 ], "texture": "#stick" },
				"north": { "uv": [ 9, 7.5, 8.5, 8.5 ], "texture": "#stick" },
				"south": { "uv": [ 8.5, 7.5, 9, 8.5 ], "texture": "#stick" },
				"west": { "uv": [ 8.5, 7.5, 9, 8.5 ], "texture": "#stick" },
				"east": { "uv": [ 9, 7.5, 8, 8.5 ], "texture": "#stick" }
			}
		},
		{
			"__comment": "stick1",
			"from": [ 7, 9.5, 7.5 ],
			"to": [ 7.5, 10.5, 8.5 ],
			"faces": {
				"down": { "uv": [ 7, 6, 7.5, 6.5 ], "texture": "#stick" },
				"up": { "uv": [ 7, 6, 7.5, 5.5 ], "texture": "#stick" },
				"north": { "uv": [ 7.5, 5.5, 7, 6.5 ], "texture": "#stick" },
				"south": { "uv": [ 7, 5.5, 7.5, 6.5 ], "texture": "#stick" },
				"west": { "uv": [ 7, 5.5, 8, 6.5 ], "texture": "#stick" },
				"east": { "uv": [ 7.5, 5.5, 7, 6.5 ], "texture": "#stick" }
			}
		},
		{
			"__comment": "stick2",
			"from": [ 7.5, 11, 8.5 ],
			"to": [ 8.5, 12, 9 ],
			"faces": {
				"down": { "uv": [ 7.5, 4.5, 8.5, 5 ], "texture": "#stick" },
				"up": { "uv": [ 7.5, 4.5, 8.5, 4 ], "texture": "#stick" },
				"north": { "uv": [ 8.5, 4, 7.5, 5 ], "texture": "#stick" },
				"south": { "uv": [ 7.5, 4, 8.5, 5 ], "texture": "#stick" },
				"west": { "uv": [ 7.5, 4, 8, 5 ], "texture": "#stick" },
				"east": { "uv": [ 8.5, 4, 8, 5 ], "texture": "#stick" }
			}
		},
		{
			"__comment": "stick7",
			"from": [ 7.5, 5.5, 8.5 ],
			"to": [ 8.5, 6.5, 9 ],
			"faces": {
				"down": { "uv": [ 7.5, 10, 8.5, 10.5 ], "texture": "#stick" },
				"up": { "uv": [ 7.5, 10, 8.5, 9.5 ], "texture": "#stick" },
				"north": { "uv": [ 8.5, 9.5, 7.5, 10.5 ], "texture": "#stick" },
				"south": { "uv": [ 7.5, 9.5, 8.5, 10.5 ], "texture": "#stick" },
				"west": { "uv": [ 7.5, 9.5, 8, 10.5 ], "texture": "#stick" },
				"east": { "uv": [ 8.5, 9.5, 8, 10.5 ], "texture": "#stick" }
			}
		},
		{
			"__comment": "stick9",
			"from": [ 7.5, 2.5, 8.5 ],
			"to": [ 8.5, 4, 9 ],
			"faces": {
				"down": { "uv": [ 7.5, 13, 8.5, 13.5 ], "texture": "#stick" },
				"up": { "uv": [ 7.5, 12.5, 8.5, 12 ], "texture": "#stick" },
				"north": { "uv": [ 8.5, 12, 7.5, 13.5 ], "texture": "#stick" },
				"south": { "uv": [ 7.5, 12, 8.5, 13.5 ], "texture": "#stick" },
				"west": { "uv": [ 7.5, 12, 8, 13.5 ], "texture": "#stick" },
				"east": { "uv": [ 8.5, 12, 8, 13.5 ], "texture": "#stick" }
			}
		},
		{
			"__comment": "stick8",
			"from": [ 7.5, 4, 7 ],
			"to": [ 8.5, 5.5, 7.5 ],
			"faces": {
				"down": { "uv": [ 7.5, 11.5, 8.5, 12 ], "texture": "#stick" },
				"up": { "uv": [ 7.5, 11, 8.5, 10.5 ], "texture": "#stick" },
				"north": { "uv": [ 8.5, 10.5, 7.5, 12 ], "texture": "#stick" },
				"south": { "uv": [ 7.5, 10.5, 8.5, 12 ], "texture": "#stick" },
				"west": { "uv": [ 7.5, 10.5, 8, 12 ], "texture": "#stick" },
				"east": { "uv": [ 8.5, 10.5, 8, 12 ], "texture": "#stick" }
			}
		},
		{
			"__comment": "stick5",
			"from": [ 7.5, 8.5, 7 ],
			"to": [ 8.5, 9.5, 7.5 ],
			"faces": {
				"down": { "uv": [ 7.5, 7, 8.5, 7.5 ], "texture": "#stick" },
				"up": { "uv": [ 7.5, 7, 8.5, 6.5 ], "texture": "#stick" },
				"north": { "uv": [ 8.5, 6.5, 7.5, 7.5 ], "texture": "#stick" },
				"south": { "uv": [ 7.5, 6.5, 8.5, 7.5 ], "texture": "#stick" },
				"west": { "uv": [ 7.5, 6.5, 8, 7.5 ], "texture": "#stick" },
				"east": { "uv": [ 8.5, 6.5, 8, 7.5 ], "texture": "#stick" }
			}
		},
		{
			"__comment": "stick3",
			"from": [ 7.5, 13, 7 ],
			"to": [ 8.5, 14, 7.5 ],
			"faces": {
				"down": { "uv": [ 7.5, 2.5, 8.5, 3 ], "texture": "#stick" },
				"up": { "uv": [ 7.5, 2.5, 8.5, 2 ], "texture": "#stick" },
				"north": { "uv": [ 8.5, 2, 7.5, 3 ], "texture": "#stick" },
				"south": { "uv": [ 7.5, 2, 8.5, 3 ], "texture": "#stick" },
				"west": { "uv": [ 7.5, 2, 8, 3 ], "texture": "#stick" },
				"east": { "uv": [ 8.5, 2, 8, 3 ], "texture": "#stick" }
			}
		}
	],
	"display": {
		"thirdperson_righthand": {
			"rotation":  [ 0, -90, 0 ],
			"translation":  [ 0, 1.5, 1 ],
			"scale":  [ 0.75, 0.75, 0.75 ]
		},
		"thirdperson_lefthand": {
			"rotation":  [ -90, -90, 45 ],
			"translation":  [ -10.5, -1.5, 0 ],
			"scale":  [ 0.75, 0.75, 0.75 ]
		},
		"firstperson_righthand": {
			"rotation":  [ 0, -90, 15 ],
			"translation":  [ 0, 0, -6 ]
		},
		"firstperson_lefthand": {
			"scale":  [ 0.0001, 0.0001, 0.0001 ]
		},
		"gui": {
			"rotation":  [ 0, 0, -45 ],
			"translation":  [ -1, -0.75, 0 ]
		},
		"head": {
			"scale":  [ 0.0001, 0.0001, 0.0001 ]
		},
		"ground": {
			"rotation":  [ -90, 0, 90 ],
			"scale":  [ 0.75, 0.75, 0.75 ]
		},
		"fixed": {
			"rotation":  [ 0, 180, 0 ],
			"scale":  [ 1.5, 1.5, 1.5 ]
		}
	}
}