{
	"__comment": "Designed by Optimus0812 with Cubik Studio - https://cubik.studio",
	"textures": {
		"fire_extinguisher": "dayz/equipment/equipment/fire_extinguisher"
	},
	"elements": [ 	 
		{
			"__comment": "fire_extinguisher",
			"from": [ 5.5, 14.5, 6 ],
			"to": [ 6, 15, 10 ],
			"faces": {
				"down": { "uv": [ 5.5, 11.5, 5.75, 13.5 ], "texture": "#fire_extinguisher" },
				"up": { "uv": [ 5.5, 0.5, 5.75, 2.5 ], "texture": "#fire_extinguisher" },
				"north": { "uv": [ 3.5, 3.5, 3.75, 3.75 ], "texture": "#fire_extinguisher" },
				"south": { "uv": [ 3.5, 3.5, 3.75, 3.75 ], "texture": "#fire_extinguisher" },
				"west": { "uv": [ 3.5, 3.5, 5.5, 3.75 ], "texture": "#fire_extinguisher" },
				"east": { "uv": [ 3.5, 3.5, 5.5, 3.75 ], "texture": "#fire_extinguisher" }
			}
		},
		{
			"__comment": "fire_extinguisher1",
			"from": [ 10, 14.5, 6 ],
			"to": [ 10.5, 15, 10 ],
			"faces": {
				"down": { "uv": [ 3.5, 3.25, 5.5, 3.5 ], "texture": "#fire_extinguisher", "rotation": 270 },
				"up": { "uv": [ 3.5, 3.5, 5.5, 3.25 ], "texture": "#fire_extinguisher", "rotation": 90 },
				"north": { "uv": [ 3.5, 3.25, 3.75, 3.5 ], "texture": "#fire_extinguisher" },
				"south": { "uv": [ 5.5, 3.25, 5.25, 3.5 ], "texture": "#fire_extinguisher" },
				"west": { "uv": [ 3.5, 3.25, 5.5, 3.5 ], "texture": "#fire_extinguisher" },
				"east": { "uv": [ 5.5, 3.25, 3.5, 3.5 ], "texture": "#fire_extinguisher" }
			}
		},
		{
			"__comment": "fire_extinguisher2",
			"from": [ 6, 14.5, 5.5 ],
			"to": [ 10, 15, 10.5 ],
			"faces": {
				"down": { "uv": [ 3.5, 11.25, 5.5, 13.75 ], "texture": "#fire_extinguisher" },
				"up": { "uv": [ 3.5, 0.25, 5.5, 2.75 ], "texture": "#fire_extinguisher" },
				"north": { "uv": [ 6.5, 3.5, 8.5, 3.75 ], "texture": "#fire_extinguisher" },
				"south": { "uv": [ 0.5, 3.5, 2.5, 3.75 ], "texture": "#fire_extinguisher" },
				"west": { "uv": [ 3.25, 3.5, 5.75, 3.75 ], "texture": "#fire_extinguisher" },
				"east": { "uv": [ 3.25, 3.5, 5.75, 3.75 ], "texture": "#fire_extinguisher" }
			}
		},
		{
			"__comment": "fire_extinguisher3",
			"from": [ 5.5, 1.5, 5.5 ],
			"to": [ 10.5, 14.5, 10.5 ],
			"faces": {
				"down": { "uv": [ 3.25, 11.25, 5.75, 13.75 ], "texture": "#fire_extinguisher" },
				"up": { "uv": [ 3.25, 0.25, 5.75, 2.75 ], "texture": "#fire_extinguisher" },
				"north": { "uv": [ 6.25, 3.75, 8.75, 10.25 ], "texture": "#fire_extinguisher" },
				"south": { "uv": [ 0.25, 3.75, 2.75, 10.25 ], "texture": "#fire_extinguisher" },
				"west": { "uv": [ 3.25, 3.75, 5.75, 10.25 ], "texture": "#fire_extinguisher" },
				"east": { "uv": [ 3.25, 3.75, 5.75, 10.25 ], "texture": "#fire_extinguisher" }
			}
		},
		{
			"__comment": "fire_extinguisher4",
			"from": [ 5, 1.5, 6 ],
			"to": [ 5.5, 14.5, 10 ],
			"faces": {
				"down": { "uv": [ 3.5, 10, 5.5, 10.25 ], "texture": "#fire_extinguisher", "rotation": 270 },
				"up": { "uv": [ 3.5, 4, 5.5, 3.75 ], "texture": "#fire_extinguisher", "rotation": 90 },
				"north": { "uv": [ 3.5, 3.75, 3.75, 10.25 ], "texture": "#fire_extinguisher" },
				"south": { "uv": [ 5.5, 3.75, 5.25, 10.25 ], "texture": "#fire_extinguisher" },
				"west": { "uv": [ 3.5, 3.75, 5.5, 10.25 ], "texture": "#fire_extinguisher" },
				"east": { "uv": [ 5.5, 3.75, 3.5, 10.25 ], "texture": "#fire_extinguisher" }
			}
		},
		{
			"__comment": "fire_extinguisher5",
			"from": [ 10.5, 1.5, 6 ],
			"to": [ 11, 14.5, 10 ],
			"faces": {
				"down": { "uv": [ 5.5, 10, 3.5, 10.25 ], "texture": "#fire_extinguisher", "rotation": 270 },
				"up": { "uv": [ 5.5, 4, 3.5, 3.75 ], "texture": "#fire_extinguisher", "rotation": 90 },
				"north": { "uv": [ 5.5, 3.75, 5.75, 10.25 ], "texture": "#fire_extinguisher" },
				"south": { "uv": [ 3.5, 3.75, 3.25, 10.25 ], "texture": "#fire_extinguisher" },
				"west": { "uv": [ 5.5, 3.75, 3.5, 10.25 ], "texture": "#fire_extinguisher" },
				"east": { "uv": [ 3.5, 3.75, 5.5, 10.25 ], "texture": "#fire_extinguisher" }
			}
		},
		{
			"__comment": "fire_extinguisher6",
			"from": [ 6, 1.5, 5 ],
			"to": [ 10, 14.5, 5.5 ],
			"faces": {
				"down": { "uv": [ 3.5, 11, 5.5, 11.25 ], "texture": "#fire_extinguisher" },
				"up": { "uv": [ 3.5, 0, 5.5, 0.25 ], "texture": "#fire_extinguisher" },
				"north": { "uv": [ 0.5, 3.75, 2.5, 10.25 ], "texture": "#fire_extinguisher" },
				"south": { "uv": [ 0.5, 3.75, 2.5, 10.25 ], "texture": "#fire_extinguisher" },
				"west": { "uv": [ 3, 3.75, 3.25, 10.25 ], "texture": "#fire_extinguisher" },
				"east": { "uv": [ 3, 3.75, 3.25, 10.25 ], "texture": "#fire_extinguisher" }
			}
		},
		{
			"__comment": "fire_extinguisher7",
			"from": [ 6, 1.5, 10.5 ],
			"to": [ 10, 14.5, 11 ],
			"faces": {
				"down": { "uv": [ 3.5, 10, 5.5, 10.25 ], "texture": "#fire_extinguisher" },
				"up": { "uv": [ 3.5, 3.75, 5.5, 4 ], "texture": "#fire_extinguisher" },
				"north": { "uv": [ 6.5, 3.75, 8.5, 10.25 ], "texture": "#fire_extinguisher" },
				"south": { "uv": [ 6.5, 3.75, 8.5, 10.25 ], "texture": "#fire_extinguisher" },
				"west": { "uv": [ 5.75, 3.75, 6, 10.25 ], "texture": "#fire_extinguisher" },
				"east": { "uv": [ 5.75, 3.75, 6, 10.25 ], "texture": "#fire_extinguisher" }
			}
		},
		{
			"__comment": "fire_extinguisher8",
			"from": [ 6.5, 15.5, 6 ],
			"to": [ 9.5, 16, 10 ],
			"faces": {
				"down": { "uv": [ 3.75, 0.5, 5.25, 2.5 ], "texture": "#fire_extinguisher" },
				"up": { "uv": [ 3.75, 0.5, 5.25, 2.5 ], "texture": "#fire_extinguisher" },
				"north": { "uv": [ 0.75, 3, 2.25, 3.25 ], "texture": "#fire_extinguisher" },
				"south": { "uv": [ 0.75, 3, 2.25, 3.25 ], "texture": "#fire_extinguisher" },
				"west": { "uv": [ 3.5, 3, 5.5, 3.25 ], "texture": "#fire_extinguisher" },
				"east": { "uv": [ 3.5, 3, 5.5, 3.25 ], "texture": "#fire_extinguisher" }
			}
		},
		{
			"__comment": "fire_extinguisher9",
			"from": [ 6, 15.5, 6.5 ],
			"to": [ 6.5, 16, 9.5 ],
			"faces": {
				"down": { "uv": [ 3.5, 2.25, 3.75, 0.75 ], "texture": "#fire_extinguisher" },
				"up": { "uv": [ 3.5, 0.75, 3.75, 2.25 ], "texture": "#fire_extinguisher" },
				"north": { "uv": [ 3.75, 1, 3.5, 0.75 ], "texture": "#fire_extinguisher" },
				"south": { "uv": [ 3.5, 2, 3.75, 2.25 ], "texture": "#fire_extinguisher" },
				"west": { "uv": [ 3.5, 0.75, 3.75, 2.25 ], "texture": "#fire_extinguisher", "rotation": 270 },
				"east": { "uv": [ 3.75, 0.75, 3.5, 2.25 ], "texture": "#fire_extinguisher", "rotation": 90 }
			}
		},
		{
			"__comment": "fire_extinguisher10",
			"from": [ 9.5, 15.5, 6.5 ],
			"to": [ 10, 16, 9.5 ],
			"faces": {
				"down": { "uv": [ 5.25, 2.25, 5.5, 0.75 ], "texture": "#fire_extinguisher" },
				"up": { "uv": [ 5.25, 0.75, 5.5, 2.25 ], "texture": "#fire_extinguisher" },
				"north": { "uv": [ 5.5, 1, 5.25, 0.75 ], "texture": "#fire_extinguisher" },
				"south": { "uv": [ 5.25, 2, 5.5, 2.25 ], "texture": "#fire_extinguisher" },
				"west": { "uv": [ 5.25, 0.75, 5.5, 2.25 ], "texture": "#fire_extinguisher", "rotation": 270 },
				"east": { "uv": [ 5.5, 0.75, 5.25, 2.25 ], "texture": "#fire_extinguisher", "rotation": 90 }
			}
		},
		{
			"__comment": "fire_extinguisher11",
			"from": [ 6.5, 0, 6 ],
			"to": [ 9.5, 0.5, 10 ],
			"faces": {
				"down": { "uv": [ 3.75, 11.5, 5.25, 13.5 ], "texture": "#fire_extinguisher" },
				"up": { "uv": [ 3.75, 11.5, 5.25, 13.5 ], "texture": "#fire_extinguisher" },
				"north": { "uv": [ 0.75, 10.75, 2.25, 11 ], "texture": "#fire_extinguisher" },
				"south": { "uv": [ 6.75, 10.75, 8.25, 11 ], "texture": "#fire_extinguisher" },
				"west": { "uv": [ 3.5, 10.75, 5.5, 11 ], "texture": "#fire_extinguisher" },
				"east": { "uv": [ 3.5, 10.75, 5.5, 11 ], "texture": "#fire_extinguisher" }
			}
		},
		{
			"__comment": "fire_extinguisher12",
			"from": [ 6, 0, 6.5 ],
			"to": [ 6.5, 0.5, 9.5 ],
			"faces": {
				"down": { "uv": [ 3, 13.25, 3.25, 11.75 ], "texture": "#fire_extinguisher" },
				"up": { "uv": [ 3, 11.75, 3.25, 13.25 ], "texture": "#fire_extinguisher" },
				"north": { "uv": [ 3.25, 12, 3, 11.75 ], "texture": "#fire_extinguisher" },
				"south": { "uv": [ 3, 13, 3.25, 13.25 ], "texture": "#fire_extinguisher" },
				"west": { "uv": [ 3, 11.75, 3.25, 13.25 ], "texture": "#fire_extinguisher", "rotation": 270 },
				"east": { "uv": [ 3.25, 11.75, 3, 13.25 ], "texture": "#fire_extinguisher", "rotation": 90 }
			}
		},
		{
			"__comment": "fire_extinguisher13",
			"from": [ 9.5, 0, 6.5 ],
			"to": [ 10, 0.5, 9.5 ],
			"faces": {
				"down": { "uv": [ 5.75, 13.25, 6, 11.75 ], "texture": "#fire_extinguisher" },
				"up": { "uv": [ 5.75, 11.75, 6, 13.25 ], "texture": "#fire_extinguisher" },
				"north": { "uv": [ 6, 12, 5.75, 11.75 ], "texture": "#fire_extinguisher" },
				"south": { "uv": [ 5.75, 13, 6, 13.25 ], "texture": "#fire_extinguisher" },
				"west": { "uv": [ 5.75, 11.75, 6, 13.25 ], "texture": "#fire_extinguisher", "rotation": 270 },
				"east": { "uv": [ 6, 11.75, 5.75, 13.25 ], "texture": "#fire_extinguisher", "rotation": 90 }
			}
		},
		{
			"__comment": "fire_extinguisher14",
			"from": [ 5.5, 1, 6 ],
			"to": [ 6, 1.5, 10 ],
			"faces": {
				"down": { "uv": [ 3.5, 11.5, 3.75, 13.5 ], "texture": "#fire_extinguisher" },
				"up": { "uv": [ 3.5, 0.5, 3.75, 2.5 ], "texture": "#fire_extinguisher" },
				"north": { "uv": [ 0.25, 10.25, 0.5, 10.5 ], "texture": "#fire_extinguisher" },
				"south": { "uv": [ 0.25, 10.25, 0.5, 10.5 ], "texture": "#fire_extinguisher" },
				"west": { "uv": [ 3.5, 10.25, 5.5, 10.5 ], "texture": "#fire_extinguisher" },
				"east": { "uv": [ 3.5, 10.25, 5.5, 10.5 ], "texture": "#fire_extinguisher" }
			}
		},
		{
			"__comment": "fire_extinguisher15",
			"from": [ 10, 1, 6 ],
			"to": [ 10.5, 1.5, 10 ],
			"faces": {
				"down": { "uv": [ 5.5, 11.5, 5.75, 13.5 ], "texture": "#fire_extinguisher" },
				"up": { "uv": [ 5.5, 0.5, 5.75, 2.5 ], "texture": "#fire_extinguisher" },
				"north": { "uv": [ 2.5, 10.25, 2.75, 10.5 ], "texture": "#fire_extinguisher" },
				"south": { "uv": [ 2.5, 10.25, 2.75, 10.5 ], "texture": "#fire_extinguisher" },
				"west": { "uv": [ 3.5, 10.25, 5.5, 10.5 ], "texture": "#fire_extinguisher" },
				"east": { "uv": [ 3.5, 10.25, 5.5, 10.5 ], "texture": "#fire_extinguisher" }
			}
		},
		{
			"__comment": "fire_extinguisher16",
			"from": [ 6, 1, 5.5 ],
			"to": [ 10, 1.5, 10.5 ],
			"faces": {
				"down": { "uv": [ 3.5, 11.25, 5.5, 13.75 ], "texture": "#fire_extinguisher" },
				"up": { "uv": [ 3.5, 11.25, 5.5, 13.75 ], "texture": "#fire_extinguisher" },
				"north": { "uv": [ 0.5, 10.25, 2.5, 10.5 ], "texture": "#fire_extinguisher" },
				"south": { "uv": [ 0.5, 10.25, 2.5, 10.5 ], "texture": "#fire_extinguisher" },
				"west": { "uv": [ 3.25, 10.25, 5.75, 10.5 ], "texture": "#fire_extinguisher" },
				"east": { "uv": [ 3.25, 10.25, 5.75, 10.5 ], "texture": "#fire_extinguisher" }
			}
		},
		{
			"__comment": "fire_extinguisher17",
			"from": [ 7, 16, 7.5 ],
			"to": [ 9, 16.5, 8.5 ],
			"faces": {
				"down": { "uv": [ 7.5, 1.75, 8, 2 ], "texture": "#fire_extinguisher", "rotation": 270 },
				"up": { "uv": [ 7.5, 2, 8, 1.75 ], "texture": "#fire_extinguisher", "rotation": 90 },
				"north": { "uv": [ 7.5, 1.75, 7.75, 2 ], "texture": "#fire_extinguisher" },
				"south": { "uv": [ 8, 1.75, 7.75, 2 ], "texture": "#fire_extinguisher" },
				"west": { "uv": [ 7.5, 1.75, 8, 2 ], "texture": "#fire_extinguisher" },
				"east": { "uv": [ 8, 1.75, 7.5, 2 ], "texture": "#fire_extinguisher" }
			}
		},
		{
			"__comment": "fire_extinguisher18",
			"from": [ 7.5, 16, 7 ],
			"to": [ 8.5, 17, 7.5 ],
			"faces": {
				"down": { "uv": [ 7.25, 1.75, 7.5, 2 ], "texture": "#fire_extinguisher", "rotation": 270 },
				"up": { "uv": [ 7.25, 1.75, 7.5, 1.5 ], "texture": "#fire_extinguisher", "rotation": 90 },
				"north": { "uv": [ 7.25, 1.5, 7.5, 2 ], "texture": "#fire_extinguisher" },
				"south": { "uv": [ 7.5, 1.5, 7.25, 2 ], "texture": "#fire_extinguisher" },
				"west": { "uv": [ 7.25, 1.5, 7.5, 2 ], "texture": "#fire_extinguisher" },
				"east": { "uv": [ 7.5, 1.5, 7.25, 2 ], "texture": "#fire_extinguisher" }
			}
		},
		{
			"__comment": "fire_extinguisher19",
			"from": [ 7.5, 16, 8.5 ],
			"to": [ 8.5, 17, 9 ],
			"faces": {
				"down": { "uv": [ 8, 1.75, 8.25, 2 ], "texture": "#fire_extinguisher", "rotation": 270 },
				"up": { "uv": [ 8, 1.75, 8.25, 1.5 ], "texture": "#fire_extinguisher", "rotation": 90 },
				"north": { "uv": [ 8, 1.5, 8.25, 2 ], "texture": "#fire_extinguisher" },
				"south": { "uv": [ 8.25, 1.5, 8, 2 ], "texture": "#fire_extinguisher" },
				"west": { "uv": [ 8, 1.5, 8.25, 2 ], "texture": "#fire_extinguisher" },
				"east": { "uv": [ 8.25, 1.5, 8, 2 ], "texture": "#fire_extinguisher" }
			}
		},
		{
			"__comment": "fire_extinguisher20",
			"from": [ 7.5, 17, 6 ],
			"to": [ 8.5, 17.5, 11 ],
			"faces": {
				"down": { "uv": [ 6.75, 1.25, 9.25, 1.5 ], "texture": "#fire_extinguisher", "rotation": 270 },
				"up": { "uv": [ 6.75, 1.5, 9.25, 1.25 ], "texture": "#fire_extinguisher", "rotation": 90 },
				"north": { "uv": [ 6.75, 1.25, 7, 1.5 ], "texture": "#fire_extinguisher" },
				"south": { "uv": [ 9.25, 1.25, 9, 1.5 ], "texture": "#fire_extinguisher" },
				"west": { "uv": [ 6.75, 1.25, 9.25, 1.5 ], "texture": "#fire_extinguisher" },
				"east": { "uv": [ 9.25, 1.25, 6.75, 1.5 ], "texture": "#fire_extinguisher" }
			}
		},
		{
			"__comment": "fire_extinguisher21",
			"from": [ 7.5, 17.5, 6 ],
			"to": [ 8.5, 18, 10 ],
			"faces": {
				"down": { "uv": [ 6.75, 1, 8.75, 1.25 ], "texture": "#fire_extinguisher", "rotation": 270 },
				"up": { "uv": [ 6.75, 1.25, 8.75, 1 ], "texture": "#fire_extinguisher", "rotation": 90 },
				"north": { "uv": [ 6.75, 1, 7, 1.25 ], "texture": "#fire_extinguisher" },
				"south": { "uv": [ 8.75, 1, 8.5, 1.25 ], "texture": "#fire_extinguisher" },
				"west": { "uv": [ 6.75, 1, 8.75, 1.25 ], "texture": "#fire_extinguisher" },
				"east": { "uv": [ 8.75, 1, 6.75, 1.25 ], "texture": "#fire_extinguisher" }
			}
		},
		{
			"__comment": "fire_extinguisher22",
			"from": [ 7.5, 16.5, 9.5 ],
			"to": [ 8.5, 17, 12 ],
			"faces": {
				"down": { "uv": [ 8.5, 1.5, 9.75, 1.75 ], "texture": "#fire_extinguisher", "rotation": 270 },
				"up": { "uv": [ 8.5, 1.75, 9.75, 1.5 ], "texture": "#fire_extinguisher", "rotation": 90 },
				"north": { "uv": [ 8.5, 1.5, 8.75, 1.75 ], "texture": "#fire_extinguisher" },
				"south": { "uv": [ 9.75, 1.5, 9.5, 1.75 ], "texture": "#fire_extinguisher" },
				"west": { "uv": [ 8.5, 1.5, 9.75, 1.75 ], "texture": "#fire_extinguisher" },
				"east": { "uv": [ 9.75, 1.5, 8.5, 1.75 ], "texture": "#fire_extinguisher" }
			}
		},
		{
			"__comment": "fire_extinguisher23",
			"from": [ 7.5, 16, 10.5 ],
			"to": [ 8.5, 16.5, 13 ],
			"faces": {
				"down": { "uv": [ 9, 1.75, 10.25, 2 ], "texture": "#fire_extinguisher", "rotation": 270 },
				"up": { "uv": [ 9, 2, 10.25, 1.75 ], "texture": "#fire_extinguisher", "rotation": 90 },
				"north": { "uv": [ 9, 1.75, 9.25, 2 ], "texture": "#fire_extinguisher" },
				"south": { "uv": [ 10.25, 1.75, 10, 2 ], "texture": "#fire_extinguisher" },
				"west": { "uv": [ 9, 1.75, 10.25, 2 ], "texture": "#fire_extinguisher" },
				"east": { "uv": [ 10.25, 1.75, 9, 2 ], "texture": "#fire_extinguisher" }
			}
		},
		{
			"__comment": "fire_extinguisher24",
			"from": [ 7.5, 15.5, 11.5 ],
			"to": [ 8.5, 16, 13.5 ],
			"faces": {
				"down": { "uv": [ 9.5, 2, 10.5, 2.25 ], "texture": "#fire_extinguisher", "rotation": 270 },
				"up": { "uv": [ 9.5, 2.25, 10.5, 2 ], "texture": "#fire_extinguisher", "rotation": 90 },
				"north": { "uv": [ 9.5, 2, 9.75, 2.25 ], "texture": "#fire_extinguisher" },
				"south": { "uv": [ 10.5, 2, 10.25, 2.25 ], "texture": "#fire_extinguisher" },
				"west": { "uv": [ 9.5, 2, 10.5, 2.25 ], "texture": "#fire_extinguisher" },
				"east": { "uv": [ 10.5, 2, 9.5, 2.25 ], "texture": "#fire_extinguisher" }
			}
		},
		{
			"__comment": "fire_extinguisher25",
			"from": [ 7.5, 18, 7 ],
			"to": [ 8.5, 18.5, 9 ],
			"faces": {
				"down": { "uv": [ 7.25, 0.75, 8.25, 1 ], "texture": "#fire_extinguisher", "rotation": 270 },
				"up": { "uv": [ 7.25, 1, 8.25, 0.75 ], "texture": "#fire_extinguisher", "rotation": 90 },
				"north": { "uv": [ 7.25, 0.75, 7.5, 1 ], "texture": "#fire_extinguisher" },
				"south": { "uv": [ 8.25, 0.75, 8, 1 ], "texture": "#fire_extinguisher" },
				"west": { "uv": [ 7.25, 0.75, 8.25, 1 ], "texture": "#fire_extinguisher" },
				"east": { "uv": [ 8.25, 0.75, 7.25, 1 ], "texture": "#fire_extinguisher" }
			}
		},
		{
			"__comment": "fire_extinguisher26",
			"from": [ 7.5, 18.5, 7 ],
			"to": [ 8.5, 19, 10 ],
			"faces": {
				"down": { "uv": [ 7.25, 0.5, 8.75, 0.75 ], "texture": "#fire_extinguisher", "rotation": 270 },
				"up": { "uv": [ 7.25, 0.75, 8.75, 0.5 ], "texture": "#fire_extinguisher", "rotation": 90 },
				"north": { "uv": [ 7.25, 0.5, 7.5, 0.75 ], "texture": "#fire_extinguisher" },
				"south": { "uv": [ 8.75, 0.5, 8.5, 0.75 ], "texture": "#fire_extinguisher" },
				"west": { "uv": [ 7.25, 0.5, 8.75, 0.75 ], "texture": "#fire_extinguisher" },
				"east": { "uv": [ 8.75, 0.5, 7.25, 0.75 ], "texture": "#fire_extinguisher" }
			}
		},
		{
			"__comment": "fire_extinguisher27",
			"from": [ 7.5, 19, 8.5 ],
			"to": [ 8.5, 19.5, 11 ],
			"faces": {
				"down": { "uv": [ 8, 0.25, 9.25, 0.5 ], "texture": "#fire_extinguisher", "rotation": 270 },
				"up": { "uv": [ 8, 0.5, 9.25, 0.25 ], "texture": "#fire_extinguisher", "rotation": 90 },
				"north": { "uv": [ 8, 0.25, 8.25, 0.5 ], "texture": "#fire_extinguisher" },
				"south": { "uv": [ 9.25, 0.25, 9, 0.5 ], "texture": "#fire_extinguisher" },
				"west": { "uv": [ 8, 0.25, 9.25, 0.5 ], "texture": "#fire_extinguisher" },
				"east": { "uv": [ 9.25, 0.25, 8, 0.5 ], "texture": "#fire_extinguisher" }
			}
		},
		{
			"__comment": "fire_extinguisher28",
			"from": [ 7.5, 19.5, 10 ],
			"to": [ 8.5, 20, 12 ],
			"faces": {
				"down": { "uv": [ 8.75, 0, 9.75, 0.25 ], "texture": "#fire_extinguisher", "rotation": 270 },
				"up": { "uv": [ 8.75, 0.25, 9.75, 0 ], "texture": "#fire_extinguisher", "rotation": 90 },
				"north": { "uv": [ 8.75, 0, 9, 0.25 ], "texture": "#fire_extinguisher" },
				"south": { "uv": [ 9.75, 0, 9.5, 0.25 ], "texture": "#fire_extinguisher" },
				"west": { "uv": [ 8.75, 0, 9.75, 0.25 ], "texture": "#fire_extinguisher" },
				"east": { "uv": [ 9.75, 0, 8.75, 0.25 ], "texture": "#fire_extinguisher" }
			}
		},
		{
			"__comment": "fire_extinguisher29",
			"from": [ 7, 16.5, 7.5 ],
			"to": [ 7.5, 18.5, 8.5 ],
			"faces": {
				"down": { "uv": [ 6.25, 2.75, 6.75, 3 ], "texture": "#fire_extinguisher", "rotation": 270 },
				"up": { "uv": [ 6.25, 2.25, 6.75, 2 ], "texture": "#fire_extinguisher", "rotation": 90 },
				"north": { "uv": [ 6.25, 2, 6.5, 3 ], "texture": "#fire_extinguisher" },
				"south": { "uv": [ 6.75, 2, 6.5, 3 ], "texture": "#fire_extinguisher" },
				"west": { "uv": [ 6.25, 2, 6.75, 3 ], "texture": "#fire_extinguisher" },
				"east": { "uv": [ 6.75, 2, 6.25, 3 ], "texture": "#fire_extinguisher" }
			}
		},
		{
			"__comment": "fire_extinguisher30",
			"from": [ 7, 17, 7 ],
			"to": [ 7.5, 18, 7.5 ],
			"faces": {
				"down": { "uv": [ 6, 2.5, 6.25, 2.75 ], "texture": "#fire_extinguisher", "rotation": 270 },
				"up": { "uv": [ 6, 2.5, 6.25, 2.25 ], "texture": "#fire_extinguisher", "rotation": 90 },
				"north": { "uv": [ 6, 2.25, 6.25, 2.75 ], "texture": "#fire_extinguisher" },
				"south": { "uv": [ 6.25, 2.25, 6, 2.75 ], "texture": "#fire_extinguisher" },
				"west": { "uv": [ 6, 2.25, 6.25, 2.75 ], "texture": "#fire_extinguisher" },
				"east": { "uv": [ 6.25, 2.25, 6, 2.75 ], "texture": "#fire_extinguisher" }
			}
		},
		{
			"__comment": "fire_extinguisher31",
			"from": [ 7, 17, 8.5 ],
			"to": [ 7.5, 18, 9 ],
			"faces": {
				"down": { "uv": [ 6.75, 2.5, 7, 2.75 ], "texture": "#fire_extinguisher", "rotation": 270 },
				"up": { "uv": [ 6.75, 2.5, 7, 2.25 ], "texture": "#fire_extinguisher", "rotation": 90 },
				"north": { "uv": [ 6.75, 2.25, 7, 2.75 ], "texture": "#fire_extinguisher" },
				"south": { "uv": [ 7, 2.25, 6.75, 2.75 ], "texture": "#fire_extinguisher" },
				"west": { "uv": [ 6.75, 2.25, 7, 2.75 ], "texture": "#fire_extinguisher" },
				"east": { "uv": [ 7, 2.25, 6.75, 2.75 ], "texture": "#fire_extinguisher" }
			}
		},
		{
			"__comment": "fire_extinguisher32",
			"from": [ 7.5, 16.5, 7.5 ],
			"to": [ 9, 17, 8.5 ],
			"faces": {
				"down": { "uv": [ 7.5, 1.5, 8, 1.75 ], "texture": "#fire_extinguisher", "rotation": 270 },
				"up": { "uv": [ 7.5, 1.75, 8, 1.5 ], "texture": "#fire_extinguisher", "rotation": 90 },
				"north": { "uv": [ 7.5, 1.5, 7.75, 1.75 ], "texture": "#fire_extinguisher" },
				"south": { "uv": [ 8, 1.5, 7.75, 1.75 ], "texture": "#fire_extinguisher" },
				"west": { "uv": [ 7.5, 1.5, 8, 1.75 ], "texture": "#fire_extinguisher" },
				"east": { "uv": [ 8, 1.5, 7.5, 1.75 ], "texture": "#fire_extinguisher" }
			}
		},
		{
			"__comment": "fire_extinguisher33",
			"from": [ 6, 15, 6 ],
			"to": [ 10, 15.5, 10 ],
			"faces": {
				"down": { "uv": [ 3.5, 0.5, 5.5, 2.5 ], "texture": "#fire_extinguisher" },
				"up": { "uv": [ 3.5, 0.5, 5.5, 2.5 ], "texture": "#fire_extinguisher" },
				"north": { "uv": [ 0.5, 3.25, 2.5, 3.5 ], "texture": "#fire_extinguisher" },
				"south": { "uv": [ 0.5, 3.25, 2.5, 3.5 ], "texture": "#fire_extinguisher" },
				"west": { "uv": [ 3.5, 3.25, 5.5, 3.5 ], "texture": "#fire_extinguisher" },
				"east": { "uv": [ 3.5, 3.25, 5.5, 3.5 ], "texture": "#fire_extinguisher" }
			}
		},
		{
			"__comment": "fire_extinguisher34",
			"from": [ 5.5, 15, 6.5 ],
			"to": [ 6, 15.5, 9.5 ],
			"faces": {
				"down": { "uv": [ 3.25, 0.75, 3.5, 2.25 ], "texture": "#fire_extinguisher" },
				"up": { "uv": [ 3.25, 0.75, 3.5, 2.25 ], "texture": "#fire_extinguisher" },
				"north": { "uv": [ 0.25, 3.25, 0.5, 3.5 ], "texture": "#fire_extinguisher" },
				"south": { "uv": [ 0.25, 3.25, 0.5, 3.5 ], "texture": "#fire_extinguisher" },
				"west": { "uv": [ 3.75, 3.25, 5.25, 3.5 ], "texture": "#fire_extinguisher" },
				"east": { "uv": [ 3.75, 3.25, 5.25, 3.5 ], "texture": "#fire_extinguisher" }
			}
		},
		{
			"__comment": "fire_extinguisher35",
			"from": [ 10, 15, 6.5 ],
			"to": [ 10.5, 15.5, 9.5 ],
			"faces": {
				"down": { "uv": [ 5.5, 0.75, 5.75, 2.25 ], "texture": "#fire_extinguisher" },
				"up": { "uv": [ 5.5, 0.75, 5.75, 2.25 ], "texture": "#fire_extinguisher" },
				"north": { "uv": [ 5.5, 3.25, 5.75, 3.5 ], "texture": "#fire_extinguisher" },
				"south": { "uv": [ 5.5, 3.25, 5.75, 3.5 ], "texture": "#fire_extinguisher" },
				"west": { "uv": [ 3.75, 3.25, 5.25, 3.5 ], "texture": "#fire_extinguisher" },
				"east": { "uv": [ 3.75, 3.25, 5.25, 3.5 ], "texture": "#fire_extinguisher" }
			}
		},
		{
			"__comment": "fire_extinguisher36",
			"from": [ 6.5, 15, 5.5 ],
			"to": [ 9.5, 15.5, 6 ],
			"faces": {
				"down": { "uv": [ 3.75, 0.25, 5.25, 0.5 ], "texture": "#fire_extinguisher" },
				"up": { "uv": [ 3.75, 0.25, 5.25, 0.5 ], "texture": "#fire_extinguisher" },
				"north": { "uv": [ 0.75, 3.25, 2.25, 3.5 ], "texture": "#fire_extinguisher" },
				"south": { "uv": [ 0.75, 3.25, 2.25, 3.5 ], "texture": "#fire_extinguisher" },
				"west": { "uv": [ 3.25, 3.25, 3.5, 3.5 ], "texture": "#fire_extinguisher" },
				"east": { "uv": [ 3.25, 3.25, 3.5, 3.5 ], "texture": "#fire_extinguisher" }
			}
		},
		{
			"__comment": "fire_extinguisher37",
			"from": [ 6.5, 15, 10 ],
			"to": [ 9.5, 15.5, 10.5 ],
			"faces": {
				"down": { "uv": [ 3.75, 2.5, 5.25, 2.75 ], "texture": "#fire_extinguisher" },
				"up": { "uv": [ 3.75, 2.5, 5.25, 2.75 ], "texture": "#fire_extinguisher" },
				"north": { "uv": [ 0.75, 3.25, 2.25, 3.5 ], "texture": "#fire_extinguisher" },
				"south": { "uv": [ 0.75, 3.25, 2.25, 3.5 ], "texture": "#fire_extinguisher" },
				"west": { "uv": [ 5.5, 3.25, 5.75, 3.5 ], "texture": "#fire_extinguisher" },
				"east": { "uv": [ 5.5, 3.25, 5.75, 3.5 ], "texture": "#fire_extinguisher" }
			}
		},
		{
			"__comment": "fire_extinguisher38",
			"from": [ 5.5, 0.5, 6.5 ],
			"to": [ 6, 1, 9.5 ],
			"faces": {
				"down": { "uv": [ 3.25, 11.75, 3.5, 13.25 ], "texture": "#fire_extinguisher" },
				"up": { "uv": [ 3.25, 11.75, 3.5, 13.25 ], "texture": "#fire_extinguisher" },
				"north": { "uv": [ 0.25, 10.5, 0.5, 10.75 ], "texture": "#fire_extinguisher" },
				"south": { "uv": [ 0.25, 10.5, 0.5, 10.75 ], "texture": "#fire_extinguisher" },
				"west": { "uv": [ 3.75, 10.5, 5.25, 10.75 ], "texture": "#fire_extinguisher" },
				"east": { "uv": [ 3.75, 10.5, 5.25, 10.75 ], "texture": "#fire_extinguisher" }
			}
		},
		{
			"__comment": "fire_extinguisher39",
			"from": [ 6, 0.5, 6 ],
			"to": [ 10, 1, 10 ],
			"faces": {
				"down": { "uv": [ 3.5, 11.5, 5.5, 13.5 ], "texture": "#fire_extinguisher" },
				"up": { "uv": [ 3.5, 11.5, 5.5, 13.5 ], "texture": "#fire_extinguisher" },
				"north": { "uv": [ 0.5, 10.5, 2.5, 10.75 ], "texture": "#fire_extinguisher" },
				"south": { "uv": [ 0.5, 10.5, 2.5, 10.75 ], "texture": "#fire_extinguisher" },
				"west": { "uv": [ 3.5, 10.5, 5.5, 10.75 ], "texture": "#fire_extinguisher" },
				"east": { "uv": [ 3.5, 10.5, 5.5, 10.75 ], "texture": "#fire_extinguisher" }
			}
		},
		{
			"__comment": "fire_extinguisher40",
			"from": [ 6.5, 0.5, 5.5 ],
			"to": [ 9.5, 1, 6 ],
			"faces": {
				"down": { "uv": [ 3.75, 11.25, 5.25, 11.5 ], "texture": "#fire_extinguisher" },
				"up": { "uv": [ 3.75, 11.25, 5.25, 11.5 ], "texture": "#fire_extinguisher" },
				"north": { "uv": [ 0.75, 10.5, 2.25, 10.75 ], "texture": "#fire_extinguisher" },
				"south": { "uv": [ 0.75, 10.5, 2.25, 10.75 ], "texture": "#fire_extinguisher" },
				"west": { "uv": [ 3.25, 10.5, 3.5, 10.75 ], "texture": "#fire_extinguisher" },
				"east": { "uv": [ 3.25, 10.5, 3.5, 10.75 ], "texture": "#fire_extinguisher" }
			}
		},
		{
			"__comment": "fire_extinguisher41",
			"from": [ 10, 0.5, 6.5 ],
			"to": [ 10.5, 1, 9.5 ],
			"faces": {
				"down": { "uv": [ 5.5, 11.75, 5.75, 13.25 ], "texture": "#fire_extinguisher" },
				"up": { "uv": [ 5.5, 11.75, 5.75, 13.25 ], "texture": "#fire_extinguisher" },
				"north": { "uv": [ 2.5, 10.5, 2.75, 10.75 ], "texture": "#fire_extinguisher" },
				"south": { "uv": [ 2.5, 10.5, 2.75, 10.75 ], "texture": "#fire_extinguisher" },
				"west": { "uv": [ 3.75, 10.5, 5.25, 10.75 ], "texture": "#fire_extinguisher" },
				"east": { "uv": [ 3.75, 10.5, 5.25, 10.75 ], "texture": "#fire_extinguisher" }
			}
		},
		{
			"__comment": "fire_extinguisher42",
			"from": [ 6.5, 0.5, 10 ],
			"to": [ 9.5, 1, 10.5 ],
			"faces": {
				"down": { "uv": [ 3.75, 13.5, 5.25, 13.75 ], "texture": "#fire_extinguisher" },
				"up": { "uv": [ 3.75, 13.5, 5.25, 13.75 ], "texture": "#fire_extinguisher" },
				"north": { "uv": [ 0.75, 10.5, 2.25, 10.75 ], "texture": "#fire_extinguisher" },
				"south": { "uv": [ 0.75, 10.5, 2.25, 10.75 ], "texture": "#fire_extinguisher" },
				"west": { "uv": [ 5.5, 10.5, 5.75, 10.75 ], "texture": "#fire_extinguisher" },
				"east": { "uv": [ 5.5, 10.5, 5.75, 10.75 ], "texture": "#fire_extinguisher" }
			}
		},
		{
			"__comment": "fire_extinguisher43",
			"from": [ 7.5, 17, 5 ],
			"to": [ 8.5, 17.5, 6 ],
			"faces": {
				"down": { "uv": [ 6.5, 1.25, 6.75, 1.5 ], "texture": "#fire_extinguisher", "rotation": 270 },
				"up": { "uv": [ 6.5, 1.5, 6.75, 1.25 ], "texture": "#fire_extinguisher", "rotation": 90 },
				"north": { "uv": [ 6.5, 1.25, 6.75, 1.5 ], "texture": "#fire_extinguisher" },
				"south": { "uv": [ 6.75, 1.25, 6.5, 1.5 ], "texture": "#fire_extinguisher" },
				"west": { "uv": [ 6.5, 1.25, 6.75, 1.5 ], "texture": "#fire_extinguisher" },
				"east": { "uv": [ 6.75, 1.25, 6.5, 1.5 ], "texture": "#fire_extinguisher" }
			}
		},
		{
			"__comment": "fire_extinguisher44",
			"from": [ 7.5, 17.5, 5 ],
			"to": [ 8.5, 18, 6 ],
			"faces": {
				"down": { "uv": [ 6.5, 1, 6.75, 1.25 ], "texture": "#fire_extinguisher", "rotation": 270 },
				"up": { "uv": [ 6.5, 1.25, 6.75, 1 ], "texture": "#fire_extinguisher", "rotation": 90 },
				"north": { "uv": [ 6.5, 1, 6.75, 1.25 ], "texture": "#fire_extinguisher" },
				"south": { "uv": [ 6.75, 1, 6.5, 1.25 ], "texture": "#fire_extinguisher" },
				"west": { "uv": [ 6.5, 1, 6.75, 1.25 ], "texture": "#fire_extinguisher" },
				"east": { "uv": [ 6.75, 1, 6.5, 1.25 ], "texture": "#fire_extinguisher" }
			}
		},
		{
			"__comment": "fire_extinguisher6",
			"from": [ 6.5, 14.5, 5 ],
			"to": [ 9.5, 15, 5.5 ],
			"faces": {
				"down": { "uv": [ 0.5, 3.5, 2.5, 3.75 ], "texture": "#fire_extinguisher" },
				"up": { "uv": [ 0.5, 3.75, 2.5, 3.5 ], "texture": "#fire_extinguisher" },
				"north": { "uv": [ 2.5, 3.5, 0.5, 3.75 ], "texture": "#fire_extinguisher" },
				"south": { "uv": [ 0.5, 3.5, 2.5, 3.75 ], "texture": "#fire_extinguisher" },
				"west": { "uv": [ 0.5, 3.5, 0.75, 3.75 ], "texture": "#fire_extinguisher" },
				"east": { "uv": [ 2.5, 3.5, 2.25, 3.75 ], "texture": "#fire_extinguisher" }
			}
		},
		{
			"__comment": "fire_extinguisher6",
			"from": [ 6.5, 14.5, 10.5 ],
			"to": [ 9.5, 15, 11 ],
			"faces": {
				"down": { "uv": [ 0.5, 3.5, 2.5, 3.75 ], "texture": "#fire_extinguisher" },
				"up": { "uv": [ 0.5, 3.75, 2.5, 3.5 ], "texture": "#fire_extinguisher" },
				"north": { "uv": [ 2.5, 3.5, 0.5, 3.75 ], "texture": "#fire_extinguisher" },
				"south": { "uv": [ 0.5, 3.5, 2.5, 3.75 ], "texture": "#fire_extinguisher" },
				"west": { "uv": [ 0.5, 3.5, 0.75, 3.75 ], "texture": "#fire_extinguisher" },
				"east": { "uv": [ 2.5, 3.5, 2.25, 3.75 ], "texture": "#fire_extinguisher" }
			}
		},
		{
			"__comment": "fire_extinguisher6",
			"from": [ 6.5, 1, 10.5 ],
			"to": [ 9.5, 1.5, 11 ],
			"faces": {
				"down": { "uv": [ 0.5, 10.25, 2.5, 10.5 ], "texture": "#fire_extinguisher" },
				"up": { "uv": [ 0.5, 10.5, 2.5, 10.25 ], "texture": "#fire_extinguisher" },
				"north": { "uv": [ 2.5, 10.25, 0.5, 10.5 ], "texture": "#fire_extinguisher" },
				"south": { "uv": [ 0.5, 10.25, 2.5, 10.5 ], "texture": "#fire_extinguisher" },
				"west": { "uv": [ 0.5, 10.25, 0.75, 10.5 ], "texture": "#fire_extinguisher" },
				"east": { "uv": [ 2.5, 10.25, 2.25, 10.5 ], "texture": "#fire_extinguisher" }
			}
		},
		{
			"__comment": "fire_extinguisher6",
			"from": [ 6.5, 1, 5.5 ],
			"to": [ 9.5, 1.5, 6 ],
			"faces": {
				"down": { "uv": [ 0.5, 10.25, 2.5, 10.5 ], "texture": "#fire_extinguisher" },
				"up": { "uv": [ 0.5, 10.5, 2.5, 10.25 ], "texture": "#fire_extinguisher" },
				"north": { "uv": [ 2.5, 10.25, 0.5, 10.5 ], "texture": "#fire_extinguisher" },
				"south": { "uv": [ 0.5, 10.25, 2.5, 10.5 ], "texture": "#fire_extinguisher" },
				"west": { "uv": [ 0.5, 10.25, 0.75, 10.5 ], "texture": "#fire_extinguisher" },
				"east": { "uv": [ 2.5, 10.25, 2.25, 10.5 ], "texture": "#fire_extinguisher" }
			}
		},
		{
			"__comment": "fire_extinguisher6",
			"from": [ 5, 1, 6.5 ],
			"to": [ 5.5, 1.5, 9.5 ],
			"faces": {
				"down": { "uv": [ 3.75, 10.25, 5.25, 10.5 ], "texture": "#fire_extinguisher", "rotation": 270 },
				"up": { "uv": [ 3.75, 10.5, 5.25, 10.25 ], "texture": "#fire_extinguisher", "rotation": 90 },
				"north": { "uv": [ 3.75, 10.25, 4, 10.5 ], "texture": "#fire_extinguisher" },
				"south": { "uv": [ 5.25, 10.25, 5, 10.5 ], "texture": "#fire_extinguisher" },
				"west": { "uv": [ 3.75, 10.25, 5.25, 10.5 ], "texture": "#fire_extinguisher" },
				"east": { "uv": [ 5.25, 10.25, 3.75, 10.5 ], "texture": "#fire_extinguisher" }
			}
		},
		{
			"__comment": "fire_extinguisher6",
			"from": [ 10.5, 1, 6.5 ],
			"to": [ 11, 1.5, 9.5 ],
			"faces": {
				"down": { "uv": [ 3.75, 10.25, 5.25, 10.5 ], "texture": "#fire_extinguisher", "rotation": 270 },
				"up": { "uv": [ 3.75, 10.5, 5.25, 10.25 ], "texture": "#fire_extinguisher", "rotation": 90 },
				"north": { "uv": [ 3.75, 10.25, 4, 10.5 ], "texture": "#fire_extinguisher" },
				"south": { "uv": [ 5.25, 10.25, 5, 10.5 ], "texture": "#fire_extinguisher" },
				"west": { "uv": [ 3.75, 10.25, 5.25, 10.5 ], "texture": "#fire_extinguisher" },
				"east": { "uv": [ 5.25, 10.25, 3.75, 10.5 ], "texture": "#fire_extinguisher" }
			}
		},
		{
			"__comment": "fire_extinguisher6",
			"from": [ 5, 14.5, 6.5 ],
			"to": [ 5.5, 15, 9.5 ],
			"faces": {
				"down": { "uv": [ 3.75, 3.5, 5.25, 3.75 ], "texture": "#fire_extinguisher", "rotation": 270 },
				"up": { "uv": [ 3.75, 3.75, 5.25, 3.5 ], "texture": "#fire_extinguisher", "rotation": 90 },
				"north": { "uv": [ 3.75, 3.5, 4, 3.75 ], "texture": "#fire_extinguisher" },
				"south": { "uv": [ 5.25, 3.5, 5, 3.75 ], "texture": "#fire_extinguisher" },
				"west": { "uv": [ 3.75, 3.5, 5.25, 3.75 ], "texture": "#fire_extinguisher" },
				"east": { "uv": [ 5.25, 3.5, 3.75, 3.75 ], "texture": "#fire_extinguisher" }
			}
		},
		{
			"__comment": "fire_extinguisher6",
			"from": [ 10.5, 14.5, 6.5 ],
			"to": [ 11, 15, 9.5 ],
			"faces": {
				"down": { "uv": [ 3.75, 3.5, 5.25, 3.75 ], "texture": "#fire_extinguisher", "rotation": 270 },
				"up": { "uv": [ 3.75, 3.75, 5.25, 3.5 ], "texture": "#fire_extinguisher", "rotation": 90 },
				"north": { "uv": [ 3.75, 3.5, 4, 3.75 ], "texture": "#fire_extinguisher" },
				"south": { "uv": [ 5.25, 3.5, 5, 3.75 ], "texture": "#fire_extinguisher" },
				"west": { "uv": [ 3.75, 3.5, 5.25, 3.75 ], "texture": "#fire_extinguisher" },
				"east": { "uv": [ 5.25, 3.5, 3.75, 3.75 ], "texture": "#fire_extinguisher" }
			}
		},
		{
			"__comment": "fire_extinguisher44",
			"from": [ 7.5, 17, 4.5 ],
			"to": [ 8.5, 17.5, 5 ],
			"faces": {
				"down": { "uv": [ 6.5, 1, 6.75, 1.25 ], "texture": "#fire_extinguisher", "rotation": 270 },
				"up": { "uv": [ 6.5, 1.25, 6.75, 1 ], "texture": "#fire_extinguisher", "rotation": 90 },
				"north": { "uv": [ 6.5, 1, 6.75, 1.25 ], "texture": "#fire_extinguisher" },
				"south": { "uv": [ 6.75, 1, 6.5, 1.25 ], "texture": "#fire_extinguisher" },
				"west": { "uv": [ 6.5, 1, 6.75, 1.25 ], "texture": "#fire_extinguisher" },
				"east": { "uv": [ 6.75, 1, 6.5, 1.25 ], "texture": "#fire_extinguisher" }
			}
		},
		{
			"__comment": "fire_extinguisher43",
			"from": [ 7.5, 16.5, 4.5 ],
			"to": [ 8.5, 17, 5.5 ],
			"faces": {
				"down": { "uv": [ 6.5, 1.25, 6.75, 1.5 ], "texture": "#fire_extinguisher", "rotation": 270 },
				"up": { "uv": [ 6.5, 1.5, 6.75, 1.25 ], "texture": "#fire_extinguisher", "rotation": 90 },
				"north": { "uv": [ 6.5, 1.25, 6.75, 1.5 ], "texture": "#fire_extinguisher" },
				"south": { "uv": [ 6.75, 1.25, 6.5, 1.5 ], "texture": "#fire_extinguisher" },
				"west": { "uv": [ 6.5, 1.25, 6.75, 1.5 ], "texture": "#fire_extinguisher" },
				"east": { "uv": [ 6.75, 1.25, 6.5, 1.5 ], "texture": "#fire_extinguisher" }
			}
		},
		{
			"__comment": "fire_extinguisher44",
			"from": [ 7.5, 16.5, 4 ],
			"to": [ 8.5, 17, 4.5 ],
			"faces": {
				"down": { "uv": [ 6.5, 1, 6.75, 1.25 ], "texture": "#fire_extinguisher", "rotation": 270 },
				"up": { "uv": [ 6.5, 1.25, 6.75, 1 ], "texture": "#fire_extinguisher", "rotation": 90 },
				"north": { "uv": [ 6.5, 1, 6.75, 1.25 ], "texture": "#fire_extinguisher" },
				"south": { "uv": [ 6.75, 1, 6.5, 1.25 ], "texture": "#fire_extinguisher" },
				"west": { "uv": [ 6.5, 1, 6.75, 1.25 ], "texture": "#fire_extinguisher" },
				"east": { "uv": [ 6.75, 1, 6.5, 1.25 ], "texture": "#fire_extinguisher" }
			}
		},
		{
			"__comment": "fire_extinguisher43",
			"from": [ 7.5, 16, 4.5 ],
			"to": [ 8.5, 16.5, 5 ],
			"faces": {
				"down": { "uv": [ 6.5, 1.25, 6.75, 1.5 ], "texture": "#fire_extinguisher", "rotation": 270 },
				"up": { "uv": [ 6.5, 1.5, 6.75, 1.25 ], "texture": "#fire_extinguisher", "rotation": 90 },
				"north": { "uv": [ 6.5, 1.25, 6.75, 1.5 ], "texture": "#fire_extinguisher" },
				"south": { "uv": [ 6.75, 1.25, 6.5, 1.5 ], "texture": "#fire_extinguisher" },
				"west": { "uv": [ 6.5, 1.25, 6.75, 1.5 ], "texture": "#fire_extinguisher" },
				"east": { "uv": [ 6.75, 1.25, 6.5, 1.5 ], "texture": "#fire_extinguisher" }
			}
		},
		{
			"__comment": "fire_extinguisher43",
			"from": [ 7.5, 15, 4 ],
			"to": [ 8.5, 16.5, 4.5 ],
			"faces": {
				"down": { "uv": [ 6.5, 1.25, 6.75, 1.5 ], "texture": "#fire_extinguisher", "rotation": 270 },
				"up": { "uv": [ 6.5, 1.5, 6.75, 1.25 ], "texture": "#fire_extinguisher", "rotation": 90 },
				"north": { "uv": [ 6.5, 1.25, 6.75, 1.5 ], "texture": "#fire_extinguisher" },
				"south": { "uv": [ 6.75, 1.25, 6.5, 1.5 ], "texture": "#fire_extinguisher" },
				"west": { "uv": [ 6.5, 1.25, 6.75, 1.5 ], "texture": "#fire_extinguisher" },
				"east": { "uv": [ 6.75, 1.25, 6.5, 1.5 ], "texture": "#fire_extinguisher" }
			}
		},
		{
			"__comment": "fire_extinguisher44",
			"from": [ 7.5, 15.5, 3.5 ],
			"to": [ 8.5, 16.5, 4 ],
			"faces": {
				"down": { "uv": [ 6.5, 1, 6.75, 1.25 ], "texture": "#fire_extinguisher", "rotation": 270 },
				"up": { "uv": [ 6.5, 1.25, 6.75, 1 ], "texture": "#fire_extinguisher", "rotation": 90 },
				"north": { "uv": [ 6.5, 1, 6.75, 1.25 ], "texture": "#fire_extinguisher" },
				"south": { "uv": [ 6.75, 1, 6.5, 1.25 ], "texture": "#fire_extinguisher" },
				"west": { "uv": [ 6.5, 1, 6.75, 1.25 ], "texture": "#fire_extinguisher" },
				"east": { "uv": [ 6.75, 1, 6.5, 1.25 ], "texture": "#fire_extinguisher" }
			}
		},
		{
			"__comment": "fire_extinguisher43",
			"from": [ 7.5, 14, 3.5 ],
			"to": [ 8.5, 15.5, 4 ],
			"faces": {
				"down": { "uv": [ 6.5, 1.25, 6.75, 1.5 ], "texture": "#fire_extinguisher", "rotation": 270 },
				"up": { "uv": [ 6.5, 1.5, 6.75, 1.25 ], "texture": "#fire_extinguisher", "rotation": 90 },
				"north": { "uv": [ 6.5, 1.25, 6.75, 1.5 ], "texture": "#fire_extinguisher" },
				"south": { "uv": [ 6.75, 1.25, 6.5, 1.5 ], "texture": "#fire_extinguisher" },
				"west": { "uv": [ 6.5, 1.25, 6.75, 1.5 ], "texture": "#fire_extinguisher" },
				"east": { "uv": [ 6.75, 1.25, 6.5, 1.5 ], "texture": "#fire_extinguisher" }
			}
		},
		{
			"__comment": "fire_extinguisher43",
			"from": [ 7.5, 13.5, 3 ],
			"to": [ 8.5, 14.5, 3.5 ],
			"faces": {
				"down": { "uv": [ 6.5, 1.25, 6.75, 1.5 ], "texture": "#fire_extinguisher", "rotation": 270 },
				"up": { "uv": [ 6.5, 1.5, 6.75, 1.25 ], "texture": "#fire_extinguisher", "rotation": 90 },
				"north": { "uv": [ 6.5, 1.25, 6.75, 1.5 ], "texture": "#fire_extinguisher" },
				"south": { "uv": [ 6.75, 1.25, 6.5, 1.5 ], "texture": "#fire_extinguisher" },
				"west": { "uv": [ 6.5, 1.25, 6.75, 1.5 ], "texture": "#fire_extinguisher" },
				"east": { "uv": [ 6.75, 1.25, 6.5, 1.5 ], "texture": "#fire_extinguisher" }
			}
		},
		{
			"__comment": "fire_extinguisher43",
			"from": [ 7.5, 13.5, 2.5 ],
			"to": [ 8.5, 14, 3 ],
			"faces": {
				"down": { "uv": [ 6.5, 1.25, 6.75, 1.5 ], "texture": "#fire_extinguisher", "rotation": 270 },
				"up": { "uv": [ 6.5, 1.5, 6.75, 1.25 ], "texture": "#fire_extinguisher", "rotation": 90 },
				"north": { "uv": [ 6.5, 1.25, 6.75, 1.5 ], "texture": "#fire_extinguisher" },
				"south": { "uv": [ 6.75, 1.25, 6.5, 1.5 ], "texture": "#fire_extinguisher" },
				"west": { "uv": [ 6.5, 1.25, 6.75, 1.5 ], "texture": "#fire_extinguisher" },
				"east": { "uv": [ 6.75, 1.25, 6.5, 1.5 ], "texture": "#fire_extinguisher" }
			}
		},
		{
			"__comment": "fire_extinguisher43",
			"from": [ 7.5, 13, -0.5 ],
			"to": [ 8.5, 13.5, 3 ],
			"faces": {
				"down": { "uv": [ 6.5, 1.25, 6.75, 1.5 ], "texture": "#fire_extinguisher", "rotation": 270 },
				"up": { "uv": [ 6.5, 1.5, 6.75, 1.25 ], "texture": "#fire_extinguisher", "rotation": 90 },
				"north": { "uv": [ 6.5, 1.25, 6.75, 1.5 ], "texture": "#fire_extinguisher" },
				"south": { "uv": [ 6.75, 1.25, 6.5, 1.5 ], "texture": "#fire_extinguisher" },
				"west": { "uv": [ 6.5, 1.25, 6.75, 1.5 ], "texture": "#fire_extinguisher" },
				"east": { "uv": [ 6.75, 1.25, 6.5, 1.5 ], "texture": "#fire_extinguisher" }
			}
		},
		{
			"__comment": "fire_extinguisher44",
			"from": [ 7.5, 14.5, 3 ],
			"to": [ 8.5, 15.5, 3.5 ],
			"faces": {
				"down": { "uv": [ 6.5, 1, 6.75, 1.25 ], "texture": "#fire_extinguisher", "rotation": 270 },
				"up": { "uv": [ 6.5, 1.25, 6.75, 1 ], "texture": "#fire_extinguisher", "rotation": 90 },
				"north": { "uv": [ 6.5, 1, 6.75, 1.25 ], "texture": "#fire_extinguisher" },
				"south": { "uv": [ 6.75, 1, 6.5, 1.25 ], "texture": "#fire_extinguisher" },
				"west": { "uv": [ 6.5, 1, 6.75, 1.25 ], "texture": "#fire_extinguisher" },
				"east": { "uv": [ 6.75, 1, 6.5, 1.25 ], "texture": "#fire_extinguisher" }
			}
		},
		{
			"__comment": "fire_extinguisher44",
			"from": [ 7.5, 14, 2.5 ],
			"to": [ 8.5, 14.5, 3 ],
			"faces": {
				"down": { "uv": [ 6.5, 1, 6.75, 1.25 ], "texture": "#fire_extinguisher", "rotation": 270 },
				"up": { "uv": [ 6.5, 1.25, 6.75, 1 ], "texture": "#fire_extinguisher", "rotation": 90 },
				"north": { "uv": [ 6.5, 1, 6.75, 1.25 ], "texture": "#fire_extinguisher" },
				"south": { "uv": [ 6.75, 1, 6.5, 1.25 ], "texture": "#fire_extinguisher" },
				"west": { "uv": [ 6.5, 1, 6.75, 1.25 ], "texture": "#fire_extinguisher" },
				"east": { "uv": [ 6.75, 1, 6.5, 1.25 ], "texture": "#fire_extinguisher" }
			}
		},
		{
			"__comment": "fire_extinguisher44",
			"from": [ 7.5, 13.5, 2 ],
			"to": [ 8.5, 14, 2.5 ],
			"faces": {
				"down": { "uv": [ 6.5, 1, 6.75, 1.25 ], "texture": "#fire_extinguisher", "rotation": 270 },
				"up": { "uv": [ 6.5, 1.25, 6.75, 1 ], "texture": "#fire_extinguisher", "rotation": 90 },
				"north": { "uv": [ 6.5, 1, 6.75, 1.25 ], "texture": "#fire_extinguisher" },
				"south": { "uv": [ 6.75, 1, 6.5, 1.25 ], "texture": "#fire_extinguisher" },
				"west": { "uv": [ 6.5, 1, 6.75, 1.25 ], "texture": "#fire_extinguisher" },
				"east": { "uv": [ 6.75, 1, 6.5, 1.25 ], "texture": "#fire_extinguisher" }
			}
		},
		{
			"__comment": "fire_extinguisher44",
			"from": [ 7.5, 13.5, 0 ],
			"to": [ 8.5, 14, 2 ],
			"faces": {
				"down": { "uv": [ 6.5, 1, 6.75, 1.25 ], "texture": "#fire_extinguisher", "rotation": 270 },
				"up": { "uv": [ 6.5, 1.25, 6.75, 1 ], "texture": "#fire_extinguisher", "rotation": 90 },
				"north": { "uv": [ 6.5, 1, 6.75, 1.25 ], "texture": "#fire_extinguisher" },
				"south": { "uv": [ 6.75, 1, 6.5, 1.25 ], "texture": "#fire_extinguisher" },
				"west": { "uv": [ 6.5, 1, 6.75, 1.25 ], "texture": "#fire_extinguisher" },
				"east": { "uv": [ 6.75, 1, 6.5, 1.25 ], "texture": "#fire_extinguisher" }
			}
		},
		{
			"__comment": "fire_extinguisher43",
			"from": [ 7.5, 13.5, -1 ],
			"to": [ 8.5, 14, 0 ],
			"faces": {
				"down": { "uv": [ 6.5, 1.25, 6.75, 1.5 ], "texture": "#fire_extinguisher", "rotation": 270 },
				"up": { "uv": [ 6.5, 1.5, 6.75, 1.25 ], "texture": "#fire_extinguisher", "rotation": 90 },
				"north": { "uv": [ 6.5, 1.25, 6.75, 1.5 ], "texture": "#fire_extinguisher" },
				"south": { "uv": [ 6.75, 1.25, 6.5, 1.5 ], "texture": "#fire_extinguisher" },
				"west": { "uv": [ 6.5, 1.25, 6.75, 1.5 ], "texture": "#fire_extinguisher" },
				"east": { "uv": [ 6.75, 1.25, 6.5, 1.5 ], "texture": "#fire_extinguisher" }
			}
		},
		{
			"__comment": "fire_extinguisher43",
			"from": [ 7.5, 14, -1.5 ],
			"to": [ 8.5, 14.5, -0.5 ],
			"faces": {
				"down": { "uv": [ 6.5, 1.25, 6.75, 1.5 ], "texture": "#fire_extinguisher", "rotation": 270 },
				"up": { "uv": [ 6.5, 1.5, 6.75, 1.25 ], "texture": "#fire_extinguisher", "rotation": 90 },
				"north": { "uv": [ 6.5, 1.25, 6.75, 1.5 ], "texture": "#fire_extinguisher" },
				"south": { "uv": [ 6.75, 1.25, 6.5, 1.5 ], "texture": "#fire_extinguisher" },
				"west": { "uv": [ 6.5, 1.25, 6.75, 1.5 ], "texture": "#fire_extinguisher" },
				"east": { "uv": [ 6.75, 1.25, 6.5, 1.5 ], "texture": "#fire_extinguisher" }
			}
		},
		{
			"__comment": "fire_extinguisher43",
			"from": [ 7.5, 14.5, -2.5 ],
			"to": [ 8.5, 15, -1 ],
			"faces": {
				"down": { "uv": [ 6.5, 1.25, 6.75, 1.5 ], "texture": "#fire_extinguisher", "rotation": 270 },
				"up": { "uv": [ 6.5, 1.5, 6.75, 1.25 ], "texture": "#fire_extinguisher", "rotation": 90 },
				"north": { "uv": [ 6.5, 1.25, 6.75, 1.5 ], "texture": "#fire_extinguisher" },
				"south": { "uv": [ 6.75, 1.25, 6.5, 1.5 ], "texture": "#fire_extinguisher" },
				"west": { "uv": [ 6.5, 1.25, 6.75, 1.5 ], "texture": "#fire_extinguisher" },
				"east": { "uv": [ 6.75, 1.25, 6.5, 1.5 ], "texture": "#fire_extinguisher" }
			}
		},
		{
			"__comment": "fire_extinguisher43",
			"from": [ 7.5, 16.5, -7 ],
			"to": [ 8.5, 17, -5 ],
			"faces": {
				"down": { "uv": [ 6.5, 1.25, 6.75, 1.5 ], "texture": "#fire_extinguisher", "rotation": 270 },
				"up": { "uv": [ 6.5, 1.5, 6.75, 1.25 ], "texture": "#fire_extinguisher", "rotation": 90 },
				"north": { "uv": [ 6.5, 1.25, 6.75, 1.5 ], "texture": "#fire_extinguisher" },
				"south": { "uv": [ 6.75, 1.25, 6.5, 1.5 ], "texture": "#fire_extinguisher" },
				"west": { "uv": [ 6.5, 1.25, 6.75, 1.5 ], "texture": "#fire_extinguisher" },
				"east": { "uv": [ 6.75, 1.25, 6.5, 1.5 ], "texture": "#fire_extinguisher" }
			}
		},
		{
			"__comment": "fire_extinguisher43",
			"from": [ 7.5, 17, -8.5 ],
			"to": [ 8.5, 17.5, -6.5 ],
			"faces": {
				"down": { "uv": [ 6.5, 1.25, 6.75, 1.5 ], "texture": "#fire_extinguisher", "rotation": 270 },
				"up": { "uv": [ 6.5, 1.5, 6.75, 1.25 ], "texture": "#fire_extinguisher", "rotation": 90 },
				"north": { "uv": [ 6.5, 1.25, 6.75, 1.5 ], "texture": "#fire_extinguisher" },
				"south": { "uv": [ 6.75, 1.25, 6.5, 1.5 ], "texture": "#fire_extinguisher" },
				"west": { "uv": [ 6.5, 1.25, 6.75, 1.5 ], "texture": "#fire_extinguisher" },
				"east": { "uv": [ 6.75, 1.25, 6.5, 1.5 ], "texture": "#fire_extinguisher" }
			}
		},
		{
			"__comment": "fire_extinguisher44",
			"from": [ 7.5, 14, -0.5 ],
			"to": [ 8.5, 14.5, 0 ],
			"faces": {
				"down": { "uv": [ 6.5, 1, 6.75, 1.25 ], "texture": "#fire_extinguisher", "rotation": 270 },
				"up": { "uv": [ 6.5, 1.25, 6.75, 1 ], "texture": "#fire_extinguisher", "rotation": 90 },
				"north": { "uv": [ 6.5, 1, 6.75, 1.25 ], "texture": "#fire_extinguisher" },
				"south": { "uv": [ 6.75, 1, 6.5, 1.25 ], "texture": "#fire_extinguisher" },
				"west": { "uv": [ 6.5, 1, 6.75, 1.25 ], "texture": "#fire_extinguisher" },
				"east": { "uv": [ 6.75, 1, 6.5, 1.25 ], "texture": "#fire_extinguisher" }
			}
		},
		{
			"__comment": "fire_extinguisher44",
			"from": [ 7.5, 14.5, -1 ],
			"to": [ 8.5, 15, -0.5 ],
			"faces": {
				"down": { "uv": [ 6.5, 1, 6.75, 1.25 ], "texture": "#fire_extinguisher", "rotation": 270 },
				"up": { "uv": [ 6.5, 1.25, 6.75, 1 ], "texture": "#fire_extinguisher", "rotation": 90 },
				"north": { "uv": [ 6.5, 1, 6.75, 1.25 ], "texture": "#fire_extinguisher" },
				"south": { "uv": [ 6.75, 1, 6.5, 1.25 ], "texture": "#fire_extinguisher" },
				"west": { "uv": [ 6.5, 1, 6.75, 1.25 ], "texture": "#fire_extinguisher" },
				"east": { "uv": [ 6.75, 1, 6.5, 1.25 ], "texture": "#fire_extinguisher" }
			}
		},
		{
			"__comment": "fire_extinguisher44",
			"from": [ 7.5, 15, -2 ],
			"to": [ 8.5, 15.5, -1 ],
			"faces": {
				"down": { "uv": [ 6.5, 1, 6.75, 1.25 ], "texture": "#fire_extinguisher", "rotation": 270 },
				"up": { "uv": [ 6.5, 1.25, 6.75, 1 ], "texture": "#fire_extinguisher", "rotation": 90 },
				"north": { "uv": [ 6.5, 1, 6.75, 1.25 ], "texture": "#fire_extinguisher" },
				"south": { "uv": [ 6.75, 1, 6.5, 1.25 ], "texture": "#fire_extinguisher" },
				"west": { "uv": [ 6.5, 1, 6.75, 1.25 ], "texture": "#fire_extinguisher" },
				"east": { "uv": [ 6.75, 1, 6.5, 1.25 ], "texture": "#fire_extinguisher" }
			}
		},
		{
			"__comment": "fire_extinguisher44",
			"from": [ 7.5, 17, -6.5 ],
			"to": [ 8.5, 17.5, -5 ],
			"faces": {
				"down": { "uv": [ 6.5, 1, 6.75, 1.25 ], "texture": "#fire_extinguisher", "rotation": 270 },
				"up": { "uv": [ 6.5, 1.25, 6.75, 1 ], "texture": "#fire_extinguisher", "rotation": 90 },
				"north": { "uv": [ 6.5, 1, 6.75, 1.25 ], "texture": "#fire_extinguisher" },
				"south": { "uv": [ 6.75, 1, 6.5, 1.25 ], "texture": "#fire_extinguisher" },
				"west": { "uv": [ 6.5, 1, 6.75, 1.25 ], "texture": "#fire_extinguisher" },
				"east": { "uv": [ 6.75, 1, 6.5, 1.25 ], "texture": "#fire_extinguisher" }
			}
		},
		{
			"__comment": "fire_extinguisher44",
			"from": [ 7.5, 17.5, -8.5 ],
			"to": [ 8.5, 18, -6.5 ],
			"faces": {
				"down": { "uv": [ 6.5, 1, 6.75, 1.25 ], "texture": "#fire_extinguisher", "rotation": 270 },
				"up": { "uv": [ 6.5, 1.25, 6.75, 1 ], "texture": "#fire_extinguisher", "rotation": 90 },
				"north": { "uv": [ 6.5, 1, 6.75, 1.25 ], "texture": "#fire_extinguisher" },
				"south": { "uv": [ 6.75, 1, 6.5, 1.25 ], "texture": "#fire_extinguisher" },
				"west": { "uv": [ 6.5, 1, 6.75, 1.25 ], "texture": "#fire_extinguisher" },
				"east": { "uv": [ 6.75, 1, 6.5, 1.25 ], "texture": "#fire_extinguisher" }
			}
		},
		{
			"__comment": "fire_extinguisher43",
			"from": [ 7.5, 15, -3.5 ],
			"to": [ 8.5, 15.5, -2 ],
			"faces": {
				"down": { "uv": [ 6.5, 1.25, 6.75, 1.5 ], "texture": "#fire_extinguisher", "rotation": 270 },
				"up": { "uv": [ 6.5, 1.5, 6.75, 1.25 ], "texture": "#fire_extinguisher", "rotation": 90 },
				"north": { "uv": [ 6.5, 1.25, 6.75, 1.5 ], "texture": "#fire_extinguisher" },
				"south": { "uv": [ 6.75, 1.25, 6.5, 1.5 ], "texture": "#fire_extinguisher" },
				"west": { "uv": [ 6.5, 1.25, 6.75, 1.5 ], "texture": "#fire_extinguisher" },
				"east": { "uv": [ 6.75, 1.25, 6.5, 1.5 ], "texture": "#fire_extinguisher" }
			}
		},
		{
			"__comment": "fire_extinguisher44",
			"from": [ 7.5, 15.5, -3 ],
			"to": [ 8.5, 16, -2 ],
			"faces": {
				"down": { "uv": [ 6.5, 1, 6.75, 1.25 ], "texture": "#fire_extinguisher", "rotation": 270 },
				"up": { "uv": [ 6.5, 1.25, 6.75, 1 ], "texture": "#fire_extinguisher", "rotation": 90 },
				"north": { "uv": [ 6.5, 1, 6.75, 1.25 ], "texture": "#fire_extinguisher" },
				"south": { "uv": [ 6.75, 1, 6.5, 1.25 ], "texture": "#fire_extinguisher" },
				"west": { "uv": [ 6.5, 1, 6.75, 1.25 ], "texture": "#fire_extinguisher" },
				"east": { "uv": [ 6.75, 1, 6.5, 1.25 ], "texture": "#fire_extinguisher" }
			}
		},
		{
			"__comment": "fire_extinguisher44",
			"from": [ 7.5, 16, -4 ],
			"to": [ 8.5, 16.5, -3 ],
			"faces": {
				"down": { "uv": [ 6.5, 1, 6.75, 1.25 ], "texture": "#fire_extinguisher", "rotation": 270 },
				"up": { "uv": [ 6.5, 1.25, 6.75, 1 ], "texture": "#fire_extinguisher", "rotation": 90 },
				"north": { "uv": [ 6.5, 1, 6.75, 1.25 ], "texture": "#fire_extinguisher" },
				"south": { "uv": [ 6.75, 1, 6.5, 1.25 ], "texture": "#fire_extinguisher" },
				"west": { "uv": [ 6.5, 1, 6.75, 1.25 ], "texture": "#fire_extinguisher" },
				"east": { "uv": [ 6.75, 1, 6.5, 1.25 ], "texture": "#fire_extinguisher" }
			}
		},
		{
			"__comment": "fire_extinguisher43",
			"from": [ 7.5, 15.5, -4.5 ],
			"to": [ 8.5, 16, -3 ],
			"faces": {
				"down": { "uv": [ 6.5, 1.25, 6.75, 1.5 ], "texture": "#fire_extinguisher", "rotation": 270 },
				"up": { "uv": [ 6.5, 1.5, 6.75, 1.25 ], "texture": "#fire_extinguisher", "rotation": 90 },
				"north": { "uv": [ 6.5, 1.25, 6.75, 1.5 ], "texture": "#fire_extinguisher" },
				"south": { "uv": [ 6.75, 1.25, 6.5, 1.5 ], "texture": "#fire_extinguisher" },
				"west": { "uv": [ 6.5, 1.25, 6.75, 1.5 ], "texture": "#fire_extinguisher" },
				"east": { "uv": [ 6.75, 1.25, 6.5, 1.5 ], "texture": "#fire_extinguisher" }
			}
		},
		{
			"__comment": "fire_extinguisher44",
			"from": [ 7.5, 16.5, -5 ],
			"to": [ 8.5, 17, -4 ],
			"faces": {
				"down": { "uv": [ 6.5, 1, 6.75, 1.25 ], "texture": "#fire_extinguisher", "rotation": 270 },
				"up": { "uv": [ 6.5, 1.25, 6.75, 1 ], "texture": "#fire_extinguisher", "rotation": 90 },
				"north": { "uv": [ 6.5, 1, 6.75, 1.25 ], "texture": "#fire_extinguisher" },
				"south": { "uv": [ 6.75, 1, 6.5, 1.25 ], "texture": "#fire_extinguisher" },
				"west": { "uv": [ 6.5, 1, 6.75, 1.25 ], "texture": "#fire_extinguisher" },
				"east": { "uv": [ 6.75, 1, 6.5, 1.25 ], "texture": "#fire_extinguisher" }
			}
		},
		{
			"__comment": "fire_extinguisher43",
			"from": [ 7.5, 16, -5.5 ],
			"to": [ 8.5, 16.5, -4 ],
			"faces": {
				"down": { "uv": [ 6.5, 1.25, 6.75, 1.5 ], "texture": "#fire_extinguisher", "rotation": 270 },
				"up": { "uv": [ 6.5, 1.5, 6.75, 1.25 ], "texture": "#fire_extinguisher", "rotation": 90 },
				"north": { "uv": [ 6.5, 1.25, 6.75, 1.5 ], "texture": "#fire_extinguisher" },
				"south": { "uv": [ 6.75, 1.25, 6.5, 1.5 ], "texture": "#fire_extinguisher" },
				"west": { "uv": [ 6.5, 1.25, 6.75, 1.5 ], "texture": "#fire_extinguisher" },
				"east": { "uv": [ 6.75, 1.25, 6.5, 1.5 ], "texture": "#fire_extinguisher" }
			}
		},
		{
			"__comment": "fire_extinguisher44",
			"from": [ 7, 17, -12 ],
			"to": [ 9, 18, -8.5 ],
			"faces": {
				"down": { "uv": [ 6, 1.25, 6.25, 1.5 ], "texture": "#fire_extinguisher", "rotation": 270 },
				"up": { "uv": [ 6, 1.25, 6.25, 1 ], "texture": "#fire_extinguisher", "rotation": 90 },
				"north": { "uv": [ 6, 1.25, 6.25, 1.5 ], "texture": "#fire_extinguisher" },
				"south": { "uv": [ 6.25, 1.25, 6, 1.5 ], "texture": "#fire_extinguisher" },
				"west": { "uv": [ 6, 1.5, 6.25, 1 ], "texture": "#fire_extinguisher" },
				"east": { "uv": [ 6.25, 1, 6, 1.5 ], "texture": "#fire_extinguisher" }
			}
		},
		{
			"__comment": "fire_extinguisher44",
			"from": [ 7.5, 18, -12 ],
			"to": [ 8.5, 18.5, -8.5 ],
			"faces": {
				"down": { "uv": [ 6, 1, 6.25, 1.5 ], "texture": "#fire_extinguisher", "rotation": 270 },
				"up": { "uv": [ 6, 1.5, 6.25, 1 ], "texture": "#fire_extinguisher", "rotation": 90 },
				"north": { "uv": [ 6, 1.5, 6.25, 1 ], "texture": "#fire_extinguisher", "rotation": 270 },
				"south": { "uv": [ 6.25, 1.5, 6, 1 ], "texture": "#fire_extinguisher", "rotation": 90 },
				"west": { "uv": [ 6, 1, 6.25, 1.25 ], "texture": "#fire_extinguisher" },
				"east": { "uv": [ 6.25, 1.5, 6, 1.25 ], "texture": "#fire_extinguisher" }
			}
		},
		{
			"__comment": "fire_extinguisher44",
			"from": [ 7.5, 16.5, -12 ],
			"to": [ 8.5, 17, -8.5 ],
			"faces": {
				"down": { "uv": [ 6, 1.5, 6.25, 1 ], "texture": "#fire_extinguisher", "rotation": 270 },
				"up": { "uv": [ 6, 1, 6.25, 1.5 ], "texture": "#fire_extinguisher", "rotation": 90 },
				"north": { "uv": [ 6, 1, 6.25, 1.5 ], "texture": "#fire_extinguisher", "rotation": 270 },
				"south": { "uv": [ 6.25, 1, 6, 1.5 ], "texture": "#fire_extinguisher", "rotation": 90 },
				"west": { "uv": [ 6, 1.25, 6.25, 1.5 ], "texture": "#fire_extinguisher" },
				"east": { "uv": [ 6.25, 1.25, 6, 1 ], "texture": "#fire_extinguisher" }
			}
		}
	],
	"display": {
		"thirdperson_righthand": {
			"rotation":  [ 60, 0, 0 ],
			"translation":  [ 0, -4, -6 ],
			"scale":  [ 0.75, 0.75, 0.75 ]
		},
		"thirdperson_lefthand": {
			"rotation":  [ 0, 45, 90 ],
			"translation":  [ -6, -7, 6 ],
			"scale":  [ 0.75, 0.75, 0.75 ]
		},
		"firstperson_righthand": {
			"translation":  [ 0, -6, -6 ]
		},
		"firstperson_lefthand": {
			"scale":  [ 0.0001, 0.0001, 0.0001 ]
		},
		"gui": {
			"rotation":  [ 30, 135, 0 ],
			"scale":  [ 0.5, 0.5, 0.5 ]
		},
		"head": {
			"scale":  [ 0.0001, 0.0001, 0.0001 ]
		},
		"ground": {
			"rotation":  [ -90, 90, 0 ],
			"scale":  [ 0.75, 0.75, 0.75 ]
		},
		"fixed": {
			"rotation":  [ 0, 180, 0 ],
			"scale":  [ 1.5, 1.5, 1.5 ]
		}
	}
}