{
	"__comment": "Designed by Optimus0812 with Cubik Studio - https://cubik.studio",
	"textures": {
		"cz61_skirpion": "dayz/weapon/gun/submachine_gun/cz61_skorpion"
	},
	"elements": [ 	 
		{
			"__comment": "cz61_skorpion",
			"from": [ 7.5, 2.5, 5.5 ],
			"to": [ 8.5, 3, 6 ],
			"faces": {
				"down": { "uv": [ 6.75, 10.5, 7, 10.75 ], "texture": "#cz61_skirpion", "rotation": 270 },
				"up": { "uv": [ 6.75, 10.75, 7, 10.5 ], "texture": "#cz61_skirpion", "rotation": 90 },
				"north": { "uv": [ 6.75, 10.5, 7, 10.75 ], "texture": "#cz61_skirpion" },
				"south": { "uv": [ 7, 10.5, 6.75, 10.75 ], "texture": "#cz61_skirpion" },
				"west": { "uv": [ 6.75, 10.5, 7, 10.75 ], "texture": "#cz61_skirpion" },
				"east": { "uv": [ 7, 10.5, 6.75, 10.75 ], "texture": "#cz61_skirpion" }
			}
		},
		{
			"__comment": "cz61_skorpion",
			"from": [ 7.5, 7, -6 ],
			"to": [ 8.5, 7.5, -5.5 ],
			"faces": {
				"down": { "uv": [ 1, 8.25, 1.25, 8.5 ], "texture": "#cz61_skirpion", "rotation": 270 },
				"up": { "uv": [ 1, 8.5, 1.25, 8.25 ], "texture": "#cz61_skirpion", "rotation": 90 },
				"north": { "uv": [ 1, 8.25, 1.25, 8.5 ], "texture": "#cz61_skirpion" },
				"south": { "uv": [ 1.25, 8.25, 1, 8.5 ], "texture": "#cz61_skirpion" },
				"west": { "uv": [ 1, 8.25, 1.25, 8.5 ], "texture": "#cz61_skirpion" },
				"east": { "uv": [ 1.25, 8.25, 1, 8.5 ], "texture": "#cz61_skirpion" }
			}
		},
		{
			"__comment": "cz61_skorpion",
			"from": [ 7.5, 8.5, -6 ],
			"to": [ 8.5, 9, -5.5 ],
			"faces": {
				"down": { "uv": [ 1, 7.5, 1.25, 7.75 ], "texture": "#cz61_skirpion", "rotation": 270 },
				"up": { "uv": [ 1, 7.75, 1.25, 7.5 ], "texture": "#cz61_skirpion", "rotation": 90 },
				"north": { "uv": [ 1, 7.5, 1.25, 7.75 ], "texture": "#cz61_skirpion" },
				"south": { "uv": [ 1.25, 7.5, 1, 7.75 ], "texture": "#cz61_skirpion" },
				"west": { "uv": [ 1, 7.5, 1.25, 7.75 ], "texture": "#cz61_skirpion" },
				"east": { "uv": [ 1.25, 7.5, 1, 7.75 ], "texture": "#cz61_skirpion" }
			}
		},
		{
			"__comment": "cz61_skorpion",
			"from": [ 7, 7.5, -6 ],
			"to": [ 9, 8.5, -5.5 ],
			"faces": {
				"down": { "uv": [ 1, 8, 1.25, 8.25 ], "texture": "#cz61_skirpion", "rotation": 270 },
				"up": { "uv": [ 1, 8, 1.25, 7.75 ], "texture": "#cz61_skirpion", "rotation": 90 },
				"north": { "uv": [ 1, 7.75, 1.25, 8.25 ], "texture": "#cz61_skirpion" },
				"south": { "uv": [ 1.25, 7.75, 1, 8.25 ], "texture": "#cz61_skirpion" },
				"west": { "uv": [ 1, 7.75, 1.25, 8.25 ], "texture": "#cz61_skirpion" },
				"east": { "uv": [ 1.25, 7.75, 1, 8.25 ], "texture": "#cz61_skirpion" }
			}
		},
		{
			"__comment": "cz61_skorpion",
			"from": [ 6.5, 6, 8.5 ],
			"to": [ 9.5, 6.5, 9.5 ],
			"faces": {
				"down": { "uv": [ 8.25, 8.75, 8.75, 9 ], "texture": "#cz61_skirpion", "rotation": 270 },
				"up": { "uv": [ 8.25, 9, 8.75, 8.75 ], "texture": "#cz61_skirpion", "rotation": 90 },
				"north": { "uv": [ 8.25, 8.75, 8.5, 9 ], "texture": "#cz61_skirpion" },
				"south": { "uv": [ 8.75, 8.75, 8.5, 9 ], "texture": "#cz61_skirpion" },
				"west": { "uv": [ 8.25, 8.75, 8.75, 9 ], "texture": "#cz61_skirpion" },
				"east": { "uv": [ 8.75, 8.75, 8.25, 9 ], "texture": "#cz61_skirpion" }
			}
		},
		{
			"__comment": "cz61_skorpion",
			"from": [ 7, -4, 8.5 ],
			"to": [ 9, -3.5, 10.5 ],
			"faces": {
				"down": { "uv": [ 8.25, 13.75, 9.25, 14 ], "texture": "#cz61_skirpion", "rotation": 270 },
				"up": { "uv": [ 8.25, 14, 9.25, 13.75 ], "texture": "#cz61_skirpion", "rotation": 90 },
				"north": { "uv": [ 8.25, 13.75, 8.5, 14 ], "texture": "#cz61_skirpion" },
				"south": { "uv": [ 9.25, 13.75, 9, 14 ], "texture": "#cz61_skirpion" },
				"west": { "uv": [ 8.25, 13.75, 9.25, 14 ], "texture": "#cz61_skirpion" },
				"east": { "uv": [ 9.25, 13.75, 8.25, 14 ], "texture": "#cz61_skirpion" }
			}
		},
		{
			"__comment": "cz61_skorpion",
			"from": [ 7.5, 10, 7.5 ],
			"to": [ 8.5, 10.5, 8 ],
			"faces": {
				"down": { "uv": [ 7.75, 6.75, 8, 7 ], "texture": "#cz61_skirpion", "rotation": 270 },
				"up": { "uv": [ 7.75, 7, 8, 6.75 ], "texture": "#cz61_skirpion", "rotation": 90 },
				"north": { "uv": [ 7.75, 6.75, 8, 7 ], "texture": "#cz61_skirpion" },
				"south": { "uv": [ 8, 6.75, 7.75, 7 ], "texture": "#cz61_skirpion" },
				"west": { "uv": [ 7.75, 6.75, 8, 7 ], "texture": "#cz61_skirpion" },
				"east": { "uv": [ 8, 6.75, 7.75, 7 ], "texture": "#cz61_skirpion" }
			}
		},
		{
			"__comment": "cz61_skorpion",
			"from": [ 7, 8.5, -5.5 ],
			"to": [ 9, 9, 10.5 ],
			"faces": {
				"down": { "uv": [ 1.25, 7.5, 9.25, 7.75 ], "texture": "#cz61_skirpion", "rotation": 270 },
				"up": { "uv": [ 1.25, 7.75, 9.25, 7.5 ], "texture": "#cz61_skirpion", "rotation": 90 },
				"north": { "uv": [ 1.25, 7.5, 1.5, 7.75 ], "texture": "#cz61_skirpion" },
				"south": { "uv": [ 9.25, 7.5, 9, 7.75 ], "texture": "#cz61_skirpion" },
				"west": { "uv": [ 1.25, 7.5, 9.25, 7.75 ], "texture": "#cz61_skirpion" },
				"east": { "uv": [ 9.25, 7.5, 1.25, 7.75 ], "texture": "#cz61_skirpion" }
			}
		},
		{
			"__comment": "cz61_skorpion",
			"from": [ 7, 6.5, -5.5 ],
			"to": [ 9, 7, 11 ],
			"faces": {
				"down": { "uv": [ 1.25, 8.5, 9.5, 8.75 ], "texture": "#cz61_skirpion", "rotation": 270 },
				"up": { "uv": [ 1.25, 8.75, 9.5, 8.5 ], "texture": "#cz61_skirpion", "rotation": 90 },
				"north": { "uv": [ 1.25, 8.5, 1.5, 8.75 ], "texture": "#cz61_skirpion" },
				"south": { "uv": [ 9.5, 8.5, 9.25, 8.75 ], "texture": "#cz61_skirpion" },
				"west": { "uv": [ 1.25, 8.5, 9.5, 8.75 ], "texture": "#cz61_skirpion" },
				"east": { "uv": [ 9.5, 8.5, 1.25, 8.75 ], "texture": "#cz61_skirpion" }
			}
		},
		{
			"__comment": "cz61_skorpion",
			"from": [ 7, 6, -1 ],
			"to": [ 9, 6.5, 11.5 ],
			"faces": {
				"down": { "uv": [ 3.5, 8.75, 9.75, 9 ], "texture": "#cz61_skirpion", "rotation": 270 },
				"up": { "uv": [ 3.5, 9, 9.75, 8.75 ], "texture": "#cz61_skirpion", "rotation": 90 },
				"north": { "uv": [ 3.5, 8.75, 3.75, 9 ], "texture": "#cz61_skirpion" },
				"south": { "uv": [ 9.75, 8.75, 9.5, 9 ], "texture": "#cz61_skirpion" },
				"west": { "uv": [ 3.5, 8.75, 9.75, 9 ], "texture": "#cz61_skirpion" },
				"east": { "uv": [ 9.75, 8.75, 3.5, 9 ], "texture": "#cz61_skirpion" }
			}
		},
		{
			"__comment": "cz61_skorpion",
			"from": [ 7, 5.5, -0.5 ],
			"to": [ 9, 6, 11.5 ],
			"faces": {
				"down": { "uv": [ 3.75, 9, 9.75, 9.25 ], "texture": "#cz61_skirpion", "rotation": 270 },
				"up": { "uv": [ 3.75, 9.25, 9.75, 9 ], "texture": "#cz61_skirpion", "rotation": 90 },
				"north": { "uv": [ 3.75, 9, 4, 9.25 ], "texture": "#cz61_skirpion" },
				"south": { "uv": [ 9.75, 9, 9.5, 9.25 ], "texture": "#cz61_skirpion" },
				"west": { "uv": [ 3.75, 9, 9.75, 9.25 ], "texture": "#cz61_skirpion" },
				"east": { "uv": [ 9.75, 9, 3.75, 9.25 ], "texture": "#cz61_skirpion" }
			}
		},
		{
			"__comment": "cz61_skorpion",
			"from": [ 7, 5, 0 ],
			"to": [ 9, 5.5, 11.5 ],
			"faces": {
				"down": { "uv": [ 4, 9.25, 9.75, 9.5 ], "texture": "#cz61_skirpion", "rotation": 270 },
				"up": { "uv": [ 4, 9.5, 9.75, 9.25 ], "texture": "#cz61_skirpion", "rotation": 90 },
				"north": { "uv": [ 4, 9.25, 4.25, 9.5 ], "texture": "#cz61_skirpion" },
				"south": { "uv": [ 9.75, 9.25, 9.5, 9.5 ], "texture": "#cz61_skirpion" },
				"west": { "uv": [ 4, 9.25, 9.75, 9.5 ], "texture": "#cz61_skirpion" },
				"east": { "uv": [ 9.75, 9.25, 4, 9.5 ], "texture": "#cz61_skirpion" }
			}
		},
		{
			"__comment": "cz61_skorpion",
			"from": [ 7, 4.5, 1 ],
			"to": [ 9, 5, 11.5 ],
			"faces": {
				"down": { "uv": [ 4.5, 9.5, 9.75, 9.75 ], "texture": "#cz61_skirpion", "rotation": 270 },
				"up": { "uv": [ 4.5, 9.75, 9.75, 9.5 ], "texture": "#cz61_skirpion", "rotation": 90 },
				"north": { "uv": [ 4.5, 9.5, 4.75, 9.75 ], "texture": "#cz61_skirpion" },
				"south": { "uv": [ 9.75, 9.5, 9.5, 9.75 ], "texture": "#cz61_skirpion" },
				"west": { "uv": [ 4.5, 9.5, 9.75, 9.75 ], "texture": "#cz61_skirpion" },
				"east": { "uv": [ 9.75, 9.5, 4.5, 9.75 ], "texture": "#cz61_skirpion" }
			}
		},
		{
			"__comment": "cz61_skorpion",
			"from": [ 7, 4, 2 ],
			"to": [ 9, 4.5, 11.5 ],
			"faces": {
				"down": { "uv": [ 5, 9.75, 9.75, 10 ], "texture": "#cz61_skirpion", "rotation": 270 },
				"up": { "uv": [ 5, 10, 9.75, 9.75 ], "texture": "#cz61_skirpion", "rotation": 90 },
				"north": { "uv": [ 5, 9.75, 5.25, 10 ], "texture": "#cz61_skirpion" },
				"south": { "uv": [ 9.75, 9.75, 9.5, 10 ], "texture": "#cz61_skirpion" },
				"west": { "uv": [ 5, 9.75, 9.75, 10 ], "texture": "#cz61_skirpion" },
				"east": { "uv": [ 9.75, 9.75, 5, 10 ], "texture": "#cz61_skirpion" }
			}
		},
		{
			"__comment": "cz61_skorpion",
			"from": [ 7, 2.5, 4 ],
			"to": [ 9, 4, 4.5 ],
			"faces": {
				"down": { "uv": [ 6, 10.5, 6.25, 10.75 ], "texture": "#cz61_skirpion", "rotation": 270 },
				"up": { "uv": [ 6, 10.25, 6.25, 10 ], "texture": "#cz61_skirpion", "rotation": 90 },
				"north": { "uv": [ 6, 10, 6.25, 10.75 ], "texture": "#cz61_skirpion" },
				"south": { "uv": [ 6.25, 10, 6, 10.75 ], "texture": "#cz61_skirpion" },
				"west": { "uv": [ 6, 10, 6.25, 10.75 ], "texture": "#cz61_skirpion" },
				"east": { "uv": [ 6.25, 10, 6, 10.75 ], "texture": "#cz61_skirpion" }
			}
		},
		{
			"__comment": "cz61_skorpion",
			"from": [ 7, 2, 4.5 ],
			"to": [ 9, 2.5, 5 ],
			"faces": {
				"down": { "uv": [ 6.25, 10.75, 6.5, 11 ], "texture": "#cz61_skirpion", "rotation": 270 },
				"up": { "uv": [ 6.25, 11, 6.5, 10.75 ], "texture": "#cz61_skirpion", "rotation": 90 },
				"north": { "uv": [ 6.25, 10.75, 6.5, 11 ], "texture": "#cz61_skirpion" },
				"south": { "uv": [ 6.5, 10.75, 6.25, 11 ], "texture": "#cz61_skirpion" },
				"west": { "uv": [ 6.25, 10.75, 6.5, 11 ], "texture": "#cz61_skirpion" },
				"east": { "uv": [ 6.5, 10.75, 6.25, 11 ], "texture": "#cz61_skirpion" }
			}
		},
		{
			"__comment": "cz61_skorpion",
			"from": [ 7.5, 7.5, -8 ],
			"to": [ 8.5, 8.5, -6 ],
			"faces": {
				"down": { "uv": [ 0, 8, 1, 8.25 ], "texture": "#cz61_skirpion", "rotation": 270 },
				"up": { "uv": [ 0, 8, 1, 7.75 ], "texture": "#cz61_skirpion", "rotation": 90 },
				"north": { "uv": [ 0, 7.75, 0.25, 8.25 ], "texture": "#cz61_skirpion" },
				"south": { "uv": [ 1, 7.75, 0.75, 8.25 ], "texture": "#cz61_skirpion" },
				"west": { "uv": [ 0, 7.75, 1, 8.25 ], "texture": "#cz61_skirpion" },
				"east": { "uv": [ 1, 7.75, 0, 8.25 ], "texture": "#cz61_skirpion" }
			}
		},
		{
			"__comment": "cz61_skorpion",
			"from": [ 7.5, -4, 19.5 ],
			"to": [ 8.5, -3, 21 ],
			"faces": {
				"down": { "uv": [ 13.75, 13.75, 14.5, 14 ], "texture": "#cz61_skirpion", "rotation": 270 },
				"up": { "uv": [ 13.75, 13.75, 14.5, 13.5 ], "texture": "#cz61_skirpion", "rotation": 90 },
				"north": { "uv": [ 13.75, 13.5, 14, 14 ], "texture": "#cz61_skirpion" },
				"south": { "uv": [ 14.5, 13.5, 14.25, 14 ], "texture": "#cz61_skirpion" },
				"west": { "uv": [ 13.75, 13.5, 14.5, 14 ], "texture": "#cz61_skirpion" },
				"east": { "uv": [ 14.5, 13.5, 13.75, 14 ], "texture": "#cz61_skirpion" }
			}
		},
		{
			"__comment": "cz61_skorpion",
			"from": [ 7, 1.5, 5 ],
			"to": [ 9, 2, 7 ],
			"faces": {
				"down": { "uv": [ 6.5, 11, 7.5, 11.25 ], "texture": "#cz61_skirpion", "rotation": 270 },
				"up": { "uv": [ 6.5, 11.25, 7.5, 11 ], "texture": "#cz61_skirpion", "rotation": 90 },
				"north": { "uv": [ 6.5, 11, 6.75, 11.25 ], "texture": "#cz61_skirpion" },
				"south": { "uv": [ 7.5, 11, 7.25, 11.25 ], "texture": "#cz61_skirpion" },
				"west": { "uv": [ 6.5, 11, 7.5, 11.25 ], "texture": "#cz61_skirpion" },
				"east": { "uv": [ 7.5, 11, 6.5, 11.25 ], "texture": "#cz61_skirpion" }
			}
		},
		{
			"__comment": "cz61_skorpion",
			"from": [ 7.5, 9, -5.5 ],
			"to": [ 8.5, 9.5, 10.5 ],
			"faces": {
				"down": { "uv": [ 1.25, 7.25, 9.25, 7.5 ], "texture": "#cz61_skirpion", "rotation": 270 },
				"up": { "uv": [ 1.25, 7.5, 9.25, 7.25 ], "texture": "#cz61_skirpion", "rotation": 90 },
				"north": { "uv": [ 1.25, 7.25, 1.5, 7.5 ], "texture": "#cz61_skirpion" },
				"south": { "uv": [ 9.25, 7.25, 9, 7.5 ], "texture": "#cz61_skirpion" },
				"west": { "uv": [ 1.25, 7.25, 9.25, 7.5 ], "texture": "#cz61_skirpion" },
				"east": { "uv": [ 9.25, 7.25, 1.25, 7.5 ], "texture": "#cz61_skirpion" }
			}
		},
		{
			"__comment": "cz61_skorpion",
			"from": [ 8.5, 7, 12 ],
			"to": [ 9, 8, 12.5 ],
			"faces": {
				"down": { "uv": [ 10, 8.25, 10.25, 8.5 ], "texture": "#cz61_skirpion", "rotation": 270 },
				"up": { "uv": [ 10, 8.25, 10.25, 8 ], "texture": "#cz61_skirpion", "rotation": 90 },
				"north": { "uv": [ 10, 8, 10.25, 8.5 ], "texture": "#cz61_skirpion" },
				"south": { "uv": [ 10.25, 8, 10, 8.5 ], "texture": "#cz61_skirpion" },
				"west": { "uv": [ 10, 8, 10.25, 8.5 ], "texture": "#cz61_skirpion" },
				"east": { "uv": [ 10.25, 8, 10, 8.5 ], "texture": "#cz61_skirpion" }
			}
		},
		{
			"__comment": "cz61_skorpion",
			"from": [ 7.5, 8.5, 10.5 ],
			"to": [ 8.5, 9, 11 ],
			"faces": {
				"down": { "uv": [ 9.25, 7.5, 9.5, 7.75 ], "texture": "#cz61_skirpion", "rotation": 270 },
				"up": { "uv": [ 9.25, 7.75, 9.5, 7.5 ], "texture": "#cz61_skirpion", "rotation": 90 },
				"north": { "uv": [ 9.25, 7.5, 9.5, 7.75 ], "texture": "#cz61_skirpion" },
				"south": { "uv": [ 9.5, 7.5, 9.25, 7.75 ], "texture": "#cz61_skirpion" },
				"west": { "uv": [ 9.25, 7.5, 9.5, 7.75 ], "texture": "#cz61_skirpion" },
				"east": { "uv": [ 9.5, 7.5, 9.25, 7.75 ], "texture": "#cz61_skirpion" }
			}
		},
		{
			"__comment": "cz61_skorpion",
			"from": [ 8.5, 6.5, 11 ],
			"to": [ 9, 8.5, 12 ],
			"faces": {
				"down": { "uv": [ 9.5, 8.5, 10, 8.75 ], "texture": "#cz61_skirpion", "rotation": 270 },
				"up": { "uv": [ 9.5, 8, 10, 7.75 ], "texture": "#cz61_skirpion", "rotation": 90 },
				"north": { "uv": [ 9.5, 7.75, 9.75, 8.75 ], "texture": "#cz61_skirpion" },
				"south": { "uv": [ 10, 7.75, 9.75, 8.75 ], "texture": "#cz61_skirpion" },
				"west": { "uv": [ 9.5, 7.75, 10, 8.75 ], "texture": "#cz61_skirpion" },
				"east": { "uv": [ 10, 7.75, 9.5, 8.75 ], "texture": "#cz61_skirpion" }
			}
		},
		{
			"__comment": "cz61_skorpion",
			"from": [ 7, 6.5, 11 ],
			"to": [ 7.5, 8.5, 12 ],
			"faces": {
				"down": { "uv": [ 9.5, 8.5, 10, 8.75 ], "texture": "#cz61_skirpion", "rotation": 270 },
				"up": { "uv": [ 9.5, 8, 10, 7.75 ], "texture": "#cz61_skirpion", "rotation": 90 },
				"north": { "uv": [ 9.5, 7.75, 9.75, 8.75 ], "texture": "#cz61_skirpion" },
				"south": { "uv": [ 10, 7.75, 9.75, 8.75 ], "texture": "#cz61_skirpion" },
				"west": { "uv": [ 9.5, 7.75, 10, 8.75 ], "texture": "#cz61_skirpion" },
				"east": { "uv": [ 10, 7.75, 9.5, 8.75 ], "texture": "#cz61_skirpion" }
			}
		},
		{
			"__comment": "cz61_skorpion",
			"from": [ 7, 7, 12 ],
			"to": [ 7.5, 8, 12.5 ],
			"faces": {
				"down": { "uv": [ 10, 8.25, 10.25, 8.5 ], "texture": "#cz61_skirpion", "rotation": 270 },
				"up": { "uv": [ 10, 8.25, 10.25, 8 ], "texture": "#cz61_skirpion", "rotation": 90 },
				"north": { "uv": [ 10, 8, 10.25, 8.5 ], "texture": "#cz61_skirpion" },
				"south": { "uv": [ 10.25, 8, 10, 8.5 ], "texture": "#cz61_skirpion" },
				"west": { "uv": [ 10, 8, 10.25, 8.5 ], "texture": "#cz61_skirpion" },
				"east": { "uv": [ 10.25, 8, 10, 8.5 ], "texture": "#cz61_skirpion" }
			}
		},
		{
			"__comment": "cz61_skorpion",
			"from": [ 7.5, 3, 6 ],
			"to": [ 8.5, 4, 6.5 ],
			"faces": {
				"down": { "uv": [ 7, 10.25, 7.25, 10.5 ], "texture": "#cz61_skirpion", "rotation": 270 },
				"up": { "uv": [ 7, 10.25, 7.25, 10 ], "texture": "#cz61_skirpion", "rotation": 90 },
				"north": { "uv": [ 7, 10, 7.25, 10.5 ], "texture": "#cz61_skirpion" },
				"south": { "uv": [ 7.25, 10, 7, 10.5 ], "texture": "#cz61_skirpion" },
				"west": { "uv": [ 7, 10, 7.25, 10.5 ], "texture": "#cz61_skirpion" },
				"east": { "uv": [ 7.25, 10, 7, 10.5 ], "texture": "#cz61_skirpion" }
			}
		},
		{
			"__comment": "cz61_skorpion",
			"from": [ 7.5, 3.5, 11 ],
			"to": [ 8.5, 4, 11.5 ],
			"faces": {
				"down": { "uv": [ 9.5, 10, 9.75, 10.25 ], "texture": "#cz61_skirpion", "rotation": 270 },
				"up": { "uv": [ 9.5, 10.25, 9.75, 10 ], "texture": "#cz61_skirpion", "rotation": 90 },
				"north": { "uv": [ 9.5, 10, 9.75, 10.25 ], "texture": "#cz61_skirpion" },
				"south": { "uv": [ 9.75, 10, 9.5, 10.25 ], "texture": "#cz61_skirpion" },
				"west": { "uv": [ 9.5, 10, 9.75, 10.25 ], "texture": "#cz61_skirpion" },
				"east": { "uv": [ 9.75, 10, 9.5, 10.25 ], "texture": "#cz61_skirpion" }
			}
		},
		{
			"__comment": "cz61_skorpion",
			"from": [ 7.5, 3, 10.5 ],
			"to": [ 8.5, 3.5, 11 ],
			"faces": {
				"down": { "uv": [ 9.25, 10.25, 9.5, 10.5 ], "texture": "#cz61_skirpion", "rotation": 270 },
				"up": { "uv": [ 9.25, 10.5, 9.5, 10.25 ], "texture": "#cz61_skirpion", "rotation": 90 },
				"north": { "uv": [ 9.25, 10.25, 9.5, 10.5 ], "texture": "#cz61_skirpion" },
				"south": { "uv": [ 9.5, 10.25, 9.25, 10.5 ], "texture": "#cz61_skirpion" },
				"west": { "uv": [ 9.25, 10.25, 9.5, 10.5 ], "texture": "#cz61_skirpion" },
				"east": { "uv": [ 9.5, 10.25, 9.25, 10.5 ], "texture": "#cz61_skirpion" }
			}
		},
		{
			"__comment": "cz61_skorpion",
			"from": [ 7.5, 2, 10 ],
			"to": [ 8.5, 3, 10.5 ],
			"faces": {
				"down": { "uv": [ 9, 10.75, 9.25, 11 ], "texture": "#cz61_skirpion", "rotation": 270 },
				"up": { "uv": [ 9, 10.75, 9.25, 10.5 ], "texture": "#cz61_skirpion", "rotation": 90 },
				"north": { "uv": [ 9, 10.5, 9.25, 11 ], "texture": "#cz61_skirpion" },
				"south": { "uv": [ 9.25, 10.5, 9, 11 ], "texture": "#cz61_skirpion" },
				"west": { "uv": [ 9, 10.5, 9.25, 11 ], "texture": "#cz61_skirpion" },
				"east": { "uv": [ 9.25, 10.5, 9, 11 ], "texture": "#cz61_skirpion" }
			}
		},
		{
			"__comment": "cz61_skorpion",
			"from": [ 7.5, 1, 10.5 ],
			"to": [ 8.5, 2, 11 ],
			"faces": {
				"down": { "uv": [ 9.25, 11.25, 9.5, 11.5 ], "texture": "#cz61_skirpion", "rotation": 270 },
				"up": { "uv": [ 9.25, 11.25, 9.5, 11 ], "texture": "#cz61_skirpion", "rotation": 90 },
				"north": { "uv": [ 9.25, 11, 9.5, 11.5 ], "texture": "#cz61_skirpion" },
				"south": { "uv": [ 9.5, 11, 9.25, 11.5 ], "texture": "#cz61_skirpion" },
				"west": { "uv": [ 9.25, 11, 9.5, 11.5 ], "texture": "#cz61_skirpion" },
				"east": { "uv": [ 9.5, 11, 9.25, 11.5 ], "texture": "#cz61_skirpion" }
			}
		},
		{
			"__comment": "cz61_skorpion",
			"from": [ 7.5, -3.5, 11 ],
			"to": [ 8.5, 1, 11.5 ],
			"faces": {
				"down": { "uv": [ 9.5, 13.5, 9.75, 13.75 ], "texture": "#cz61_skirpion", "rotation": 270 },
				"up": { "uv": [ 9.5, 11.75, 9.75, 11.5 ], "texture": "#cz61_skirpion", "rotation": 90 },
				"north": { "uv": [ 9.5, 11.5, 9.75, 13.75 ], "texture": "#cz61_skirpion" },
				"south": { "uv": [ 9.75, 11.5, 9.5, 13.75 ], "texture": "#cz61_skirpion" },
				"west": { "uv": [ 9.5, 11.5, 9.75, 13.75 ], "texture": "#cz61_skirpion" },
				"east": { "uv": [ 9.75, 11.5, 9.5, 13.75 ], "texture": "#cz61_skirpion" }
			}
		},
		{
			"__comment": "cz61_skorpion",
			"from": [ 7, 3.5, 7 ],
			"to": [ 9, 4, 11 ],
			"faces": {
				"down": { "uv": [ 7.5, 10, 9.5, 10.25 ], "texture": "#cz61_skirpion", "rotation": 270 },
				"up": { "uv": [ 7.5, 10.25, 9.5, 10 ], "texture": "#cz61_skirpion", "rotation": 90 },
				"north": { "uv": [ 7.5, 10, 7.75, 10.25 ], "texture": "#cz61_skirpion" },
				"south": { "uv": [ 9.5, 10, 9.25, 10.25 ], "texture": "#cz61_skirpion" },
				"west": { "uv": [ 7.5, 10, 9.5, 10.25 ], "texture": "#cz61_skirpion" },
				"east": { "uv": [ 9.5, 10, 7.5, 10.25 ], "texture": "#cz61_skirpion" }
			}
		},
		{
			"__comment": "cz61_skorpion",
			"from": [ 7, 3, 7 ],
			"to": [ 9, 3.5, 10.5 ],
			"faces": {
				"down": { "uv": [ 7.5, 10.25, 9.25, 10.5 ], "texture": "#cz61_skirpion", "rotation": 270 },
				"up": { "uv": [ 7.5, 10.5, 9.25, 10.25 ], "texture": "#cz61_skirpion", "rotation": 90 },
				"north": { "uv": [ 7.5, 10.25, 7.75, 10.5 ], "texture": "#cz61_skirpion" },
				"south": { "uv": [ 9.25, 10.25, 9, 10.5 ], "texture": "#cz61_skirpion" },
				"west": { "uv": [ 7.5, 10.25, 9.25, 10.5 ], "texture": "#cz61_skirpion" },
				"east": { "uv": [ 9.25, 10.25, 7.5, 10.5 ], "texture": "#cz61_skirpion" }
			}
		},
		{
			"__comment": "cz61_skorpion",
			"from": [ 7, 2, 7 ],
			"to": [ 9, 3, 10 ],
			"faces": {
				"down": { "uv": [ 7.5, 10.75, 9, 11 ], "texture": "#cz61_skirpion", "rotation": 270 },
				"up": { "uv": [ 7.5, 10.75, 9, 10.5 ], "texture": "#cz61_skirpion", "rotation": 90 },
				"north": { "uv": [ 7.5, 10.5, 7.75, 11 ], "texture": "#cz61_skirpion" },
				"south": { "uv": [ 9, 10.5, 8.75, 11 ], "texture": "#cz61_skirpion" },
				"west": { "uv": [ 7.5, 10.5, 9, 11 ], "texture": "#cz61_skirpion" },
				"east": { "uv": [ 9, 10.5, 7.5, 11 ], "texture": "#cz61_skirpion" }
			}
		},
		{
			"__comment": "cz61_skorpion",
			"from": [ 7, 1.5, 7 ],
			"to": [ 9, 2, 10.5 ],
			"faces": {
				"down": { "uv": [ 7.5, 11, 9.25, 11.25 ], "texture": "#cz61_skirpion", "rotation": 270 },
				"up": { "uv": [ 7.5, 11.25, 9.25, 11 ], "texture": "#cz61_skirpion", "rotation": 90 },
				"north": { "uv": [ 7.5, 11, 7.75, 11.25 ], "texture": "#cz61_skirpion" },
				"south": { "uv": [ 9.25, 11, 9, 11.25 ], "texture": "#cz61_skirpion" },
				"west": { "uv": [ 7.5, 11, 9.25, 11.25 ], "texture": "#cz61_skirpion" },
				"east": { "uv": [ 9.25, 11, 7.5, 11.25 ], "texture": "#cz61_skirpion" }
			}
		},
		{
			"__comment": "cz61_skorpion",
			"from": [ 7, 1, 7.5 ],
			"to": [ 9, 1.5, 10.5 ],
			"faces": {
				"down": { "uv": [ 7.75, 11.25, 9.25, 11.5 ], "texture": "#cz61_skirpion", "rotation": 270 },
				"up": { "uv": [ 7.75, 11.5, 9.25, 11.25 ], "texture": "#cz61_skirpion", "rotation": 90 },
				"north": { "uv": [ 7.75, 11.25, 8, 11.5 ], "texture": "#cz61_skirpion" },
				"south": { "uv": [ 9.25, 11.25, 9, 11.5 ], "texture": "#cz61_skirpion" },
				"west": { "uv": [ 7.75, 11.25, 9.25, 11.5 ], "texture": "#cz61_skirpion" },
				"east": { "uv": [ 9.25, 11.25, 7.75, 11.5 ], "texture": "#cz61_skirpion" }
			}
		},
		{
			"__comment": "cz61_skorpion",
			"from": [ 7, -3.5, 8 ],
			"to": [ 9, 1, 11 ],
			"faces": {
				"down": { "uv": [ 8, 13.5, 9.5, 13.75 ], "texture": "#cz61_skirpion", "rotation": 270 },
				"up": { "uv": [ 8, 11.75, 9.5, 11.5 ], "texture": "#cz61_skirpion", "rotation": 90 },
				"north": { "uv": [ 8, 11.5, 8.25, 13.75 ], "texture": "#cz61_skirpion" },
				"south": { "uv": [ 9.5, 11.5, 9.25, 13.75 ], "texture": "#cz61_skirpion" },
				"west": { "uv": [ 8, 11.5, 9.5, 13.75 ], "texture": "#cz61_skirpion" },
				"east": { "uv": [ 9.5, 11.5, 8, 13.75 ], "texture": "#cz61_skirpion" }
			}
		},
		{
			"__comment": "cz61_skorpion",
			"from": [ 7.5, -4, 10.5 ],
			"to": [ 8.5, -3.5, 11 ],
			"faces": {
				"down": { "uv": [ 9.25, 13.75, 9.5, 14 ], "texture": "#cz61_skirpion", "rotation": 270 },
				"up": { "uv": [ 9.25, 14, 9.5, 13.75 ], "texture": "#cz61_skirpion", "rotation": 90 },
				"north": { "uv": [ 9.25, 13.75, 9.5, 14 ], "texture": "#cz61_skirpion" },
				"south": { "uv": [ 9.5, 13.75, 9.25, 14 ], "texture": "#cz61_skirpion" },
				"west": { "uv": [ 9.25, 13.75, 9.5, 14 ], "texture": "#cz61_skirpion" },
				"east": { "uv": [ 9.5, 13.75, 9.25, 14 ], "texture": "#cz61_skirpion" }
			}
		},
		{
			"__comment": "cz61_skorpion",
			"from": [ 7.5, -4.5, 9 ],
			"to": [ 8.5, -4, 9.5 ],
			"faces": {
				"down": { "uv": [ 8.5, 14, 8.75, 14.25 ], "texture": "#cz61_skirpion", "rotation": 270 },
				"up": { "uv": [ 8.5, 14.25, 8.75, 14 ], "texture": "#cz61_skirpion", "rotation": 90 },
				"north": { "uv": [ 8.5, 14, 8.75, 14.25 ], "texture": "#cz61_skirpion" },
				"south": { "uv": [ 8.75, 14, 8.5, 14.25 ], "texture": "#cz61_skirpion" },
				"west": { "uv": [ 8.5, 14, 8.75, 14.25 ], "texture": "#cz61_skirpion" },
				"east": { "uv": [ 8.75, 14, 8.5, 14.25 ], "texture": "#cz61_skirpion" }
			}
		},
		{
			"__comment": "cz61_skorpion",
			"from": [ 7.5, 4, 11.5 ],
			"to": [ 8.5, 5, 12 ],
			"faces": {
				"down": { "uv": [ 9.75, 9.75, 10, 10 ], "texture": "#cz61_skirpion", "rotation": 270 },
				"up": { "uv": [ 9.75, 9.75, 10, 9.5 ], "texture": "#cz61_skirpion", "rotation": 90 },
				"north": { "uv": [ 9.75, 9.5, 10, 10 ], "texture": "#cz61_skirpion" },
				"south": { "uv": [ 10, 9.5, 9.75, 10 ], "texture": "#cz61_skirpion" },
				"west": { "uv": [ 9.75, 9.5, 10, 10 ], "texture": "#cz61_skirpion" },
				"east": { "uv": [ 10, 9.5, 9.75, 10 ], "texture": "#cz61_skirpion" }
			}
		},
		{
			"__comment": "cz61_skorpion",
			"from": [ 7.5, 3.5, 12 ],
			"to": [ 8.5, 4.5, 12.5 ],
			"faces": {
				"down": { "uv": [ 10, 10, 10.25, 10.25 ], "texture": "#cz61_skirpion", "rotation": 270 },
				"up": { "uv": [ 10, 10, 10.25, 9.75 ], "texture": "#cz61_skirpion", "rotation": 90 },
				"north": { "uv": [ 10, 9.75, 10.25, 10.25 ], "texture": "#cz61_skirpion" },
				"south": { "uv": [ 10.25, 9.75, 10, 10.25 ], "texture": "#cz61_skirpion" },
				"west": { "uv": [ 10, 9.75, 10.25, 10.25 ], "texture": "#cz61_skirpion" },
				"east": { "uv": [ 10.25, 9.75, 10, 10.25 ], "texture": "#cz61_skirpion" }
			}
		},
		{
			"__comment": "cz61_skorpion",
			"from": [ 7.5, 3, 12.5 ],
			"to": [ 8.5, 4, 13 ],
			"faces": {
				"down": { "uv": [ 10.25, 10.25, 10.5, 10.5 ], "texture": "#cz61_skirpion", "rotation": 270 },
				"up": { "uv": [ 10.25, 10.25, 10.5, 10 ], "texture": "#cz61_skirpion", "rotation": 90 },
				"north": { "uv": [ 10.25, 10, 10.5, 10.5 ], "texture": "#cz61_skirpion" },
				"south": { "uv": [ 10.5, 10, 10.25, 10.5 ], "texture": "#cz61_skirpion" },
				"west": { "uv": [ 10.25, 10, 10.5, 10.5 ], "texture": "#cz61_skirpion" },
				"east": { "uv": [ 10.5, 10, 10.25, 10.5 ], "texture": "#cz61_skirpion" }
			}
		},
		{
			"__comment": "cz61_skorpion",
			"from": [ 7.5, 2.5, 13 ],
			"to": [ 8.5, 3.5, 13.5 ],
			"faces": {
				"down": { "uv": [ 10.5, 10.5, 10.75, 10.75 ], "texture": "#cz61_skirpion", "rotation": 270 },
				"up": { "uv": [ 10.5, 10.5, 10.75, 10.25 ], "texture": "#cz61_skirpion", "rotation": 90 },
				"north": { "uv": [ 10.5, 10.25, 10.75, 10.75 ], "texture": "#cz61_skirpion" },
				"south": { "uv": [ 10.75, 10.25, 10.5, 10.75 ], "texture": "#cz61_skirpion" },
				"west": { "uv": [ 10.5, 10.25, 10.75, 10.75 ], "texture": "#cz61_skirpion" },
				"east": { "uv": [ 10.75, 10.25, 10.5, 10.75 ], "texture": "#cz61_skirpion" }
			}
		},
		{
			"__comment": "cz61_skorpion",
			"from": [ 7.5, 2, 13.5 ],
			"to": [ 8.5, 3, 14 ],
			"faces": {
				"down": { "uv": [ 10.75, 10.75, 11, 11 ], "texture": "#cz61_skirpion", "rotation": 270 },
				"up": { "uv": [ 10.75, 10.75, 11, 10.5 ], "texture": "#cz61_skirpion", "rotation": 90 },
				"north": { "uv": [ 10.75, 10.5, 11, 11 ], "texture": "#cz61_skirpion" },
				"south": { "uv": [ 11, 10.5, 10.75, 11 ], "texture": "#cz61_skirpion" },
				"west": { "uv": [ 10.75, 10.5, 11, 11 ], "texture": "#cz61_skirpion" },
				"east": { "uv": [ 11, 10.5, 10.75, 11 ], "texture": "#cz61_skirpion" }
			}
		},
		{
			"__comment": "cz61_skorpion",
			"from": [ 7.5, 1.5, 14 ],
			"to": [ 8.5, 2.5, 14.5 ],
			"faces": {
				"down": { "uv": [ 11, 11, 11.25, 11.25 ], "texture": "#cz61_skirpion", "rotation": 270 },
				"up": { "uv": [ 11, 11, 11.25, 10.75 ], "texture": "#cz61_skirpion", "rotation": 90 },
				"north": { "uv": [ 11, 10.75, 11.25, 11.25 ], "texture": "#cz61_skirpion" },
				"south": { "uv": [ 11.25, 10.75, 11, 11.25 ], "texture": "#cz61_skirpion" },
				"west": { "uv": [ 11, 10.75, 11.25, 11.25 ], "texture": "#cz61_skirpion" },
				"east": { "uv": [ 11.25, 10.75, 11, 11.25 ], "texture": "#cz61_skirpion" }
			}
		},
		{
			"__comment": "cz61_skorpion",
			"from": [ 7.5, 1, 14.5 ],
			"to": [ 8.5, 2, 15 ],
			"faces": {
				"down": { "uv": [ 11.25, 11.25, 11.5, 11.5 ], "texture": "#cz61_skirpion", "rotation": 270 },
				"up": { "uv": [ 11.25, 11.25, 11.5, 11 ], "texture": "#cz61_skirpion", "rotation": 90 },
				"north": { "uv": [ 11.25, 11, 11.5, 11.5 ], "texture": "#cz61_skirpion" },
				"south": { "uv": [ 11.5, 11, 11.25, 11.5 ], "texture": "#cz61_skirpion" },
				"west": { "uv": [ 11.25, 11, 11.5, 11.5 ], "texture": "#cz61_skirpion" },
				"east": { "uv": [ 11.5, 11, 11.25, 11.5 ], "texture": "#cz61_skirpion" }
			}
		},
		{
			"__comment": "cz61_skorpion",
			"from": [ 7.5, 0.5, 15 ],
			"to": [ 8.5, 1.5, 15.5 ],
			"faces": {
				"down": { "uv": [ 11.5, 11.5, 11.75, 11.75 ], "texture": "#cz61_skirpion", "rotation": 270 },
				"up": { "uv": [ 11.5, 11.5, 11.75, 11.25 ], "texture": "#cz61_skirpion", "rotation": 90 },
				"north": { "uv": [ 11.5, 11.25, 11.75, 11.75 ], "texture": "#cz61_skirpion" },
				"south": { "uv": [ 11.75, 11.25, 11.5, 11.75 ], "texture": "#cz61_skirpion" },
				"west": { "uv": [ 11.5, 11.25, 11.75, 11.75 ], "texture": "#cz61_skirpion" },
				"east": { "uv": [ 11.75, 11.25, 11.5, 11.75 ], "texture": "#cz61_skirpion" }
			}
		},
		{
			"__comment": "cz61_skorpion",
			"from": [ 7.5, 0, 15.5 ],
			"to": [ 8.5, 1, 16 ],
			"faces": {
				"down": { "uv": [ 11.75, 11.75, 12, 12 ], "texture": "#cz61_skirpion", "rotation": 270 },
				"up": { "uv": [ 11.75, 11.75, 12, 11.5 ], "texture": "#cz61_skirpion", "rotation": 90 },
				"north": { "uv": [ 11.75, 11.5, 12, 12 ], "texture": "#cz61_skirpion" },
				"south": { "uv": [ 12, 11.5, 11.75, 12 ], "texture": "#cz61_skirpion" },
				"west": { "uv": [ 11.75, 11.5, 12, 12 ], "texture": "#cz61_skirpion" },
				"east": { "uv": [ 12, 11.5, 11.75, 12 ], "texture": "#cz61_skirpion" }
			}
		},
		{
			"__comment": "cz61_skorpion",
			"from": [ 7.5, -0.5, 16 ],
			"to": [ 8.5, 0.5, 16.5 ],
			"faces": {
				"down": { "uv": [ 12, 12, 12.25, 12.25 ], "texture": "#cz61_skirpion", "rotation": 270 },
				"up": { "uv": [ 12, 12, 12.25, 11.75 ], "texture": "#cz61_skirpion", "rotation": 90 },
				"north": { "uv": [ 12, 11.75, 12.25, 12.25 ], "texture": "#cz61_skirpion" },
				"south": { "uv": [ 12.25, 11.75, 12, 12.25 ], "texture": "#cz61_skirpion" },
				"west": { "uv": [ 12, 11.75, 12.25, 12.25 ], "texture": "#cz61_skirpion" },
				"east": { "uv": [ 12.25, 11.75, 12, 12.25 ], "texture": "#cz61_skirpion" }
			}
		},
		{
			"__comment": "cz61_skorpion",
			"from": [ 7.5, -1, 16.5 ],
			"to": [ 8.5, 0, 17 ],
			"faces": {
				"down": { "uv": [ 12.25, 12.25, 12.5, 12.5 ], "texture": "#cz61_skirpion", "rotation": 270 },
				"up": { "uv": [ 12.25, 12.25, 12.5, 12 ], "texture": "#cz61_skirpion", "rotation": 90 },
				"north": { "uv": [ 12.25, 12, 12.5, 12.5 ], "texture": "#cz61_skirpion" },
				"south": { "uv": [ 12.5, 12, 12.25, 12.5 ], "texture": "#cz61_skirpion" },
				"west": { "uv": [ 12.25, 12, 12.5, 12.5 ], "texture": "#cz61_skirpion" },
				"east": { "uv": [ 12.5, 12, 12.25, 12.5 ], "texture": "#cz61_skirpion" }
			}
		},
		{
			"__comment": "cz61_skorpion",
			"from": [ 7.5, -1.5, 17 ],
			"to": [ 8.5, -0.5, 17.5 ],
			"faces": {
				"down": { "uv": [ 12.5, 12.5, 12.75, 12.75 ], "texture": "#cz61_skirpion", "rotation": 270 },
				"up": { "uv": [ 12.5, 12.5, 12.75, 12.25 ], "texture": "#cz61_skirpion", "rotation": 90 },
				"north": { "uv": [ 12.5, 12.25, 12.75, 12.75 ], "texture": "#cz61_skirpion" },
				"south": { "uv": [ 12.75, 12.25, 12.5, 12.75 ], "texture": "#cz61_skirpion" },
				"west": { "uv": [ 12.5, 12.25, 12.75, 12.75 ], "texture": "#cz61_skirpion" },
				"east": { "uv": [ 12.75, 12.25, 12.5, 12.75 ], "texture": "#cz61_skirpion" }
			}
		},
		{
			"__comment": "cz61_skorpion",
			"from": [ 7.5, -2, 17.5 ],
			"to": [ 8.5, -1, 18 ],
			"faces": {
				"down": { "uv": [ 12.75, 12.75, 13, 13 ], "texture": "#cz61_skirpion", "rotation": 270 },
				"up": { "uv": [ 12.75, 12.75, 13, 12.5 ], "texture": "#cz61_skirpion", "rotation": 90 },
				"north": { "uv": [ 12.75, 12.5, 13, 13 ], "texture": "#cz61_skirpion" },
				"south": { "uv": [ 13, 12.5, 12.75, 13 ], "texture": "#cz61_skirpion" },
				"west": { "uv": [ 12.75, 12.5, 13, 13 ], "texture": "#cz61_skirpion" },
				"east": { "uv": [ 13, 12.5, 12.75, 13 ], "texture": "#cz61_skirpion" }
			}
		},
		{
			"__comment": "cz61_skorpion",
			"from": [ 7.5, -2.5, 18 ],
			"to": [ 8.5, -1.5, 18.5 ],
			"faces": {
				"down": { "uv": [ 13, 13, 13.25, 13.25 ], "texture": "#cz61_skirpion", "rotation": 270 },
				"up": { "uv": [ 13, 13, 13.25, 12.75 ], "texture": "#cz61_skirpion", "rotation": 90 },
				"north": { "uv": [ 13, 12.75, 13.25, 13.25 ], "texture": "#cz61_skirpion" },
				"south": { "uv": [ 13.25, 12.75, 13, 13.25 ], "texture": "#cz61_skirpion" },
				"west": { "uv": [ 13, 12.75, 13.25, 13.25 ], "texture": "#cz61_skirpion" },
				"east": { "uv": [ 13.25, 12.75, 13, 13.25 ], "texture": "#cz61_skirpion" }
			}
		},
		{
			"__comment": "cz61_skorpion",
			"from": [ 7.5, -3, 18.5 ],
			"to": [ 8.5, -2, 19 ],
			"faces": {
				"down": { "uv": [ 13.25, 13.25, 13.5, 13.5 ], "texture": "#cz61_skirpion", "rotation": 270 },
				"up": { "uv": [ 13.25, 13.25, 13.5, 13 ], "texture": "#cz61_skirpion", "rotation": 90 },
				"north": { "uv": [ 13.25, 13, 13.5, 13.5 ], "texture": "#cz61_skirpion" },
				"south": { "uv": [ 13.5, 13, 13.25, 13.5 ], "texture": "#cz61_skirpion" },
				"west": { "uv": [ 13.25, 13, 13.5, 13.5 ], "texture": "#cz61_skirpion" },
				"east": { "uv": [ 13.5, 13, 13.25, 13.5 ], "texture": "#cz61_skirpion" }
			}
		},
		{
			"__comment": "cz61_skorpion",
			"from": [ 7.5, -4, 22 ],
			"to": [ 8.5, -3, 22.5 ],
			"faces": {
				"down": { "uv": [ 15, 13.75, 15.25, 14 ], "texture": "#cz61_skirpion", "rotation": 270 },
				"up": { "uv": [ 15, 13.75, 15.25, 13.5 ], "texture": "#cz61_skirpion", "rotation": 90 },
				"north": { "uv": [ 15, 13.5, 15.25, 14 ], "texture": "#cz61_skirpion" },
				"south": { "uv": [ 15.25, 13.5, 15, 14 ], "texture": "#cz61_skirpion" },
				"west": { "uv": [ 15, 13.5, 15.25, 14 ], "texture": "#cz61_skirpion" },
				"east": { "uv": [ 15.25, 13.5, 15, 14 ], "texture": "#cz61_skirpion" }
			}
		},
		{
			"__comment": "cz61_skorpion",
			"from": [ 7.5, -3.5, 19 ],
			"to": [ 8.5, -2.5, 19.5 ],
			"faces": {
				"down": { "uv": [ 13.5, 13.5, 13.75, 13.75 ], "texture": "#cz61_skirpion", "rotation": 270 },
				"up": { "uv": [ 13.5, 13.5, 13.75, 13.25 ], "texture": "#cz61_skirpion", "rotation": 90 },
				"north": { "uv": [ 13.5, 13.25, 13.75, 13.75 ], "texture": "#cz61_skirpion" },
				"south": { "uv": [ 13.75, 13.25, 13.5, 13.75 ], "texture": "#cz61_skirpion" },
				"west": { "uv": [ 13.5, 13.25, 13.75, 13.75 ], "texture": "#cz61_skirpion" },
				"east": { "uv": [ 13.75, 13.25, 13.5, 13.75 ], "texture": "#cz61_skirpion" }
			}
		},
		{
			"__comment": "cz61_skorpion",
			"from": [ 7.5, -3.5, 21 ],
			"to": [ 8.5, -2.5, 21.5 ],
			"faces": {
				"down": { "uv": [ 14.5, 13.5, 14.75, 13.75 ], "texture": "#cz61_skirpion", "rotation": 270 },
				"up": { "uv": [ 14.5, 13.5, 14.75, 13.25 ], "texture": "#cz61_skirpion", "rotation": 90 },
				"north": { "uv": [ 14.5, 13.25, 14.75, 13.75 ], "texture": "#cz61_skirpion" },
				"south": { "uv": [ 14.75, 13.25, 14.5, 13.75 ], "texture": "#cz61_skirpion" },
				"west": { "uv": [ 14.5, 13.25, 14.75, 13.75 ], "texture": "#cz61_skirpion" },
				"east": { "uv": [ 14.75, 13.25, 14.5, 13.75 ], "texture": "#cz61_skirpion" }
			}
		},
		{
			"__comment": "cz61_skorpion",
			"from": [ 7.5, -3, 21.5 ],
			"to": [ 8.5, -2, 22 ],
			"faces": {
				"down": { "uv": [ 14.75, 13.25, 15, 13.5 ], "texture": "#cz61_skirpion", "rotation": 270 },
				"up": { "uv": [ 14.75, 13.25, 15, 13 ], "texture": "#cz61_skirpion", "rotation": 90 },
				"north": { "uv": [ 14.75, 13, 15, 13.5 ], "texture": "#cz61_skirpion" },
				"south": { "uv": [ 15, 13, 14.75, 13.5 ], "texture": "#cz61_skirpion" },
				"west": { "uv": [ 14.75, 13, 15, 13.5 ], "texture": "#cz61_skirpion" },
				"east": { "uv": [ 15, 13, 14.75, 13.5 ], "texture": "#cz61_skirpion" }
			}
		},
		{
			"__comment": "cz61_skorpion",
			"from": [ 7.5, -2.5, 22 ],
			"to": [ 8.5, -1.5, 23 ],
			"faces": {
				"down": { "uv": [ 15, 13, 15.5, 13.25 ], "texture": "#cz61_skirpion", "rotation": 270 },
				"up": { "uv": [ 15, 13, 15.5, 12.75 ], "texture": "#cz61_skirpion", "rotation": 90 },
				"north": { "uv": [ 15, 12.75, 15.25, 13.25 ], "texture": "#cz61_skirpion" },
				"south": { "uv": [ 15.5, 12.75, 15.25, 13.25 ], "texture": "#cz61_skirpion" },
				"west": { "uv": [ 15, 12.75, 15.5, 13.25 ], "texture": "#cz61_skirpion" },
				"east": { "uv": [ 15.5, 12.75, 15, 13.25 ], "texture": "#cz61_skirpion" }
			}
		},
		{
			"__comment": "cz61_skorpion",
			"from": [ 7.5, -3, 23 ],
			"to": [ 8.5, -2, 23.5 ],
			"faces": {
				"down": { "uv": [ 15.5, 13.25, 15.75, 13.5 ], "texture": "#cz61_skirpion", "rotation": 270 },
				"up": { "uv": [ 15.5, 13.25, 15.75, 13 ], "texture": "#cz61_skirpion", "rotation": 90 },
				"north": { "uv": [ 15.5, 13, 15.75, 13.5 ], "texture": "#cz61_skirpion" },
				"south": { "uv": [ 15.75, 13, 15.5, 13.5 ], "texture": "#cz61_skirpion" },
				"west": { "uv": [ 15.5, 13, 15.75, 13.5 ], "texture": "#cz61_skirpion" },
				"east": { "uv": [ 15.75, 13, 15.5, 13.5 ], "texture": "#cz61_skirpion" }
			}
		},
		{
			"__comment": "cz61_skorpion",
			"from": [ 7.5, -3.5, 22.5 ],
			"to": [ 8.5, -2.5, 23 ],
			"faces": {
				"down": { "uv": [ 15.25, 13.5, 15.5, 13.75 ], "texture": "#cz61_skirpion", "rotation": 270 },
				"up": { "uv": [ 15.25, 13.5, 15.5, 13.25 ], "texture": "#cz61_skirpion", "rotation": 90 },
				"north": { "uv": [ 15.25, 13.25, 15.5, 13.75 ], "texture": "#cz61_skirpion" },
				"south": { "uv": [ 15.5, 13.25, 15.25, 13.75 ], "texture": "#cz61_skirpion" },
				"west": { "uv": [ 15.25, 13.25, 15.5, 13.75 ], "texture": "#cz61_skirpion" },
				"east": { "uv": [ 15.5, 13.25, 15.25, 13.75 ], "texture": "#cz61_skirpion" }
			}
		},
		{
			"__comment": "cz61_skorpion",
			"from": [ 6.5, 7, -5.5 ],
			"to": [ 9.5, 8.5, 11 ],
			"faces": {
				"down": { "uv": [ 1.25, 8.25, 9.5, 8.5 ], "texture": "#cz61_skirpion", "rotation": 270 },
				"up": { "uv": [ 1.25, 8, 9.5, 7.75 ], "texture": "#cz61_skirpion", "rotation": 90 },
				"north": { "uv": [ 1.25, 7.75, 1.5, 8.5 ], "texture": "#cz61_skirpion" },
				"south": { "uv": [ 9.5, 7.75, 9.25, 8.5 ], "texture": "#cz61_skirpion" },
				"west": { "uv": [ 1.25, 7.75, 9.5, 8.5 ], "texture": "#cz61_skirpion" },
				"east": { "uv": [ 9.5, 7.75, 1.25, 8.5 ], "texture": "#cz61_skirpion" }
			}
		},
		{
			"__comment": "cz61_skorpion",
			"from": [ 6.5, 4.5, 3 ],
			"to": [ 9.5, 5, 3.5 ],
			"faces": {
				"down": { "uv": [ 5.5, 9.5, 5.75, 9.75 ], "texture": "#cz61_skirpion", "rotation": 270 },
				"up": { "uv": [ 5.5, 9.75, 5.75, 9.5 ], "texture": "#cz61_skirpion", "rotation": 90 },
				"north": { "uv": [ 5.5, 9.5, 5.75, 9.75 ], "texture": "#cz61_skirpion" },
				"south": { "uv": [ 5.75, 9.5, 5.5, 9.75 ], "texture": "#cz61_skirpion" },
				"west": { "uv": [ 5.5, 9.5, 5.75, 9.75 ], "texture": "#cz61_skirpion" },
				"east": { "uv": [ 5.75, 9.5, 5.5, 9.75 ], "texture": "#cz61_skirpion" }
			}
		},
		{
			"__comment": "cz61_skorpion",
			"from": [ 6.5, 6, 6 ],
			"to": [ 9.5, 6.5, 7 ],
			"faces": {
				"down": { "uv": [ 7, 8.75, 7.5, 9 ], "texture": "#cz61_skirpion", "rotation": 270 },
				"up": { "uv": [ 7, 9, 7.5, 8.75 ], "texture": "#cz61_skirpion", "rotation": 90 },
				"north": { "uv": [ 7, 8.75, 7.25, 9 ], "texture": "#cz61_skirpion" },
				"south": { "uv": [ 7.5, 8.75, 7.25, 9 ], "texture": "#cz61_skirpion" },
				"west": { "uv": [ 7, 8.75, 7.5, 9 ], "texture": "#cz61_skirpion" },
				"east": { "uv": [ 7.5, 8.75, 7, 9 ], "texture": "#cz61_skirpion" }
			}
		},
		{
			"__comment": "cz61_skorpion",
			"from": [ 6.5, 5, 3 ],
			"to": [ 9.5, 5.5, 4 ],
			"faces": {
				"down": { "uv": [ 5.5, 9.25, 6, 9.5 ], "texture": "#cz61_skirpion", "rotation": 270 },
				"up": { "uv": [ 5.5, 9.5, 6, 9.25 ], "texture": "#cz61_skirpion", "rotation": 90 },
				"north": { "uv": [ 5.5, 9.25, 5.75, 9.5 ], "texture": "#cz61_skirpion" },
				"south": { "uv": [ 6, 9.25, 5.75, 9.5 ], "texture": "#cz61_skirpion" },
				"west": { "uv": [ 5.5, 9.25, 6, 9.5 ], "texture": "#cz61_skirpion" },
				"east": { "uv": [ 6, 9.25, 5.5, 9.5 ], "texture": "#cz61_skirpion" }
			}
		},
		{
			"__comment": "cz61_skorpion",
			"from": [ 7.5, 9.5, -3 ],
			"to": [ 8.5, 10, -1.5 ],
			"faces": {
				"down": { "uv": [ 2.5, 7, 3.25, 7.25 ], "texture": "#cz61_skirpion", "rotation": 270 },
				"up": { "uv": [ 2.5, 7.25, 3.25, 7 ], "texture": "#cz61_skirpion", "rotation": 90 },
				"north": { "uv": [ 2.5, 7, 2.75, 7.25 ], "texture": "#cz61_skirpion" },
				"south": { "uv": [ 3.25, 7, 3, 7.25 ], "texture": "#cz61_skirpion" },
				"west": { "uv": [ 2.5, 7, 3.25, 7.25 ], "texture": "#cz61_skirpion" },
				"east": { "uv": [ 3.25, 7, 2.5, 7.25 ], "texture": "#cz61_skirpion" }
			}
		},
		{
			"__comment": "cz61_skorpion",
			"from": [ 7.5, 10, -3 ],
			"to": [ 8.5, 10.5, -2 ],
			"faces": {
				"down": { "uv": [ 2.5, 6.75, 3, 7 ], "texture": "#cz61_skirpion", "rotation": 270 },
				"up": { "uv": [ 2.5, 7, 3, 6.75 ], "texture": "#cz61_skirpion", "rotation": 90 },
				"north": { "uv": [ 2.5, 6.75, 2.75, 7 ], "texture": "#cz61_skirpion" },
				"south": { "uv": [ 3, 6.75, 2.75, 7 ], "texture": "#cz61_skirpion" },
				"west": { "uv": [ 2.5, 6.75, 3, 7 ], "texture": "#cz61_skirpion" },
				"east": { "uv": [ 3, 6.75, 2.5, 7 ], "texture": "#cz61_skirpion" }
			}
		},
		{
			"__comment": "cz61_skorpion",
			"from": [ 7.5, 9.5, 7 ],
			"to": [ 8.5, 10, 8.5 ],
			"faces": {
				"down": { "uv": [ 7.5, 7, 8.25, 7.25 ], "texture": "#cz61_skirpion", "rotation": 270 },
				"up": { "uv": [ 7.5, 7.25, 8.25, 7 ], "texture": "#cz61_skirpion", "rotation": 90 },
				"north": { "uv": [ 7.5, 7, 7.75, 7.25 ], "texture": "#cz61_skirpion" },
				"south": { "uv": [ 8.25, 7, 8, 7.25 ], "texture": "#cz61_skirpion" },
				"west": { "uv": [ 7.5, 7, 8.25, 7.25 ], "texture": "#cz61_skirpion" },
				"east": { "uv": [ 8.25, 7, 7.5, 7.25 ], "texture": "#cz61_skirpion" }
			}
		}
	],
	"display": {
		"thirdperson_righthand": {
			"translation":  [ 0, 1.5, 1.3125 ],
			"scale":  [ 0.375, 0.375, 0.375 ]
		},
		"thirdperson_lefthand": {
			"rotation":  [ 0, 0, 90 ],
			"translation":  [ -1.5, -4.562, 10.875 ],
			"scale":  [ 0.375, 0.375, 0.375 ]
		},
		"firstperson_righthand": {
			"translation":  [ -6, 3, -3 ]
		},
		"firstperson_lefthand": {
			"scale":  [ 0.0001, 0.0001, 0.0001 ]
		},
		"gui": {
			"rotation":  [ 30, 135, 0 ],
			"scale":  [ 0.5, 0.5, 0.5 ]
		},
		"head": {
			"scale":  [ 0.0001, 0.0001, 0.0001 ]
		},
		"ground": {
			"rotation":  [ 0, 0, 90 ],
			"scale":  [ 0.375, 0.375, 0.375 ]
		},
		"fixed": {
			"rotation":  [ 0, -90, 0 ],
			"scale":  [ 0.75, 0.75, 0.75 ]
		}
	}
}