{
	"__comment": "Designed by Optimus0812 with Cubik Studio - https://cubik.studio",
	"textures": {
		"pm73": "dayz/weapon/gun/submachine_gun/pm73"
	},
	"elements": [ 	 
		{
			"__comment": "pm73",
			"from": [ 7, 8, 6 ],
			"to": [ 9, 8.5, 7 ],
			"faces": {
				"down": { "uv": [ 7, 7.25, 7.5, 7.5 ], "texture": "#pm73", "rotation": 270 },
				"up": { "uv": [ 7, 7.5, 7.5, 7.25 ], "texture": "#pm73", "rotation": 90 },
				"north": { "uv": [ 7, 7.25, 7.25, 7.5 ], "texture": "#pm73" },
				"south": { "uv": [ 7.5, 7.25, 7.25, 7.5 ], "texture": "#pm73" },
				"west": { "uv": [ 7, 7.25, 7.5, 7.5 ], "texture": "#pm73" },
				"east": { "uv": [ 7.5, 7.25, 7, 7.5 ], "texture": "#pm73" }
			}
		},
		{
			"__comment": "pm731",
			"from": [ 7.5, 7.5, -7 ],
			"to": [ 8.5, 8, -3.5 ],
			"faces": {
				"down": { "uv": [ 0.5, 7.5, 2.25, 7.75 ], "texture": "#pm73", "rotation": 270 },
				"up": { "uv": [ 0.5, 7.75, 2.25, 7.5 ], "texture": "#pm73", "rotation": 90 },
				"north": { "uv": [ 0.5, 7.5, 0.75, 7.75 ], "texture": "#pm73" },
				"south": { "uv": [ 2.25, 7.5, 2, 7.75 ], "texture": "#pm73" },
				"west": { "uv": [ 0.5, 7.5, 2.25, 7.75 ], "texture": "#pm73" },
				"east": { "uv": [ 2.25, 7.5, 0.5, 7.75 ], "texture": "#pm73" }
			}
		},
		{
			"__comment": "pm732",
			"from": [ 7.75, 9, -2.5 ],
			"to": [ 8.25, 9.5, -2 ],
			"faces": {
				"down": { "uv": [ 2.75, 6.75, 3, 7 ], "texture": "#pm73", "rotation": 270 },
				"up": { "uv": [ 2.75, 7, 3, 6.75 ], "texture": "#pm73", "rotation": 90 },
				"north": { "uv": [ 2.75, 6.75, 3, 7 ], "texture": "#pm73" },
				"south": { "uv": [ 3, 6.75, 2.75, 7 ], "texture": "#pm73" },
				"west": { "uv": [ 2.75, 6.75, 3, 7 ], "texture": "#pm73" },
				"east": { "uv": [ 3, 6.75, 2.75, 7 ], "texture": "#pm73" }
			}
		},
		{
			"__comment": "pm733",
			"from": [ 7.5, 9, 6.5 ],
			"to": [ 8.5, 9.5, 7 ],
			"faces": {
				"down": { "uv": [ 7.25, 6.75, 7.5, 7 ], "texture": "#pm73", "rotation": 270 },
				"up": { "uv": [ 7.25, 7, 7.5, 6.75 ], "texture": "#pm73", "rotation": 90 },
				"north": { "uv": [ 7.25, 6.75, 7.5, 7 ], "texture": "#pm73" },
				"south": { "uv": [ 7.5, 6.75, 7.25, 7 ], "texture": "#pm73" },
				"west": { "uv": [ 7.25, 6.75, 7.5, 7 ], "texture": "#pm73" },
				"east": { "uv": [ 7.5, 6.75, 7.25, 7 ], "texture": "#pm73" }
			}
		},
		{
			"__comment": "pm734",
			"from": [ 7.75, 8.5, -2.5 ],
			"to": [ 8.25, 9, -0.5 ],
			"faces": {
				"down": { "uv": [ 2.75, 7, 3.75, 7.25 ], "texture": "#pm73", "rotation": 270 },
				"up": { "uv": [ 2.75, 7.25, 3.75, 7 ], "texture": "#pm73", "rotation": 90 },
				"north": { "uv": [ 2.75, 7, 3, 7.25 ], "texture": "#pm73" },
				"south": { "uv": [ 3.75, 7, 3.5, 7.25 ], "texture": "#pm73" },
				"west": { "uv": [ 2.75, 7, 3.75, 7.25 ], "texture": "#pm73" },
				"east": { "uv": [ 3.75, 7, 2.75, 7.25 ], "texture": "#pm73" }
			}
		},
		{
			"__comment": "pm735",
			"from": [ 7.5, 8, -7 ],
			"to": [ 8.5, 8.5, 6 ],
			"faces": {
				"down": { "uv": [ 0.5, 7.25, 7, 7.5 ], "texture": "#pm73", "rotation": 270 },
				"up": { "uv": [ 0.5, 7.5, 7, 7.25 ], "texture": "#pm73", "rotation": 90 },
				"north": { "uv": [ 0.5, 7.25, 0.75, 7.5 ], "texture": "#pm73" },
				"south": { "uv": [ 7, 7.25, 6.75, 7.5 ], "texture": "#pm73" },
				"west": { "uv": [ 0.5, 7.25, 7, 7.5 ], "texture": "#pm73" },
				"east": { "uv": [ 7, 7.25, 0.5, 7.5 ], "texture": "#pm73" }
			}
		},
		{
			"__comment": "pm736",
			"from": [ 7.5, 8.5, 6 ],
			"to": [ 8.5, 9, 7.5 ],
			"faces": {
				"down": { "uv": [ 7, 7, 7.75, 7.25 ], "texture": "#pm73", "rotation": 270 },
				"up": { "uv": [ 7, 7.25, 7.75, 7 ], "texture": "#pm73", "rotation": 90 },
				"north": { "uv": [ 7, 7, 7.25, 7.25 ], "texture": "#pm73" },
				"south": { "uv": [ 7.75, 7, 7.5, 7.25 ], "texture": "#pm73" },
				"west": { "uv": [ 7, 7, 7.75, 7.25 ], "texture": "#pm73" },
				"east": { "uv": [ 7.75, 7, 7, 7.25 ], "texture": "#pm73" }
			}
		},
		{
			"__comment": "pm737",
			"from": [ 7.5, 8, 7 ],
			"to": [ 8.5, 8.5, 13 ],
			"faces": {
				"down": { "uv": [ 7.5, 7.25, 10.5, 7.5 ], "texture": "#pm73", "rotation": 270 },
				"up": { "uv": [ 7.5, 7.5, 10.5, 7.25 ], "texture": "#pm73", "rotation": 90 },
				"north": { "uv": [ 7.5, 7.25, 7.75, 7.5 ], "texture": "#pm73" },
				"south": { "uv": [ 10.5, 7.25, 10.25, 7.5 ], "texture": "#pm73" },
				"west": { "uv": [ 7.5, 7.25, 10.5, 7.5 ], "texture": "#pm73" },
				"east": { "uv": [ 10.5, 7.25, 7.5, 7.5 ], "texture": "#pm73" }
			}
		},
		{
			"__comment": "pm738",
			"from": [ 7, 8, 13 ],
			"to": [ 9, 8.5, 13.5 ],
			"faces": {
				"down": { "uv": [ 10.5, 7.25, 10.75, 7.5 ], "texture": "#pm73", "rotation": 270 },
				"up": { "uv": [ 10.5, 7.5, 10.75, 7.25 ], "texture": "#pm73", "rotation": 90 },
				"north": { "uv": [ 10.5, 7.25, 10.75, 7.5 ], "texture": "#pm73" },
				"south": { "uv": [ 10.75, 7.25, 10.5, 7.5 ], "texture": "#pm73" },
				"west": { "uv": [ 10.5, 7.25, 10.75, 7.5 ], "texture": "#pm73" },
				"east": { "uv": [ 10.75, 7.25, 10.5, 7.5 ], "texture": "#pm73" }
			}
		},
		{
			"__comment": "pm739",
			"from": [ 9, 3.5, -7 ],
			"to": [ 9.5, 4, -6 ],
			"faces": {
				"down": { "uv": [ 0.5, 9.5, 1, 9.75 ], "texture": "#pm73", "rotation": 270 },
				"up": { "uv": [ 0.5, 9.75, 1, 9.5 ], "texture": "#pm73", "rotation": 90 },
				"north": { "uv": [ 0.5, 9.5, 0.75, 9.75 ], "texture": "#pm73" },
				"south": { "uv": [ 1, 9.5, 0.75, 9.75 ], "texture": "#pm73" },
				"west": { "uv": [ 0.5, 9.5, 1, 9.75 ], "texture": "#pm73" },
				"east": { "uv": [ 1, 9.5, 0.5, 9.75 ], "texture": "#pm73" }
			}
		},
		{
			"__comment": "pm7310",
			"from": [ 7, 7.5, -3.5 ],
			"to": [ 9, 8, 14 ],
			"faces": {
				"down": { "uv": [ 2.25, 7.5, 11, 7.75 ], "texture": "#pm73", "rotation": 270 },
				"up": { "uv": [ 2.25, 7.75, 11, 7.5 ], "texture": "#pm73", "rotation": 90 },
				"north": { "uv": [ 2.25, 7.5, 2.5, 7.75 ], "texture": "#pm73" },
				"south": { "uv": [ 11, 7.5, 10.75, 7.75 ], "texture": "#pm73" },
				"west": { "uv": [ 2.25, 7.5, 11, 7.75 ], "texture": "#pm73" },
				"east": { "uv": [ 11, 7.5, 2.25, 7.75 ], "texture": "#pm73" }
			}
		},
		{
			"__comment": "pm7311",
			"from": [ 7.5, 3.5, 1 ],
			"to": [ 8.5, 4, 1.5 ],
			"faces": {
				"down": { "uv": [ 4.5, 9.5, 4.75, 9.75 ], "texture": "#pm73", "rotation": 270 },
				"up": { "uv": [ 4.5, 9.75, 4.75, 9.5 ], "texture": "#pm73", "rotation": 90 },
				"north": { "uv": [ 4.5, 9.5, 4.75, 9.75 ], "texture": "#pm73" },
				"south": { "uv": [ 4.75, 9.5, 4.5, 9.75 ], "texture": "#pm73" },
				"west": { "uv": [ 4.5, 9.5, 4.75, 9.75 ], "texture": "#pm73" },
				"east": { "uv": [ 4.75, 9.5, 4.5, 9.75 ], "texture": "#pm73" }
			}
		},
		{
			"__comment": "pm7312",
			"from": [ 7, 7, -8 ],
			"to": [ 9, 7.5, 14 ],
			"faces": {
				"down": { "uv": [ 0, 7.75, 11, 8 ], "texture": "#pm73", "rotation": 270 },
				"up": { "uv": [ 0, 8, 11, 7.75 ], "texture": "#pm73", "rotation": 90 },
				"north": { "uv": [ 0, 7.75, 0.25, 8 ], "texture": "#pm73" },
				"south": { "uv": [ 11, 7.75, 10.75, 8 ], "texture": "#pm73" },
				"west": { "uv": [ 0, 7.75, 11, 8 ], "texture": "#pm73" },
				"east": { "uv": [ 11, 7.75, 0, 8 ], "texture": "#pm73" }
			}
		},
		{
			"__comment": "pm7313",
			"from": [ 7, -0.5, -8 ],
			"to": [ 9, 5, -7 ],
			"faces": {
				"down": { "uv": [ 0, 11.5, 0.5, 11.75 ], "texture": "#pm73", "rotation": 270 },
				"up": { "uv": [ 0, 9.25, 0.5, 9 ], "texture": "#pm73", "rotation": 90 },
				"north": { "uv": [ 0, 9, 0.25, 11.75 ], "texture": "#pm73" },
				"south": { "uv": [ 0.5, 9, 0.25, 11.75 ], "texture": "#pm73" },
				"west": { "uv": [ 0, 9, 0.5, 11.75 ], "texture": "#pm73" },
				"east": { "uv": [ 0.5, 9, 0, 11.75 ], "texture": "#pm73" }
			}
		},
		{
			"__comment": "pm7314",
			"from": [ 9, 4, -7.5 ],
			"to": [ 9.5, 5.5, -5.5 ],
			"faces": {
				"down": { "uv": [ 0.25, 9.25, 1.25, 9.5 ], "texture": "#pm73", "rotation": 270 },
				"up": { "uv": [ 0.25, 9, 1.25, 8.75 ], "texture": "#pm73", "rotation": 90 },
				"north": { "uv": [ 0.25, 8.75, 0.5, 9.5 ], "texture": "#pm73" },
				"south": { "uv": [ 1.25, 8.75, 1, 9.5 ], "texture": "#pm73" },
				"west": { "uv": [ 0.25, 8.75, 1.25, 9.5 ], "texture": "#pm73" },
				"east": { "uv": [ 1.25, 8.75, 0.25, 9.5 ], "texture": "#pm73" }
			}
		},
		{
			"__comment": "pm7315",
			"from": [ 6.5, 4, -7.5 ],
			"to": [ 7, 5.5, -5.5 ],
			"faces": {
				"down": { "uv": [ 0.25, 9.25, 1.25, 9.5 ], "texture": "#pm73", "rotation": 270 },
				"up": { "uv": [ 0.25, 9, 1.25, 8.75 ], "texture": "#pm73", "rotation": 90 },
				"north": { "uv": [ 0.25, 8.75, 0.5, 9.5 ], "texture": "#pm73" },
				"south": { "uv": [ 1.25, 8.75, 1, 9.5 ], "texture": "#pm73" },
				"west": { "uv": [ 0.25, 8.75, 1.25, 9.5 ], "texture": "#pm73" },
				"east": { "uv": [ 1.25, 8.75, 0.25, 9.5 ], "texture": "#pm73" }
			}
		},
		{
			"__comment": "pm7316",
			"from": [ 6.5, 3.5, -7 ],
			"to": [ 7, 4, -6 ],
			"faces": {
				"down": { "uv": [ 0.5, 9.5, 1, 9.75 ], "texture": "#pm73", "rotation": 270 },
				"up": { "uv": [ 0.5, 9.75, 1, 9.5 ], "texture": "#pm73", "rotation": 90 },
				"north": { "uv": [ 0.5, 9.5, 0.75, 9.75 ], "texture": "#pm73" },
				"south": { "uv": [ 1, 9.5, 0.75, 9.75 ], "texture": "#pm73" },
				"west": { "uv": [ 0.5, 9.5, 1, 9.75 ], "texture": "#pm73" },
				"east": { "uv": [ 1, 9.5, 0.5, 9.75 ], "texture": "#pm73" }
			}
		},
		{
			"__comment": "pm7317",
			"from": [ 7, 4.5, 5.5 ],
			"to": [ 9, 5, 6 ],
			"faces": {
				"down": { "uv": [ 6.75, 9, 7, 9.25 ], "texture": "#pm73", "rotation": 270 },
				"up": { "uv": [ 6.75, 9.25, 7, 9 ], "texture": "#pm73", "rotation": 90 },
				"north": { "uv": [ 6.75, 9, 7, 9.25 ], "texture": "#pm73" },
				"south": { "uv": [ 7, 9, 6.75, 9.25 ], "texture": "#pm73" },
				"west": { "uv": [ 6.75, 9, 7, 9.25 ], "texture": "#pm73" },
				"east": { "uv": [ 7, 9, 6.75, 9.25 ], "texture": "#pm73" }
			}
		},
		{
			"__comment": "pm7318",
			"from": [ 7.5, 3.5, 2.5 ],
			"to": [ 8.5, 5, 3 ],
			"faces": {
				"down": { "uv": [ 5.25, 9.5, 5.5, 9.75 ], "texture": "#pm73", "rotation": 270 },
				"up": { "uv": [ 5.25, 9.25, 5.5, 9 ], "texture": "#pm73", "rotation": 90 },
				"north": { "uv": [ 5.25, 9, 5.5, 9.75 ], "texture": "#pm73" },
				"south": { "uv": [ 5.5, 9, 5.25, 9.75 ], "texture": "#pm73" },
				"west": { "uv": [ 5.25, 9, 5.5, 9.75 ], "texture": "#pm73" },
				"east": { "uv": [ 5.5, 9, 5.25, 9.75 ], "texture": "#pm73" }
			}
		},
		{
			"__comment": "pm7319",
			"from": [ 7.5, 3.5, 0 ],
			"to": [ 8.5, 5, 0.5 ],
			"faces": {
				"down": { "uv": [ 4, 9.5, 4.25, 9.75 ], "texture": "#pm73", "rotation": 270 },
				"up": { "uv": [ 4, 9.25, 4.25, 9 ], "texture": "#pm73", "rotation": 90 },
				"north": { "uv": [ 4, 9, 4.25, 9.75 ], "texture": "#pm73" },
				"south": { "uv": [ 4.25, 9, 4, 9.75 ], "texture": "#pm73" },
				"west": { "uv": [ 4, 9, 4.25, 9.75 ], "texture": "#pm73" },
				"east": { "uv": [ 4.25, 9, 4, 9.75 ], "texture": "#pm73" }
			}
		},
		{
			"__comment": "pm7320",
			"from": [ 7, 5.5, -7.5 ],
			"to": [ 9, 6.5, 0 ],
			"faces": {
				"down": { "uv": [ 0.25, 8.5, 4, 8.75 ], "texture": "#pm73", "rotation": 270 },
				"up": { "uv": [ 0.25, 8.5, 4, 8.25 ], "texture": "#pm73", "rotation": 90 },
				"north": { "uv": [ 0.25, 8.25, 0.5, 8.75 ], "texture": "#pm73" },
				"south": { "uv": [ 4, 8.25, 3.75, 8.75 ], "texture": "#pm73" },
				"west": { "uv": [ 0.25, 8.25, 4, 8.75 ], "texture": "#pm73" },
				"east": { "uv": [ 4, 8.25, 0.25, 8.75 ], "texture": "#pm73" }
			}
		},
		{
			"__comment": "pm7321",
			"from": [ 7, 4, -5.5 ],
			"to": [ 9, 5.5, -1 ],
			"faces": {
				"down": { "uv": [ 1.25, 9.25, 3.5, 9.5 ], "texture": "#pm73", "rotation": 270 },
				"up": { "uv": [ 1.25, 9, 3.5, 8.75 ], "texture": "#pm73", "rotation": 90 },
				"north": { "uv": [ 1.25, 8.75, 1.5, 9.5 ], "texture": "#pm73" },
				"south": { "uv": [ 3.5, 8.75, 3.25, 9.5 ], "texture": "#pm73" },
				"west": { "uv": [ 1.25, 8.75, 3.5, 9.5 ], "texture": "#pm73" },
				"east": { "uv": [ 3.5, 8.75, 1.25, 9.5 ], "texture": "#pm73" }
			}
		},
		{
			"__comment": "pm7322",
			"from": [ 7, 6.5, -7.5 ],
			"to": [ 9, 7, 10 ],
			"faces": {
				"down": { "uv": [ 0.25, 8, 9, 8.25 ], "texture": "#pm73", "rotation": 270 },
				"up": { "uv": [ 0.25, 8.25, 9, 8 ], "texture": "#pm73", "rotation": 90 },
				"north": { "uv": [ 0.25, 8, 0.5, 8.25 ], "texture": "#pm73" },
				"south": { "uv": [ 9, 8, 8.75, 8.25 ], "texture": "#pm73" },
				"west": { "uv": [ 0.25, 8, 9, 8.25 ], "texture": "#pm73" },
				"east": { "uv": [ 9, 8, 0.25, 8.25 ], "texture": "#pm73" }
			}
		},
		{
			"__comment": "pm7323",
			"from": [ 7, 3.5, -3 ],
			"to": [ 9, 4, -1 ],
			"faces": {
				"down": { "uv": [ 2.5, 9.5, 3.5, 9.75 ], "texture": "#pm73", "rotation": 270 },
				"up": { "uv": [ 2.5, 9.75, 3.5, 9.5 ], "texture": "#pm73", "rotation": 90 },
				"north": { "uv": [ 2.5, 9.5, 2.75, 9.75 ], "texture": "#pm73" },
				"south": { "uv": [ 3.5, 9.5, 3.25, 9.75 ], "texture": "#pm73" },
				"west": { "uv": [ 2.5, 9.5, 3.5, 9.75 ], "texture": "#pm73" },
				"east": { "uv": [ 3.5, 9.5, 2.5, 9.75 ], "texture": "#pm73" }
			}
		},
		{
			"__comment": "pm7324",
			"from": [ 7.5, 5, 0 ],
			"to": [ 8.5, 6.5, 3 ],
			"faces": {
				"down": { "uv": [ 4, 8.75, 5.5, 9 ], "texture": "#pm73", "rotation": 270 },
				"up": { "uv": [ 4, 8.5, 5.5, 8.25 ], "texture": "#pm73", "rotation": 90 },
				"north": { "uv": [ 4, 8.25, 4.25, 9 ], "texture": "#pm73" },
				"south": { "uv": [ 5.5, 8.25, 5.25, 9 ], "texture": "#pm73" },
				"west": { "uv": [ 4, 8.25, 5.5, 9 ], "texture": "#pm73" },
				"east": { "uv": [ 5.5, 8.25, 4, 9 ], "texture": "#pm73" }
			}
		},
		{
			"__comment": "pm7325",
			"from": [ 7.5, 3, 0.5 ],
			"to": [ 8.5, 3.5, 2.5 ],
			"faces": {
				"down": { "uv": [ 4.25, 9.75, 5.25, 10 ], "texture": "#pm73", "rotation": 270 },
				"up": { "uv": [ 4.25, 10, 5.25, 9.75 ], "texture": "#pm73", "rotation": 90 },
				"north": { "uv": [ 4.25, 9.75, 4.5, 10 ], "texture": "#pm73" },
				"south": { "uv": [ 5.25, 9.75, 5, 10 ], "texture": "#pm73" },
				"west": { "uv": [ 4.25, 9.75, 5.25, 10 ], "texture": "#pm73" },
				"east": { "uv": [ 5.25, 9.75, 4.25, 10 ], "texture": "#pm73" }
			}
		},
		{
			"__comment": "pm7326",
			"from": [ 6.5, 3.5, -1 ],
			"to": [ 9.5, 5.5, 0 ],
			"faces": {
				"down": { "uv": [ 3.5, 9.5, 4, 9.75 ], "texture": "#pm73", "rotation": 270 },
				"up": { "uv": [ 3.5, 9, 4, 8.75 ], "texture": "#pm73", "rotation": 90 },
				"north": { "uv": [ 3.5, 8.75, 3.75, 9.75 ], "texture": "#pm73" },
				"south": { "uv": [ 4, 8.75, 3.75, 9.75 ], "texture": "#pm73" },
				"west": { "uv": [ 3.5, 8.75, 4, 9.75 ], "texture": "#pm73" },
				"east": { "uv": [ 4, 8.75, 3.5, 9.75 ], "texture": "#pm73" }
			}
		},
		{
			"__comment": "pm7327",
			"from": [ 6.5, 5.5, 8.5 ],
			"to": [ 9.5, 6.5, 9.5 ],
			"faces": {
				"down": { "uv": [ 8.25, 8.5, 8.75, 8.75 ], "texture": "#pm73", "rotation": 270 },
				"up": { "uv": [ 8.25, 8.5, 8.75, 8.25 ], "texture": "#pm73", "rotation": 90 },
				"north": { "uv": [ 8.25, 8.25, 8.5, 8.75 ], "texture": "#pm73" },
				"south": { "uv": [ 8.75, 8.25, 8.5, 8.75 ], "texture": "#pm73" },
				"west": { "uv": [ 8.25, 8.25, 8.75, 8.75 ], "texture": "#pm73" },
				"east": { "uv": [ 8.75, 8.25, 8.25, 8.75 ], "texture": "#pm73" }
			}
		},
		{
			"__comment": "pm7328",
			"from": [ 7, 0.5, 5.5 ],
			"to": [ 9, 2.5, 6 ],
			"faces": {
				"down": { "uv": [ 6.75, 11, 7, 11.25 ], "texture": "#pm73", "rotation": 270 },
				"up": { "uv": [ 6.75, 10.5, 7, 10.25 ], "texture": "#pm73", "rotation": 90 },
				"north": { "uv": [ 6.75, 10.25, 7, 11.25 ], "texture": "#pm73" },
				"south": { "uv": [ 7, 10.25, 6.75, 11.25 ], "texture": "#pm73" },
				"west": { "uv": [ 6.75, 10.25, 7, 11.25 ], "texture": "#pm73" },
				"east": { "uv": [ 7, 10.25, 6.75, 11.25 ], "texture": "#pm73" }
			}
		},
		{
			"__comment": "pm7329",
			"from": [ 7, 0, 3 ],
			"to": [ 9, 5, 3.5 ],
			"faces": {
				"down": { "uv": [ 5.5, 11.25, 5.75, 11.5 ], "texture": "#pm73", "rotation": 270 },
				"up": { "uv": [ 5.5, 9.25, 5.75, 9 ], "texture": "#pm73", "rotation": 90 },
				"north": { "uv": [ 5.5, 9, 5.75, 11.5 ], "texture": "#pm73" },
				"south": { "uv": [ 5.75, 9, 5.5, 11.5 ], "texture": "#pm73" },
				"west": { "uv": [ 5.5, 9, 5.75, 11.5 ], "texture": "#pm73" },
				"east": { "uv": [ 5.75, 9, 5.5, 11.5 ], "texture": "#pm73" }
			}
		},
		{
			"__comment": "pm7330",
			"from": [ 7, 5, 3 ],
			"to": [ 9, 5.5, 9.5 ],
			"faces": {
				"down": { "uv": [ 5.5, 8.75, 8.75, 9 ], "texture": "#pm73", "rotation": 270 },
				"up": { "uv": [ 5.5, 9, 8.75, 8.75 ], "texture": "#pm73", "rotation": 90 },
				"north": { "uv": [ 5.5, 8.75, 5.75, 9 ], "texture": "#pm73" },
				"south": { "uv": [ 8.75, 8.75, 8.5, 9 ], "texture": "#pm73" },
				"west": { "uv": [ 5.5, 8.75, 8.75, 9 ], "texture": "#pm73" },
				"east": { "uv": [ 8.75, 8.75, 5.5, 9 ], "texture": "#pm73" }
			}
		},
		{
			"__comment": "pm7331",
			"from": [ 7, 0, 3.5 ],
			"to": [ 9, 5, 5.5 ],
			"faces": {
				"down": { "uv": [ 5.75, 11.25, 6.75, 11.5 ], "texture": "#pm73", "rotation": 270 },
				"up": { "uv": [ 5.75, 9.25, 6.75, 9 ], "texture": "#pm73", "rotation": 90 },
				"north": { "uv": [ 5.75, 9, 6, 11.5 ], "texture": "#pm73" },
				"south": { "uv": [ 6.75, 9, 6.5, 11.5 ], "texture": "#pm73" },
				"west": { "uv": [ 5.75, 9, 6.75, 11.5 ], "texture": "#pm73" },
				"east": { "uv": [ 6.75, 9, 5.75, 11.5 ], "texture": "#pm73" }
			}
		},
		{
			"__comment": "pm7332",
			"from": [ 8.5, 4.5, 18.5 ],
			"to": [ 9, 5.5, 23 ],
			"faces": {
				"down": { "uv": [ 13.25, 9, 15.5, 9.25 ], "texture": "#pm73", "rotation": 270 },
				"up": { "uv": [ 13.25, 9, 15.5, 8.75 ], "texture": "#pm73", "rotation": 90 },
				"north": { "uv": [ 13.25, 8.75, 13.5, 9.25 ], "texture": "#pm73" },
				"south": { "uv": [ 15.5, 8.75, 15.25, 9.25 ], "texture": "#pm73" },
				"west": { "uv": [ 13.25, 8.75, 15.5, 9.25 ], "texture": "#pm73" },
				"east": { "uv": [ 15.5, 8.75, 13.25, 9.25 ], "texture": "#pm73" }
			}
		},
		{
			"__comment": "pm7333",
			"from": [ 7, 5.5, 3 ],
			"to": [ 9, 6, 10 ],
			"faces": {
				"down": { "uv": [ 5.5, 8.5, 9, 8.75 ], "texture": "#pm73", "rotation": 270 },
				"up": { "uv": [ 5.5, 8.75, 9, 8.5 ], "texture": "#pm73", "rotation": 90 },
				"north": { "uv": [ 5.5, 8.5, 5.75, 8.75 ], "texture": "#pm73" },
				"south": { "uv": [ 9, 8.5, 8.75, 8.75 ], "texture": "#pm73" },
				"west": { "uv": [ 5.5, 8.5, 9, 8.75 ], "texture": "#pm73" },
				"east": { "uv": [ 9, 8.5, 5.5, 8.75 ], "texture": "#pm73" }
			}
		},
		{
			"__comment": "pm7334",
			"from": [ 7.5, 4, 1 ],
			"to": [ 8.5, 5, 2 ],
			"faces": {
				"down": { "uv": [ 4.5, 9.25, 5, 9.5 ], "texture": "#pm73", "rotation": 270 },
				"up": { "uv": [ 4.5, 9.25, 5, 9 ], "texture": "#pm73", "rotation": 90 },
				"north": { "uv": [ 4.5, 9, 4.75, 9.5 ], "texture": "#pm73" },
				"south": { "uv": [ 5, 9, 4.75, 9.5 ], "texture": "#pm73" },
				"west": { "uv": [ 4.5, 9, 5, 9.5 ], "texture": "#pm73" },
				"east": { "uv": [ 5, 9, 4.5, 9.5 ], "texture": "#pm73" }
			}
		},
		{
			"__comment": "pm7335",
			"from": [ 7, 6, 2.5 ],
			"to": [ 9, 6.5, 10 ],
			"faces": {
				"down": { "uv": [ 5.25, 8.25, 9, 8.5 ], "texture": "#pm73", "rotation": 270 },
				"up": { "uv": [ 5.25, 8.5, 9, 8.25 ], "texture": "#pm73", "rotation": 90 },
				"north": { "uv": [ 5.25, 8.25, 5.5, 8.5 ], "texture": "#pm73" },
				"south": { "uv": [ 9, 8.25, 8.75, 8.5 ], "texture": "#pm73" },
				"west": { "uv": [ 5.25, 8.25, 9, 8.5 ], "texture": "#pm73" },
				"east": { "uv": [ 9, 8.25, 5.25, 8.5 ], "texture": "#pm73" }
			}
		},
		{
			"__comment": "pm7336",
			"from": [ 8.5, 5.5, 9.5 ],
			"to": [ 9, 6.5, 14 ],
			"faces": {
				"down": { "uv": [ 8.75, 8.5, 11, 8.75 ], "texture": "#pm73", "rotation": 270 },
				"up": { "uv": [ 8.75, 8.5, 11, 8.25 ], "texture": "#pm73", "rotation": 90 },
				"north": { "uv": [ 8.75, 8.25, 9, 8.75 ], "texture": "#pm73" },
				"south": { "uv": [ 11, 8.25, 10.75, 8.75 ], "texture": "#pm73" },
				"west": { "uv": [ 8.75, 8.25, 11, 8.75 ], "texture": "#pm73" },
				"east": { "uv": [ 11, 8.25, 8.75, 8.75 ], "texture": "#pm73" }
			}
		},
		{
			"__comment": "pm7337",
			"from": [ 7, 5, 14 ],
			"to": [ 7.5, 6, 18.5 ],
			"faces": {
				"down": { "uv": [ 11, 8.75, 13.25, 9 ], "texture": "#pm73", "rotation": 270 },
				"up": { "uv": [ 11, 8.75, 13.25, 8.5 ], "texture": "#pm73", "rotation": 90 },
				"north": { "uv": [ 11, 8.5, 11.25, 9 ], "texture": "#pm73" },
				"south": { "uv": [ 13.25, 8.5, 13, 9 ], "texture": "#pm73" },
				"west": { "uv": [ 11, 8.5, 13.25, 9 ], "texture": "#pm73" },
				"east": { "uv": [ 13.25, 8.5, 11, 9 ], "texture": "#pm73" }
			}
		},
		{
			"__comment": "pm7338",
			"from": [ 8.5, 5, 14 ],
			"to": [ 9, 6, 18.5 ],
			"faces": {
				"down": { "uv": [ 11, 8.75, 13.25, 9 ], "texture": "#pm73", "rotation": 270 },
				"up": { "uv": [ 11, 8.75, 13.25, 8.5 ], "texture": "#pm73", "rotation": 90 },
				"north": { "uv": [ 11, 8.5, 11.25, 9 ], "texture": "#pm73" },
				"south": { "uv": [ 13.25, 8.5, 13, 9 ], "texture": "#pm73" },
				"west": { "uv": [ 11, 8.5, 13.25, 9 ], "texture": "#pm73" },
				"east": { "uv": [ 13.25, 8.5, 11, 9 ], "texture": "#pm73" }
			}
		},
		{
			"__comment": "pm7339",
			"from": [ 7, 1, 23.5 ],
			"to": [ 9, 3.5, 24 ],
			"faces": {
				"down": { "uv": [ 15.75, 10.75, 16, 11 ], "texture": "#pm73", "rotation": 270 },
				"up": { "uv": [ 15.75, 10, 16, 9.75 ], "texture": "#pm73", "rotation": 90 },
				"north": { "uv": [ 15.75, 9.75, 16, 11 ], "texture": "#pm73" },
				"south": { "uv": [ 16, 9.75, 15.75, 11 ], "texture": "#pm73" },
				"west": { "uv": [ 15.75, 9.75, 16, 11 ], "texture": "#pm73" },
				"east": { "uv": [ 16, 9.75, 15.75, 11 ], "texture": "#pm73" }
			}
		},
		{
			"__comment": "pm7340",
			"from": [ 7, 5.5, 9.5 ],
			"to": [ 7.5, 6.5, 14 ],
			"faces": {
				"down": { "uv": [ 8.75, 8.5, 11, 8.75 ], "texture": "#pm73", "rotation": 270 },
				"up": { "uv": [ 8.75, 8.5, 11, 8.25 ], "texture": "#pm73", "rotation": 90 },
				"north": { "uv": [ 8.75, 8.25, 9, 8.75 ], "texture": "#pm73" },
				"south": { "uv": [ 11, 8.25, 10.75, 8.75 ], "texture": "#pm73" },
				"west": { "uv": [ 8.75, 8.25, 11, 8.75 ], "texture": "#pm73" },
				"east": { "uv": [ 11, 8.25, 8.75, 8.75 ], "texture": "#pm73" }
			}
		},
		{
			"__comment": "pm7341",
			"from": [ 7, 4.5, 18.5 ],
			"to": [ 7.5, 5.5, 23 ],
			"faces": {
				"down": { "uv": [ 13.25, 9, 15.5, 9.25 ], "texture": "#pm73", "rotation": 270 },
				"up": { "uv": [ 13.25, 9, 15.5, 8.75 ], "texture": "#pm73", "rotation": 90 },
				"north": { "uv": [ 13.25, 8.75, 13.5, 9.25 ], "texture": "#pm73" },
				"south": { "uv": [ 15.5, 8.75, 15.25, 9.25 ], "texture": "#pm73" },
				"west": { "uv": [ 13.25, 8.75, 15.5, 9.25 ], "texture": "#pm73" },
				"east": { "uv": [ 15.5, 8.75, 13.25, 9.25 ], "texture": "#pm73" }
			}
		},
		{
			"__comment": "pm7342",
			"from": [ 7, 3, 23 ],
			"to": [ 9, 5.5, 23.5 ],
			"faces": {
				"down": { "uv": [ 15.5, 9.75, 15.75, 10 ], "texture": "#pm73", "rotation": 270 },
				"up": { "uv": [ 15.5, 9, 15.75, 8.75 ], "texture": "#pm73", "rotation": 90 },
				"north": { "uv": [ 15.5, 8.75, 15.75, 10 ], "texture": "#pm73" },
				"south": { "uv": [ 15.75, 8.75, 15.5, 10 ], "texture": "#pm73" },
				"west": { "uv": [ 15.5, 8.75, 15.75, 10 ], "texture": "#pm73" },
				"east": { "uv": [ 15.75, 8.75, 15.5, 10 ], "texture": "#pm73" }
			}
		}
	],
	"display": {
		"thirdperson_righthand": {
			"translation":  [ 0, 1.5, 4 ],
			"scale":  [ 0.5, 0.5, 0.5 ]
		},
		"thirdperson_lefthand": {
			"translation":  [ -1.5, -4.25, 10 ],
			"scale":  [ 0.5, 0.5, 0.5 ]
		},
		"firstperson_righthand": {
			"rotation":  [ 30, 0, -30 ],
			"translation":  [ -6, 3, -3 ]
		},
		"firstperson_lefthand": {
			"scale":  [ 0.0001, 0.0001, 0.0001 ]
		},
		"gui": {
			"rotation":  [ 30, 135, 0 ],
			"scale":  [ 0.5, 0.5, 0.5 ]
		},
		"head": {
			"scale":  [ 0.0001, 0.0001, 0.0001 ]
		},
		"ground": {
			"rotation":  [ 0, 0, 90 ],
			"scale":  [ 0.5, 0.5, 0.5 ]
		},
		"fixed": {
			"rotation":  [ 0, -90, 0 ]
		}
	}
}