{
	"__comment": "Designed by Sleepingman with Cubik Studio - https://cubik.studio",
	"textures": {
		"tdi_vector": "dayz/weapon/gun/submachine_gun/tdi_vector"
	},
	"elements": [ 	 
		{
			"__comment": "tdi_vector",
			"from": [ 6.5, 8.5, -5 ],
			"to": [ 9.5, 10.5, 12 ],
			"faces": {
				"down": { "uv": [ 1.5, 6.75, 11, 7 ], "texture": "#tdi_vector" },
				"up": { "uv": [ 1.5, 6, 10.75, 6.25 ], "texture": "#tdi_vector", "rotation": 90 },
				"north": { "uv": [ 1.5, 6, 1.75, 7 ], "texture": "#tdi_vector" },
				"south": { "uv": [ 9.75, 6, 10, 7 ], "texture": "#tdi_vector" },
				"west": { "uv": [ 1.5, 6, 10, 7 ], "texture": "#tdi_vector" },
				"east": { "uv": [ 10, 6, 1.5, 7 ], "texture": "#tdi_vector" }
			}
		},
		{
			"__comment": "tdi_vector1",
			"from": [ 7, 10.5, -3 ],
			"to": [ 9, 11, 10 ],
			"faces": {
				"down": { "uv": [ 2.5, 5.75, 9, 6 ], "texture": "#tdi_vector" },
				"up": { "uv": [ 2.5, 5.75, 9, 6 ], "texture": "#tdi_vector", "rotation": 270 },
				"north": { "uv": [ 2.75, 5.75, 3, 6 ], "texture": "#tdi_vector" },
				"south": { "uv": [ 8.5, 5.75, 8.75, 6 ], "texture": "#tdi_vector" },
				"west": { "uv": [ 2.5, 5.75, 9, 6 ], "texture": "#tdi_vector", "rotation": 180 },
				"east": { "uv": [ 2.5, 5.75, 9, 6 ], "texture": "#tdi_vector" }
			}
		},
		{
			"__comment": "tdi_vector2",
			"from": [ 6.5, 7, -5 ],
			"to": [ 9.5, 8.5, 3.5 ],
			"faces": {
				"down": { "uv": [ 1.5, 7.75, 5.75, 8 ], "texture": "#tdi_vector" },
				"up": { "uv": [ 1.5, 7, 5.75, 7.25 ], "texture": "#tdi_vector", "rotation": 270 },
				"north": { "uv": [ 1.5, 7, 1.75, 7.75 ], "texture": "#tdi_vector" },
				"south": { "uv": [ 5.5, 7, 5.75, 7.75 ], "texture": "#tdi_vector" },
				"west": { "uv": [ 1.5, 7, 5.75, 7.75 ], "texture": "#tdi_vector" },
				"east": { "uv": [ 5.75, 7, 1.5, 7.75 ], "texture": "#tdi_vector" }
			}
		},
		{
			"__comment": "tdi_vector3",
			"from": [ 7, 6.5, -5 ],
			"to": [ 9, 7, -0.5 ],
			"faces": {
				"down": { "uv": [ 1.5, 7.75, 3.5, 8 ], "texture": "#tdi_vector" },
				"up": { "uv": [ 1.5, 7.75, 3.5, 8 ], "texture": "#tdi_vector", "rotation": 270 },
				"north": { "uv": [ 1.5, 7.75, 1.75, 8 ], "texture": "#tdi_vector" },
				"south": { "uv": [ 3.25, 7.75, 3.5, 8 ], "texture": "#tdi_vector" },
				"west": { "uv": [ 1.5, 7.75, 3.5, 8 ], "texture": "#tdi_vector" },
				"east": { "uv": [ 3.5, 7.75, 1.5, 8 ], "texture": "#tdi_vector" }
			}
		},
		{
			"__comment": "tdi_vector4",
			"from": [ 7, 6, -1 ],
			"to": [ 9, 6.5, 0 ],
			"faces": {
				"down": { "uv": [ 3.25, 8, 3.75, 8.25 ], "texture": "#tdi_vector" },
				"up": { "uv": [ 3.25, 8, 3.75, 8.25 ], "texture": "#tdi_vector", "rotation": 270 },
				"north": { "uv": [ 3.25, 8, 3.5, 8.25 ], "texture": "#tdi_vector" },
				"south": { "uv": [ 3.5, 8, 3.75, 8.25 ], "texture": "#tdi_vector" },
				"west": { "uv": [ 3.25, 8, 3.75, 8.25 ], "texture": "#tdi_vector" },
				"east": { "uv": [ 3.75, 8, 3.25, 8.25 ], "texture": "#tdi_vector" }
			}
		},
		{
			"__comment": "tdi_vector5",
			"from": [ 7, 4.5, 0 ],
			"to": [ 9, 6, 0.5 ],
			"faces": {
				"down": { "uv": [ 3.75, 8.75, 4, 9 ], "texture": "#tdi_vector" },
				"up": { "uv": [ 3.75, 8.25, 4, 8.5 ], "texture": "#tdi_vector", "rotation": 270 },
				"north": { "uv": [ 3.75, 8.25, 4, 9 ], "texture": "#tdi_vector" },
				"south": { "uv": [ 3.75, 8.25, 4, 9 ], "texture": "#tdi_vector" },
				"west": { "uv": [ 3.75, 8.25, 4, 9 ], "texture": "#tdi_vector" },
				"east": { "uv": [ 4, 8.25, 3.75, 9 ], "texture": "#tdi_vector" }
			}
		},
		{
			"__comment": "tdi_vector6",
			"from": [ 7, 3, 0.5 ],
			"to": [ 9, 4.5, 1 ],
			"faces": {
				"down": { "uv": [ 4, 9.5, 4.25, 9.75 ], "texture": "#tdi_vector" },
				"up": { "uv": [ 4, 9, 4.25, 9.25 ], "texture": "#tdi_vector", "rotation": 270 },
				"north": { "uv": [ 4, 9, 4.25, 9.75 ], "texture": "#tdi_vector" },
				"south": { "uv": [ 4, 9, 4.25, 9.75 ], "texture": "#tdi_vector" },
				"west": { "uv": [ 4, 9, 4.25, 9.75 ], "texture": "#tdi_vector" },
				"east": { "uv": [ 4.25, 9, 4, 9.75 ], "texture": "#tdi_vector" }
			}
		},
		{
			"__comment": "tdi_vector7",
			"from": [ 7, 2, 1 ],
			"to": [ 9, 3, 1.5 ],
			"faces": {
				"down": { "uv": [ 4.25, 10, 4.5, 10.25 ], "texture": "#tdi_vector" },
				"up": { "uv": [ 4.25, 9.75, 4.5, 10 ], "texture": "#tdi_vector", "rotation": 270 },
				"north": { "uv": [ 4.25, 9.75, 4.5, 10.25 ], "texture": "#tdi_vector" },
				"south": { "uv": [ 4.25, 9.75, 4.5, 10.25 ], "texture": "#tdi_vector" },
				"west": { "uv": [ 4.25, 9.75, 4.5, 10.25 ], "texture": "#tdi_vector" },
				"east": { "uv": [ 4.5, 9.75, 4.25, 10.25 ], "texture": "#tdi_vector" }
			}
		},
		{
			"__comment": "tdi_vector8",
			"from": [ 6.5, 2, 1.5 ],
			"to": [ 9.5, 3, 6 ],
			"faces": {
				"down": { "uv": [ 4.5, 10, 6.75, 10.25 ], "texture": "#tdi_vector" },
				"up": { "uv": [ 4.5, 9.75, 6.75, 10 ], "texture": "#tdi_vector", "rotation": 270 },
				"north": { "uv": [ 4.5, 9.75, 4.75, 10.25 ], "texture": "#tdi_vector" },
				"south": { "uv": [ 6.5, 9.75, 6.75, 10.25 ], "texture": "#tdi_vector" },
				"west": { "uv": [ 4.5, 9.75, 6.75, 10.25 ], "texture": "#tdi_vector" },
				"east": { "uv": [ 6.75, 9.75, 4.5, 10.25 ], "texture": "#tdi_vector" }
			}
		},
		{
			"__comment": "tdi_vector9",
			"from": [ 6.5, 3, 2.5 ],
			"to": [ 9.5, 3.5, 6 ],
			"faces": {
				"down": { "uv": [ 5, 9.5, 6.75, 9.75 ], "texture": "#tdi_vector" },
				"up": { "uv": [ 5, 9.5, 6.75, 9.75 ], "texture": "#tdi_vector", "rotation": 270 },
				"north": { "uv": [ 5, 9.5, 5.25, 9.75 ], "texture": "#tdi_vector" },
				"south": { "uv": [ 6.5, 9.5, 6.75, 9.75 ], "texture": "#tdi_vector" },
				"west": { "uv": [ 5, 9.5, 6.75, 9.75 ], "texture": "#tdi_vector" },
				"east": { "uv": [ 6.75, 9.5, 5, 9.75 ], "texture": "#tdi_vector" }
			}
		},
		{
			"__comment": "tdi_vector10",
			"from": [ 6.5, 3.5, 2.5 ],
			"to": [ 9.5, 5, 5.5 ],
			"faces": {
				"down": { "uv": [ 5, 9.25, 6.5, 9.5 ], "texture": "#tdi_vector" },
				"up": { "uv": [ 5, 8.75, 6.5, 9 ], "texture": "#tdi_vector", "rotation": 270 },
				"north": { "uv": [ 5, 8.75, 5.25, 9.5 ], "texture": "#tdi_vector" },
				"south": { "uv": [ 6.25, 8.75, 6.5, 9.5 ], "texture": "#tdi_vector" },
				"west": { "uv": [ 5, 8.75, 6.5, 9.5 ], "texture": "#tdi_vector" },
				"east": { "uv": [ 6.5, 8.75, 5, 9.5 ], "texture": "#tdi_vector" }
			}
		},
		{
			"__comment": "tdi_vector11",
			"from": [ 6.5, 5, 2.5 ],
			"to": [ 9.5, 6.5, 5 ],
			"faces": {
				"down": { "uv": [ 5, 8.5, 6.25, 8.75 ], "texture": "#tdi_vector" },
				"up": { "uv": [ 5, 8, 6.25, 8.25 ], "texture": "#tdi_vector", "rotation": 270 },
				"north": { "uv": [ 5, 8, 5.25, 8.75 ], "texture": "#tdi_vector" },
				"south": { "uv": [ 6, 8, 6.25, 8.75 ], "texture": "#tdi_vector" },
				"west": { "uv": [ 5, 8, 6.25, 8.75 ], "texture": "#tdi_vector" },
				"east": { "uv": [ 6.25, 8, 5, 8.75 ], "texture": "#tdi_vector" }
			}
		},
		{
			"__comment": "tdi_vector12",
			"from": [ 6.5, 6.5, -0.5 ],
			"to": [ 9.5, 7, 4 ],
			"faces": {
				"down": { "uv": [ 3.5, 7.75, 5.75, 8 ], "texture": "#tdi_vector" },
				"up": { "uv": [ 3.5, 7.75, 5.75, 8 ], "texture": "#tdi_vector", "rotation": 270 },
				"north": { "uv": [ 3.5, 7.75, 3.75, 8 ], "texture": "#tdi_vector" },
				"south": { "uv": [ 5.5, 7.75, 5.75, 8 ], "texture": "#tdi_vector" },
				"west": { "uv": [ 3.5, 7.75, 5.75, 8 ], "texture": "#tdi_vector" },
				"east": { "uv": [ 5.75, 7.75, 3.5, 8 ], "texture": "#tdi_vector" }
			}
		},
		{
			"__comment": "tdi_vector13",
			"from": [ 6.5, 6.5, 4 ],
			"to": [ 9.5, 8, 4.5 ],
			"faces": {
				"down": { "uv": [ 5.75, 7.75, 6, 8 ], "texture": "#tdi_vector" },
				"up": { "uv": [ 5.75, 7.75, 6, 8 ], "texture": "#tdi_vector", "rotation": 270 },
				"north": { "uv": [ 5.75, 7.75, 6, 8 ], "texture": "#tdi_vector" },
				"south": { "uv": [ 5.75, 7.75, 6, 8 ], "texture": "#tdi_vector" },
				"west": { "uv": [ 5.75, 7.25, 6, 8 ], "texture": "#tdi_vector" },
				"east": { "uv": [ 6, 7.25, 5.75, 8 ], "texture": "#tdi_vector" }
			}
		},
		{
			"__comment": "tdi_vector14",
			"from": [ 7, 1.5, 1.5 ],
			"to": [ 9, 2, 6 ],
			"faces": {
				"down": { "uv": [ 4.5, 10.25, 6.75, 10.5 ], "texture": "#tdi_vector" },
				"up": { "uv": [ 4.5, 10.25, 6.75, 10.5 ], "texture": "#tdi_vector", "rotation": 270 },
				"north": { "uv": [ 4.5, 10.25, 4.75, 10.5 ], "texture": "#tdi_vector" },
				"south": { "uv": [ 6.5, 10.25, 6.75, 10.5 ], "texture": "#tdi_vector" },
				"west": { "uv": [ 4.5, 10.25, 6.75, 10.5 ], "texture": "#tdi_vector" },
				"east": { "uv": [ 6.75, 10.25, 4.5, 10.5 ], "texture": "#tdi_vector" }
			}
		},
		{
			"__comment": "tdi_vector15",
			"from": [ 6.5, 7, 3.5 ],
			"to": [ 9.5, 8.5, 4 ],
			"faces": {
				"down": { "uv": [ 5.75, 7.75, 6, 8 ], "texture": "#tdi_vector" },
				"up": { "uv": [ 5.75, 7.75, 6, 8 ], "texture": "#tdi_vector", "rotation": 270 },
				"north": { "uv": [ 5.75, 7.75, 6, 8 ], "texture": "#tdi_vector" },
				"south": { "uv": [ 5.75, 7.75, 6, 8 ], "texture": "#tdi_vector" },
				"west": { "uv": [ 5.75, 7.25, 6, 8 ], "texture": "#tdi_vector" },
				"east": { "uv": [ 6, 7.25, 5.75, 8 ], "texture": "#tdi_vector" }
			}
		},
		{
			"__comment": "tdi_vector16",
			"from": [ 7, 7.5, -8 ],
			"to": [ 9, 8.5, -5 ],
			"faces": {
				"down": { "uv": [ 0, 7.25, 1.5, 7.5 ], "texture": "#tdi_vector" },
				"up": { "uv": [ 0, 7, 1.5, 7.25 ], "texture": "#tdi_vector", "rotation": 270 },
				"north": { "uv": [ 0, 7, 0.25, 7.5 ], "texture": "#tdi_vector" },
				"south": { "uv": [ 1.25, 7, 1.5, 7.5 ], "texture": "#tdi_vector" },
				"west": { "uv": [ 0, 7, 1.5, 7.5 ], "texture": "#tdi_vector" },
				"east": { "uv": [ 1.5, 7, 0, 7.5 ], "texture": "#tdi_vector" }
			}
		},
		{
			"__comment": "tdi_vector17",
			"from": [ 6.5, 4.5, 0.5 ],
			"to": [ 9.5, 6, 1 ],
			"faces": {
				"down": { "uv": [ 4, 8.75, 4.25, 9 ], "texture": "#tdi_vector" },
				"up": { "uv": [ 4, 8.25, 4.25, 8.5 ], "texture": "#tdi_vector", "rotation": 270 },
				"north": { "uv": [ 4, 8.25, 4.25, 9 ], "texture": "#tdi_vector" },
				"south": { "uv": [ 4, 8.25, 4.25, 9 ], "texture": "#tdi_vector" },
				"west": { "uv": [ 4, 8.25, 4.25, 9 ], "texture": "#tdi_vector" },
				"east": { "uv": [ 4.25, 8.25, 4, 9 ], "texture": "#tdi_vector" }
			}
		},
		{
			"__comment": "tdi_vector18",
			"from": [ 6.5, 3, 1 ],
			"to": [ 9.5, 4.5, 1.5 ],
			"faces": {
				"down": { "uv": [ 4.25, 9.5, 4.5, 9.75 ], "texture": "#tdi_vector" },
				"up": { "uv": [ 4.25, 9, 4.5, 9.25 ], "texture": "#tdi_vector", "rotation": 270 },
				"north": { "uv": [ 4.25, 9, 4.5, 9.75 ], "texture": "#tdi_vector" },
				"south": { "uv": [ 4.25, 9, 4.5, 9.75 ], "texture": "#tdi_vector" },
				"west": { "uv": [ 4.25, 9, 4.5, 9.75 ], "texture": "#tdi_vector" },
				"east": { "uv": [ 4.5, 9, 4.25, 9.75 ], "texture": "#tdi_vector" }
			}
		},
		{
			"__comment": "tdi_vector19",
			"from": [ 6.5, 6, 0 ],
			"to": [ 9.5, 6.5, 1 ],
			"faces": {
				"down": { "uv": [ 3.75, 8, 4.25, 8.25 ], "texture": "#tdi_vector" },
				"up": { "uv": [ 3.75, 8, 4.25, 8.25 ], "texture": "#tdi_vector", "rotation": 270 },
				"north": { "uv": [ 4, 8, 4.25, 8.25 ], "texture": "#tdi_vector" },
				"south": { "uv": [ 3.75, 8, 4, 8.25 ], "texture": "#tdi_vector" },
				"west": { "uv": [ 3.75, 8, 4.25, 8.25 ], "texture": "#tdi_vector" },
				"east": { "uv": [ 4.25, 8, 3.75, 8.25 ], "texture": "#tdi_vector" }
			}
		},
		{
			"__comment": "tdi_vector20",
			"from": [ -2.5, -0.5, -3.5 ],
			"to": [ -1.5, 0.5, -2.5 ],
			"faces": {
				"down": { "uv": [ 14, 1, 15, 2 ], "texture": "#tdi_vector" },
				"up": { "uv": [ 14, 14, 15, 15 ], "texture": "#tdi_vector" },
				"north": { "uv": [ 1, 15, 2, 16 ], "texture": "#tdi_vector" },
				"south": { "uv": [ 14, 15, 15, 16 ], "texture": "#tdi_vector" },
				"west": { "uv": [ 14, 15, 15, 16 ], "texture": "#tdi_vector" },
				"east": { "uv": [ 1, 15, 2, 16 ], "texture": "#tdi_vector" }
			}
		},
		{
			"__comment": "tdi_vector21",
			"from": [ 6.5, 5.5, 2 ],
			"to": [ 9.5, 6.5, 2.5 ],
			"faces": {
				"down": { "uv": [ 4.75, 8.25, 5, 8.5 ], "texture": "#tdi_vector" },
				"up": { "uv": [ 4.75, 8, 5, 8.25 ], "texture": "#tdi_vector", "rotation": 270 },
				"north": { "uv": [ 4.75, 8, 5, 8.5 ], "texture": "#tdi_vector" },
				"south": { "uv": [ 4.75, 8, 5, 8.5 ], "texture": "#tdi_vector" },
				"west": { "uv": [ 4.75, 8, 5, 8.5 ], "texture": "#tdi_vector" },
				"east": { "uv": [ 5, 8, 4.75, 8.5 ], "texture": "#tdi_vector" }
			}
		},
		{
			"__comment": "tdi_vector22",
			"from": [ 7, 5.5, 1 ],
			"to": [ 9, 6.5, 2 ],
			"faces": {
				"down": { "uv": [ 4.25, 8.25, 4.75, 8.5 ], "texture": "#tdi_vector" },
				"up": { "uv": [ 4.25, 8, 4.75, 8.25 ], "texture": "#tdi_vector", "rotation": 270 },
				"north": { "uv": [ 4.25, 8, 4.5, 8.5 ], "texture": "#tdi_vector" },
				"south": { "uv": [ 4.5, 8, 4.75, 8.5 ], "texture": "#tdi_vector" },
				"west": { "uv": [ 4.25, 8, 4.75, 8.5 ], "texture": "#tdi_vector" },
				"east": { "uv": [ 4.75, 8, 4.25, 8.5 ], "texture": "#tdi_vector" }
			}
		},
		{
			"__comment": "tdi_vector23",
			"from": [ 7, 4.5, 1 ],
			"to": [ 9, 5.5, 2.5 ],
			"faces": {
				"down": { "uv": [ 4.25, 8.75, 5, 9 ], "texture": "#tdi_vector" },
				"up": { "uv": [ 4.25, 8.5, 5, 8.75 ], "texture": "#tdi_vector", "rotation": 270 },
				"north": { "uv": [ 4.25, 8.5, 4.5, 9 ], "texture": "#tdi_vector" },
				"south": { "uv": [ 4.75, 8.5, 5, 9 ], "texture": "#tdi_vector" },
				"west": { "uv": [ 4.25, 8.5, 5, 9 ], "texture": "#tdi_vector" },
				"east": { "uv": [ 5, 8.5, 4.25, 9 ], "texture": "#tdi_vector" }
			}
		},
		{
			"__comment": "tdi_vector24",
			"from": [ 7, 3, 1.5 ],
			"to": [ 9, 4.5, 2.5 ],
			"faces": {
				"down": { "uv": [ 4.5, 9.5, 5, 9.75 ], "texture": "#tdi_vector" },
				"up": { "uv": [ 4.5, 9, 5, 9.25 ], "texture": "#tdi_vector", "rotation": 270 },
				"north": { "uv": [ 4.5, 9, 4.75, 9.75 ], "texture": "#tdi_vector" },
				"south": { "uv": [ 4.75, 9, 5, 9.75 ], "texture": "#tdi_vector" },
				"west": { "uv": [ 4.5, 9, 5, 9.75 ], "texture": "#tdi_vector" },
				"east": { "uv": [ 5, 9, 4.5, 9.75 ], "texture": "#tdi_vector" }
			}
		},
		{
			"__comment": "tdi_vector25",
			"from": [ 6.5, 8, 4 ],
			"to": [ 9.5, 8.5, 6 ],
			"faces": {
				"down": { "uv": [ 5.75, 7, 6.75, 7.25 ], "texture": "#tdi_vector" },
				"up": { "uv": [ 5.75, 7, 6.75, 7.25 ], "texture": "#tdi_vector", "rotation": 270 },
				"north": { "uv": [ 5.75, 7, 6, 7.25 ], "texture": "#tdi_vector" },
				"south": { "uv": [ 6.5, 7, 6.75, 7.25 ], "texture": "#tdi_vector" },
				"west": { "uv": [ 5.75, 7, 6.75, 7.25 ], "texture": "#tdi_vector" },
				"east": { "uv": [ 6.75, 7, 5.75, 7.25 ], "texture": "#tdi_vector" }
			}
		},
		{
			"__comment": "tdi_vector26",
			"from": [ 6.5, 7, 4.5 ],
			"to": [ 9.5, 8, 5.5 ],
			"faces": {
				"down": { "uv": [ 6, 7.5, 6.5, 7.75 ], "texture": "#tdi_vector" },
				"up": { "uv": [ 6, 7.25, 6.5, 7.5 ], "texture": "#tdi_vector", "rotation": 270 },
				"north": { "uv": [ 6, 7.25, 6.25, 7.75 ], "texture": "#tdi_vector" },
				"south": { "uv": [ 6.25, 7.25, 6.5, 7.75 ], "texture": "#tdi_vector" },
				"west": { "uv": [ 6, 7.25, 6.5, 7.75 ], "texture": "#tdi_vector" },
				"east": { "uv": [ 6.5, 7.25, 6, 7.75 ], "texture": "#tdi_vector" }
			}
		},
		{
			"__comment": "tdi_vector27",
			"from": [ 6.5, 6.5, 4.5 ],
			"to": [ 9.5, 7, 6 ],
			"faces": {
				"down": { "uv": [ 6, 7.75, 6.75, 8 ], "texture": "#tdi_vector" },
				"up": { "uv": [ 6, 7.75, 6.75, 8 ], "texture": "#tdi_vector", "rotation": 270 },
				"north": { "uv": [ 6, 7.75, 6.25, 8 ], "texture": "#tdi_vector" },
				"south": { "uv": [ 6.5, 7.75, 6.75, 8 ], "texture": "#tdi_vector" },
				"west": { "uv": [ 6, 7.75, 6.75, 8 ], "texture": "#tdi_vector" },
				"east": { "uv": [ 6.75, 7.75, 6, 8 ], "texture": "#tdi_vector" }
			}
		},
		{
			"__comment": "tdi_vector28",
			"from": [ 6.5, 5.5, 5 ],
			"to": [ 9.5, 6.5, 6 ],
			"faces": {
				"down": { "uv": [ 6.25, 8.25, 6.75, 8.5 ], "texture": "#tdi_vector" },
				"up": { "uv": [ 6.25, 8, 6.75, 8.25 ], "texture": "#tdi_vector", "rotation": 270 },
				"north": { "uv": [ 6.25, 8, 6.5, 8.5 ], "texture": "#tdi_vector" },
				"south": { "uv": [ 6.5, 8, 6.75, 8.5 ], "texture": "#tdi_vector" },
				"west": { "uv": [ 6.25, 8, 6.75, 8.5 ], "texture": "#tdi_vector" },
				"east": { "uv": [ 6.75, 8, 6.25, 8.5 ], "texture": "#tdi_vector" }
			}
		},
		{
			"__comment": "tdi_vector29",
			"from": [ 6.5, 5, 5 ],
			"to": [ 9.5, 5.5, 6.5 ],
			"faces": {
				"down": { "uv": [ 6.25, 8.5, 7, 8.75 ], "texture": "#tdi_vector" },
				"up": { "uv": [ 6.25, 8.5, 7, 8.75 ], "texture": "#tdi_vector", "rotation": 270 },
				"north": { "uv": [ 6.25, 8.5, 6.5, 8.75 ], "texture": "#tdi_vector" },
				"south": { "uv": [ 6.75, 8.5, 7, 8.75 ], "texture": "#tdi_vector" },
				"west": { "uv": [ 6.25, 8.5, 7, 8.75 ], "texture": "#tdi_vector" },
				"east": { "uv": [ 7, 8.5, 6.25, 8.75 ], "texture": "#tdi_vector" }
			}
		},
		{
			"__comment": "tdi_vector30",
			"from": [ 6.5, 4, 5.5 ],
			"to": [ 9.5, 5, 6.5 ],
			"faces": {
				"down": { "uv": [ 6.5, 9, 7, 9.25 ], "texture": "#tdi_vector" },
				"up": { "uv": [ 6.5, 8.75, 7, 9 ], "texture": "#tdi_vector", "rotation": 270 },
				"north": { "uv": [ 6.5, 8.75, 6.75, 9.25 ], "texture": "#tdi_vector" },
				"south": { "uv": [ 6.75, 8.75, 7, 9.25 ], "texture": "#tdi_vector" },
				"west": { "uv": [ 6.5, 8.75, 7, 9.25 ], "texture": "#tdi_vector" },
				"east": { "uv": [ 7, 8.75, 6.5, 9.25 ], "texture": "#tdi_vector" }
			}
		},
		{
			"__comment": "tdi_vector31",
			"from": [ 6.5, 3.5, 5.5 ],
			"to": [ 9.5, 4, 7 ],
			"faces": {
				"down": { "uv": [ 6.5, 9.25, 7.25, 9.5 ], "texture": "#tdi_vector" },
				"up": { "uv": [ 6.5, 9.25, 7.25, 9.5 ], "texture": "#tdi_vector", "rotation": 270 },
				"north": { "uv": [ 6.5, 9.25, 6.75, 9.5 ], "texture": "#tdi_vector" },
				"south": { "uv": [ 7, 9.25, 7.25, 9.5 ], "texture": "#tdi_vector" },
				"west": { "uv": [ 6.5, 9.25, 7.25, 9.5 ], "texture": "#tdi_vector" },
				"east": { "uv": [ 7.25, 9.25, 6.5, 9.5 ], "texture": "#tdi_vector" }
			}
		},
		{
			"__comment": "tdi_vector32",
			"from": [ 6.5, 1.5, 6 ],
			"to": [ 9.5, 3.5, 7 ],
			"faces": {
				"down": { "uv": [ 6.75, 10.25, 7.25, 10.5 ], "texture": "#tdi_vector" },
				"up": { "uv": [ 6.75, 9.5, 7.25, 9.75 ], "texture": "#tdi_vector", "rotation": 90 },
				"north": { "uv": [ 6.75, 9.5, 7, 10.5 ], "texture": "#tdi_vector" },
				"south": { "uv": [ 7, 9.5, 7.25, 10.5 ], "texture": "#tdi_vector" },
				"west": { "uv": [ 6.75, 9.5, 7.25, 10.5 ], "texture": "#tdi_vector" },
				"east": { "uv": [ 7.25, 9.5, 6.75, 10.5 ], "texture": "#tdi_vector" }
			}
		},
		{
			"__comment": "tdi_vector33",
			"from": [ 6.5, 1.5, 7 ],
			"to": [ 9.5, 2.5, 8 ],
			"faces": {
				"down": { "uv": [ 7.25, 10.25, 7.75, 10.5 ], "texture": "#tdi_vector" },
				"up": { "uv": [ 7.25, 10, 7.75, 10.25 ], "texture": "#tdi_vector", "rotation": 90 },
				"north": { "uv": [ 7.25, 10, 7.5, 10.5 ], "texture": "#tdi_vector" },
				"south": { "uv": [ 7.5, 10, 7.75, 10.5 ], "texture": "#tdi_vector" },
				"west": { "uv": [ 7.25, 10, 7.75, 10.5 ], "texture": "#tdi_vector" },
				"east": { "uv": [ 7.75, 10, 7.25, 10.5 ], "texture": "#tdi_vector" }
			}
		},
		{
			"__comment": "tdi_vector34",
			"from": [ 6.5, 2.5, 7 ],
			"to": [ 9.5, 3, 7.5 ],
			"faces": {
				"down": { "uv": [ 7.25, 9.75, 7.5, 10 ], "texture": "#tdi_vector" },
				"up": { "uv": [ 7.25, 9.75, 7.5, 10 ], "texture": "#tdi_vector", "rotation": 270 },
				"north": { "uv": [ 7.25, 9.75, 7.5, 10 ], "texture": "#tdi_vector" },
				"south": { "uv": [ 7.25, 9.75, 7.5, 10 ], "texture": "#tdi_vector" },
				"west": { "uv": [ 7.25, 9.75, 7.5, 10 ], "texture": "#tdi_vector" },
				"east": { "uv": [ 7.5, 9.75, 7.25, 10 ], "texture": "#tdi_vector" }
			}
		},
		{
			"__comment": "tdi_vector35",
			"from": [ 7, 1.5, 8 ],
			"to": [ 9, 2, 10 ],
			"faces": {
				"down": { "uv": [ 7.75, 10.25, 8.75, 10.5 ], "texture": "#tdi_vector" },
				"up": { "uv": [ 7.75, 10.25, 8.75, 10.5 ], "texture": "#tdi_vector", "rotation": 90 },
				"north": { "uv": [ 7.75, 10.25, 8, 10.5 ], "texture": "#tdi_vector" },
				"south": { "uv": [ 8.5, 10.25, 8.75, 10.5 ], "texture": "#tdi_vector" },
				"west": { "uv": [ 7.75, 10.25, 8.75, 10.5 ], "texture": "#tdi_vector" },
				"east": { "uv": [ 8.75, 10.25, 7.75, 10.5 ], "texture": "#tdi_vector" }
			}
		},
		{
			"__comment": "tdi_vector36",
			"from": [ 7, 2, 10 ],
			"to": [ 9, 2.5, 11.5 ],
			"faces": {
				"down": { "uv": [ 8.75, 10, 9.5, 10.25 ], "texture": "#tdi_vector" },
				"up": { "uv": [ 8.75, 10, 9.5, 10.25 ], "texture": "#tdi_vector", "rotation": 90 },
				"north": { "uv": [ 8.75, 10, 9, 10.25 ], "texture": "#tdi_vector" },
				"south": { "uv": [ 9.25, 10, 9.5, 10.25 ], "texture": "#tdi_vector" },
				"west": { "uv": [ 8.75, 10, 9.5, 10.25 ], "texture": "#tdi_vector" },
				"east": { "uv": [ 9.5, 10, 8.75, 10.25 ], "texture": "#tdi_vector" }
			}
		},
		{
			"__comment": "tdi_vector37",
			"from": [ 6.5, 2.5, 10.5 ],
			"to": [ 9.5, 3.5, 12.5 ],
			"faces": {
				"down": { "uv": [ 9, 9.75, 10, 10 ], "texture": "#tdi_vector" },
				"up": { "uv": [ 9, 9.5, 10, 9.75 ], "texture": "#tdi_vector", "rotation": 90 },
				"north": { "uv": [ 9, 9.5, 9.25, 10 ], "texture": "#tdi_vector" },
				"south": { "uv": [ 9.75, 9.5, 10, 10 ], "texture": "#tdi_vector" },
				"west": { "uv": [ 9, 9.5, 10, 10 ], "texture": "#tdi_vector" },
				"east": { "uv": [ 10, 9.5, 9, 10 ], "texture": "#tdi_vector" }
			}
		},
		{
			"__comment": "tdi_vector38",
			"from": [ 6.5, 3.5, 10 ],
			"to": [ 9.5, 5, 13 ],
			"faces": {
				"down": { "uv": [ 8.75, 9.25, 10.25, 9.5 ], "texture": "#tdi_vector" },
				"up": { "uv": [ 8.75, 8.75, 10.25, 9 ], "texture": "#tdi_vector", "rotation": 90 },
				"north": { "uv": [ 8.75, 8.75, 9, 9.5 ], "texture": "#tdi_vector" },
				"south": { "uv": [ 10, 8.75, 10.25, 9.5 ], "texture": "#tdi_vector" },
				"west": { "uv": [ 8.75, 8.75, 10.25, 9.5 ], "texture": "#tdi_vector" },
				"east": { "uv": [ 10.25, 8.75, 8.75, 9.5 ], "texture": "#tdi_vector" }
			}
		},
		{
			"__comment": "tdi_vector39",
			"from": [ 6.5, 5, 9.5 ],
			"to": [ 9.5, 6, 12.5 ],
			"faces": {
				"down": { "uv": [ 8.5, 8.5, 10, 8.75 ], "texture": "#tdi_vector" },
				"up": { "uv": [ 8.5, 8.25, 10, 8.5 ], "texture": "#tdi_vector", "rotation": 90 },
				"north": { "uv": [ 8.5, 8.25, 8.75, 8.75 ], "texture": "#tdi_vector" },
				"south": { "uv": [ 9.75, 8.25, 10, 8.75 ], "texture": "#tdi_vector" },
				"west": { "uv": [ 8.5, 8.25, 10, 8.75 ], "texture": "#tdi_vector" },
				"east": { "uv": [ 10, 8.25, 8.5, 8.75 ], "texture": "#tdi_vector" }
			}
		},
		{
			"__comment": "tdi_vector40",
			"from": [ 6.5, 6, 9.5 ],
			"to": [ 9.5, 7, 12 ],
			"faces": {
				"down": { "uv": [ 8.5, 8, 9.75, 8.25 ], "texture": "#tdi_vector" },
				"up": { "uv": [ 8.5, 7.75, 9.75, 8 ], "texture": "#tdi_vector", "rotation": 90 },
				"north": { "uv": [ 8.5, 7.75, 8.75, 8.25 ], "texture": "#tdi_vector" },
				"south": { "uv": [ 9.5, 7.75, 9.75, 8.25 ], "texture": "#tdi_vector" },
				"west": { "uv": [ 8.5, 7.75, 9.75, 8.25 ], "texture": "#tdi_vector" },
				"east": { "uv": [ 9.75, 7.75, 8.5, 8.25 ], "texture": "#tdi_vector" }
			}
		},
		{
			"__comment": "tdi_vector41",
			"from": [ 6.5, 7, 9 ],
			"to": [ 9.5, 8, 11.5 ],
			"faces": {
				"down": { "uv": [ 8.25, 7.25, 9.5, 7.5 ], "texture": "#tdi_vector" },
				"up": { "uv": [ 8.25, 7.5, 9.5, 7.75 ], "texture": "#tdi_vector", "rotation": 90 },
				"north": { "uv": [ 8.25, 7.25, 8.5, 7.75 ], "texture": "#tdi_vector" },
				"south": { "uv": [ 9.25, 7.25, 9.5, 7.75 ], "texture": "#tdi_vector" },
				"west": { "uv": [ 8.25, 7.25, 9.5, 7.75 ], "texture": "#tdi_vector" },
				"east": { "uv": [ 9.5, 7.25, 8.25, 7.75 ], "texture": "#tdi_vector" }
			}
		},
		{
			"__comment": "tdi_vector42",
			"from": [ 7, 7, 11.5 ],
			"to": [ 9, 8, 12 ],
			"faces": {
				"down": { "uv": [ 9.5, 7.5, 9.75, 7.75 ], "texture": "#tdi_vector" },
				"up": { "uv": [ 9.5, 7.25, 9.75, 7.5 ], "texture": "#tdi_vector", "rotation": 270 },
				"north": { "uv": [ 9.5, 7.25, 9.75, 7.75 ], "texture": "#tdi_vector" },
				"south": { "uv": [ 9.5, 7.25, 9.75, 7.75 ], "texture": "#tdi_vector" },
				"west": { "uv": [ 9.5, 7.25, 9.75, 7.75 ], "texture": "#tdi_vector" },
				"east": { "uv": [ 9.75, 7.25, 9.5, 7.75 ], "texture": "#tdi_vector" }
			}
		},
		{
			"__comment": "tdi_vector43",
			"from": [ 7, 6, 12 ],
			"to": [ 9, 7, 12.5 ],
			"faces": {
				"down": { "uv": [ 9.75, 8, 10, 8.25 ], "texture": "#tdi_vector" },
				"up": { "uv": [ 9.75, 7.75, 10, 8 ], "texture": "#tdi_vector", "rotation": 270 },
				"north": { "uv": [ 9.75, 7.75, 10, 8.25 ], "texture": "#tdi_vector" },
				"south": { "uv": [ 9.75, 7.75, 10, 8.25 ], "texture": "#tdi_vector" },
				"west": { "uv": [ 9.75, 7.75, 10, 8.25 ], "texture": "#tdi_vector" },
				"east": { "uv": [ 10, 7.75, 9.75, 8.25 ], "texture": "#tdi_vector" }
			}
		},
		{
			"__comment": "tdi_vector44",
			"from": [ 7, 5, 12.5 ],
			"to": [ 9, 6, 13 ],
			"faces": {
				"down": { "uv": [ 10, 8.5, 10.25, 8.75 ], "texture": "#tdi_vector" },
				"up": { "uv": [ 10, 8.25, 10.25, 8.5 ], "texture": "#tdi_vector", "rotation": 270 },
				"north": { "uv": [ 10, 8.25, 10.25, 8.75 ], "texture": "#tdi_vector" },
				"south": { "uv": [ 10, 8.25, 10.25, 8.75 ], "texture": "#tdi_vector" },
				"west": { "uv": [ 10, 8.25, 10.25, 8.75 ], "texture": "#tdi_vector" },
				"east": { "uv": [ 10.25, 8.25, 10, 8.75 ], "texture": "#tdi_vector" }
			}
		},
		{
			"__comment": "tdi_vector45",
			"from": [ 7, 3.5, 13 ],
			"to": [ 9, 5, 13.5 ],
			"faces": {
				"down": { "uv": [ 10.25, 9.25, 10.5, 9.5 ], "texture": "#tdi_vector" },
				"up": { "uv": [ 10.25, 8.75, 10.5, 9 ], "texture": "#tdi_vector", "rotation": 270 },
				"north": { "uv": [ 10.25, 8.75, 10.5, 9.5 ], "texture": "#tdi_vector" },
				"south": { "uv": [ 10.25, 8.75, 10.5, 9.5 ], "texture": "#tdi_vector" },
				"west": { "uv": [ 10.25, 8.75, 10.5, 9.5 ], "texture": "#tdi_vector" },
				"east": { "uv": [ 10.5, 8.75, 10.25, 9.5 ], "texture": "#tdi_vector" }
			}
		},
		{
			"__comment": "tdi_vector46",
			"from": [ 7, 3, 12.5 ],
			"to": [ 9, 3.5, 13 ],
			"faces": {
				"down": { "uv": [ 10, 9.5, 10.25, 9.75 ], "texture": "#tdi_vector" },
				"up": { "uv": [ 10, 9.5, 10.25, 9.75 ], "texture": "#tdi_vector", "rotation": 270 },
				"north": { "uv": [ 10, 9.5, 10.25, 9.75 ], "texture": "#tdi_vector" },
				"south": { "uv": [ 10, 9.5, 10.25, 9.75 ], "texture": "#tdi_vector" },
				"west": { "uv": [ 10, 9.5, 10.25, 9.75 ], "texture": "#tdi_vector" },
				"east": { "uv": [ 10.25, 9.5, 10, 9.75 ], "texture": "#tdi_vector" }
			}
		},
		{
			"__comment": "tdi_vector47",
			"from": [ 6.5, 8, 8.5 ],
			"to": [ 9.5, 8.5, 12.5 ],
			"faces": {
				"down": { "uv": [ 8, 7, 10, 7.25 ], "texture": "#tdi_vector" },
				"up": { "uv": [ 8, 7, 10, 7.25 ], "texture": "#tdi_vector", "rotation": 90 },
				"north": { "uv": [ 8, 7, 8.25, 7.25 ], "texture": "#tdi_vector" },
				"south": { "uv": [ 9.75, 7, 10, 7.25 ], "texture": "#tdi_vector" },
				"west": { "uv": [ 8, 7, 10, 7.25 ], "texture": "#tdi_vector" },
				"east": { "uv": [ 10, 7, 8, 7.25 ], "texture": "#tdi_vector" }
			}
		},
		{
			"__comment": "tdi_vector48",
			"from": [ 7, 6.5, 8 ],
			"to": [ 9, 7, 9.5 ],
			"faces": {
				"down": { "uv": [ 7.75, 7.75, 8.5, 8 ], "texture": "#tdi_vector" },
				"up": { "uv": [ 7.75, 7.75, 8.5, 8 ], "texture": "#tdi_vector", "rotation": 270 },
				"north": { "uv": [ 7.75, 7.75, 8.5, 8 ], "texture": "#tdi_vector" },
				"south": { "uv": [ 7.75, 7.75, 8.5, 8 ], "texture": "#tdi_vector" },
				"west": { "uv": [ 7.75, 7.75, 8.5, 8 ], "texture": "#tdi_vector" },
				"east": { "uv": [ 8.5, 7.75, 7.75, 8 ], "texture": "#tdi_vector" }
			}
		},
		{
			"__comment": "tdi_vector49",
			"from": [ 7, 6, 6 ],
			"to": [ 9, 6.5, 8 ],
			"faces": {
				"down": { "uv": [ 6.75, 8, 7.75, 8.25 ], "texture": "#tdi_vector" },
				"up": { "uv": [ 6.75, 8, 7.75, 8.25 ], "texture": "#tdi_vector", "rotation": 270 },
				"north": { "uv": [ 6.75, 8, 7.75, 8.25 ], "texture": "#tdi_vector" },
				"south": { "uv": [ 6.75, 8, 7.75, 8.25 ], "texture": "#tdi_vector" },
				"west": { "uv": [ 6.75, 8, 7.75, 8.25 ], "texture": "#tdi_vector" },
				"east": { "uv": [ 7.75, 8, 6.75, 8.25 ], "texture": "#tdi_vector" }
			}
		},
		{
			"__comment": "tdi_vector50",
			"from": [ 7.5, 7, 7 ],
			"to": [ 8.5, 7.5, 8 ],
			"faces": {
				"down": { "uv": [ 7.25, 7.5, 7.75, 7.75 ], "texture": "#tdi_vector" },
				"up": { "uv": [ 7.25, 7.5, 7.75, 7.75 ], "texture": "#tdi_vector", "rotation": 270 },
				"north": { "uv": [ 7.25, 7.5, 7.75, 7.75 ], "texture": "#tdi_vector" },
				"south": { "uv": [ 7.25, 7.5, 7.75, 7.75 ], "texture": "#tdi_vector" },
				"west": { "uv": [ 7.25, 7.5, 7.75, 7.75 ], "texture": "#tdi_vector" },
				"east": { "uv": [ 7.75, 7.5, 7.25, 7.75 ], "texture": "#tdi_vector" }
			}
		},
		{
			"__comment": "tdi_vector51",
			"from": [ 7.5, 7.5, 7.5 ],
			"to": [ 8.5, 8.5, 8 ],
			"faces": {
				"down": { "uv": [ 7.5, 7.25, 7.75, 7.5 ], "texture": "#tdi_vector" },
				"up": { "uv": [ 7.5, 7, 7.75, 7.25 ], "texture": "#tdi_vector", "rotation": 270 },
				"north": { "uv": [ 7.5, 7, 7.75, 7.5 ], "texture": "#tdi_vector" },
				"south": { "uv": [ 7.5, 7, 7.75, 7.5 ], "texture": "#tdi_vector" },
				"west": { "uv": [ 7.5, 7, 7.75, 7.5 ], "texture": "#tdi_vector" },
				"east": { "uv": [ 7.75, 7, 7.5, 7.5 ], "texture": "#tdi_vector" }
			}
		},
		{
			"__comment": "tdi_vector52",
			"from": [ 6.5, 8.5, 12 ],
			"to": [ 9.5, 10, 14.5 ],
			"faces": {
				"down": { "uv": [ 10, 6.75, 11.25, 7 ], "texture": "#tdi_vector" },
				"up": { "uv": [ 10, 6.25, 11.25, 6.5 ], "texture": "#tdi_vector", "rotation": 90 },
				"north": { "uv": [ 10, 6.25, 10.25, 7 ], "texture": "#tdi_vector" },
				"south": { "uv": [ 11, 6.25, 11.25, 7 ], "texture": "#tdi_vector" },
				"west": { "uv": [ 10, 6.25, 11.25, 7 ], "texture": "#tdi_vector" },
				"east": { "uv": [ 11.25, 6.25, 10, 7 ], "texture": "#tdi_vector" }
			}
		},
		{
			"__comment": "tdi_vector53",
			"from": [ 7, 10, 12 ],
			"to": [ 9, 10.5, 13.5 ],
			"faces": {
				"down": { "uv": [ 10, 6, 10.75, 6.25 ], "texture": "#tdi_vector" },
				"up": { "uv": [ 10, 6, 10.75, 6.25 ], "texture": "#tdi_vector", "rotation": 90 },
				"north": { "uv": [ 10, 6, 10.25, 6.25 ], "texture": "#tdi_vector" },
				"south": { "uv": [ 10.5, 6, 10.75, 6.25 ], "texture": "#tdi_vector" },
				"west": { "uv": [ 10, 6, 10.75, 6.25 ], "texture": "#tdi_vector" },
				"east": { "uv": [ 10.75, 6, 10, 6.25 ], "texture": "#tdi_vector" }
			}
		},
		{
			"__comment": "tdi_vector59",
			"from": [ 7, 8.5, 14.5 ],
			"to": [ 9, 9.5, 16.5 ],
			"faces": {
				"down": { "uv": [ 11.25, 6.75, 12.25, 7 ], "texture": "#tdi_vector" },
				"up": { "uv": [ 11.25, 6.5, 12.25, 6.75 ], "texture": "#tdi_vector", "rotation": 90 },
				"north": { "uv": [ 11.25, 6.5, 11.5, 7 ], "texture": "#tdi_vector" },
				"south": { "uv": [ 12, 6.5, 12.25, 7 ], "texture": "#tdi_vector" },
				"west": { "uv": [ 11.25, 6.5, 12.25, 7 ], "texture": "#tdi_vector" },
				"east": { "uv": [ 12.25, 6.5, 11.25, 7 ], "texture": "#tdi_vector" }
			}
		},
		{
			"__comment": "tdi_vector60",
			"from": [ 7.5, 9.5, 14.5 ],
			"to": [ 8.5, 10, 16.5 ],
			"faces": {
				"down": { "uv": [ 11.25, 6.25, 12.25, 6.5 ], "texture": "#tdi_vector" },
				"up": { "uv": [ 11.25, 6.25, 12.25, 6.5 ], "texture": "#tdi_vector", "rotation": 90 },
				"north": { "uv": [ 11.25, 6.25, 11.5, 6.5 ], "texture": "#tdi_vector" },
				"south": { "uv": [ 12, 6.25, 12.25, 6.5 ], "texture": "#tdi_vector" },
				"west": { "uv": [ 11.25, 6.25, 12.25, 6.5 ], "texture": "#tdi_vector" },
				"east": { "uv": [ 12.25, 6.25, 11.25, 6.5 ], "texture": "#tdi_vector" }
			}
		},
		{
			"__comment": "tdi_vector61",
			"from": [ 7.5, 7.5, 16.5 ],
			"to": [ 8.5, 8, 21 ],
			"faces": {
				"down": { "uv": [ 12.25, 7.25, 14.5, 7.5 ], "texture": "#tdi_vector" },
				"up": { "uv": [ 12.25, 7.25, 14.5, 7.5 ], "texture": "#tdi_vector", "rotation": 90 },
				"north": { "uv": [ 12.25, 7.25, 12.5, 7.5 ], "texture": "#tdi_vector" },
				"south": { "uv": [ 14.25, 7.25, 14.5, 7.5 ], "texture": "#tdi_vector" },
				"west": { "uv": [ 12.25, 7.25, 14.5, 7.5 ], "texture": "#tdi_vector" },
				"east": { "uv": [ 14.5, 7.25, 12.25, 7.5 ], "texture": "#tdi_vector" }
			}
		},
		{
			"__comment": "tdi_vector62",
			"from": [ 7, 9.5, 16.5 ],
			"to": [ 9, 10, 23 ],
			"faces": {
				"down": { "uv": [ 12.25, 6.25, 15.5, 6.5 ], "texture": "#tdi_vector" },
				"up": { "uv": [ 12.25, 6.25, 15.5, 6.5 ], "texture": "#tdi_vector", "rotation": 90 },
				"north": { "uv": [ 12.25, 6.25, 12.5, 6.5 ], "texture": "#tdi_vector" },
				"south": { "uv": [ 15.25, 6.25, 15.5, 6.5 ], "texture": "#tdi_vector" },
				"west": { "uv": [ 12.25, 6.25, 15.5, 6.5 ], "texture": "#tdi_vector" },
				"east": { "uv": [ 15.5, 6.25, 12.25, 6.5 ], "texture": "#tdi_vector" }
			}
		},
		{
			"__comment": "tdi_vector63",
			"from": [ 7, 9.5, 23 ],
			"to": [ 9, 10, 24 ],
			"faces": {
				"down": { "uv": [ 15.5, 6.25, 16, 6.5 ], "texture": "#tdi_vector" },
				"up": { "uv": [ 15.5, 6.25, 16, 6.5 ], "texture": "#tdi_vector", "rotation": 90 },
				"north": { "uv": [ 15.5, 6.25, 15.75, 6.5 ], "texture": "#tdi_vector" },
				"south": { "uv": [ 15.75, 6.25, 16, 6.5 ], "texture": "#tdi_vector" },
				"west": { "uv": [ 15.5, 6.25, 16, 6.5 ], "texture": "#tdi_vector" },
				"east": { "uv": [ 16, 6.25, 15.5, 6.5 ], "texture": "#tdi_vector" }
			}
		},
		{
			"__comment": "tdi_vector64",
			"from": [ 6.5, 7, 23 ],
			"to": [ 9.5, 9.5, 24 ],
			"faces": {
				"down": { "uv": [ 15.5, 7.5, 16, 7.75 ], "texture": "#tdi_vector" },
				"up": { "uv": [ 15.5, 6.5, 16, 6.75 ], "texture": "#tdi_vector", "rotation": 90 },
				"north": { "uv": [ 15.5, 6.5, 15.75, 7.75 ], "texture": "#tdi_vector" },
				"south": { "uv": [ 15.75, 6.5, 16, 7.75 ], "texture": "#tdi_vector" },
				"west": { "uv": [ 15.5, 6.5, 16, 7.75 ], "texture": "#tdi_vector" },
				"east": { "uv": [ 16, 6.5, 15.5, 7.75 ], "texture": "#tdi_vector" }
			}
		},
		{
			"__comment": "tdi_vector65",
			"from": [ 7, 4.5, 23 ],
			"to": [ 9, 7, 24 ],
			"faces": {
				"down": { "uv": [ 15.5, 8.75, 16, 9 ], "texture": "#tdi_vector" },
				"up": { "uv": [ 15.5, 7.75, 16, 8 ], "texture": "#tdi_vector", "rotation": 90 },
				"north": { "uv": [ 15.5, 7.75, 15.75, 9 ], "texture": "#tdi_vector" },
				"south": { "uv": [ 15.75, 7.75, 16, 9 ], "texture": "#tdi_vector" },
				"west": { "uv": [ 15.5, 7.75, 16, 9 ], "texture": "#tdi_vector" },
				"east": { "uv": [ 16, 7.75, 15.5, 9 ], "texture": "#tdi_vector" }
			}
		},
		{
			"__comment": "tdi_vector66",
			"from": [ 7.5, 3, 23 ],
			"to": [ 8.5, 4.5, 24 ],
			"faces": {
				"down": { "uv": [ 15.5, 9.5, 16, 9.75 ], "texture": "#tdi_vector" },
				"up": { "uv": [ 15.5, 9, 16, 9.25 ], "texture": "#tdi_vector", "rotation": 90 },
				"north": { "uv": [ 15.5, 9, 15.75, 9.75 ], "texture": "#tdi_vector" },
				"south": { "uv": [ 15.75, 9, 16, 9.75 ], "texture": "#tdi_vector" },
				"west": { "uv": [ 15.5, 9, 16, 9.75 ], "texture": "#tdi_vector" },
				"east": { "uv": [ 16, 9, 15.5, 9.75 ], "texture": "#tdi_vector" }
			}
		},
		{
			"__comment": "tdi_vector67",
			"from": [ 6.5, 8, 16.5 ],
			"to": [ 9.5, 9.5, 23 ],
			"faces": {
				"down": { "uv": [ 12.25, 7, 15.5, 7.25 ], "texture": "#tdi_vector" },
				"up": { "uv": [ 12.25, 6.5, 15.5, 6.75 ], "texture": "#tdi_vector", "rotation": 90 },
				"north": { "uv": [ 12.25, 6.5, 12.5, 7.25 ], "texture": "#tdi_vector" },
				"south": { "uv": [ 15.25, 6.5, 15.5, 7.25 ], "texture": "#tdi_vector" },
				"west": { "uv": [ 12.25, 6.5, 15.5, 7.25 ], "texture": "#tdi_vector" },
				"east": { "uv": [ 15.5, 6.5, 12.25, 7.25 ], "texture": "#tdi_vector" }
			}
		},
		{
			"__comment": "tdi_vector68",
			"from": [ 7.5, 7, 17.5 ],
			"to": [ 8.5, 7.5, 23 ],
			"faces": {
				"down": { "uv": [ 12.75, 7.5, 15.5, 7.75 ], "texture": "#tdi_vector" },
				"up": { "uv": [ 12.75, 7.5, 15.5, 7.75 ], "texture": "#tdi_vector", "rotation": 90 },
				"north": { "uv": [ 12.75, 7.5, 13, 7.75 ], "texture": "#tdi_vector" },
				"south": { "uv": [ 15.25, 7.5, 15.5, 7.75 ], "texture": "#tdi_vector" },
				"west": { "uv": [ 12.75, 7.5, 15.5, 7.75 ], "texture": "#tdi_vector" },
				"east": { "uv": [ 15.5, 7.5, 12.75, 7.75 ], "texture": "#tdi_vector" }
			}
		},
		{
			"__comment": "tdi_vector69",
			"from": [ 7.5, 6, 21 ],
			"to": [ 8.5, 7, 23 ],
			"faces": {
				"down": { "uv": [ 14.5, 7.75, 15.5, 8.25 ], "texture": "#tdi_vector" },
				"up": { "uv": [ 14.5, 7.75, 15.5, 8.25 ], "texture": "#tdi_vector", "rotation": 90 },
				"north": { "uv": [ 14.5, 7.75, 14.75, 8.25 ], "texture": "#tdi_vector" },
				"south": { "uv": [ 15.25, 7.75, 15.5, 8.25 ], "texture": "#tdi_vector" },
				"west": { "uv": [ 14.5, 7.75, 15.5, 8.25 ], "texture": "#tdi_vector" },
				"east": { "uv": [ 15.5, 7.75, 14.5, 8.25 ], "texture": "#tdi_vector" }
			}
		},
		{
			"__comment": "tdi_vector70",
			"from": [ 7.5, 5.5, 21.5 ],
			"to": [ 8.5, 6, 23 ],
			"faces": {
				"down": { "uv": [ 14.75, 8.25, 15.5, 8.5 ], "texture": "#tdi_vector" },
				"up": { "uv": [ 14.75, 8.25, 15.5, 8.5 ], "texture": "#tdi_vector", "rotation": 90 },
				"north": { "uv": [ 14.75, 8.25, 15, 8.5 ], "texture": "#tdi_vector" },
				"south": { "uv": [ 15.25, 8.25, 15.5, 8.5 ], "texture": "#tdi_vector" },
				"west": { "uv": [ 14.75, 8.25, 15.5, 8.5 ], "texture": "#tdi_vector" },
				"east": { "uv": [ 15.5, 8.25, 14.75, 8.5 ], "texture": "#tdi_vector" }
			}
		},
		{
			"__comment": "tdi_vector71",
			"from": [ 7.5, 3.5, 22 ],
			"to": [ 8.5, 5.5, 22.5 ],
			"faces": {
				"down": { "uv": [ 15, 9.25, 15.25, 9.5 ], "texture": "#tdi_vector" },
				"up": { "uv": [ 15, 8.5, 15.25, 8.75 ], "texture": "#tdi_vector", "rotation": 90 },
				"north": { "uv": [ 15, 8.5, 15.25, 9.5 ], "texture": "#tdi_vector" },
				"south": { "uv": [ 15, 8.5, 15.25, 9.5 ], "texture": "#tdi_vector" },
				"west": { "uv": [ 15, 8.5, 15.25, 9.5 ], "texture": "#tdi_vector" },
				"east": { "uv": [ 15.25, 8.5, 15, 9.5 ], "texture": "#tdi_vector" }
			}
		},
		{
			"__comment": "tdi_vector72",
			"from": [ 7.5, 3, 21.5 ],
			"to": [ 8.5, 3.5, 23 ],
			"faces": {
				"down": { "uv": [ 14.75, 9.5, 15.5, 9.75 ], "texture": "#tdi_vector" },
				"up": { "uv": [ 14.75, 9.5, 15.5, 9.75 ], "texture": "#tdi_vector", "rotation": 90 },
				"north": { "uv": [ 14.75, 9.5, 15, 9.75 ], "texture": "#tdi_vector" },
				"south": { "uv": [ 15.25, 9.5, 15.5, 9.75 ], "texture": "#tdi_vector" },
				"west": { "uv": [ 14.75, 9.5, 15.5, 9.75 ], "texture": "#tdi_vector" },
				"east": { "uv": [ 15.5, 9.5, 14.75, 9.75 ], "texture": "#tdi_vector" }
			}
		},
		{
			"__comment": "tdi_vector73",
			"from": [ 7, 7, 16.5 ],
			"to": [ 9, 7.5, 17.5 ],
			"faces": {
				"down": { "uv": [ 12.25, 7.5, 12.75, 7.75 ], "texture": "#tdi_vector" },
				"up": { "uv": [ 12.25, 7.5, 12.75, 7.75 ], "texture": "#tdi_vector", "rotation": 90 },
				"north": { "uv": [ 12.25, 7.5, 12.5, 7.75 ], "texture": "#tdi_vector" },
				"south": { "uv": [ 12.5, 7.5, 12.75, 7.75 ], "texture": "#tdi_vector" },
				"west": { "uv": [ 12.25, 7.5, 12.75, 7.75 ], "texture": "#tdi_vector" },
				"east": { "uv": [ 12.75, 7.5, 12.25, 7.75 ], "texture": "#tdi_vector" }
			}
		},
		{
			"__comment": "tdi_vector74",
			"from": [ 7, 6.5, 17.5 ],
			"to": [ 9, 7, 21 ],
			"faces": {
				"down": { "uv": [ 12.75, 7.75, 14.5, 8 ], "texture": "#tdi_vector" },
				"up": { "uv": [ 12.75, 7.75, 14.5, 8 ], "texture": "#tdi_vector", "rotation": 90 },
				"north": { "uv": [ 12.75, 7.75, 13, 8 ], "texture": "#tdi_vector" },
				"south": { "uv": [ 14.25, 7.75, 14.5, 8 ], "texture": "#tdi_vector" },
				"west": { "uv": [ 12.75, 7.75, 14.5, 8 ], "texture": "#tdi_vector" },
				"east": { "uv": [ 14.5, 7.75, 12.75, 8 ], "texture": "#tdi_vector" }
			}
		},
		{
			"__comment": "tdi_vector75",
			"from": [ 6.5, 10.5, 10.5 ],
			"to": [ 9.5, 11.5, 12.5 ],
			"faces": {
				"down": { "uv": [ 9.25, 5.75, 10.25, 6 ], "texture": "#tdi_vector" },
				"up": { "uv": [ 9.25, 5.5, 10.25, 5.75 ], "texture": "#tdi_vector", "rotation": 90 },
				"north": { "uv": [ 9.25, 5.5, 9.5, 6 ], "texture": "#tdi_vector" },
				"south": { "uv": [ 10, 5.5, 10.25, 6 ], "texture": "#tdi_vector" },
				"west": { "uv": [ 9.25, 5.5, 10.25, 6 ], "texture": "#tdi_vector" },
				"east": { "uv": [ 10.25, 5.5, 9.25, 6 ], "texture": "#tdi_vector" }
			}
		},
		{
			"__comment": "tdi_vector76",
			"from": [ 7.5, 11.5, 11 ],
			"to": [ 8.5, 12, 12.5 ],
			"faces": {
				"down": { "uv": [ 9.5, 5.25, 10.25, 5.5 ], "texture": "#tdi_vector" },
				"up": { "uv": [ 9.5, 5.25, 10.25, 5.5 ], "texture": "#tdi_vector", "rotation": 90 },
				"north": { "uv": [ 9.5, 5.25, 9.75, 5.5 ], "texture": "#tdi_vector" },
				"south": { "uv": [ 10, 5.25, 10.25, 5.5 ], "texture": "#tdi_vector" },
				"west": { "uv": [ 9.5, 5.25, 10.25, 5.5 ], "texture": "#tdi_vector" },
				"east": { "uv": [ 10.25, 5.25, 9.5, 5.5 ], "texture": "#tdi_vector" }
			}
		},
		{
			"__comment": "tdi_vector77",
			"from": [ 7, 12, 11.5 ],
			"to": [ 7.5, 13, 12.5 ],
			"faces": {
				"down": { "uv": [ 9.75, 5, 10.25, 5.25 ], "texture": "#tdi_vector" },
				"up": { "uv": [ 9.75, 4.75, 10.25, 5 ], "texture": "#tdi_vector", "rotation": 90 },
				"north": { "uv": [ 9.75, 4.75, 10, 5.25 ], "texture": "#tdi_vector" },
				"south": { "uv": [ 10, 4.75, 10.25, 5.25 ], "texture": "#tdi_vector" },
				"west": { "uv": [ 9.75, 4.75, 10.25, 5.25 ], "texture": "#tdi_vector" },
				"east": { "uv": [ 10.25, 4.75, 9.75, 5.25 ], "texture": "#tdi_vector" }
			}
		},
		{
			"__comment": "tdi_vector78",
			"from": [ 8.5, 12, 11.5 ],
			"to": [ 9, 13, 12.5 ],
			"faces": {
				"down": { "uv": [ 9.75, 5, 10.25, 5.25 ], "texture": "#tdi_vector" },
				"up": { "uv": [ 9.75, 4.75, 10.25, 5 ], "texture": "#tdi_vector", "rotation": 90 },
				"north": { "uv": [ 9.75, 4.75, 10, 5.25 ], "texture": "#tdi_vector" },
				"south": { "uv": [ 10, 4.75, 10.25, 5.25 ], "texture": "#tdi_vector" },
				"west": { "uv": [ 9.75, 4.75, 10.25, 5.25 ], "texture": "#tdi_vector" },
				"east": { "uv": [ 10.25, 4.75, 9.75, 5.25 ], "texture": "#tdi_vector" }
			}
		},
		{
			"__comment": "tdi_vector79",
			"from": [ 7, 13, 12 ],
			"to": [ 7.5, 13.5, 12.5 ],
			"faces": {
				"down": { "uv": [ 9.75, 4.5, 10, 4.75 ], "texture": "#tdi_vector" },
				"up": { "uv": [ 9.75, 4.5, 10, 4.75 ], "texture": "#tdi_vector", "rotation": 90 },
				"north": { "uv": [ 9.75, 4.5, 10, 4.75 ], "texture": "#tdi_vector" },
				"south": { "uv": [ 9.75, 4.5, 10, 4.75 ], "texture": "#tdi_vector" },
				"west": { "uv": [ 9.75, 4.5, 10, 4.75 ], "texture": "#tdi_vector" },
				"east": { "uv": [ 10, 4.5, 9.75, 4.75 ], "texture": "#tdi_vector" }
			}
		},
		{
			"__comment": "tdi_vector80",
			"from": [ 8.5, 13, 12 ],
			"to": [ 9, 13.5, 12.5 ],
			"faces": {
				"down": { "uv": [ 9.75, 4.5, 10, 4.75 ], "texture": "#tdi_vector" },
				"up": { "uv": [ 9.75, 4.5, 10, 4.75 ], "texture": "#tdi_vector", "rotation": 90 },
				"north": { "uv": [ 9.75, 4.5, 10, 4.75 ], "texture": "#tdi_vector" },
				"south": { "uv": [ 9.75, 4.5, 10, 4.75 ], "texture": "#tdi_vector" },
				"west": { "uv": [ 9.75, 4.5, 10, 4.75 ], "texture": "#tdi_vector" },
				"east": { "uv": [ 10, 4.5, 9.75, 4.75 ], "texture": "#tdi_vector" }
			}
		},
		{
			"__comment": "tdi_vector81",
			"from": [ 7, 10.5, 10 ],
			"to": [ 9, 11.5, 10.5 ],
			"faces": {
				"down": { "uv": [ 9, 5.75, 9.25, 6 ], "texture": "#tdi_vector" },
				"up": { "uv": [ 9, 5.5, 9.25, 5.75 ], "texture": "#tdi_vector", "rotation": 90 },
				"north": { "uv": [ 9, 5.5, 9.25, 6 ], "texture": "#tdi_vector" },
				"south": { "uv": [ 9, 5.5, 9.25, 6 ], "texture": "#tdi_vector" },
				"west": { "uv": [ 9, 5.5, 9.25, 6 ], "texture": "#tdi_vector" },
				"east": { "uv": [ 9.25, 5.5, 9, 6 ], "texture": "#tdi_vector" }
			}
		},
		{
			"__comment": "tdi_vector82",
			"from": [ 6.5, 10.5, -5 ],
			"to": [ 9.5, 11.5, -3 ],
			"faces": {
				"down": { "uv": [ 9.25, 5.75, 10.25, 6 ], "texture": "#tdi_vector" },
				"up": { "uv": [ 9.25, 5.5, 10.25, 5.75 ], "texture": "#tdi_vector", "rotation": 90 },
				"north": { "uv": [ 9.25, 5.5, 9.5, 6 ], "texture": "#tdi_vector" },
				"south": { "uv": [ 10, 5.5, 10.25, 6 ], "texture": "#tdi_vector" },
				"west": { "uv": [ 9.25, 5.5, 10.25, 6 ], "texture": "#tdi_vector" },
				"east": { "uv": [ 10.25, 5.5, 9.25, 6 ], "texture": "#tdi_vector" }
			}
		},
		{
			"__comment": "tdi_vector83",
			"from": [ 7, 10.5, -5.5 ],
			"to": [ 9, 11.5, -5 ],
			"faces": {
				"down": { "uv": [ 9, 5.75, 9.25, 6 ], "texture": "#tdi_vector" },
				"up": { "uv": [ 9, 5.5, 9.25, 5.75 ], "texture": "#tdi_vector", "rotation": 90 },
				"north": { "uv": [ 9, 5.5, 9.25, 6 ], "texture": "#tdi_vector" },
				"south": { "uv": [ 9, 5.5, 9.25, 6 ], "texture": "#tdi_vector" },
				"west": { "uv": [ 9, 5.5, 9.25, 6 ], "texture": "#tdi_vector" },
				"east": { "uv": [ 9.25, 5.5, 9, 6 ], "texture": "#tdi_vector" }
			}
		},
		{
			"__comment": "tdi_vector84",
			"from": [ 7.5, 11.5, -4.5 ],
			"to": [ 8.5, 12, -3 ],
			"faces": {
				"down": { "uv": [ 9.5, 5.25, 10.25, 5.5 ], "texture": "#tdi_vector" },
				"up": { "uv": [ 9.5, 5.25, 10.25, 5.5 ], "texture": "#tdi_vector", "rotation": 90 },
				"north": { "uv": [ 9.5, 5.25, 9.75, 5.5 ], "texture": "#tdi_vector" },
				"south": { "uv": [ 10, 5.25, 10.25, 5.5 ], "texture": "#tdi_vector" },
				"west": { "uv": [ 9.5, 5.25, 10.25, 5.5 ], "texture": "#tdi_vector" },
				"east": { "uv": [ 10.25, 5.25, 9.5, 5.5 ], "texture": "#tdi_vector" }
			}
		},
		{
			"__comment": "tdi_vector85",
			"from": [ 7, 12, -4 ],
			"to": [ 7.5, 13, -3 ],
			"faces": {
				"down": { "uv": [ 9.75, 5, 10.25, 5.25 ], "texture": "#tdi_vector" },
				"up": { "uv": [ 9.75, 4.75, 10.25, 5 ], "texture": "#tdi_vector", "rotation": 90 },
				"north": { "uv": [ 9.75, 4.75, 10, 5.25 ], "texture": "#tdi_vector" },
				"south": { "uv": [ 10, 4.75, 10.25, 5.25 ], "texture": "#tdi_vector" },
				"west": { "uv": [ 9.75, 4.75, 10.25, 5.25 ], "texture": "#tdi_vector" },
				"east": { "uv": [ 10.25, 4.75, 9.75, 5.25 ], "texture": "#tdi_vector" }
			}
		},
		{
			"__comment": "tdi_vector86",
			"from": [ 7, 13, -3.5 ],
			"to": [ 7.5, 13.5, -3 ],
			"faces": {
				"down": { "uv": [ 9.75, 4.5, 10, 4.75 ], "texture": "#tdi_vector" },
				"up": { "uv": [ 9.75, 4.5, 10, 4.75 ], "texture": "#tdi_vector", "rotation": 90 },
				"north": { "uv": [ 9.75, 4.5, 10, 4.75 ], "texture": "#tdi_vector" },
				"south": { "uv": [ 9.75, 4.5, 10, 4.75 ], "texture": "#tdi_vector" },
				"west": { "uv": [ 9.75, 4.5, 10, 4.75 ], "texture": "#tdi_vector" },
				"east": { "uv": [ 10, 4.5, 9.75, 4.75 ], "texture": "#tdi_vector" }
			}
		},
		{
			"__comment": "tdi_vector87",
			"from": [ 8.5, 12, -4 ],
			"to": [ 9, 13, -3 ],
			"faces": {
				"down": { "uv": [ 9.75, 5, 10.25, 5.25 ], "texture": "#tdi_vector" },
				"up": { "uv": [ 9.75, 4.75, 10.25, 5 ], "texture": "#tdi_vector", "rotation": 90 },
				"north": { "uv": [ 9.75, 4.75, 10, 5.25 ], "texture": "#tdi_vector" },
				"south": { "uv": [ 10, 4.75, 10.25, 5.25 ], "texture": "#tdi_vector" },
				"west": { "uv": [ 9.75, 4.75, 10.25, 5.25 ], "texture": "#tdi_vector" },
				"east": { "uv": [ 10.25, 4.75, 9.75, 5.25 ], "texture": "#tdi_vector" }
			}
		},
		{
			"__comment": "tdi_vector88",
			"from": [ 8.5, 13, -3.5 ],
			"to": [ 9, 13.5, -3 ],
			"faces": {
				"down": { "uv": [ 9.75, 4.5, 10, 4.75 ], "texture": "#tdi_vector" },
				"up": { "uv": [ 9.75, 4.5, 10, 4.75 ], "texture": "#tdi_vector", "rotation": 90 },
				"north": { "uv": [ 9.75, 4.5, 10, 4.75 ], "texture": "#tdi_vector" },
				"south": { "uv": [ 9.75, 4.5, 10, 4.75 ], "texture": "#tdi_vector" },
				"west": { "uv": [ 9.75, 4.5, 10, 4.75 ], "texture": "#tdi_vector" },
				"east": { "uv": [ 10, 4.5, 9.75, 4.75 ], "texture": "#tdi_vector" }
			}
		},
		{
			"__comment": "tdi_vector89",
			"from": [ 6, 7, -4.5 ],
			"to": [ 6.5, 8, -0.5 ],
			"faces": {
				"down": { "uv": [ 1.75, 7.5, 3.75, 7.75 ], "texture": "#tdi_vector" },
				"up": { "uv": [ 1.75, 7.25, 3.75, 7.5 ], "texture": "#tdi_vector", "rotation": 270 },
				"north": { "uv": [ 1.75, 7.25, 2, 7.75 ], "texture": "#tdi_vector" },
				"south": { "uv": [ 3.5, 7.25, 3.75, 7.75 ], "texture": "#tdi_vector" },
				"west": { "uv": [ 1.75, 7.25, 3.75, 7.75 ], "texture": "#tdi_vector" },
				"east": { "uv": [ 3.75, 7.25, 1.75, 7.75 ], "texture": "#tdi_vector" }
			}
		},
		{
			"__comment": "tdi_vector90",
			"from": [ 9.5, 7, -4.5 ],
			"to": [ 10, 8, -0.5 ],
			"faces": {
				"down": { "uv": [ 1.75, 7.5, 3.75, 7.75 ], "texture": "#tdi_vector" },
				"up": { "uv": [ 1.75, 7.25, 3.75, 7.5 ], "texture": "#tdi_vector", "rotation": 270 },
				"north": { "uv": [ 1.75, 7.25, 2, 7.75 ], "texture": "#tdi_vector" },
				"south": { "uv": [ 3.5, 7.25, 3.75, 7.75 ], "texture": "#tdi_vector" },
				"west": { "uv": [ 1.75, 7.25, 3.75, 7.75 ], "texture": "#tdi_vector" },
				"east": { "uv": [ 3.75, 7.25, 1.75, 7.75 ], "texture": "#tdi_vector" }
			}
		}
	],
	"display": {
		"thirdperson_righthand": {
			"translation":  [ 0, -0.25, 0.5 ],
			"scale":  [ 0.5, 0.5, 0.5 ]
		},
		"thirdperson_lefthand": {
			"translation":  [ -1.5, -5, 10 ],
			"scale":  [ 0.5, 0.5, 0.5 ]
		},
		"firstperson_righthand": {
			"rotation":  [ 30, 0, -30 ],
			"translation":  [ -6, 0, -3 ]
		},
		"firstperson_lefthand": {
			"scale":  [ 0.0001, 0.0001, 0.0001 ]
		},
		"gui": {
			"rotation":  [ 30, 135, 0 ],
			"scale":  [ 0.5, 0.5, 0.5 ]
		},
		"head": {
			"scale":  [ 0.0001, 0.0001, 0.0001 ]
		},
		"ground": {
			"rotation":  [ 0, 0, 90 ],
			"scale":  [ 0.5, 0.5, 0.5 ]
		},
		"fixed": {
			"rotation":  [ 0, -90, 0 ]
		}
	}
}