{
	"__comment": "Designed by Optimus0812 with Cubik Studio - https://cubik.studio",
	"textures": {
		"electric_cattle_prod": "dayz/weapon/melee/electric_cattle_prod"
	},
	"elements": [ 	 
		{
			"__comment": "electric_cattle_prod1",
			"from": [ 7, 23.5, 7.5 ],
			"to": [ 9, 24, 8.5 ],
			"faces": {
				"down": { "uv": [ 7.5, 0, 8.5, 0.25 ], "texture": "#electric_cattle_prod" },
				"up": { "uv": [ 7.5, 0.25, 8.5, 0 ], "texture": "#electric_cattle_prod" },
				"north": { "uv": [ 8.5, 0, 7.5, 0.25 ], "texture": "#electric_cattle_prod" },
				"south": { "uv": [ 7.5, 0, 8.5, 0.25 ], "texture": "#electric_cattle_prod" },
				"west": { "uv": [ 7.5, 0, 7.75, 0.25 ], "texture": "#electric_cattle_prod" },
				"east": { "uv": [ 8.5, 0, 8.25, 0.25 ], "texture": "#electric_cattle_prod" }
			}
		},
		{
			"__comment": "electric_cattle_prod2",
			"from": [ 8.5, 22.5, 7.5 ],
			"to": [ 9, 23.5, 8.5 ],
			"faces": {
				"down": { "uv": [ 8.25, 0.5, 8.5, 0.75 ], "texture": "#electric_cattle_prod" },
				"up": { "uv": [ 8.25, 0.5, 8.5, 0.25 ], "texture": "#electric_cattle_prod" },
				"north": { "uv": [ 8.5, 0.25, 8.25, 0.75 ], "texture": "#electric_cattle_prod" },
				"south": { "uv": [ 8.25, 0.25, 8.5, 0.75 ], "texture": "#electric_cattle_prod" },
				"west": { "uv": [ 8.25, 0.25, 8.5, 0.75 ], "texture": "#electric_cattle_prod" },
				"east": { "uv": [ 8.5, 0.25, 8.25, 0.75 ], "texture": "#electric_cattle_prod" }
			}
		},
		{
			"__comment": "electric_cattle_prod3",
			"from": [ 7, 22.5, 7.5 ],
			"to": [ 7.5, 23.5, 8.5 ],
			"faces": {
				"down": { "uv": [ 7.5, 0.5, 7.75, 0.75 ], "texture": "#electric_cattle_prod" },
				"up": { "uv": [ 7.5, 0.5, 7.75, 0.25 ], "texture": "#electric_cattle_prod" },
				"north": { "uv": [ 7.75, 0.25, 7.5, 0.75 ], "texture": "#electric_cattle_prod" },
				"south": { "uv": [ 7.5, 0.25, 7.75, 0.75 ], "texture": "#electric_cattle_prod" },
				"west": { "uv": [ 7.5, 0.25, 7.75, 0.75 ], "texture": "#electric_cattle_prod" },
				"east": { "uv": [ 7.75, 0.25, 7.5, 0.75 ], "texture": "#electric_cattle_prod" }
			}
		},
		{
			"__comment": "electric_cattle_prod4",
			"from": [ 6.5, 20, 7.5 ],
			"to": [ 7, 21.5, 8.5 ],
			"faces": {
				"down": { "uv": [ 7.25, 1.75, 7.5, 2 ], "texture": "#electric_cattle_prod" },
				"up": { "uv": [ 7.25, 1.5, 7.5, 1.25 ], "texture": "#electric_cattle_prod" },
				"north": { "uv": [ 7.5, 1.25, 7.25, 2 ], "texture": "#electric_cattle_prod" },
				"south": { "uv": [ 7.25, 1.25, 7.5, 2 ], "texture": "#electric_cattle_prod" },
				"west": { "uv": [ 7.25, 1.25, 7.5, 2 ], "texture": "#electric_cattle_prod" },
				"east": { "uv": [ 7.5, 1.25, 7.25, 2 ], "texture": "#electric_cattle_prod" }
			}
		},
		{
			"__comment": "electric_cattle_prod5",
			"from": [ 7, 19.5, 7.5 ],
			"to": [ 7.5, 20, 8.5 ],
			"faces": {
				"down": { "uv": [ 7.5, 2, 7.75, 2.25 ], "texture": "#electric_cattle_prod" },
				"up": { "uv": [ 7.5, 2.25, 7.75, 2 ], "texture": "#electric_cattle_prod" },
				"north": { "uv": [ 7.75, 2, 7.5, 2.25 ], "texture": "#electric_cattle_prod" },
				"south": { "uv": [ 7.5, 2, 7.75, 2.25 ], "texture": "#electric_cattle_prod" },
				"west": { "uv": [ 7.5, 2, 7.75, 2.25 ], "texture": "#electric_cattle_prod" },
				"east": { "uv": [ 7.75, 2, 7.5, 2.25 ], "texture": "#electric_cattle_prod" }
			}
		},
		{
			"__comment": "electric_cattle_prod6",
			"from": [ 7.5, 3, 7.5 ],
			"to": [ 8.5, 19.5, 8.5 ],
			"faces": {
				"down": { "uv": [ 7.75, 10.25, 8.25, 10.5 ], "texture": "#electric_cattle_prod" },
				"up": { "uv": [ 7.75, 2.5, 8.25, 2.25 ], "texture": "#electric_cattle_prod" },
				"north": { "uv": [ 8.25, 2.25, 7.75, 10.5 ], "texture": "#electric_cattle_prod" },
				"south": { "uv": [ 7.75, 2.25, 8.25, 10.5 ], "texture": "#electric_cattle_prod" },
				"west": { "uv": [ 7.75, 2.25, 8, 10.5 ], "texture": "#electric_cattle_prod" },
				"east": { "uv": [ 8.25, 2.25, 8, 10.5 ], "texture": "#electric_cattle_prod" }
			}
		},
		{
			"__comment": "electric_cattle_prod7",
			"from": [ 8.5, 19.5, 7.5 ],
			"to": [ 9, 20, 8.5 ],
			"faces": {
				"down": { "uv": [ 8.25, 2, 8.5, 2.25 ], "texture": "#electric_cattle_prod" },
				"up": { "uv": [ 8.25, 2.25, 8.5, 2 ], "texture": "#electric_cattle_prod" },
				"north": { "uv": [ 8.5, 2, 8.25, 2.25 ], "texture": "#electric_cattle_prod" },
				"south": { "uv": [ 8.25, 2, 8.5, 2.25 ], "texture": "#electric_cattle_prod" },
				"west": { "uv": [ 8.25, 2, 8.5, 2.25 ], "texture": "#electric_cattle_prod" },
				"east": { "uv": [ 8.5, 2, 8.25, 2.25 ], "texture": "#electric_cattle_prod" }
			}
		},
		{
			"__comment": "electric_cattle_prod8",
			"from": [ 9, 20, 7.5 ],
			"to": [ 9.5, 21.5, 8.5 ],
			"faces": {
				"down": { "uv": [ 8.5, 1.75, 8.75, 2 ], "texture": "#electric_cattle_prod" },
				"up": { "uv": [ 8.5, 1.5, 8.75, 1.25 ], "texture": "#electric_cattle_prod" },
				"north": { "uv": [ 8.75, 1.25, 8.5, 2 ], "texture": "#electric_cattle_prod" },
				"south": { "uv": [ 8.5, 1.25, 8.75, 2 ], "texture": "#electric_cattle_prod" },
				"west": { "uv": [ 8.5, 1.25, 8.75, 2 ], "texture": "#electric_cattle_prod" },
				"east": { "uv": [ 8.75, 1.25, 8.5, 2 ], "texture": "#electric_cattle_prod" }
			}
		},
		{
			"__comment": "electric_cattle_prod9",
			"from": [ 7, 20, 7 ],
			"to": [ 9, 21.5, 9 ],
			"faces": {
				"down": { "uv": [ 7.5, 1.75, 8.5, 2 ], "texture": "#electric_cattle_prod" },
				"up": { "uv": [ 7.5, 1.5, 8.5, 1.25 ], "texture": "#electric_cattle_prod" },
				"north": { "uv": [ 8.5, 1.25, 7.5, 2 ], "texture": "#electric_cattle_prod" },
				"south": { "uv": [ 7.5, 1.25, 8.5, 2 ], "texture": "#electric_cattle_prod" },
				"west": { "uv": [ 7.5, 1.25, 7.75, 2 ], "texture": "#electric_cattle_prod" },
				"east": { "uv": [ 8.5, 1.25, 8.25, 2 ], "texture": "#electric_cattle_prod" }
			}
		},
		{
			"__comment": "electric_cattle_prod10",
			"from": [ 7.5, 19.5, 7 ],
			"to": [ 8.5, 20, 9 ],
			"faces": {
				"down": { "uv": [ 7.75, 2, 8.25, 2.25 ], "texture": "#electric_cattle_prod" },
				"up": { "uv": [ 7.75, 2.25, 8.25, 2 ], "texture": "#electric_cattle_prod" },
				"north": { "uv": [ 8.25, 2, 7.75, 2.25 ], "texture": "#electric_cattle_prod" },
				"south": { "uv": [ 7.75, 2, 8.25, 2.25 ], "texture": "#electric_cattle_prod" },
				"west": { "uv": [ 7.75, 2, 8, 2.25 ], "texture": "#electric_cattle_prod" },
				"east": { "uv": [ 8.25, 2, 8, 2.25 ], "texture": "#electric_cattle_prod" }
			}
		},
		{
			"__comment": "electric_cattle_prod11",
			"from": [ 7, 21.5, 7 ],
			"to": [ 9, 22.5, 9 ],
			"faces": {
				"down": { "uv": [ 7.5, 1, 8.5, 1.25 ], "texture": "#electric_cattle_prod" },
				"up": { "uv": [ 7.5, 1, 8.5, 0.75 ], "texture": "#electric_cattle_prod" },
				"north": { "uv": [ 8.5, 0.75, 7.5, 1.25 ], "texture": "#electric_cattle_prod" },
				"south": { "uv": [ 7.5, 0.75, 8.5, 1.25 ], "texture": "#electric_cattle_prod" },
				"west": { "uv": [ 7.5, 0.75, 7.75, 1.25 ], "texture": "#electric_cattle_prod" },
				"east": { "uv": [ 8.5, 0.75, 8.25, 1.25 ], "texture": "#electric_cattle_prod" }
			}
		},
		{
			"__comment": "electric_cattle_prod12",
			"from": [ 7.5, -8, 7 ],
			"to": [ 8.5, 3, 9 ],
			"faces": {
				"down": { "uv": [ 7.75, 15.75, 8.25, 16 ], "texture": "#electric_cattle_prod" },
				"up": { "uv": [ 7.75, 10.75, 8.25, 10.5 ], "texture": "#electric_cattle_prod" },
				"north": { "uv": [ 8.25, 10.5, 7.75, 16 ], "texture": "#electric_cattle_prod" },
				"south": { "uv": [ 7.75, 10.5, 8.25, 16 ], "texture": "#electric_cattle_prod" },
				"west": { "uv": [ 7.75, 10.5, 8, 16 ], "texture": "#electric_cattle_prod" },
				"east": { "uv": [ 8.25, 10.5, 8, 16 ], "texture": "#electric_cattle_prod" }
			}
		},
		{
			"__comment": "electric_cattle_prod13",
			"from": [ 7, -8, 7.5 ],
			"to": [ 7.5, 3, 8.5 ],
			"faces": {
				"down": { "uv": [ 7.5, 15.75, 7.75, 16 ], "texture": "#electric_cattle_prod" },
				"up": { "uv": [ 7.5, 10.75, 7.75, 10.5 ], "texture": "#electric_cattle_prod" },
				"north": { "uv": [ 7.75, 10.5, 7.5, 16 ], "texture": "#electric_cattle_prod" },
				"south": { "uv": [ 7.5, 10.5, 7.75, 16 ], "texture": "#electric_cattle_prod" },
				"west": { "uv": [ 7.5, 10.5, 7.75, 16 ], "texture": "#electric_cattle_prod" },
				"east": { "uv": [ 7.75, 10.5, 7.5, 16 ], "texture": "#electric_cattle_prod" }
			}
		},
		{
			"__comment": "electric_cattle_prod",
			"from": [ 8.5, -8, 7.5 ],
			"to": [ 9, 3, 8.5 ],
			"faces": {
				"down": { "uv": [ 8.25, 15.75, 8.5, 16 ], "texture": "#electric_cattle_prod" },
				"up": { "uv": [ 8.25, 10.75, 8.5, 10.5 ], "texture": "#electric_cattle_prod" },
				"north": { "uv": [ 8.5, 10.5, 8.25, 16 ], "texture": "#electric_cattle_prod" },
				"south": { "uv": [ 8.25, 10.5, 8.5, 16 ], "texture": "#electric_cattle_prod" },
				"west": { "uv": [ 8.25, 10.5, 8.5, 16 ], "texture": "#electric_cattle_prod" },
				"east": { "uv": [ 8.5, 10.5, 8.25, 16 ], "texture": "#electric_cattle_prod" }
			}
		}
	],
	"display": {
		"thirdperson_righthand": {
			"rotation":  [ 0, -90, 0 ],
			"translation":  [ 0, 6, 1 ],
			"scale":  [ 0.75, 0.75, 0.75 ]
		},
		"thirdperson_lefthand": {
			"rotation":  [ -90, -180, 45 ],
			"translation":  [ -6, -6, 9 ],
			"scale":  [ 0.75, 0.75, 0.75 ]
		},
		"firstperson_righthand": {
			"rotation":  [ -90, -60, -90 ],
			"translation":  [ -3, 0, -3 ]
		},
		"firstperson_lefthand": {
			"scale":  [ 0.0001, 0.0001, 0.0001 ]
		},
		"gui": {
			"rotation":  [ 0, 0, -45 ],
			"scale":  [ 0.5, 0.5, 0.5 ]
		},
		"head": {
			"scale":  [ 0.0001, 0.0001, 0.0001 ]
		},
		"ground": {
			"rotation":  [ -90, 0, 90 ],
			"scale":  [ 0.75, 0.75, 0.75 ]
		},
		"fixed": {
			"rotation":  [ 0, 180, 0 ],
			"scale":  [ 1.5, 1.5, 1.5 ]
		}
	}
}