{
	"__comment": "Designed by Optimus0812 with Cubik Studio - https://cubik.studio",
	"textures": {
		"meat_tenderizer": "dayz/weapon/melee/meat_tenderizer"
	},
	"elements": [ 	 
		{
			"__comment": "meat_tenderizer1",
			"from": [ 7.5, 0, 7 ],
			"to": [ 8.5, 12, 9 ],
			"faces": {
				"down": { "uv": [ 7.5, 15.5, 8.5, 16 ], "texture": "#meat_tenderizer" },
				"up": { "uv": [ 7.5, 4.5, 8.5, 4 ], "texture": "#meat_tenderizer" },
				"north": { "uv": [ 8.5, 4, 7.5, 16 ], "texture": "#meat_tenderizer" },
				"south": { "uv": [ 7.5, 4, 8.5, 16 ], "texture": "#meat_tenderizer" },
				"west": { "uv": [ 7.5, 4, 8, 16 ], "texture": "#meat_tenderizer" },
				"east": { "uv": [ 8.5, 4, 8, 16 ], "texture": "#meat_tenderizer" }
			}
		},
		{
			"__comment": "meat_tenderizer2",
			"from": [ 7, 0, 7.5 ],
			"to": [ 7.5, 12, 8.5 ],
			"faces": {
				"down": { "uv": [ 7, 15.5, 7.5, 16 ], "texture": "#meat_tenderizer" },
				"up": { "uv": [ 7, 4.5, 7.5, 4 ], "texture": "#meat_tenderizer" },
				"north": { "uv": [ 7.5, 4, 7, 16 ], "texture": "#meat_tenderizer" },
				"south": { "uv": [ 7, 4, 7.5, 16 ], "texture": "#meat_tenderizer" },
				"west": { "uv": [ 7, 4, 7.5, 16 ], "texture": "#meat_tenderizer" },
				"east": { "uv": [ 7.5, 4, 7, 16 ], "texture": "#meat_tenderizer" }
			}
		},
		{
			"__comment": "meat_tenderizer3",
			"from": [ 8.5, 0, 7.5 ],
			"to": [ 9, 12, 8.5 ],
			"faces": {
				"down": { "uv": [ 8.5, 15.5, 9, 16 ], "texture": "#meat_tenderizer" },
				"up": { "uv": [ 8.5, 4.5, 9, 4 ], "texture": "#meat_tenderizer" },
				"north": { "uv": [ 9, 4, 8.5, 16 ], "texture": "#meat_tenderizer" },
				"south": { "uv": [ 8.5, 4, 9, 16 ], "texture": "#meat_tenderizer" },
				"west": { "uv": [ 8.5, 4, 9, 16 ], "texture": "#meat_tenderizer" },
				"east": { "uv": [ 9, 4, 8.5, 16 ], "texture": "#meat_tenderizer" }
			}
		},
		{
			"__comment": "meat_tenderizer4",
			"from": [ 3.5, 12, 6.5 ],
			"to": [ 12.5, 16, 9.5 ],
			"faces": {
				"down": { "uv": [ 3.5, 0.5, 12.5, 3.5 ], "texture": "#meat_tenderizer" },
				"up": { "uv": [ 3.5, 3.5, 12.5, 0.5 ], "texture": "#meat_tenderizer" },
				"north": { "uv": [ 12.5, 0.5, 3.5, 3.5 ], "texture": "#meat_tenderizer" },
				"south": { "uv": [ 3.5, 0.5, 12.5, 3.5 ], "texture": "#meat_tenderizer" },
				"west": { "uv": [ 12.5, 8, 15.5, 12 ], "texture": "#meat_tenderizer" },
				"east": { "uv": [ 13, 0, 12.5, 4 ], "texture": "#meat_tenderizer" }
			}
		},
		{
			"__comment": "meat_tenderizer5",
			"from": [ 3, 12.5, 9.5 ],
			"to": [ 12.5, 15.5, 10 ],
			"faces": {
				"down": { "uv": [ 3, 3, 12.5, 3.5 ], "texture": "#meat_tenderizer" },
				"up": { "uv": [ 3, 1, 12.5, 0.5 ], "texture": "#meat_tenderizer" },
				"north": { "uv": [ 12.5, 0.5, 3, 3.5 ], "texture": "#meat_tenderizer" },
				"south": { "uv": [ 3, 0.5, 12.5, 3.5 ], "texture": "#meat_tenderizer" },
				"west": { "uv": [ 3, 0.5, 3.5, 3.5 ], "texture": "#meat_tenderizer" },
				"east": { "uv": [ 12.5, 0.5, 12, 3.5 ], "texture": "#meat_tenderizer" }
			}
		},
		{
			"__comment": "meat_tenderizer6",
			"from": [ 3, 12.5, 6 ],
			"to": [ 12.5, 15.5, 6.5 ],
			"faces": {
				"down": { "uv": [ 3, 3, 13, 3.5 ], "texture": "#meat_tenderizer" },
				"up": { "uv": [ 3, 1, 12.5, 0.5 ], "texture": "#meat_tenderizer" },
				"north": { "uv": [ 13, 0.5, 3, 3.5 ], "texture": "#meat_tenderizer" },
				"south": { "uv": [ 3, 0.5, 13, 3.5 ], "texture": "#meat_tenderizer" },
				"west": { "uv": [ 3, 0.5, 3.5, 3.5 ], "texture": "#meat_tenderizer" },
				"east": { "uv": [ 13, 0.5, 12.5, 3.5 ], "texture": "#meat_tenderizer" }
			}
		},
		{
			"__comment": "meat_tenderizer7",
			"from": [ 3, 12, 6.5 ],
			"to": [ 3.5, 12.5, 9.5 ],
			"faces": {
				"down": { "uv": [ 3, 0.5, 3.5, 3.5 ], "texture": "#meat_tenderizer" },
				"up": { "uv": [ 3, 3.5, 3.5, 0.5 ], "texture": "#meat_tenderizer" },
				"north": { "uv": [ 3.5, 4, 3, 3.5 ], "texture": "#meat_tenderizer" },
				"south": { "uv": [ 3, 0, 3.5, 0.5 ], "texture": "#meat_tenderizer" },
				"west": { "uv": [ 3, 3.5, 3.5, 0.5 ], "texture": "#meat_tenderizer", "rotation": 270 },
				"east": { "uv": [ 3.5, 3.5, 3, 0.5 ], "texture": "#meat_tenderizer", "rotation": 90 }
			}
		},
		{
			"__comment": "meat_tenderizer",
			"from": [ 3, 15.5, 6.5 ],
			"to": [ 3.5, 16, 9.5 ],
			"faces": {
				"down": { "uv": [ 3, 0.5, 3.5, 3.5 ], "texture": "#meat_tenderizer" },
				"up": { "uv": [ 3, 3.5, 3.5, 0.5 ], "texture": "#meat_tenderizer" },
				"north": { "uv": [ 3.5, 4, 3, 3.5 ], "texture": "#meat_tenderizer" },
				"south": { "uv": [ 3, 0, 3.5, 0.5 ], "texture": "#meat_tenderizer" },
				"west": { "uv": [ 3, 3.5, 3.5, 0.5 ], "texture": "#meat_tenderizer", "rotation": 270 },
				"east": { "uv": [ 3.5, 3.5, 3, 0.5 ], "texture": "#meat_tenderizer", "rotation": 90 }
			}
		},
		{
			"__comment": "meat_tenderizer4",
			"from": [ 12.5, 12.5, 6.5 ],
			"to": [ 13, 15.5, 9.5 ],
			"faces": {
				"down": { "uv": [ 12.5, 15.5, 15.5, 16 ], "texture": "#meat_tenderizer", "rotation": 270 },
				"up": { "uv": [ 12.5, 13, 15.5, 12.5 ], "texture": "#meat_tenderizer", "rotation": 90 },
				"north": { "uv": [ 12.5, 12.5, 13, 16 ], "texture": "#meat_tenderizer" },
				"south": { "uv": [ 15.5, 12.5, 15, 16 ], "texture": "#meat_tenderizer" },
				"west": { "uv": [ 12.5, 12.5, 15.5, 16 ], "texture": "#meat_tenderizer" },
				"east": { "uv": [ 15.5, 12.5, 12.5, 16 ], "texture": "#meat_tenderizer" }
			}
		}
	],
	"display": {
		"thirdperson_righthand": {
			"rotation":  [ 0, -90, 0 ],
			"translation":  [ 0, -0.25, 1 ],
			"scale":  [ 0.5, 0.5, 0.5 ]
		},
		"thirdperson_lefthand": {
			"rotation":  [ -90, -90, 45 ],
			"translation":  [ -10.5, -1.5, 0 ],
			"scale":  [ 0.5, 0.5, 0.5 ]
		},
		"firstperson_righthand": {
			"rotation":  [ 0, -90, 15 ],
			"translation":  [ 0, 0, -6 ]
		},
		"firstperson_lefthand": {
			"scale":  [ 0.0001, 0.0001, 0.0001 ]
		},
		"gui": {
			"rotation":  [ 0, 0, -45 ],
			"translation":  [ -1.25, -1.25, 0 ]
		},
		"head": {
			"scale":  [ 0.0001, 0.0001, 0.0001 ]
		},
		"ground": {
			"rotation":  [ -90, 0, 90 ],
			"scale":  [ 0.5, 0.5, 0.5 ]
		},
		"fixed": {
			"rotation":  [ 0, 180, 0 ]
		}
	}
}