{
	"__comment": "Designed by Optimus0812 with Cubik Studio - https://cubik.studio",
	"textures": {
		"spear": "dayz/weapon/melee/spear"
	},
	"elements": [ 	 
		{
			"__comment": "spear",
			"from": [ 7.5, -8, 7.5 ],
			"to": [ 8.5, 18, 8.5 ],
			"faces": {
				"down": { "uv": [ 7.75, 15.75, 8.25, 16 ], "texture": "#spear" },
				"up": { "uv": [ 7.75, 3.25, 8.25, 3 ], "texture": "#spear" },
				"north": { "uv": [ 8.25, 3, 7.75, 16 ], "texture": "#spear" },
				"south": { "uv": [ 7.75, 3, 8.25, 16 ], "texture": "#spear" },
				"west": { "uv": [ 7.75, 3, 8, 16 ], "texture": "#spear" },
				"east": { "uv": [ 8.25, 3, 8, 16 ], "texture": "#spear" }
			}
		},
		{
			"__comment": "spear1",
			"from": [ 8, 18, 7.75 ],
			"to": [ 8.5, 24, 8.25 ],
			"faces": {
				"down": { "uv": [ 8, 2.75, 8.25, 3 ], "texture": "#spear" },
				"up": { "uv": [ 8, 0.25, 8.25, 0 ], "texture": "#spear" },
				"north": { "uv": [ 8.25, 0, 8, 3 ], "texture": "#spear" },
				"south": { "uv": [ 8, 0, 8.25, 3 ], "texture": "#spear" },
				"west": { "uv": [ 8, 0, 8.25, 3 ], "texture": "#spear" },
				"east": { "uv": [ 8.25, 0, 8, 3 ], "texture": "#spear" }
			}
		},
		{
			"__comment": "spear2",
			"from": [ 7.5, 18, 7.75 ],
			"to": [ 8, 23, 8.25 ],
			"faces": {
				"down": { "uv": [ 7.75, 2.75, 8, 3 ], "texture": "#spear" },
				"up": { "uv": [ 7.75, 0.5, 8, 0.25 ], "texture": "#spear" },
				"north": { "uv": [ 8, 0.25, 7.75, 3 ], "texture": "#spear" },
				"south": { "uv": [ 7.75, 0.25, 8, 3 ], "texture": "#spear" },
				"west": { "uv": [ 7.75, 0.25, 8, 3 ], "texture": "#spear" },
				"east": { "uv": [ 8, 0.25, 7.75, 3 ], "texture": "#spear" }
			}
		},
		{
			"__comment": "spear3",
			"from": [ 7, 19, 7.75 ],
			"to": [ 7.5, 22, 8.25 ],
			"faces": {
				"down": { "uv": [ 7.5, 2.25, 7.75, 2.5 ], "texture": "#spear" },
				"up": { "uv": [ 7.5, 1, 7.75, 0.75 ], "texture": "#spear" },
				"north": { "uv": [ 7.75, 0.75, 7.5, 2.5 ], "texture": "#spear" },
				"south": { "uv": [ 7.5, 0.75, 7.75, 2.5 ], "texture": "#spear" },
				"west": { "uv": [ 7.5, 0.75, 7.75, 2.5 ], "texture": "#spear" },
				"east": { "uv": [ 7.75, 0.75, 7.5, 2.5 ], "texture": "#spear" }
			}
		}
	],
	"display": {
		"thirdperson_righthand": {
			"rotation":  [ 0, -90, 0 ],
			"translation":  [ 0, 6, 1.375 ]
		},
		"thirdperson_lefthand": {
			"rotation":  [ -90, -180, 45 ],
			"translation":  [ -6, -6, 9 ]
		},
		"firstperson_righthand": {
			"rotation":  [ -30, -60, -30 ],
			"translation":  [ -3, 0, -3 ]
		},
		"firstperson_lefthand": {
			"scale":  [ 0.0001, 0.0001, 0.0001 ]
		},
		"gui": {
			"rotation":  [ 0, 0, -45 ],
			"scale":  [ 0.625, 0.625, 0.625 ]
		},
		"head": {
			"scale":  [ 0.0001, 0.0001, 0.0001 ]
		},
		"ground": {
			"rotation":  [ 90, 0, 90 ]
		},
		"fixed": {
			"rotation":  [ 0, 180, 0 ],
			"scale":  [ 2, 2, 2 ]
		}
	}
}