{
	"__comment": "Designed by Optimus0812 with Cubik Studio - https://cubik.studio",
	"textures": {
		"stun_baton": "dayz/weapon/melee/stun_baton"
	},
	"elements": [ 	 
		{
			"__comment": "stun_baton",
			"from": [ 8.5, -8, 7.5 ],
			"to": [ 9, -6.5, 8.5 ],
			"faces": {
				"down": { "uv": [ 8.25, 15.75, 8.5, 16 ], "texture": "#stun_baton" },
				"up": { "uv": [ 8.25, 15.5, 8.5, 15.25 ], "texture": "#stun_baton" },
				"north": { "uv": [ 8.5, 15.25, 8.25, 16 ], "texture": "#stun_baton" },
				"south": { "uv": [ 8.25, 15.25, 8.5, 16 ], "texture": "#stun_baton" },
				"west": { "uv": [ 8.25, 15.25, 8.5, 16 ], "texture": "#stun_baton" },
				"east": { "uv": [ 8.5, 15.25, 8.25, 16 ], "texture": "#stun_baton" }
			}
		},
		{
			"__comment": "stun_baton1",
			"from": [ 8, -8, 7.5 ],
			"to": [ 8.5, -4, 8.5 ],
			"faces": {
				"down": { "uv": [ 8, 15.75, 8.25, 16 ], "texture": "#stun_baton" },
				"up": { "uv": [ 8, 14.25, 8.25, 14 ], "texture": "#stun_baton" },
				"north": { "uv": [ 8.25, 14, 8, 16 ], "texture": "#stun_baton" },
				"south": { "uv": [ 8, 14, 8.25, 16 ], "texture": "#stun_baton" },
				"west": { "uv": [ 8, 14, 8.25, 16 ], "texture": "#stun_baton" },
				"east": { "uv": [ 8.25, 14, 8, 16 ], "texture": "#stun_baton" }
			}
		},
		{
			"__comment": "stun_baton2",
			"from": [ 9, -8, 7.5 ],
			"to": [ 9.5, -4, 8.5 ],
			"faces": {
				"down": { "uv": [ 8.5, 15.75, 8.75, 16 ], "texture": "#stun_baton" },
				"up": { "uv": [ 8.5, 14.25, 8.75, 14 ], "texture": "#stun_baton" },
				"north": { "uv": [ 8.75, 14, 8.5, 16 ], "texture": "#stun_baton" },
				"south": { "uv": [ 8.5, 14, 8.75, 16 ], "texture": "#stun_baton" },
				"west": { "uv": [ 8.5, 14, 8.75, 16 ], "texture": "#stun_baton" },
				"east": { "uv": [ 8.75, 14, 8.5, 16 ], "texture": "#stun_baton" }
			}
		},
		{
			"__comment": "stun_baton3",
			"from": [ 7, -3.5, 6.5 ],
			"to": [ 9, 23.5, 9.5 ],
			"faces": {
				"down": { "uv": [ 7.5, 13.5, 8.5, 13.75 ], "texture": "#stun_baton" },
				"up": { "uv": [ 7.5, 0.5, 8.5, 0.25 ], "texture": "#stun_baton" },
				"north": { "uv": [ 8.5, 0.25, 7.5, 13.75 ], "texture": "#stun_baton" },
				"south": { "uv": [ 7.5, 0.25, 8.5, 13.75 ], "texture": "#stun_baton" },
				"west": { "uv": [ 7.25, 0.25, 8.75, 13.75 ], "texture": "#stun_baton" },
				"east": { "uv": [ 8.75, 0.25, 7.25, 13.75 ], "texture": "#stun_baton" }
			}
		},
		{
			"__comment": "stun_baton4",
			"from": [ 9, -3.5, 7 ],
			"to": [ 9.5, 23.5, 9 ],
			"faces": {
				"down": { "uv": [ 8.5, 13.5, 8.75, 13.75 ], "texture": "#stun_baton" },
				"up": { "uv": [ 8.5, 0.5, 8.75, 0.25 ], "texture": "#stun_baton" },
				"north": { "uv": [ 8.75, 0.25, 8.5, 13.75 ], "texture": "#stun_baton" },
				"south": { "uv": [ 8.5, 0.25, 8.75, 13.75 ], "texture": "#stun_baton" },
				"west": { "uv": [ 7.5, 0.25, 8.5, 13.75 ], "texture": "#stun_baton" },
				"east": { "uv": [ 8.5, 0.25, 7.5, 13.75 ], "texture": "#stun_baton" }
			}
		},
		{
			"__comment": "stun_baton5",
			"from": [ 6.5, -3.5, 7 ],
			"to": [ 7, 23.5, 9 ],
			"faces": {
				"down": { "uv": [ 7.25, 13.5, 7.5, 13.75 ], "texture": "#stun_baton" },
				"up": { "uv": [ 7.25, 0.5, 7.5, 0.25 ], "texture": "#stun_baton" },
				"north": { "uv": [ 7.5, 0.25, 7.25, 13.75 ], "texture": "#stun_baton" },
				"south": { "uv": [ 7.25, 0.25, 7.5, 13.75 ], "texture": "#stun_baton" },
				"west": { "uv": [ 7.5, 0.25, 8.5, 13.75 ], "texture": "#stun_baton" },
				"east": { "uv": [ 8.5, 0.25, 7.5, 13.75 ], "texture": "#stun_baton" }
			}
		},
		{
			"__comment": "stun_baton6",
			"from": [ 7, 23.5, 7 ],
			"to": [ 9, 24, 9 ],
			"faces": {
				"down": { "uv": [ 7.5, 0, 8.5, 0.25 ], "texture": "#stun_baton" },
				"up": { "uv": [ 7.5, 0.25, 8.5, 0 ], "texture": "#stun_baton" },
				"north": { "uv": [ 8.5, 0, 7.5, 0.25 ], "texture": "#stun_baton" },
				"south": { "uv": [ 7.5, 0, 8.5, 0.25 ], "texture": "#stun_baton" },
				"west": { "uv": [ 7.5, 0, 7.75, 0.25 ], "texture": "#stun_baton" },
				"east": { "uv": [ 8.5, 0, 8.25, 0.25 ], "texture": "#stun_baton" }
			}
		},
		{
			"__comment": "stun_baton7",
			"from": [ 6.5, 23.5, 7.5 ],
			"to": [ 7, 24, 8.5 ],
			"faces": {
				"down": { "uv": [ 7.25, 0, 7.5, 0.25 ], "texture": "#stun_baton" },
				"up": { "uv": [ 7.25, 0.25, 7.5, 0 ], "texture": "#stun_baton" },
				"north": { "uv": [ 7.5, 0, 7.25, 0.25 ], "texture": "#stun_baton" },
				"south": { "uv": [ 7.25, 0, 7.5, 0.25 ], "texture": "#stun_baton" },
				"west": { "uv": [ 7.25, 0, 7.5, 0.25 ], "texture": "#stun_baton" },
				"east": { "uv": [ 7.5, 0, 7.25, 0.25 ], "texture": "#stun_baton" }
			}
		},
		{
			"__comment": "stun_baton8",
			"from": [ 9, 23.5, 7.5 ],
			"to": [ 9.5, 24, 8.5 ],
			"faces": {
				"down": { "uv": [ 8.5, 0, 8.75, 0.25 ], "texture": "#stun_baton" },
				"up": { "uv": [ 8.5, 0.25, 8.75, 0 ], "texture": "#stun_baton" },
				"north": { "uv": [ 8.75, 0, 8.5, 0.25 ], "texture": "#stun_baton" },
				"south": { "uv": [ 8.5, 0, 8.75, 0.25 ], "texture": "#stun_baton" },
				"west": { "uv": [ 8.5, 0, 8.75, 0.25 ], "texture": "#stun_baton" },
				"east": { "uv": [ 8.75, 0, 8.5, 0.25 ], "texture": "#stun_baton" }
			}
		},
		{
			"__comment": "stun_baton9",
			"from": [ 7.5, 23.5, 6.5 ],
			"to": [ 8.5, 24, 7 ],
			"faces": {
				"down": { "uv": [ 7.75, 0, 8.25, 0.25 ], "texture": "#stun_baton" },
				"up": { "uv": [ 7.75, 0.25, 8.25, 0 ], "texture": "#stun_baton" },
				"north": { "uv": [ 8.25, 0, 7.75, 0.25 ], "texture": "#stun_baton" },
				"south": { "uv": [ 7.75, 0, 8.25, 0.25 ], "texture": "#stun_baton" },
				"west": { "uv": [ 7.75, 0, 8, 0.25 ], "texture": "#stun_baton" },
				"east": { "uv": [ 8.25, 0, 8, 0.25 ], "texture": "#stun_baton" }
			}
		},
		{
			"__comment": "stun_baton10",
			"from": [ 7.5, 23.5, 9 ],
			"to": [ 8.5, 24, 9.5 ],
			"faces": {
				"down": { "uv": [ 7.75, 0, 8.25, 0.25 ], "texture": "#stun_baton" },
				"up": { "uv": [ 7.75, 0.25, 8.25, 0 ], "texture": "#stun_baton" },
				"north": { "uv": [ 8.25, 0, 7.75, 0.25 ], "texture": "#stun_baton" },
				"south": { "uv": [ 7.75, 0, 8.25, 0.25 ], "texture": "#stun_baton" },
				"west": { "uv": [ 7.75, 0, 8, 0.25 ], "texture": "#stun_baton" },
				"east": { "uv": [ 8.25, 0, 8, 0.25 ], "texture": "#stun_baton" }
			}
		},
		{
			"__comment": "stun_baton11",
			"from": [ 7, -4, 7 ],
			"to": [ 9, -3.5, 9 ],
			"faces": {
				"down": { "uv": [ 7.5, 13.75, 8.5, 14 ], "texture": "#stun_baton" },
				"up": { "uv": [ 7.5, 14, 8.5, 13.75 ], "texture": "#stun_baton" },
				"north": { "uv": [ 8.5, 13.75, 7.5, 14 ], "texture": "#stun_baton" },
				"south": { "uv": [ 7.5, 13.75, 8.5, 14 ], "texture": "#stun_baton" },
				"west": { "uv": [ 7.5, 13.75, 7.75, 14 ], "texture": "#stun_baton" },
				"east": { "uv": [ 8.5, 13.75, 8.25, 14 ], "texture": "#stun_baton" }
			}
		},
		{
			"__comment": "stun_baton12",
			"from": [ 6.5, -4, 7.5 ],
			"to": [ 7, -3.5, 8.5 ],
			"faces": {
				"down": { "uv": [ 7.25, 13.75, 7.5, 14 ], "texture": "#stun_baton" },
				"up": { "uv": [ 7.25, 14, 7.5, 13.75 ], "texture": "#stun_baton" },
				"north": { "uv": [ 7.5, 13.75, 7.25, 14 ], "texture": "#stun_baton" },
				"south": { "uv": [ 7.25, 13.75, 7.5, 14 ], "texture": "#stun_baton" },
				"west": { "uv": [ 7.25, 13.75, 7.5, 14 ], "texture": "#stun_baton" },
				"east": { "uv": [ 7.5, 13.75, 7.25, 14 ], "texture": "#stun_baton" }
			}
		},
		{
			"__comment": "stun_baton13",
			"from": [ 9, -4, 7.5 ],
			"to": [ 9.5, -3.5, 8.5 ],
			"faces": {
				"down": { "uv": [ 8.5, 13.75, 8.75, 14 ], "texture": "#stun_baton" },
				"up": { "uv": [ 8.5, 14, 8.75, 13.75 ], "texture": "#stun_baton" },
				"north": { "uv": [ 8.75, 13.75, 8.5, 14 ], "texture": "#stun_baton" },
				"south": { "uv": [ 8.5, 13.75, 8.75, 14 ], "texture": "#stun_baton" },
				"west": { "uv": [ 8.5, 13.75, 8.75, 14 ], "texture": "#stun_baton" },
				"east": { "uv": [ 8.75, 13.75, 8.5, 14 ], "texture": "#stun_baton" }
			}
		},
		{
			"__comment": "stun_baton14",
			"from": [ 7.5, -4, 6.5 ],
			"to": [ 8.5, -3.5, 7 ],
			"faces": {
				"down": { "uv": [ 7.75, 13.75, 8.25, 14 ], "texture": "#stun_baton" },
				"up": { "uv": [ 7.75, 14, 8.25, 13.75 ], "texture": "#stun_baton" },
				"north": { "uv": [ 8.25, 13.75, 7.75, 14 ], "texture": "#stun_baton" },
				"south": { "uv": [ 7.75, 13.75, 8.25, 14 ], "texture": "#stun_baton" },
				"west": { "uv": [ 7.75, 13.75, 8, 14 ], "texture": "#stun_baton" },
				"east": { "uv": [ 8.25, 13.75, 8, 14 ], "texture": "#stun_baton" }
			}
		},
		{
			"__comment": "stun_baton15",
			"from": [ 7.5, -4, 9 ],
			"to": [ 8.5, -3.5, 9.5 ],
			"faces": {
				"down": { "uv": [ 7.75, 13.75, 8.25, 14 ], "texture": "#stun_baton" },
				"up": { "uv": [ 7.75, 14, 8.25, 13.75 ], "texture": "#stun_baton" },
				"north": { "uv": [ 8.25, 13.75, 7.75, 14 ], "texture": "#stun_baton" },
				"south": { "uv": [ 7.75, 13.75, 8.25, 14 ], "texture": "#stun_baton" },
				"west": { "uv": [ 7.75, 13.75, 8, 14 ], "texture": "#stun_baton" },
				"east": { "uv": [ 8.25, 13.75, 8, 14 ], "texture": "#stun_baton" }
			}
		},
		{
			"__comment": "stun_baton16",
			"from": [ 5, -0.5, 7.5 ],
			"to": [ 6.5, 7.5, 8.5 ],
			"faces": {
				"down": { "uv": [ 6.5, 12, 7.25, 12.25 ], "texture": "#stun_baton" },
				"up": { "uv": [ 6.5, 8.5, 7.25, 8.25 ], "texture": "#stun_baton" },
				"north": { "uv": [ 7.25, 8.25, 6.5, 12.25 ], "texture": "#stun_baton" },
				"south": { "uv": [ 6.5, 8.25, 7.25, 12.25 ], "texture": "#stun_baton" },
				"west": { "uv": [ 6.5, 8.25, 6.75, 12.25 ], "texture": "#stun_baton" },
				"east": { "uv": [ 7.25, 8.25, 7, 12.25 ], "texture": "#stun_baton" }
			}
		},
		{
			"__comment": "stun_baton17",
			"from": [ 5.5, -0.5, 7 ],
			"to": [ 6.5, 7.5, 7.5 ],
			"faces": {
				"down": { "uv": [ 6.75, 12, 7.25, 12.25 ], "texture": "#stun_baton" },
				"up": { "uv": [ 6.75, 8.5, 7.25, 8.25 ], "texture": "#stun_baton" },
				"north": { "uv": [ 7.25, 8.25, 6.75, 12.25 ], "texture": "#stun_baton" },
				"south": { "uv": [ 6.75, 8.25, 7.25, 12.25 ], "texture": "#stun_baton" },
				"west": { "uv": [ 6.75, 8.25, 7, 12.25 ], "texture": "#stun_baton" },
				"east": { "uv": [ 7.25, 8.25, 7, 12.25 ], "texture": "#stun_baton" }
			}
		},
		{
			"__comment": "stun_baton18",
			"from": [ 5.5, -0.5, 8.5 ],
			"to": [ 6.5, 7.5, 9 ],
			"faces": {
				"down": { "uv": [ 6.75, 12, 7.25, 12.25 ], "texture": "#stun_baton" },
				"up": { "uv": [ 6.75, 8.5, 7.25, 8.25 ], "texture": "#stun_baton" },
				"north": { "uv": [ 7.25, 8.25, 6.75, 12.25 ], "texture": "#stun_baton" },
				"south": { "uv": [ 6.75, 8.25, 7.25, 12.25 ], "texture": "#stun_baton" },
				"west": { "uv": [ 6.75, 8.25, 7, 12.25 ], "texture": "#stun_baton" },
				"east": { "uv": [ 7.25, 8.25, 7, 12.25 ], "texture": "#stun_baton" }
			}
		}
	],
	"display": {
		"thirdperson_righthand": {
			"rotation":  [ 0, -90, 0 ],
			"translation":  [ 0, 1.5, 1 ],
			"scale":  [ 0.5, 0.5, 0.5 ]
		},
		"thirdperson_lefthand": {
			"rotation":  [ -90, -180, 45 ],
			"translation":  [ -6, -6, 9 ],
			"scale":  [ 0.5, 0.5, 0.5 ]
		},
		"firstperson_righthand": {
			"rotation":  [ 0, -90, -15 ],
			"translation":  [ 0, 0, -6 ]
		},
		"firstperson_lefthand": {
			"scale":  [ 0.0001, 0.0001, 0.0001 ]
		},
		"gui": {
			"rotation":  [ 0, 0, -45 ],
			"scale":  [ 0.5, 0.5, 0.5 ]
		},
		"head": {
			"scale":  [ 0.0001, 0.0001, 0.0001 ]
		},
		"ground": {
			"rotation":  [ -90, 0, 90 ],
			"scale":  [ 0.5, 0.5, 0.5 ]
		},
		"fixed": {
			"rotation":  [ 0, 180, 0 ]
		}
	}
}