{
	"parent": "item/handheld",
	"textures": {
		"layer0": "items/wooden_hoe"
	},
		"overrides": [
				{ "predicate": {"damaged": 0, "damage": 0}, "model": "dayz/weapon/melee/combat_knife"},
				{ "predicate": {"damaged": 0, "damage": 0.0166}, "model": "dayz/weapon/melee/combat_knife"}, 
				{ "predicate": {"damaged": 0, "damage": 0.0333}, "model": "dayz/weapon/melee/stone_knife"},
				{ "predicate": {"damaged": 0, "damage": 0.0500}, "model": "dayz/weapon/melee/brass_knuckles"},
				{ "predicate": {"damaged": 0, "damage": 0.0666}, "model": "dayz/weapon/melee/hay_hook"},
				{ "predicate": {"damaged": 0, "damage": 0.0833}, "model": "dayz/weapon/melee/lug_wrench"},
				{ "predicate": {"damaged": 0, "damage": 0.1000}, "model": "dayz/weapon/melee/screw_driver"},
				{ "predicate": {"damaged": 0, "damage": 0.1166}, "model": "dayz/weapon/melee/wrench"},
				{ "predicate": {"damaged": 0, "damage": 0.1333}, "model": "dayz/weapon/melee/pipe_wrench"},
				{ "predicate": {"damaged": 0, "damage": 0.1500}, "model": "dayz/weapon/melee/hammer"},
				{ "predicate": {"damaged": 0, "damage": 0.1666}, "model": "dayz/weapon/melee/meat_tenderizer"},
				{ "predicate": {"damaged": 0, "damage": 0.1833}, "model": "dayz/weapon/melee/field_shovel"},
				{ "predicate": {"damaged": 0, "damage": 0.2000}, "model": "dayz/weapon/melee/sickle"},
				{ "predicate": {"damaged": 0, "damage": 0.2166}, "model": "dayz/weapon/melee/ice_axe"},
				{ "predicate": {"damaged": 0, "damage": 0.2333}, "model": "dayz/weapon/melee/flying_pan"},
				{ "predicate": {"damaged": 0, "damage": 0.2500}, "model": "dayz/weapon/melee/hatchet"},
				{ "predicate": {"damaged": 0, "damage": 0.2666}, "model": "dayz/weapon/melee/steak_knife"},
				{ "predicate": {"damaged": 0, "damage": 0.2833}, "model": "dayz/weapon/melee/kitchen_knife"},
				{ "predicate": {"damaged": 0, "damage": 0.3000}, "model": "dayz/weapon/melee/cleaver"},
				{ "predicate": {"damaged": 0, "damage": 0.3166}, "model": "dayz/weapon/melee/combat_knife"},
				{ "predicate": {"damaged": 0, "damage": 0.3333}, "model": "dayz/weapon/melee/hunting_knife"},
				{ "predicate": {"damaged": 0, "damage": 0.3500}, "model": "dayz/weapon/melee/stun_baton"},
				{ "predicate": {"damaged": 0, "damage": 0.3666}, "model": "dayz/weapon/melee/"},
				{ "predicate": {"damaged": 0, "damage": 0.3833}, "model": "dayz/weapon/melee/"},
				{ "predicate": {"damaged": 0, "damage": 0.4000}, "model": "dayz/weapon/melee/"},
				{ "predicate": {"damaged": 0, "damage": 0.4166}, "model": "dayz/weapon/melee/"},
				{ "predicate": {"damaged": 0, "damage": 0.4333}, "model": "dayz/weapon/melee/"},
				{ "predicate": {"damaged": 0, "damage": 0.4500}, "model": "dayz/weapon/melee/"},
				{ "predicate": {"damaged": 0, "damage": 0.4666}, "model": "dayz/weapon/melee/"},
				{ "predicate": {"damaged": 0, "damage": 0.4833}, "model": "dayz/weapon/melee/"},
				{ "predicate": {"damaged": 0, "damage": 0.5000}, "model": "dayz/weapon/melee/"},
				{ "predicate": {"damaged": 0, "damage": 0.5166}, "model": "dayz/weapon/melee/"},
				{ "predicate": {"damaged": 0, "damage": 0.5333}, "model": "dayz/weapon/melee/"},
				{ "predicate": {"damaged": 0, "damage": 0.5500}, "model": "dayz/weapon/melee/"},
				{ "predicate": {"damaged": 0, "damage": 0.5666}, "model": "dayz/weapon/melee/"},
				{ "predicate": {"damaged": 0, "damage": 0.5833}, "model": "dayz/weapon/melee/"},
				{ "predicate": {"damaged": 0, "damage": 0.6000}, "model": "dayz/weapon/melee/"},
				{ "predicate": {"damaged": 0, "damage": 0.6166}, "model": "dayz/weapon/melee/"},
				{ "predicate": {"damaged": 0, "damage": 0.6333}, "model": "dayz/weapon/melee/"},
				{ "predicate": {"damaged": 0, "damage": 0.6500}, "model": "dayz/weapon/melee/"},
				{ "predicate": {"damaged": 0, "damage": 0.6666}, "model": "dayz/weapon/melee/"},
				{ "predicate": {"damaged": 0, "damage": 0.6833}, "model": "dayz/weapon/melee/"},
				{ "predicate": {"damaged": 0, "damage": 0.7000}, "model": "dayz/weapon/melee/"},
				{ "predicate": {"damaged": 0, "damage": 0.7166}, "model": "dayz/weapon/melee/"},
				{ "predicate": {"damaged": 0, "damage": 0.7333}, "model": "dayz/weapon/melee/"},
				{ "predicate": {"damaged": 0, "damage": 0.7500}, "model": "dayz/weapon/melee/"},
				{ "predicate": {"damaged": 0, "damage": 0.7666}, "model": "dayz/weapon/melee/"},
				{ "predicate": {"damaged": 0, "damage": 0.7833}, "model": "dayz/weapon/melee/"},
				{ "predicate": {"damaged": 0, "damage": 0.8000}, "model": "dayz/weapon/melee/"},
				{ "predicate": {"damaged": 0, "damage": 0.8166}, "model": "dayz/weapon/melee/"},
				{ "predicate": {"damaged": 0, "damage": 0.8333}, "model": "dayz/weapon/melee/"},
				{ "predicate": {"damaged": 0, "damage": 0.8500}, "model": "dayz/weapon/melee/"},
				{ "predicate": {"damaged": 0, "damage": 0.8666}, "model": "dayz/weapon/melee/"},
				{ "predicate": {"damaged": 0, "damage": 0.8833}, "model": "dayz/weapon/melee/"},
				{ "predicate": {"damaged": 0, "damage": 0.9000}, "model": "dayz/weapon/melee/"},
				{ "predicate": {"damaged": 0, "damage": 0.9166}, "model": "dayz/weapon/melee/"},
				{ "predicate": {"damaged": 0, "damage": 0.9333}, "model": "dayz/weapon/melee/"},
				{ "predicate": {"damaged": 0, "damage": 0.9500}, "model": "dayz/weapon/melee/"},
				{ "predicate": {"damaged": 0, "damage": 0.9666}, "model": "dayz/weapon/melee/"},
				{ "predicate": {"damaged": 0, "damage": 0.9833}, "model": "dayz/weapon/melee/"}
		]
}