{
	"__comment": "Designed by Optimus0812 with BDcraft Cubik PRO 0.96 Beta - http://bdcraft.net",
	"textures": {
		"b95": "dayz/weapon/gun/rifle/b95",
		"attachments": "dayz/weapon/gun/attachment/attachments"
	},
	"elements": [ 	 
		{
			"__comment": "scope15",
			"from": [ 7.5, 11, 4 ],
			"to": [ 8.5, 11.5, 7 ],
			"faces": {
				"down": { "uv": [ 0, 0, 3, 0.5 ], "texture": "#attachments", "rotation": 270 },
				"up": { "uv": [ 0, 0.5, 3, 0 ], "texture": "#attachments", "rotation": 90 },
				"north": { "uv": [ 0, 0, 0.5, 0.5 ], "texture": "#attachments" },
				"south": { "uv": [ 3, 0, 2.5, 0.5 ], "texture": "#attachments" },
				"west": { "uv": [ 0, 0, 3, 0.5 ], "texture": "#attachments" },
				"east": { "uv": [ 3, 0, 0, 0.5 ], "texture": "#attachments" }
			}
		},
		{
			"__comment": "scope12",
			"from": [ 7.5, 9.5, 4 ],
			"to": [ 8.5, 10, 7 ],
			"faces": {
				"down": { "uv": [ 0, 1.5, 3, 2 ], "texture": "#attachments", "rotation": 270 },
				"up": { "uv": [ 0, 2, 3, 1.5 ], "texture": "#attachments", "rotation": 90 },
				"north": { "uv": [ 0, 1.5, 0.5, 2 ], "texture": "#attachments" },
				"south": { "uv": [ 3, 1.5, 2.5, 2 ], "texture": "#attachments" },
				"west": { "uv": [ 0, 1.5, 3, 2 ], "texture": "#attachments" },
				"east": { "uv": [ 3, 1.5, 0, 2 ], "texture": "#attachments" }
			}
		},
		{
			"__comment": "scope16",
			"from": [ 7.5, 11, 11 ],
			"to": [ 8.5, 11.5, 13 ],
			"faces": {
				"down": { "uv": [ 7, 0, 9, 0.5 ], "texture": "#attachments", "rotation": 270 },
				"up": { "uv": [ 7, 0.5, 9, 0 ], "texture": "#attachments", "rotation": 90 },
				"north": { "uv": [ 7, 0, 7.5, 0.5 ], "texture": "#attachments" },
				"south": { "uv": [ 9, 0, 8.5, 0.5 ], "texture": "#attachments" },
				"west": { "uv": [ 7, 0, 9, 0.5 ], "texture": "#attachments" },
				"east": { "uv": [ 9, 0, 7, 0.5 ], "texture": "#attachments" }
			}
		},
		{
			"__comment": "scope",
			"from": [ 7.5, 9.5, 11 ],
			"to": [ 8.5, 10, 13 ],
			"faces": {
				"down": { "uv": [ 7, 1.5, 9, 2 ], "texture": "#attachments", "rotation": 270 },
				"up": { "uv": [ 7, 2, 9, 1.5 ], "texture": "#attachments", "rotation": 90 },
				"north": { "uv": [ 7, 1.5, 7.5, 2 ], "texture": "#attachments" },
				"south": { "uv": [ 9, 1.5, 8.5, 2 ], "texture": "#attachments" },
				"west": { "uv": [ 7, 1.5, 9, 2 ], "texture": "#attachments" },
				"east": { "uv": [ 9, 1.5, 7, 2 ], "texture": "#attachments" }
			}
		},
		{
			"__comment": "scope1",
			"from": [ 7.5, 10, 7 ],
			"to": [ 8.5, 11, 11 ],
			"faces": {
				"down": { "uv": [ 3, 1, 7, 1.5 ], "texture": "#attachments", "rotation": 270 },
				"up": { "uv": [ 3, 1, 7, 0.5 ], "texture": "#attachments", "rotation": 90 },
				"north": { "uv": [ 3, 0.5, 3.5, 1.5 ], "texture": "#attachments" },
				"south": { "uv": [ 7, 0.5, 6.5, 1.5 ], "texture": "#attachments" },
				"west": { "uv": [ 3, 0.5, 7, 1.5 ], "texture": "#attachments" },
				"east": { "uv": [ 7, 0.5, 3, 1.5 ], "texture": "#attachments" }
			}
		},
		{
			"__comment": "scope17",
			"from": [ 7.5, 11, 8.5 ],
			"to": [ 8.5, 11.5, 9.5 ],
			"faces": {
				"down": { "uv": [ 4.5, 0, 5.5, 0.5 ], "texture": "#attachments", "rotation": 270 },
				"up": { "uv": [ 4.5, 0.5, 5.5, 0 ], "texture": "#attachments", "rotation": 90 },
				"north": { "uv": [ 4.5, 0, 5, 0.5 ], "texture": "#attachments" },
				"south": { "uv": [ 5.5, 0, 5, 0.5 ], "texture": "#attachments" },
				"west": { "uv": [ 4.5, 0, 5.5, 0.5 ], "texture": "#attachments" },
				"east": { "uv": [ 5.5, 0, 4.5, 0.5 ], "texture": "#attachments" }
			}
		},
		{
			"__comment": "scope2",
			"from": [ 7, 10, 8.5 ],
			"to": [ 7.5, 11, 9.5 ],
			"faces": {
				"down": { "uv": [ 4.5, 1, 5.5, 1.5 ], "texture": "#attachments", "rotation": 270 },
				"up": { "uv": [ 4.5, 1, 5.5, 0.5 ], "texture": "#attachments", "rotation": 90 },
				"north": { "uv": [ 4.5, 0.5, 5, 1.5 ], "texture": "#attachments" },
				"south": { "uv": [ 5.5, 0.5, 5, 1.5 ], "texture": "#attachments" },
				"west": { "uv": [ 4.5, 0.5, 5.5, 1.5 ], "texture": "#attachments" },
				"east": { "uv": [ 5.5, 0.5, 4.5, 1.5 ], "texture": "#attachments" }
			}
		},
		{
			"__comment": "scope13",
			"from": [ 7, 10, 4 ],
			"to": [ 7.5, 11, 7 ],
			"faces": {
				"down": { "uv": [ 0, 1, 3, 1.5 ], "texture": "#attachments", "rotation": 270 },
				"up": { "uv": [ 0, 1, 3, 0.5 ], "texture": "#attachments", "rotation": 90 },
				"north": { "uv": [ 0, 0.5, 0.5, 1.5 ], "texture": "#attachments" },
				"south": { "uv": [ 3, 0.5, 2.5, 1.5 ], "texture": "#attachments" },
				"west": { "uv": [ 0, 0.5, 3, 1.5 ], "texture": "#attachments" },
				"east": { "uv": [ 3, 0.5, 0, 1.5 ], "texture": "#attachments" }
			}
		},
		{
			"__comment": "scope3",
			"from": [ 7, 10, 11 ],
			"to": [ 7.5, 11, 13 ],
			"faces": {
				"down": { "uv": [ 7, 1, 9, 1.5 ], "texture": "#attachments", "rotation": 270 },
				"up": { "uv": [ 7, 1, 9, 0.5 ], "texture": "#attachments", "rotation": 90 },
				"north": { "uv": [ 7, 0.5, 7.5, 1.5 ], "texture": "#attachments" },
				"south": { "uv": [ 9, 0.5, 8.5, 1.5 ], "texture": "#attachments" },
				"west": { "uv": [ 7, 0.5, 9, 1.5 ], "texture": "#attachments" },
				"east": { "uv": [ 9, 0.5, 7, 1.5 ], "texture": "#attachments" }
			}
		},
		{
			"__comment": "scope4",
			"from": [ 8.5, 10, 11 ],
			"to": [ 9, 11, 13 ],
			"faces": {
				"down": { "uv": [ 7, 1, 9, 1.5 ], "texture": "#attachments", "rotation": 270 },
				"up": { "uv": [ 7, 1, 9, 0.5 ], "texture": "#attachments", "rotation": 90 },
				"north": { "uv": [ 7, 0.5, 7.5, 1.5 ], "texture": "#attachments" },
				"south": { "uv": [ 9, 0.5, 8.5, 1.5 ], "texture": "#attachments" },
				"west": { "uv": [ 7, 0.5, 9, 1.5 ], "texture": "#attachments" },
				"east": { "uv": [ 9, 0.5, 7, 1.5 ], "texture": "#attachments" }
			}
		},
		{
			"__comment": "scope14",
			"from": [ 8.5, 10, 4 ],
			"to": [ 9, 11, 7 ],
			"faces": {
				"down": { "uv": [ 0, 1, 3, 1.5 ], "texture": "#attachments", "rotation": 270 },
				"up": { "uv": [ 0, 1, 3, 0.5 ], "texture": "#attachments", "rotation": 90 },
				"north": { "uv": [ 0, 0.5, 0.5, 1.5 ], "texture": "#attachments" },
				"south": { "uv": [ 3, 0.5, 2.5, 1.5 ], "texture": "#attachments" },
				"west": { "uv": [ 0, 0.5, 3, 1.5 ], "texture": "#attachments" },
				"east": { "uv": [ 3, 0.5, 0, 1.5 ], "texture": "#attachments" }
			}
		},
		{
			"__comment": "scope5",
			"from": [ 8.5, 10, 8.5 ],
			"to": [ 9, 11, 9.5 ],
			"faces": {
				"down": { "uv": [ 4.5, 1, 5.5, 1.5 ], "texture": "#attachments", "rotation": 270 },
				"up": { "uv": [ 4.5, 1, 5.5, 0.5 ], "texture": "#attachments", "rotation": 90 },
				"north": { "uv": [ 4.5, 0.5, 5, 1.5 ], "texture": "#attachments" },
				"south": { "uv": [ 5.5, 0.5, 5, 1.5 ], "texture": "#attachments" },
				"west": { "uv": [ 4.5, 0.5, 5.5, 1.5 ], "texture": "#attachments" },
				"east": { "uv": [ 5.5, 0.5, 4.5, 1.5 ], "texture": "#attachments" }
			}
		},
		{
			"__comment": "scope6",
			"from": [ 7, 10, 8.5 ],
			"to": [ 7.5, 11, 9.5 ],
			"faces": {
				"down": { "uv": [ 4.5, 1, 5.5, 1.5 ], "texture": "#attachments", "rotation": 270 },
				"up": { "uv": [ 4.5, 1, 5.5, 0.5 ], "texture": "#attachments", "rotation": 90 },
				"north": { "uv": [ 4.5, 0.5, 5, 1.5 ], "texture": "#attachments" },
				"south": { "uv": [ 5.5, 0.5, 5, 1.5 ], "texture": "#attachments" },
				"west": { "uv": [ 4.5, 0.5, 5.5, 1.5 ], "texture": "#attachments" },
				"east": { "uv": [ 5.5, 0.5, 4.5, 1.5 ], "texture": "#attachments" }
			}
		},
		{
			"__comment": "scope7",
			"from": [ 7.5, 9.5, 8.5 ],
			"to": [ 8.5, 10, 9.5 ],
			"faces": {
				"down": { "uv": [ 4.5, 1.5, 5.5, 2 ], "texture": "#attachments", "rotation": 270 },
				"up": { "uv": [ 4.5, 2, 5.5, 1.5 ], "texture": "#attachments", "rotation": 90 },
				"north": { "uv": [ 4.5, 1.5, 5, 2 ], "texture": "#attachments" },
				"south": { "uv": [ 5.5, 1.5, 5, 2 ], "texture": "#attachments" },
				"west": { "uv": [ 4.5, 1.5, 5.5, 2 ], "texture": "#attachments" },
				"east": { "uv": [ 5.5, 1.5, 4.5, 2 ], "texture": "#attachments" }
			}
		},
		{
			"__comment": "scope8",
			"from": [ 7, 8.5, 7.5 ],
			"to": [ 7.5, 10.5, 8.5 ],
			"faces": {
				"down": { "uv": [ 3.5, 2.5, 4.5, 3 ], "texture": "#attachments", "rotation": 270 },
				"up": { "uv": [ 3.5, 1.5, 4.5, 1 ], "texture": "#attachments", "rotation": 90 },
				"north": { "uv": [ 3.5, 1, 4, 3 ], "texture": "#attachments" },
				"south": { "uv": [ 4.5, 1, 4, 3 ], "texture": "#attachments" },
				"west": { "uv": [ 3.5, 1, 4.5, 3 ], "texture": "#attachments" },
				"east": { "uv": [ 4.5, 1, 3.5, 3 ], "texture": "#attachments" }
			}
		},
		{
			"__comment": "scope9",
			"from": [ 7, 8.5, 9.5 ],
			"to": [ 7.5, 10.5, 10.5 ],
			"faces": {
				"down": { "uv": [ 5.5, 2.5, 6.5, 3 ], "texture": "#attachments", "rotation": 270 },
				"up": { "uv": [ 5.5, 1.5, 6.5, 1 ], "texture": "#attachments", "rotation": 90 },
				"north": { "uv": [ 5.5, 1, 6, 3 ], "texture": "#attachments" },
				"south": { "uv": [ 6.5, 1, 6, 3 ], "texture": "#attachments" },
				"west": { "uv": [ 5.5, 1, 6.5, 3 ], "texture": "#attachments" },
				"east": { "uv": [ 6.5, 1, 5.5, 3 ], "texture": "#attachments" }
			}
		},
		{
			"__comment": "scope10",
			"from": [ 8.5, 8.5, 7.5 ],
			"to": [ 9, 10.5, 8.5 ],
			"faces": {
				"down": { "uv": [ 3.5, 2.5, 4.5, 3 ], "texture": "#attachments", "rotation": 270 },
				"up": { "uv": [ 3.5, 1.5, 4.5, 1 ], "texture": "#attachments", "rotation": 90 },
				"north": { "uv": [ 3.5, 1, 4, 3 ], "texture": "#attachments" },
				"south": { "uv": [ 4.5, 1, 4, 3 ], "texture": "#attachments" },
				"west": { "uv": [ 3.5, 1, 4.5, 3 ], "texture": "#attachments" },
				"east": { "uv": [ 4.5, 1, 3.5, 3 ], "texture": "#attachments" }
			}
		},
		{
			"__comment": "scope11",
			"from": [ 8.5, 8.5, 9.5 ],
			"to": [ 9, 10.5, 10.5 ],
			"faces": {
				"down": { "uv": [ 5.5, 2.5, 6.5, 3 ], "texture": "#attachments", "rotation": 270 },
				"up": { "uv": [ 5.5, 1.5, 6.5, 1 ], "texture": "#attachments", "rotation": 90 },
				"north": { "uv": [ 5.5, 1, 6, 3 ], "texture": "#attachments" },
				"south": { "uv": [ 6.5, 1, 6, 3 ], "texture": "#attachments" },
				"west": { "uv": [ 5.5, 1, 6.5, 3 ], "texture": "#attachments" },
				"east": { "uv": [ 6.5, 1, 5.5, 3 ], "texture": "#attachments" }
			}
		},
		{
			"__comment": "scope16",
			"from": [ 7.5, 10, 12 ],
			"to": [ 8.5, 11, 12.5 ],
			"faces": {
				"down": { "uv": [ 6.5, 1.5, 7, 2 ], "texture": "#attachments", "rotation": 270 },
				"up": { "uv": [ 6.5, 2, 7, 1.5 ], "texture": "#attachments", "rotation": 90 },
				"north": { "uv": [ 6.5, 1.5, 7, 2 ], "texture": "#attachments" },
				"south": { "uv": [ 7, 1.5, 6.5, 2 ], "texture": "#attachments" },
				"west": { "uv": [ 6.5, 1.5, 7, 2 ], "texture": "#attachments" },
				"east": { "uv": [ 7, 1.5, 6.5, 2 ], "texture": "#attachments" }
			}
		},
		{
			"__comment": "scope16",
			"from": [ 7.5, 10, 4.5 ],
			"to": [ 8.5, 11, 5 ],
			"faces": {
				"down": { "uv": [ 6.5, 1.5, 7, 2 ], "texture": "#attachments", "rotation": 270 },
				"up": { "uv": [ 6.5, 2, 7, 1.5 ], "texture": "#attachments", "rotation": 90 },
				"north": { "uv": [ 6.5, 1.5, 7, 2 ], "texture": "#attachments" },
				"south": { "uv": [ 7, 1.5, 6.5, 2 ], "texture": "#attachments" },
				"west": { "uv": [ 6.5, 1.5, 7, 2 ], "texture": "#attachments" },
				"east": { "uv": [ 7, 1.5, 6.5, 2 ], "texture": "#attachments" }
			}
		},
		{
			"__comment": "b95",
			"from": [ 7.5, 5.5, 10 ],
			"to": [ 8.5, 6, 11 ],
			"faces": {
				"down": { "uv": [ 9, 9, 9.5, 9.25 ], "texture": "#b95", "rotation": 270 },
				"north": { "uv": [ 9, 9, 9.25, 9.25 ], "texture": "#b95" },
				"south": { "uv": [ 9.5, 9, 9.25, 9.25 ], "texture": "#b95" },
				"west": { "uv": [ 9, 9, 9.5, 9.25 ], "texture": "#b95" },
				"east": { "uv": [ 9.5, 9, 9, 9.25 ], "texture": "#b95" }
			}
		},
		{
			"__comment": "b951",
			"from": [ 7.5, 4.5, 10.5 ],
			"to": [ 8.5, 5.5, 11 ],
			"faces": {
				"down": { "uv": [ 9.25, 9.5, 9.5, 9.75 ], "texture": "#b95", "rotation": 270 },
				"north": { "uv": [ 9.25, 9.25, 9.5, 9.75 ], "texture": "#b95" },
				"south": { "uv": [ 9.5, 9.25, 9.25, 9.75 ], "texture": "#b95" },
				"west": { "uv": [ 9.25, 9.25, 9.5, 9.75 ], "texture": "#b95" },
				"east": { "uv": [ 9.5, 9.25, 9.25, 9.75 ], "texture": "#b95" }
			}
		},
		{
			"__comment": "b952",
			"from": [ 7.5, 4, 11 ],
			"to": [ 8.5, 4.5, 13 ],
			"faces": {
				"down": { "uv": [ 9.5, 9.75, 10.5, 10 ], "texture": "#b95", "rotation": 270 },
				"up": { "uv": [ 9.5, 10, 10.5, 9.75 ], "texture": "#b95", "rotation": 90 },
				"north": { "uv": [ 9.5, 9.75, 9.75, 10 ], "texture": "#b95" },
				"south": { "uv": [ 10.5, 9.75, 10.25, 10 ], "texture": "#b95" },
				"west": { "uv": [ 9.5, 9.75, 10.5, 10 ], "texture": "#b95" },
				"east": { "uv": [ 10.5, 9.75, 9.5, 10 ], "texture": "#b95" }
			}
		},
		{
			"__comment": "b953",
			"from": [ 7.5, 4.5, 13 ],
			"to": [ 8.5, 6, 13.5 ],
			"faces": {
				"down": { "uv": [ 10.5, 9.5, 10.75, 9.75 ], "texture": "#b95", "rotation": 270 },
				"north": { "uv": [ 10.5, 9, 10.75, 9.75 ], "texture": "#b95" },
				"south": { "uv": [ 10.75, 9, 10.5, 9.75 ], "texture": "#b95" },
				"west": { "uv": [ 10.5, 9, 10.75, 9.75 ], "texture": "#b95" },
				"east": { "uv": [ 10.75, 9, 10.5, 9.75 ], "texture": "#b95" }
			}
		},
		{
			"__comment": "b954",
			"from": [ 7.5, 5, 11.5 ],
			"to": [ 8.5, 6, 12 ],
			"faces": {
				"down": { "uv": [ 9.75, 9.25, 10, 9.5 ], "texture": "#b95", "rotation": 270 },
				"north": { "uv": [ 9.75, 9, 10, 9.5 ], "texture": "#b95" },
				"west": { "uv": [ 9.75, 9, 10, 9.5 ], "texture": "#b95" },
				"east": { "uv": [ 10, 9, 9.75, 9.5 ], "texture": "#b95" }
			}
		},
		{
			"__comment": "b955",
			"from": [ 7, 6.5, 13 ],
			"to": [ 9, 8, 14 ],
			"faces": {
				"down": { "uv": [ 10.5, 8.5, 11, 8.75 ], "texture": "#b95", "rotation": 270 },
				"up": { "uv": [ 10.5, 8.25, 11, 8 ], "texture": "#b95", "rotation": 90 },
				"north": { "uv": [ 10.5, 8, 10.75, 8.75 ], "texture": "#b95" },
				"south": { "uv": [ 11, 8, 10.75, 8.75 ], "texture": "#b95" },
				"west": { "uv": [ 10.5, 8, 11, 8.75 ], "texture": "#b95" },
				"east": { "uv": [ 11, 8, 10.5, 8.75 ], "texture": "#b95" }
			}
		},
		{
			"__comment": "b956",
			"from": [ 7, 6.5, 12.5 ],
			"to": [ 9, 7, 13 ],
			"faces": {
				"down": { "uv": [ 10.25, 8.5, 10.5, 8.75 ], "texture": "#b95", "rotation": 270 },
				"west": { "uv": [ 10.25, 8.5, 10.5, 8.75 ], "texture": "#b95" },
				"east": { "uv": [ 10.5, 8.5, 10.25, 8.75 ], "texture": "#b95" }
			}
		},
		{
			"__comment": "b957",
			"from": [ 7.5, 7.5, 14 ],
			"to": [ 8.5, 8, 15 ],
			"faces": {
				"down": { "uv": [ 11, 8, 11.5, 8.25 ], "texture": "#b95", "rotation": 270 },
				"up": { "uv": [ 11, 8.25, 11.5, 8 ], "texture": "#b95", "rotation": 90 },
				"south": { "uv": [ 11.5, 8, 11.25, 8.25 ], "texture": "#b95" },
				"west": { "uv": [ 11, 8, 11.5, 8.25 ], "texture": "#b95" },
				"east": { "uv": [ 11.5, 8, 11, 8.25 ], "texture": "#b95" }
			}
		},
		{
			"__comment": "b958",
			"from": [ 7.5, 7, 15 ],
			"to": [ 8.5, 7.5, 16 ],
			"faces": {
				"down": { "uv": [ 11.5, 8.25, 12, 8.5 ], "texture": "#b95", "rotation": 270 },
				"up": { "uv": [ 11.5, 8.5, 12, 8.25 ], "texture": "#b95", "rotation": 90 },
				"south": { "uv": [ 12, 8.25, 11.75, 8.5 ], "texture": "#b95" },
				"west": { "uv": [ 11.5, 8.25, 12, 8.5 ], "texture": "#b95" },
				"east": { "uv": [ 12, 8.25, 11.5, 8.5 ], "texture": "#b95" }
			}
		},
		{
			"__comment": "b959",
			"from": [ 7.5, 6.5, 16 ],
			"to": [ 8.5, 7, 17 ],
			"faces": {
				"up": { "uv": [ 12, 8.75, 12.5, 8.5 ], "texture": "#b95", "rotation": 90 },
				"west": { "uv": [ 12, 8.5, 12.5, 8.75 ], "texture": "#b95" },
				"east": { "uv": [ 12.5, 8.5, 12, 8.75 ], "texture": "#b95" }
			}
		},
		{
			"__comment": "b9510",
			"from": [ 7.5, 7, 17 ],
			"to": [ 8.5, 7.5, 19 ],
			"faces": {
				"down": { "uv": [ 12.5, 8.25, 13.5, 8.5 ], "texture": "#b95", "rotation": 270 },
				"up": { "uv": [ 12.5, 8.5, 13.5, 8.25 ], "texture": "#b95", "rotation": 90 },
				"north": { "uv": [ 12.5, 8.25, 12.75, 8.5 ], "texture": "#b95" },
				"south": { "uv": [ 13.5, 8.25, 13.25, 8.5 ], "texture": "#b95" },
				"west": { "uv": [ 12.5, 8.25, 13.5, 8.5 ], "texture": "#b95" },
				"east": { "uv": [ 13.5, 8.25, 12.5, 8.5 ], "texture": "#b95" }
			}
		},
		{
			"__comment": "b9511",
			"from": [ 7.5, 6.5, 19 ],
			"to": [ 8.5, 7, 21 ],
			"faces": {
				"down": { "uv": [ 13.5, 8.5, 14.5, 8.75 ], "texture": "#b95", "rotation": 270 },
				"up": { "uv": [ 13.5, 8.75, 14.5, 8.5 ], "texture": "#b95", "rotation": 90 },
				"south": { "uv": [ 14.5, 8.5, 14.25, 8.75 ], "texture": "#b95" },
				"west": { "uv": [ 13.5, 8.5, 14.5, 8.75 ], "texture": "#b95" },
				"east": { "uv": [ 14.5, 8.5, 13.5, 8.75 ], "texture": "#b95" }
			}
		},
		{
			"__comment": "b9512",
			"from": [ 7.5, 6, 21 ],
			"to": [ 8.5, 6.5, 23 ],
			"faces": {
				"down": { "uv": [ 14.5, 8.75, 15.5, 9 ], "texture": "#b95", "rotation": 270 },
				"up": { "uv": [ 14.5, 9, 15.5, 8.75 ], "texture": "#b95", "rotation": 90 },
				"south": { "uv": [ 15.5, 8.75, 15.25, 9 ], "texture": "#b95" },
				"west": { "uv": [ 14.5, 8.75, 15.5, 9 ], "texture": "#b95" },
				"east": { "uv": [ 15.5, 8.75, 14.5, 9 ], "texture": "#b95" }
			}
		},
		{
			"__comment": "b9513",
			"from": [ 7.5, 5.5, 23 ],
			"to": [ 8.5, 6, 24 ],
			"faces": {
				"down": { "uv": [ 15.5, 9, 16, 9.25 ], "texture": "#b95", "rotation": 270 },
				"up": { "uv": [ 15.5, 9.25, 16, 9 ], "texture": "#b95", "rotation": 90 },
				"south": { "uv": [ 16, 9, 15.75, 9.25 ], "texture": "#b95" },
				"west": { "uv": [ 15.5, 9, 16, 9.25 ], "texture": "#b95" },
				"east": { "uv": [ 16, 9, 15.5, 9.25 ], "texture": "#b95" }
			}
		},
		{
			"__comment": "b9514",
			"from": [ 7.5, 1.5, 23.5 ],
			"to": [ 8.5, 5.5, 24 ],
			"faces": {
				"south": { "uv": [ 16, 9.25, 15.75, 11.25 ], "texture": "#b95" },
				"west": { "uv": [ 15.75, 9.25, 16, 11.25 ], "texture": "#b95" },
				"east": { "uv": [ 16, 9.25, 15.75, 11.25 ], "texture": "#b95" }
			}
		},
		{
			"__comment": "b9515",
			"from": [ 7.5, 6, 14 ],
			"to": [ 8.5, 6.5, 14.5 ],
			"faces": {
				"down": { "uv": [ 11, 8.75, 11.25, 9 ], "texture": "#b95", "rotation": 270 },
				"up": { "uv": [ 11, 9, 11.25, 8.75 ], "texture": "#b95", "rotation": 90 },
				"west": { "uv": [ 11, 8.75, 11.25, 9 ], "texture": "#b95" },
				"east": { "uv": [ 11.25, 8.75, 11, 9 ], "texture": "#b95" }
			}
		},
		{
			"__comment": "b9516",
			"from": [ 7.5, 5.5, 15 ],
			"to": [ 8.5, 6, 15.5 ],
			"faces": {
				"down": { "uv": [ 11.5, 9, 11.75, 9.25 ], "texture": "#b95", "rotation": 270 },
				"north": { "uv": [ 11.5, 9, 11.75, 9.25 ], "texture": "#b95" },
				"west": { "uv": [ 11.5, 9, 11.75, 9.25 ], "texture": "#b95" },
				"east": { "uv": [ 11.75, 9, 11.5, 9.25 ], "texture": "#b95" }
			}
		},
		{
			"__comment": "b9517",
			"from": [ 7.5, 4.5, 15.5 ],
			"to": [ 8.5, 5, 16 ],
			"faces": {
				"down": { "uv": [ 11.75, 9.5, 12, 9.75 ], "texture": "#b95", "rotation": 270 },
				"north": { "uv": [ 11.75, 9.5, 12, 9.75 ], "texture": "#b95" },
				"west": { "uv": [ 11.75, 9.5, 12, 9.75 ], "texture": "#b95" },
				"east": { "uv": [ 12, 9.5, 11.75, 9.75 ], "texture": "#b95" }
			}
		},
		{
			"__comment": "b9518",
			"from": [ 7.5, 3.5, 16 ],
			"to": [ 8.5, 4, 17.5 ],
			"faces": {
				"down": { "uv": [ 12, 10, 12.75, 10.25 ], "texture": "#b95", "rotation": 270 },
				"north": { "uv": [ 12, 10, 12.25, 10.25 ], "texture": "#b95" },
				"south": { "uv": [ 12.75, 10, 12.5, 10.25 ], "texture": "#b95" },
				"west": { "uv": [ 12, 10, 12.75, 10.25 ], "texture": "#b95" },
				"east": { "uv": [ 12.75, 10, 12, 10.25 ], "texture": "#b95" }
			}
		},
		{
			"__comment": "b9519",
			"from": [ 7.5, 4, 17.5 ],
			"to": [ 8.5, 4.5, 18 ],
			"faces": {
				"down": { "uv": [ 12.75, 9.75, 13, 10 ], "texture": "#b95", "rotation": 270 },
				"west": { "uv": [ 12.75, 9.75, 13, 10 ], "texture": "#b95" },
				"east": { "uv": [ 13, 9.75, 12.75, 10 ], "texture": "#b95" }
			}
		},
		{
			"__comment": "b9520",
			"from": [ 7.5, 3.5, 18 ],
			"to": [ 8.5, 4, 19 ],
			"faces": {
				"down": { "uv": [ 13, 10, 13.5, 10.25 ], "texture": "#b95", "rotation": 270 },
				"north": { "uv": [ 13, 10, 13.25, 10.25 ], "texture": "#b95" },
				"west": { "uv": [ 13, 10, 13.5, 10.25 ], "texture": "#b95" },
				"east": { "uv": [ 13.5, 10, 13, 10.25 ], "texture": "#b95" }
			}
		},
		{
			"__comment": "b9521",
			"from": [ 7.5, 3, 19 ],
			"to": [ 8.5, 3.5, 20 ],
			"faces": {
				"down": { "uv": [ 13.5, 10.25, 14, 10.5 ], "texture": "#b95", "rotation": 270 },
				"north": { "uv": [ 13.5, 10.25, 13.75, 10.5 ], "texture": "#b95" },
				"west": { "uv": [ 13.5, 10.25, 14, 10.5 ], "texture": "#b95" },
				"east": { "uv": [ 14, 10.25, 13.5, 10.5 ], "texture": "#b95" }
			}
		},
		{
			"__comment": "b9522",
			"from": [ 7.5, 2.5, 20 ],
			"to": [ 8.5, 3, 21 ],
			"faces": {
				"down": { "uv": [ 14, 10.5, 14.5, 10.75 ], "texture": "#b95", "rotation": 270 },
				"north": { "uv": [ 14, 10.5, 14.25, 10.75 ], "texture": "#b95" },
				"west": { "uv": [ 14, 10.5, 14.5, 10.75 ], "texture": "#b95" },
				"east": { "uv": [ 14.5, 10.5, 14, 10.75 ], "texture": "#b95" }
			}
		},
		{
			"__comment": "b9523",
			"from": [ 7.5, 2, 21 ],
			"to": [ 8.5, 2.5, 22 ],
			"faces": {
				"down": { "uv": [ 14.5, 10.75, 15, 11 ], "texture": "#b95", "rotation": 270 },
				"north": { "uv": [ 14.5, 10.75, 14.75, 11 ], "texture": "#b95" },
				"west": { "uv": [ 14.5, 10.75, 15, 11 ], "texture": "#b95" },
				"east": { "uv": [ 15, 10.75, 14.5, 11 ], "texture": "#b95" }
			}
		},
		{
			"__comment": "b9524",
			"from": [ 7.5, 1.5, 22 ],
			"to": [ 8.5, 2, 23 ],
			"faces": {
				"down": { "uv": [ 15, 11, 15.5, 11.25 ], "texture": "#b95", "rotation": 270 },
				"north": { "uv": [ 15, 11, 15.25, 11.25 ], "texture": "#b95" },
				"west": { "uv": [ 15, 11, 15.5, 11.25 ], "texture": "#b95" },
				"east": { "uv": [ 15.5, 11, 15, 11.25 ], "texture": "#b95" }
			}
		},
		{
			"__comment": "b9525",
			"from": [ 7.5, 1, 23 ],
			"to": [ 8.5, 1.5, 24 ],
			"faces": {
				"down": { "uv": [ 15.5, 11.25, 16, 11.5 ], "texture": "#b95", "rotation": 270 },
				"up": { "uv": [ 15.5, 11.5, 16, 11.25 ], "texture": "#b95", "rotation": 90 },
				"north": { "uv": [ 15.5, 11.25, 15.75, 11.5 ], "texture": "#b95" },
				"south": { "uv": [ 16, 11.25, 15.75, 11.5 ], "texture": "#b95" },
				"west": { "uv": [ 15.5, 11.25, 16, 11.5 ], "texture": "#b95" },
				"east": { "uv": [ 16, 11.25, 15.5, 11.5 ], "texture": "#b95" }
			}
		},
		{
			"__comment": "b9526",
			"from": [ 7, 6.5, 14 ],
			"to": [ 9, 7.5, 14.5 ],
			"faces": {
				"down": { "uv": [ 11, 8.5, 11.25, 8.75 ], "texture": "#b95", "rotation": 270 },
				"up": { "uv": [ 11, 8.5, 11.25, 8.25 ], "texture": "#b95", "rotation": 90 },
				"west": { "uv": [ 11, 8.25, 11.25, 8.75 ], "texture": "#b95" },
				"east": { "uv": [ 11.25, 8.25, 11, 8.75 ], "texture": "#b95" }
			}
		},
		{
			"__comment": "b9527",
			"from": [ 7, 6.5, 14.5 ],
			"to": [ 9, 7.5, 15 ],
			"faces": {
				"down": { "uv": [ 11.25, 8.5, 11.5, 8.75 ], "texture": "#b95", "rotation": 270 },
				"up": { "uv": [ 11.25, 8.5, 11.5, 8.25 ], "texture": "#b95", "rotation": 90 },
				"north": { "uv": [ 11.25, 8.25, 11.5, 8.75 ], "texture": "#b95" },
				"south": { "uv": [ 11.5, 8.25, 11.25, 8.75 ], "texture": "#b95" },
				"west": { "uv": [ 11.25, 8.25, 11.5, 8.75 ], "texture": "#b95" },
				"east": { "uv": [ 11.5, 8.25, 11.25, 8.75 ], "texture": "#b95" }
			}
		},
		{
			"__comment": "b9528",
			"from": [ 7, 6, 15 ],
			"to": [ 9, 7, 15.5 ],
			"faces": {
				"down": { "uv": [ 11.5, 8.75, 11.75, 9 ], "texture": "#b95", "rotation": 270 },
				"up": { "uv": [ 11.5, 8.75, 11.75, 8.5 ], "texture": "#b95", "rotation": 90 },
				"north": { "uv": [ 11.5, 8.5, 11.75, 9 ], "texture": "#b95" },
				"west": { "uv": [ 11.5, 8.5, 11.75, 9 ], "texture": "#b95" },
				"east": { "uv": [ 11.75, 8.5, 11.5, 9 ], "texture": "#b95" }
			}
		},
		{
			"__comment": "b9529",
			"from": [ 7, 5, 15.5 ],
			"to": [ 9, 7, 16 ],
			"faces": {
				"down": { "uv": [ 11.75, 9.25, 12, 9.5 ], "texture": "#b95", "rotation": 270 },
				"up": { "uv": [ 11.75, 8.75, 12, 8.5 ], "texture": "#b95", "rotation": 90 },
				"north": { "uv": [ 11.75, 8.5, 12, 9.5 ], "texture": "#b95" },
				"south": { "uv": [ 12, 8.5, 11.75, 9.5 ], "texture": "#b95" },
				"west": { "uv": [ 11.75, 8.5, 12, 9.5 ], "texture": "#b95" },
				"east": { "uv": [ 12, 8.5, 11.75, 9.5 ], "texture": "#b95" }
			}
		},
		{
			"__comment": "b9530",
			"from": [ 7, 4, 16.5 ],
			"to": [ 9, 6.5, 17 ],
			"faces": {
				"down": { "uv": [ 12.25, 9.75, 12.5, 10 ], "texture": "#b95", "rotation": 270 },
				"up": { "uv": [ 12.25, 9, 12.5, 8.75 ], "texture": "#b95", "rotation": 90 },
				"north": { "uv": [ 12.25, 8.75, 12.5, 10 ], "texture": "#b95" },
				"south": { "uv": [ 12.5, 8.75, 12.25, 10 ], "texture": "#b95" },
				"west": { "uv": [ 12.25, 8.75, 12.5, 10 ], "texture": "#b95" },
				"east": { "uv": [ 12.5, 8.75, 12.25, 10 ], "texture": "#b95" }
			}
		},
		{
			"__comment": "b9531",
			"from": [ 7, 4, 17 ],
			"to": [ 9, 7, 17.5 ],
			"faces": {
				"down": { "uv": [ 12.5, 9.75, 12.75, 10 ], "texture": "#b95", "rotation": 270 },
				"up": { "uv": [ 12.5, 8.75, 12.75, 8.5 ], "texture": "#b95", "rotation": 90 },
				"north": { "uv": [ 12.5, 8.5, 12.75, 10 ], "texture": "#b95" },
				"west": { "uv": [ 12.5, 8.5, 12.75, 10 ], "texture": "#b95" },
				"east": { "uv": [ 12.75, 8.5, 12.5, 10 ], "texture": "#b95" }
			}
		},
		{
			"__comment": "b9532",
			"from": [ 7, 4, 18 ],
			"to": [ 9, 7, 19 ],
			"faces": {
				"down": { "uv": [ 13, 9.75, 13.5, 10 ], "texture": "#b95", "rotation": 270 },
				"up": { "uv": [ 13, 8.75, 13.5, 8.5 ], "texture": "#b95", "rotation": 90 },
				"north": { "uv": [ 13, 8.5, 13.25, 10 ], "texture": "#b95" },
				"south": { "uv": [ 13.5, 8.5, 13.25, 10 ], "texture": "#b95" },
				"west": { "uv": [ 13, 8.5, 13.5, 10 ], "texture": "#b95" },
				"east": { "uv": [ 13.5, 8.5, 13, 10 ], "texture": "#b95" }
			}
		},
		{
			"__comment": "b9533",
			"from": [ 7, 3.5, 19 ],
			"to": [ 9, 6.5, 20 ],
			"faces": {
				"down": { "uv": [ 13.5, 10, 14, 10.25 ], "texture": "#b95", "rotation": 270 },
				"up": { "uv": [ 13.5, 9, 14, 8.75 ], "texture": "#b95", "rotation": 90 },
				"north": { "uv": [ 13.5, 8.75, 13.75, 10.25 ], "texture": "#b95" },
				"west": { "uv": [ 13.5, 8.75, 14, 10.25 ], "texture": "#b95" },
				"east": { "uv": [ 14, 8.75, 13.5, 10.25 ], "texture": "#b95" }
			}
		},
		{
			"__comment": "b9534",
			"from": [ 7, 3, 20 ],
			"to": [ 9, 6.5, 21 ],
			"faces": {
				"down": { "uv": [ 14, 10.25, 14.5, 10.5 ], "texture": "#b95", "rotation": 270 },
				"up": { "uv": [ 14, 9, 14.5, 8.75 ], "texture": "#b95", "rotation": 90 },
				"north": { "uv": [ 14, 8.75, 14.25, 10.5 ], "texture": "#b95" },
				"south": { "uv": [ 14.5, 8.75, 14.25, 10.5 ], "texture": "#b95" },
				"west": { "uv": [ 14, 8.75, 14.5, 10.5 ], "texture": "#b95" },
				"east": { "uv": [ 14.5, 8.75, 14, 10.5 ], "texture": "#b95" }
			}
		},
		{
			"__comment": "b9535",
			"from": [ 7, 2.5, 21 ],
			"to": [ 9, 6, 22 ],
			"faces": {
				"down": { "uv": [ 14.5, 10.5, 15, 10.75 ], "texture": "#b95", "rotation": 270 },
				"up": { "uv": [ 14.5, 9.25, 15, 9 ], "texture": "#b95", "rotation": 90 },
				"north": { "uv": [ 14.5, 9, 14.75, 10.75 ], "texture": "#b95" },
				"west": { "uv": [ 14.5, 9, 15, 10.75 ], "texture": "#b95" },
				"east": { "uv": [ 15, 9, 14.5, 10.75 ], "texture": "#b95" }
			}
		},
		{
			"__comment": "b9536",
			"from": [ 7, 2, 22 ],
			"to": [ 9, 6, 23 ],
			"faces": {
				"down": { "uv": [ 15, 10.75, 15.5, 11 ], "texture": "#b95", "rotation": 270 },
				"up": { "uv": [ 15, 9.25, 15.5, 9 ], "texture": "#b95", "rotation": 90 },
				"north": { "uv": [ 15, 9, 15.25, 11 ], "texture": "#b95" },
				"south": { "uv": [ 15.5, 9, 15.25, 11 ], "texture": "#b95" },
				"west": { "uv": [ 15, 9, 15.5, 11 ], "texture": "#b95" },
				"east": { "uv": [ 15.5, 9, 15, 11 ], "texture": "#b95" }
			}
		},
		{
			"__comment": "b9537",
			"from": [ 7, 1.5, 23 ],
			"to": [ 9, 5.5, 23.5 ],
			"faces": {
				"down": { "uv": [ 15.5, 11, 15.75, 11.25 ], "texture": "#b95", "rotation": 270 },
				"up": { "uv": [ 15.5, 9.5, 15.75, 9.25 ], "texture": "#b95", "rotation": 90 },
				"north": { "uv": [ 15.5, 9.25, 15.75, 11.25 ], "texture": "#b95" },
				"south": { "uv": [ 15.75, 9.25, 15.5, 11.25 ], "texture": "#b95" },
				"west": { "uv": [ 15.5, 9.25, 15.75, 11.25 ], "texture": "#b95" },
				"east": { "uv": [ 15.75, 9.25, 15.5, 11.25 ], "texture": "#b95" }
			}
		},
		{
			"__comment": "b9538",
			"from": [ 7, 7, 12.5 ],
			"to": [ 9, 8, 13 ],
			"faces": {
				"up": { "uv": [ 10.25, 8.25, 10.5, 8 ], "texture": "#b95", "rotation": 90 },
				"west": { "uv": [ 10.25, 8, 10.5, 8.5 ], "texture": "#b95" },
				"east": { "uv": [ 10.5, 8, 10.25, 8.5 ], "texture": "#b95" }
			}
		},
		{
			"__comment": "b9539",
			"from": [ 7, 4.5, 17.5 ],
			"to": [ 9, 7, 18 ],
			"faces": {
				"down": { "uv": [ 12.75, 9.5, 13, 9.75 ], "texture": "#b95", "rotation": 270 },
				"up": { "uv": [ 12.75, 8.75, 13, 8.5 ], "texture": "#b95", "rotation": 90 },
				"north": { "uv": [ 12.75, 8.5, 13, 9.75 ], "texture": "#b95" },
				"west": { "uv": [ 12.75, 8.5, 13, 9.75 ], "texture": "#b95" },
				"east": { "uv": [ 13, 8.5, 12.75, 9.75 ], "texture": "#b95" }
			}
		},
		{
			"__comment": "b9540",
			"from": [ 7, 2, 20 ],
			"to": [ 9, 3, 20.5 ],
			"faces": {
				"down": { "uv": [ 14, 10.75, 14.25, 11 ], "texture": "#b95", "rotation": 270 },
				"up": { "uv": [ 14, 10.75, 14.25, 10.5 ], "texture": "#b95", "rotation": 90 },
				"north": { "uv": [ 14, 10.5, 14.25, 11 ], "texture": "#b95" },
				"south": { "uv": [ 14.25, 10.5, 14, 11 ], "texture": "#b95" },
				"west": { "uv": [ 14, 10.5, 14.25, 11 ], "texture": "#b95" },
				"east": { "uv": [ 14.25, 10.5, 14, 11 ], "texture": "#b95" }
			}
		},
		{
			"__comment": "b9541",
			"from": [ 7.5, 4, 16 ],
			"to": [ 8.5, 4.5, 16.5 ],
			"faces": {
				"down": { "uv": [ 12, 9.75, 12.25, 10 ], "texture": "#b95", "rotation": 270 },
				"north": { "uv": [ 12, 9.75, 12.25, 10 ], "texture": "#b95" },
				"west": { "uv": [ 12, 9.75, 12.25, 10 ], "texture": "#b95" },
				"east": { "uv": [ 12.25, 9.75, 12, 10 ], "texture": "#b95" }
			}
		},
		{
			"__comment": "b9542",
			"from": [ 7, 4.5, 16 ],
			"to": [ 9, 6.5, 16.5 ],
			"faces": {
				"down": { "uv": [ 12, 9.5, 12.25, 9.75 ], "texture": "#b95", "rotation": 270 },
				"up": { "uv": [ 12, 9, 12.25, 8.75 ], "texture": "#b95", "rotation": 90 },
				"north": { "uv": [ 12, 8.75, 12.25, 9.75 ], "texture": "#b95" },
				"south": { "uv": [ 12.25, 8.75, 12, 9.75 ], "texture": "#b95" },
				"west": { "uv": [ 12, 8.75, 12.25, 9.75 ], "texture": "#b95" },
				"east": { "uv": [ 12.25, 8.75, 12, 9.75 ], "texture": "#b95" }
			}
		},
		{
			"__comment": "b9543",
			"from": [ 7.5, 6, 14.5 ],
			"to": [ 8.5, 6.5, 15 ],
			"faces": {
				"down": { "uv": [ 11.25, 8.75, 11.5, 9 ], "texture": "#b95", "rotation": 270 },
				"north": { "uv": [ 11.25, 8.75, 11.5, 9 ], "texture": "#b95" },
				"west": { "uv": [ 11.25, 8.75, 11.5, 9 ], "texture": "#b95" },
				"east": { "uv": [ 11.5, 8.75, 11.25, 9 ], "texture": "#b95" }
			}
		},
		{
			"__comment": "b9544",
			"from": [ 7.5, 5.5, 13.5 ],
			"to": [ 8.5, 6, 14 ],
			"faces": {
				"down": { "uv": [ 10.75, 9, 11, 9.25 ], "texture": "#b95", "rotation": 270 },
				"north": { "uv": [ 10.75, 9, 11, 9.25 ], "texture": "#b95" },
				"west": { "uv": [ 10.75, 9, 11, 9.25 ], "texture": "#b95" },
				"east": { "uv": [ 11, 9, 10.75, 9.25 ], "texture": "#b95" }
			}
		},
		{
			"__comment": "b9545",
			"from": [ 7.5, 8, 10.5 ],
			"to": [ 8.5, 8.5, 13.5 ],
			"faces": {
				"down": { "uv": [ 9.25, 7.75, 10.75, 8 ], "texture": "#b95", "rotation": 270 },
				"up": { "uv": [ 9.25, 8, 10.75, 7.75 ], "texture": "#b95", "rotation": 90 },
				"north": { "uv": [ 9.25, 7.75, 9.5, 8 ], "texture": "#b95" },
				"south": { "uv": [ 10.75, 7.75, 10.5, 8 ], "texture": "#b95" },
				"west": { "uv": [ 9.25, 7.75, 10.75, 8 ], "texture": "#b95" },
				"east": { "uv": [ 10.75, 7.75, 9.25, 8 ], "texture": "#b95" }
			}
		},
		{
			"__comment": "b9546",
			"from": [ 7.5, 8.5, 10.5 ],
			"to": [ 8.5, 9, 12 ],
			"faces": {
				"down": { "uv": [ 9.25, 7.5, 10, 7.75 ], "texture": "#b95", "rotation": 270 },
				"up": { "uv": [ 9.25, 7.75, 10, 7.5 ], "texture": "#b95", "rotation": 90 },
				"north": { "uv": [ 9.25, 7.5, 9.5, 7.75 ], "texture": "#b95" },
				"south": { "uv": [ 10, 7.5, 9.75, 7.75 ], "texture": "#b95" },
				"west": { "uv": [ 9.25, 7.5, 10, 7.75 ], "texture": "#b95" },
				"east": { "uv": [ 10, 7.5, 9.25, 7.75 ], "texture": "#b95" }
			}
		},
		{
			"__comment": "b9547",
			"from": [ 7, 6.5, -0.5 ],
			"to": [ 9, 7.5, 12.5 ],
			"faces": {
				"down": { "uv": [ 3.75, 8.5, 10.25, 8.75 ], "texture": "#b95", "rotation": 270 },
				"up": { "uv": [ 3.75, 8.5, 10.25, 8.25 ], "texture": "#b95", "rotation": 90 },
				"north": { "uv": [ 3.75, 8.25, 4, 8.75 ], "texture": "#b95" },
				"south": { "uv": [ 10.25, 8.25, 10, 8.75 ], "texture": "#b95" },
				"west": { "uv": [ 3.75, 8.25, 10.25, 8.75 ], "texture": "#b95" },
				"east": { "uv": [ 10.25, 8.25, 3.75, 8.75 ], "texture": "#b95" }
			}
		},
		{
			"__comment": "b9548",
			"from": [ 7.5, 6, 0 ],
			"to": [ 8.5, 6.5, 14 ],
			"faces": {
				"down": { "uv": [ 4, 8.75, 11, 9 ], "texture": "#b95", "rotation": 270 },
				"up": { "uv": [ 4, 9, 11, 8.75 ], "texture": "#b95", "rotation": 90 },
				"north": { "uv": [ 4, 8.75, 4.25, 9 ], "texture": "#b95" },
				"south": { "uv": [ 11, 8.75, 10.75, 9 ], "texture": "#b95" },
				"west": { "uv": [ 4, 8.75, 11, 9 ], "texture": "#b95" },
				"east": { "uv": [ 11, 8.75, 4, 9 ], "texture": "#b95" }
			}
		},
		{
			"__comment": "b9549",
			"from": [ 7.5, 8, -8 ],
			"to": [ 8.5, 9, 10.5 ],
			"faces": {
				"down": { "uv": [ 0, 7.75, 9.25, 8 ], "texture": "#b95", "rotation": 270 },
				"up": { "uv": [ 0, 7.75, 9.25, 7.5 ], "texture": "#b95", "rotation": 90 },
				"north": { "uv": [ 0, 7.5, 0.25, 8 ], "texture": "#b95" },
				"south": { "uv": [ 9.25, 7.5, 9, 8 ], "texture": "#b95" },
				"west": { "uv": [ 0, 7.5, 9.25, 8 ], "texture": "#b95" },
				"east": { "uv": [ 9.25, 7.5, 0, 8 ], "texture": "#b95" }
			}
		},
		{
			"__comment": "b9550",
			"from": [ 7, 7.5, 0 ],
			"to": [ 9, 8, 12.5 ],
			"faces": {
				"down": { "uv": [ 4, 8, 10.25, 8.25 ], "texture": "#b95", "rotation": 270 },
				"up": { "uv": [ 4, 8.25, 10.25, 8 ], "texture": "#b95", "rotation": 90 },
				"north": { "uv": [ 4, 8, 4.25, 8.25 ], "texture": "#b95" },
				"south": { "uv": [ 10.25, 8, 10, 8.25 ], "texture": "#b95" },
				"west": { "uv": [ 4, 8, 10.25, 8.25 ], "texture": "#b95" },
				"east": { "uv": [ 10.25, 8, 4, 8.25 ], "texture": "#b95" }
			}
		},
		{
			"__comment": "b9551",
			"from": [ 7.5, 7, -8 ],
			"to": [ 8.5, 8, 0 ],
			"faces": {
				"down": { "uv": [ 0, 8.25, 4, 8.5 ], "texture": "#b95", "rotation": 270 },
				"up": { "uv": [ 0, 8.25, 4, 8 ], "texture": "#b95", "rotation": 90 },
				"north": { "uv": [ 0, 8, 0.25, 8.5 ], "texture": "#b95" },
				"south": { "uv": [ 4, 8, 3.75, 8.5 ], "texture": "#b95" },
				"west": { "uv": [ 0, 8, 4, 8.5 ], "texture": "#b95" },
				"east": { "uv": [ 4, 8, 0, 8.5 ], "texture": "#b95" }
			}
		},
		{
			"__comment": "b9552",
			"from": [ 7.5, 6, -1 ],
			"to": [ 8.5, 7, -0.5 ],
			"faces": {
				"down": { "uv": [ 3.5, 8.75, 3.75, 9 ], "texture": "#b95", "rotation": 270 },
				"up": { "uv": [ 3.5, 8.75, 3.75, 8.5 ], "texture": "#b95", "rotation": 90 },
				"north": { "uv": [ 3.5, 8.5, 3.75, 9 ], "texture": "#b95" },
				"south": { "uv": [ 3.75, 8.5, 3.5, 9 ], "texture": "#b95" },
				"west": { "uv": [ 3.5, 8.5, 3.75, 9 ], "texture": "#b95" },
				"east": { "uv": [ 3.75, 8.5, 3.5, 9 ], "texture": "#b95" }
			}
		},
		{
			"__comment": "b9553",
			"from": [ 7.5, 9, -8 ],
			"to": [ 8.5, 9.5, -7 ],
			"faces": {
				"down": { "uv": [ 0, 7.25, 0.5, 7.5 ], "texture": "#b95", "rotation": 270 },
				"up": { "uv": [ 0, 7.5, 0.5, 7.25 ], "texture": "#b95", "rotation": 90 },
				"north": { "uv": [ 0, 7.25, 0.25, 7.5 ], "texture": "#b95" },
				"south": { "uv": [ 0.5, 7.25, 0.25, 7.5 ], "texture": "#b95" },
				"west": { "uv": [ 0, 7.25, 0.5, 7.5 ], "texture": "#b95" },
				"east": { "uv": [ 0.5, 7.25, 0, 7.5 ], "texture": "#b95" }
			}
		},
		{
			"__comment": "b9554",
			"from": [ 7.5, 9, -0.5 ],
			"to": [ 8.5, 9.5, 1.5 ],
			"faces": {
				"down": { "uv": [ 3.75, 7.25, 4.75, 7.5 ], "texture": "#b95", "rotation": 270 },
				"up": { "uv": [ 3.75, 7.5, 4.75, 7.25 ], "texture": "#b95", "rotation": 90 },
				"north": { "uv": [ 3.75, 7.25, 4, 7.5 ], "texture": "#b95" },
				"south": { "uv": [ 4.75, 7.25, 4.5, 7.5 ], "texture": "#b95" },
				"west": { "uv": [ 3.75, 7.25, 4.75, 7.5 ], "texture": "#b95" },
				"east": { "uv": [ 4.75, 7.25, 3.75, 7.5 ], "texture": "#b95" }
			}
		}
	],
	"display": {
		"thirdperson_righthand": {
			"translation":  [ 0, 1.5, -1.875 ],
			"scale":  [ 0.75, 0.75, 0.75 ]
		},
		"thirdperson_lefthand": {
			"translation":  [ -1.25, -4.75, 8 ],
			"scale":  [ 0.75, 0.75, 0.75 ]
		},
		"firstperson_righthand": {
			"scale":  [ 0.0001, 0.0001, 0.0001 ]
		},
		"firstperson_lefthand": {
			"scale":  [ 0.0001, 0.0001, 0.0001 ]
		},
		"gui": {
			"rotation":  [ 30, 135, 0 ],
			"scale":  [ 0.5, 0.5, 0.5 ]
		},
		"head": {
			"scale":  [ 0.0001, 0.0001, 0.0001 ]
		},
		"ground": {
			"rotation":  [ 0, 0, 90 ],
			"scale":  [ 0.75, 0.75, 0.75 ]
		},
		"fixed": {
			"rotation":  [ 0, -90, 0 ],
			"scale":  [ 1.5, 1.5, 1.5 ]
		}
	}
}