{
	"__comment": "Designed by Optimus0812 with Cubik Studio - https://cubik.studio",
	"textures": {
		"fn_fal": "dayz/weapon/gun/rifle/fn_fal"
	},
	"elements": [ 	 
		{
			"__comment": "fn_fal1",
			"from": [ 7.5, 7.5, -3.5 ],
			"to": [ 8.5, 8, -1.5 ],
			"faces": {
				"down": { "uv": [ 2.25, 8.25, 3.25, 8.5 ], "texture": "#fn_fal", "rotation": 270 },
				"up": { "uv": [ 2.25, 8.5, 3.25, 8.25 ], "texture": "#fn_fal", "rotation": 90 },
				"north": { "uv": [ 2.25, 8.25, 2.5, 8.5 ], "texture": "#fn_fal" },
				"south": { "uv": [ 3.25, 8.25, 3, 8.5 ], "texture": "#fn_fal" },
				"west": { "uv": [ 2.25, 8.25, 3.25, 8.5 ], "texture": "#fn_fal" },
				"east": { "uv": [ 3.25, 8.25, 2.25, 8.5 ], "texture": "#fn_fal" }
			}
		},
		{
			"__comment": "fn_fal2",
			"from": [ 7, 9.5, -3.5 ],
			"to": [ 9, 10, -3 ],
			"faces": {
				"down": { "uv": [ 2.25, 7.25, 2.5, 7.5 ], "texture": "#fn_fal", "rotation": 270 },
				"up": { "uv": [ 2.25, 7.5, 2.5, 7.25 ], "texture": "#fn_fal", "rotation": 90 },
				"north": { "uv": [ 2.25, 7.25, 2.5, 7.5 ], "texture": "#fn_fal" },
				"south": { "uv": [ 2.5, 7.25, 2.25, 7.5 ], "texture": "#fn_fal" },
				"west": { "uv": [ 2.25, 7.25, 2.5, 7.5 ], "texture": "#fn_fal" },
				"east": { "uv": [ 2.5, 7.25, 2.25, 7.5 ], "texture": "#fn_fal" }
			}
		},
		{
			"__comment": "fn_fal3",
			"from": [ 8.5, 10, -3.5 ],
			"to": [ 9, 11, -2.5 ],
			"faces": {
				"down": { "uv": [ 2.25, 7, 2.75, 7.25 ], "texture": "#fn_fal", "rotation": 270 },
				"up": { "uv": [ 2.25, 7, 2.75, 6.75 ], "texture": "#fn_fal", "rotation": 90 },
				"north": { "uv": [ 2.25, 6.75, 2.5, 7.25 ], "texture": "#fn_fal" },
				"south": { "uv": [ 2.75, 6.75, 2.5, 7.25 ], "texture": "#fn_fal" },
				"west": { "uv": [ 2.25, 6.75, 2.75, 7.25 ], "texture": "#fn_fal" },
				"east": { "uv": [ 2.75, 6.75, 2.25, 7.25 ], "texture": "#fn_fal" }
			}
		},
		{
			"__comment": "fn_fal4",
			"from": [ 7.5, 8.5, -3.5 ],
			"to": [ 8.5, 9.5, -3 ],
			"faces": {
				"down": { "uv": [ 2.25, 7.75, 2.5, 8 ], "texture": "#fn_fal", "rotation": 270 },
				"up": { "uv": [ 2.25, 7.75, 2.5, 7.5 ], "texture": "#fn_fal", "rotation": 90 },
				"north": { "uv": [ 2.25, 7.5, 2.5, 8 ], "texture": "#fn_fal" },
				"south": { "uv": [ 2.5, 7.5, 2.25, 8 ], "texture": "#fn_fal" },
				"west": { "uv": [ 2.25, 7.5, 2.5, 8 ], "texture": "#fn_fal" },
				"east": { "uv": [ 2.5, 7.5, 2.25, 8 ], "texture": "#fn_fal" }
			}
		},
		{
			"__comment": "fn_fal5",
			"from": [ 7, 7.5, -1.5 ],
			"to": [ 9, 8, 5 ],
			"faces": {
				"down": { "uv": [ 3.25, 8.25, 6.5, 8.5 ], "texture": "#fn_fal", "rotation": 270 },
				"up": { "uv": [ 3.25, 8.5, 6.5, 8.25 ], "texture": "#fn_fal", "rotation": 90 },
				"north": { "uv": [ 3.25, 8.25, 3.5, 8.5 ], "texture": "#fn_fal" },
				"south": { "uv": [ 6.5, 8.25, 6.25, 8.5 ], "texture": "#fn_fal" },
				"west": { "uv": [ 3.25, 8.25, 6.5, 8.5 ], "texture": "#fn_fal" },
				"east": { "uv": [ 6.5, 8.25, 3.25, 8.5 ], "texture": "#fn_fal" }
			}
		},
		{
			"__comment": "fn_fal6",
			"from": [ 7.5, 7, -1.5 ],
			"to": [ 8.5, 7.5, 5 ],
			"faces": {
				"down": { "uv": [ 3.25, 8.5, 6.5, 8.75 ], "texture": "#fn_fal", "rotation": 270 },
				"up": { "uv": [ 3.25, 8.75, 6.5, 8.5 ], "texture": "#fn_fal", "rotation": 90 },
				"north": { "uv": [ 3.25, 8.5, 3.5, 8.75 ], "texture": "#fn_fal" },
				"south": { "uv": [ 6.5, 8.5, 6.25, 8.75 ], "texture": "#fn_fal" },
				"west": { "uv": [ 3.25, 8.5, 6.5, 8.75 ], "texture": "#fn_fal" },
				"east": { "uv": [ 6.5, 8.5, 3.25, 8.75 ], "texture": "#fn_fal" }
			}
		},
		{
			"__comment": "fn_fal7",
			"from": [ 7, 10, -3.5 ],
			"to": [ 7.5, 11, -2.5 ],
			"faces": {
				"down": { "uv": [ 2.25, 7, 2.75, 7.25 ], "texture": "#fn_fal", "rotation": 270 },
				"up": { "uv": [ 2.25, 7, 2.75, 6.75 ], "texture": "#fn_fal", "rotation": 90 },
				"north": { "uv": [ 2.25, 6.75, 2.5, 7.25 ], "texture": "#fn_fal" },
				"south": { "uv": [ 2.75, 6.75, 2.5, 7.25 ], "texture": "#fn_fal" },
				"west": { "uv": [ 2.25, 6.75, 2.75, 7.25 ], "texture": "#fn_fal" },
				"east": { "uv": [ 2.75, 6.75, 2.25, 7.25 ], "texture": "#fn_fal" }
			}
		},
		{
			"__comment": "fn_fal8",
			"from": [ 7.5, 7.5, -8 ],
			"to": [ 8.5, 8.5, -3.5 ],
			"faces": {
				"down": { "uv": [ 0, 8.25, 2.25, 8.5 ], "texture": "#fn_fal", "rotation": 270 },
				"up": { "uv": [ 0, 8.25, 2.25, 8 ], "texture": "#fn_fal", "rotation": 90 },
				"north": { "uv": [ 0, 8, 0.25, 8.5 ], "texture": "#fn_fal" },
				"south": { "uv": [ 2.25, 8, 2, 8.5 ], "texture": "#fn_fal" },
				"west": { "uv": [ 0, 8, 2.25, 8.5 ], "texture": "#fn_fal" },
				"east": { "uv": [ 2.25, 8, 0, 8.5 ], "texture": "#fn_fal" }
			}
		},
		{
			"__comment": "fn_fal9",
			"from": [ 7.5, 9, -4 ],
			"to": [ 8.5, 10, -3.5 ],
			"faces": {
				"down": { "uv": [ 2, 7.5, 2.25, 7.75 ], "texture": "#fn_fal", "rotation": 270 },
				"up": { "uv": [ 2, 7.5, 2.25, 7.25 ], "texture": "#fn_fal", "rotation": 90 },
				"north": { "uv": [ 2, 7.25, 2.25, 7.75 ], "texture": "#fn_fal" },
				"south": { "uv": [ 2.25, 7.25, 2, 7.75 ], "texture": "#fn_fal" },
				"west": { "uv": [ 2, 7.25, 2.25, 7.75 ], "texture": "#fn_fal" },
				"east": { "uv": [ 2.25, 7.25, 2, 7.75 ], "texture": "#fn_fal" }
			}
		},
		{
			"__comment": "fn_fal10",
			"from": [ 7, 8, -3.5 ],
			"to": [ 9, 8.5, -3 ],
			"faces": {
				"down": { "uv": [ 2.25, 8, 2.5, 8.25 ], "texture": "#fn_fal", "rotation": 270 },
				"up": { "uv": [ 2.25, 8.25, 2.5, 8 ], "texture": "#fn_fal", "rotation": 90 },
				"north": { "uv": [ 2.25, 8, 2.5, 8.25 ], "texture": "#fn_fal" },
				"south": { "uv": [ 2.5, 8, 2.25, 8.25 ], "texture": "#fn_fal" },
				"west": { "uv": [ 2.25, 8, 2.5, 8.25 ], "texture": "#fn_fal" },
				"east": { "uv": [ 2.5, 8, 2.25, 8.25 ], "texture": "#fn_fal" }
			}
		},
		{
			"__comment": "fn_fal11",
			"from": [ 7, 8, -3 ],
			"to": [ 9, 10, -2.5 ],
			"faces": {
				"down": { "uv": [ 2.5, 8, 2.75, 8.25 ], "texture": "#fn_fal", "rotation": 270 },
				"up": { "uv": [ 2.5, 7.5, 2.75, 7.25 ], "texture": "#fn_fal", "rotation": 90 },
				"north": { "uv": [ 2.5, 7.25, 2.75, 8.25 ], "texture": "#fn_fal" },
				"south": { "uv": [ 2.75, 7.25, 2.5, 8.25 ], "texture": "#fn_fal" },
				"west": { "uv": [ 2.5, 7.25, 2.75, 8.25 ], "texture": "#fn_fal" },
				"east": { "uv": [ 2.75, 7.25, 2.5, 8.25 ], "texture": "#fn_fal" }
			}
		},
		{
			"__comment": "fn_fal12",
			"from": [ 7, 8, 5 ],
			"to": [ 9, 9, 6 ],
			"faces": {
				"down": { "uv": [ 6.5, 8, 7, 8.25 ], "texture": "#fn_fal", "rotation": 270 },
				"up": { "uv": [ 6.5, 8, 7, 7.75 ], "texture": "#fn_fal", "rotation": 90 },
				"north": { "uv": [ 6.5, 7.75, 6.75, 8.25 ], "texture": "#fn_fal" },
				"south": { "uv": [ 7, 7.75, 6.75, 8.25 ], "texture": "#fn_fal" },
				"west": { "uv": [ 6.5, 7.75, 7, 8.25 ], "texture": "#fn_fal" },
				"east": { "uv": [ 7, 7.75, 6.5, 8.25 ], "texture": "#fn_fal" }
			}
		},
		{
			"__comment": "fn_fal13",
			"from": [ 7.5, 7.5, 5 ],
			"to": [ 8.5, 8, 6 ],
			"faces": {
				"down": { "uv": [ 6.5, 8.25, 7, 8.5 ], "texture": "#fn_fal", "rotation": 270 },
				"up": { "uv": [ 6.5, 8.5, 7, 8.25 ], "texture": "#fn_fal", "rotation": 90 },
				"north": { "uv": [ 6.5, 8.25, 6.75, 8.5 ], "texture": "#fn_fal" },
				"south": { "uv": [ 7, 8.25, 6.75, 8.5 ], "texture": "#fn_fal" },
				"west": { "uv": [ 6.5, 8.25, 7, 8.5 ], "texture": "#fn_fal" },
				"east": { "uv": [ 7, 8.25, 6.5, 8.5 ], "texture": "#fn_fal" }
			}
		},
		{
			"__comment": "fn_fal14",
			"from": [ 7.5, 10.5, 15.5 ],
			"to": [ 8.5, 11, 16 ],
			"faces": {
				"down": { "uv": [ 11.75, 6.75, 12, 7 ], "texture": "#fn_fal", "rotation": 270 },
				"up": { "uv": [ 11.75, 7, 12, 6.75 ], "texture": "#fn_fal", "rotation": 90 },
				"north": { "uv": [ 11.75, 6.75, 12, 7 ], "texture": "#fn_fal" },
				"south": { "uv": [ 12, 6.75, 11.75, 7 ], "texture": "#fn_fal" },
				"west": { "uv": [ 11.75, 6.75, 12, 7 ], "texture": "#fn_fal" },
				"east": { "uv": [ 12, 6.75, 11.75, 7 ], "texture": "#fn_fal" }
			}
		},
		{
			"__comment": "fn_fal15",
			"from": [ 7.5, 9, 5 ],
			"to": [ 8.5, 9.5, 6 ],
			"faces": {
				"down": { "uv": [ 6.5, 7.5, 7, 7.75 ], "texture": "#fn_fal", "rotation": 270 },
				"up": { "uv": [ 6.5, 7.75, 7, 7.5 ], "texture": "#fn_fal", "rotation": 90 },
				"north": { "uv": [ 6.5, 7.5, 6.75, 7.75 ], "texture": "#fn_fal" },
				"south": { "uv": [ 7, 7.5, 6.75, 7.75 ], "texture": "#fn_fal" },
				"west": { "uv": [ 6.5, 7.5, 7, 7.75 ], "texture": "#fn_fal" },
				"east": { "uv": [ 7, 7.5, 6.5, 7.75 ], "texture": "#fn_fal" }
			}
		},
		{
			"__comment": "fn_fal16",
			"from": [ 7, 7.5, 17 ],
			"to": [ 9, 9, 17.5 ],
			"faces": {
				"down": { "uv": [ 12.5, 8.25, 12.75, 8.5 ], "texture": "#fn_fal", "rotation": 270 },
				"up": { "uv": [ 12.5, 8, 12.75, 7.75 ], "texture": "#fn_fal", "rotation": 90 },
				"north": { "uv": [ 12.5, 7.75, 12.75, 8.5 ], "texture": "#fn_fal" },
				"south": { "uv": [ 12.75, 7.75, 12.5, 8.5 ], "texture": "#fn_fal" },
				"west": { "uv": [ 12.5, 7.75, 12.75, 8.5 ], "texture": "#fn_fal" },
				"east": { "uv": [ 12.75, 7.75, 12.5, 8.5 ], "texture": "#fn_fal" }
			}
		},
		{
			"__comment": "fn_fal17",
			"from": [ 7.5, 9.5, -2.5 ],
			"to": [ 8.5, 10, 5 ],
			"faces": {
				"down": { "uv": [ 2.75, 7.25, 6.5, 7.5 ], "texture": "#fn_fal", "rotation": 270 },
				"up": { "uv": [ 2.75, 7.5, 6.5, 7.25 ], "texture": "#fn_fal", "rotation": 90 },
				"north": { "uv": [ 2.75, 7.25, 3, 7.5 ], "texture": "#fn_fal" },
				"south": { "uv": [ 6.5, 7.25, 6.25, 7.5 ], "texture": "#fn_fal" },
				"west": { "uv": [ 2.75, 7.25, 6.5, 7.5 ], "texture": "#fn_fal" },
				"east": { "uv": [ 6.5, 7.25, 2.75, 7.5 ], "texture": "#fn_fal" }
			}
		},
		{
			"__comment": "fn_fal18",
			"from": [ 7.5, 9.5, 6 ],
			"to": [ 8.5, 10, 17 ],
			"faces": {
				"down": { "uv": [ 7, 7.25, 12.5, 7.5 ], "texture": "#fn_fal", "rotation": 270 },
				"up": { "uv": [ 7, 7.5, 12.5, 7.25 ], "texture": "#fn_fal", "rotation": 90 },
				"north": { "uv": [ 7, 7.25, 7.25, 7.5 ], "texture": "#fn_fal" },
				"south": { "uv": [ 12.5, 7.25, 12.25, 7.5 ], "texture": "#fn_fal" },
				"west": { "uv": [ 7, 7.25, 12.5, 7.5 ], "texture": "#fn_fal" },
				"east": { "uv": [ 12.5, 7.25, 7, 7.5 ], "texture": "#fn_fal" }
			}
		},
		{
			"__comment": "fn_fal19",
			"from": [ 7.5, 10, 6 ],
			"to": [ 8.5, 10.5, 6.5 ],
			"faces": {
				"down": { "uv": [ 7, 7, 7.25, 7.25 ], "texture": "#fn_fal", "rotation": 270 },
				"up": { "uv": [ 7, 7.25, 7.25, 7 ], "texture": "#fn_fal", "rotation": 90 },
				"north": { "uv": [ 7, 7, 7.25, 7.25 ], "texture": "#fn_fal" },
				"south": { "uv": [ 7.25, 7, 7, 7.25 ], "texture": "#fn_fal" },
				"west": { "uv": [ 7, 7, 7.25, 7.25 ], "texture": "#fn_fal" },
				"east": { "uv": [ 7.25, 7, 7, 7.25 ], "texture": "#fn_fal" }
			}
		},
		{
			"__comment": "fn_fal20",
			"from": [ 7.5, 5.5, 11 ],
			"to": [ 8.5, 6, 12.5 ],
			"faces": {
				"down": { "uv": [ 9.5, 9.25, 10.25, 9.5 ], "texture": "#fn_fal", "rotation": 270 },
				"up": { "uv": [ 9.5, 9.5, 10.25, 9.25 ], "texture": "#fn_fal", "rotation": 90 },
				"north": { "uv": [ 9.5, 9.25, 9.75, 9.5 ], "texture": "#fn_fal" },
				"south": { "uv": [ 10.25, 9.25, 10, 9.5 ], "texture": "#fn_fal" },
				"west": { "uv": [ 9.5, 9.25, 10.25, 9.5 ], "texture": "#fn_fal" },
				"east": { "uv": [ 10.25, 9.25, 9.5, 9.5 ], "texture": "#fn_fal" }
			}
		},
		{
			"__comment": "fn_fal21",
			"from": [ 7.5, 10, 8 ],
			"to": [ 8.5, 10.5, 8.5 ],
			"faces": {
				"down": { "uv": [ 8, 7, 8.25, 7.25 ], "texture": "#fn_fal", "rotation": 270 },
				"up": { "uv": [ 8, 7.25, 8.25, 7 ], "texture": "#fn_fal", "rotation": 90 },
				"north": { "uv": [ 8, 7, 8.25, 7.25 ], "texture": "#fn_fal" },
				"south": { "uv": [ 8.25, 7, 8, 7.25 ], "texture": "#fn_fal" },
				"west": { "uv": [ 8, 7, 8.25, 7.25 ], "texture": "#fn_fal" },
				"east": { "uv": [ 8.25, 7, 8, 7.25 ], "texture": "#fn_fal" }
			}
		},
		{
			"__comment": "fn_fal22",
			"from": [ 7.5, 10, 9 ],
			"to": [ 8.5, 10.5, 9.5 ],
			"faces": {
				"down": { "uv": [ 8.5, 7, 8.75, 7.25 ], "texture": "#fn_fal", "rotation": 270 },
				"up": { "uv": [ 8.5, 7.25, 8.75, 7 ], "texture": "#fn_fal", "rotation": 90 },
				"north": { "uv": [ 8.5, 7, 8.75, 7.25 ], "texture": "#fn_fal" },
				"south": { "uv": [ 8.75, 7, 8.5, 7.25 ], "texture": "#fn_fal" },
				"west": { "uv": [ 8.5, 7, 8.75, 7.25 ], "texture": "#fn_fal" },
				"east": { "uv": [ 8.75, 7, 8.5, 7.25 ], "texture": "#fn_fal" }
			}
		},
		{
			"__comment": "fn_fal23",
			"from": [ 7.5, 10, 10 ],
			"to": [ 8.5, 10.5, 10.5 ],
			"faces": {
				"down": { "uv": [ 9, 7, 9.25, 7.25 ], "texture": "#fn_fal", "rotation": 270 },
				"up": { "uv": [ 9, 7.25, 9.25, 7 ], "texture": "#fn_fal", "rotation": 90 },
				"north": { "uv": [ 9, 7, 9.25, 7.25 ], "texture": "#fn_fal" },
				"south": { "uv": [ 9.25, 7, 9, 7.25 ], "texture": "#fn_fal" },
				"west": { "uv": [ 9, 7, 9.25, 7.25 ], "texture": "#fn_fal" },
				"east": { "uv": [ 9.25, 7, 9, 7.25 ], "texture": "#fn_fal" }
			}
		},
		{
			"__comment": "fn_fal24",
			"from": [ 7.5, 10, 11 ],
			"to": [ 8.5, 10.5, 11.5 ],
			"faces": {
				"down": { "uv": [ 9.5, 7, 9.75, 7.25 ], "texture": "#fn_fal", "rotation": 270 },
				"up": { "uv": [ 9.5, 7.25, 9.75, 7 ], "texture": "#fn_fal", "rotation": 90 },
				"north": { "uv": [ 9.5, 7, 9.75, 7.25 ], "texture": "#fn_fal" },
				"south": { "uv": [ 9.75, 7, 9.5, 7.25 ], "texture": "#fn_fal" },
				"west": { "uv": [ 9.5, 7, 9.75, 7.25 ], "texture": "#fn_fal" },
				"east": { "uv": [ 9.75, 7, 9.5, 7.25 ], "texture": "#fn_fal" }
			}
		},
		{
			"__comment": "fn_fal25",
			"from": [ 7.5, 10, 12 ],
			"to": [ 8.5, 10.5, 12.5 ],
			"faces": {
				"down": { "uv": [ 10, 7, 10.25, 7.25 ], "texture": "#fn_fal", "rotation": 270 },
				"up": { "uv": [ 10, 7.25, 10.25, 7 ], "texture": "#fn_fal", "rotation": 90 },
				"north": { "uv": [ 10, 7, 10.25, 7.25 ], "texture": "#fn_fal" },
				"south": { "uv": [ 10.25, 7, 10, 7.25 ], "texture": "#fn_fal" },
				"west": { "uv": [ 10, 7, 10.25, 7.25 ], "texture": "#fn_fal" },
				"east": { "uv": [ 10.25, 7, 10, 7.25 ], "texture": "#fn_fal" }
			}
		},
		{
			"__comment": "fn_fal26",
			"from": [ 7.5, 10, 13 ],
			"to": [ 8.5, 10.5, 13.5 ],
			"faces": {
				"down": { "uv": [ 10.5, 7, 10.75, 7.25 ], "texture": "#fn_fal", "rotation": 270 },
				"up": { "uv": [ 10.5, 7.25, 10.75, 7 ], "texture": "#fn_fal", "rotation": 90 },
				"north": { "uv": [ 10.5, 7, 10.75, 7.25 ], "texture": "#fn_fal" },
				"south": { "uv": [ 10.75, 7, 10.5, 7.25 ], "texture": "#fn_fal" },
				"west": { "uv": [ 10.5, 7, 10.75, 7.25 ], "texture": "#fn_fal" },
				"east": { "uv": [ 10.75, 7, 10.5, 7.25 ], "texture": "#fn_fal" }
			}
		},
		{
			"__comment": "fn_fal27",
			"from": [ 7.5, 8, 22 ],
			"to": [ 8.5, 8.5, 24 ],
			"faces": {
				"down": { "uv": [ 15, 8, 16, 8.25 ], "texture": "#fn_fal", "rotation": 270 },
				"up": { "uv": [ 15, 8.25, 16, 8 ], "texture": "#fn_fal", "rotation": 90 },
				"north": { "uv": [ 15, 8, 15.25, 8.25 ], "texture": "#fn_fal" },
				"south": { "uv": [ 16, 8, 15.75, 8.25 ], "texture": "#fn_fal" },
				"west": { "uv": [ 15, 8, 16, 8.25 ], "texture": "#fn_fal" },
				"east": { "uv": [ 16, 8, 15, 8.25 ], "texture": "#fn_fal" }
			}
		},
		{
			"__comment": "fn_fal28",
			"from": [ 7, 9.5, 15 ],
			"to": [ 9, 10, 16.5 ],
			"faces": {
				"down": { "uv": [ 11.5, 7.25, 12.25, 7.5 ], "texture": "#fn_fal", "rotation": 270 },
				"up": { "uv": [ 11.5, 7.5, 12.25, 7.25 ], "texture": "#fn_fal", "rotation": 90 },
				"north": { "uv": [ 11.5, 7.25, 11.75, 7.5 ], "texture": "#fn_fal" },
				"south": { "uv": [ 12.25, 7.25, 12, 7.5 ], "texture": "#fn_fal" },
				"west": { "uv": [ 11.5, 7.25, 12.25, 7.5 ], "texture": "#fn_fal" },
				"east": { "uv": [ 12.25, 7.25, 11.5, 7.5 ], "texture": "#fn_fal" }
			}
		},
		{
			"__comment": "fn_fal29",
			"from": [ 7, 8, -2.5 ],
			"to": [ 9, 9.5, 5 ],
			"faces": {
				"down": { "uv": [ 2.75, 8, 6.5, 8.25 ], "texture": "#fn_fal", "rotation": 270 },
				"up": { "uv": [ 2.75, 7.75, 6.5, 7.5 ], "texture": "#fn_fal", "rotation": 90 },
				"north": { "uv": [ 2.75, 7.5, 3, 8.25 ], "texture": "#fn_fal" },
				"south": { "uv": [ 6.5, 7.5, 6.25, 8.25 ], "texture": "#fn_fal" },
				"west": { "uv": [ 2.75, 7.5, 6.5, 8.25 ], "texture": "#fn_fal" },
				"east": { "uv": [ 6.5, 7.5, 2.75, 8.25 ], "texture": "#fn_fal" }
			}
		},
		{
			"__comment": "fn_fal30",
			"from": [ 7.5, 10, 14 ],
			"to": [ 8.5, 10.5, 14.5 ],
			"faces": {
				"down": { "uv": [ 11, 7, 11.25, 7.25 ], "texture": "#fn_fal", "rotation": 270 },
				"up": { "uv": [ 11, 7.25, 11.25, 7 ], "texture": "#fn_fal", "rotation": 90 },
				"north": { "uv": [ 11, 7, 11.25, 7.25 ], "texture": "#fn_fal" },
				"south": { "uv": [ 11.25, 7, 11, 7.25 ], "texture": "#fn_fal" },
				"west": { "uv": [ 11, 7, 11.25, 7.25 ], "texture": "#fn_fal" },
				"east": { "uv": [ 11.25, 7, 11, 7.25 ], "texture": "#fn_fal" }
			}
		},
		{
			"__comment": "fn_fal31",
			"from": [ 7, 6.5, 9.5 ],
			"to": [ 9, 7, 10 ],
			"faces": {
				"down": { "uv": [ 8.75, 8.75, 9, 9 ], "texture": "#fn_fal", "rotation": 270 },
				"up": { "uv": [ 8.75, 9, 9, 8.75 ], "texture": "#fn_fal", "rotation": 90 },
				"north": { "uv": [ 8.75, 8.75, 9, 9 ], "texture": "#fn_fal" },
				"south": { "uv": [ 9, 8.75, 8.75, 9 ], "texture": "#fn_fal" },
				"west": { "uv": [ 8.75, 8.75, 9, 9 ], "texture": "#fn_fal" },
				"east": { "uv": [ 9, 8.75, 8.75, 9 ], "texture": "#fn_fal" }
			}
		},
		{
			"__comment": "fn_fal32",
			"from": [ 7, 7.5, 6 ],
			"to": [ 9, 9.5, 17 ],
			"faces": {
				"down": { "uv": [ 7, 8.25, 12.5, 8.5 ], "texture": "#fn_fal", "rotation": 270 },
				"up": { "uv": [ 7, 7.75, 12.5, 7.5 ], "texture": "#fn_fal", "rotation": 90 },
				"north": { "uv": [ 7, 7.5, 7.25, 8.5 ], "texture": "#fn_fal" },
				"south": { "uv": [ 12.5, 7.5, 12.25, 8.5 ], "texture": "#fn_fal" },
				"west": { "uv": [ 7, 7.5, 12.5, 8.5 ], "texture": "#fn_fal" },
				"east": { "uv": [ 12.5, 7.5, 7, 8.5 ], "texture": "#fn_fal" }
			}
		},
		{
			"__comment": "fn_fal33",
			"from": [ 7.5, 10, 7 ],
			"to": [ 8.5, 10.5, 7.5 ],
			"faces": {
				"down": { "uv": [ 7.5, 7, 7.75, 7.25 ], "texture": "#fn_fal", "rotation": 270 },
				"up": { "uv": [ 7.5, 7.25, 7.75, 7 ], "texture": "#fn_fal", "rotation": 90 },
				"north": { "uv": [ 7.5, 7, 7.75, 7.25 ], "texture": "#fn_fal" },
				"south": { "uv": [ 7.75, 7, 7.5, 7.25 ], "texture": "#fn_fal" },
				"west": { "uv": [ 7.5, 7, 7.75, 7.25 ], "texture": "#fn_fal" },
				"east": { "uv": [ 7.75, 7, 7.5, 7.25 ], "texture": "#fn_fal" }
			}
		},
		{
			"__comment": "fn_fal34",
			"from": [ 7.5, 6.5, 11.5 ],
			"to": [ 8.5, 7, 12 ],
			"faces": {
				"down": { "uv": [ 9.75, 8.75, 10, 9 ], "texture": "#fn_fal", "rotation": 270 },
				"up": { "uv": [ 9.75, 9, 10, 8.75 ], "texture": "#fn_fal", "rotation": 90 },
				"north": { "uv": [ 9.75, 8.75, 10, 9 ], "texture": "#fn_fal" },
				"south": { "uv": [ 10, 8.75, 9.75, 9 ], "texture": "#fn_fal" },
				"west": { "uv": [ 9.75, 8.75, 10, 9 ], "texture": "#fn_fal" },
				"east": { "uv": [ 10, 8.75, 9.75, 9 ], "texture": "#fn_fal" }
			}
		},
		{
			"__comment": "fn_fal35",
			"from": [ 7, 7, 6 ],
			"to": [ 9, 7.5, 10 ],
			"faces": {
				"down": { "uv": [ 7, 8.5, 9, 8.75 ], "texture": "#fn_fal", "rotation": 270 },
				"up": { "uv": [ 7, 8.75, 9, 8.5 ], "texture": "#fn_fal", "rotation": 90 },
				"north": { "uv": [ 7, 8.5, 7.25, 8.75 ], "texture": "#fn_fal" },
				"south": { "uv": [ 9, 8.5, 8.75, 8.75 ], "texture": "#fn_fal" },
				"west": { "uv": [ 7, 8.5, 9, 8.75 ], "texture": "#fn_fal" },
				"east": { "uv": [ 9, 8.5, 7, 8.75 ], "texture": "#fn_fal" }
			}
		},
		{
			"__comment": "fn_fal36",
			"from": [ 7.5, 6, 10.5 ],
			"to": [ 8.5, 7, 11 ],
			"faces": {
				"down": { "uv": [ 9.25, 9, 9.5, 9.25 ], "texture": "#fn_fal", "rotation": 270 },
				"up": { "uv": [ 9.25, 9, 9.5, 8.75 ], "texture": "#fn_fal", "rotation": 90 },
				"north": { "uv": [ 9.25, 8.75, 9.5, 9.25 ], "texture": "#fn_fal" },
				"south": { "uv": [ 9.5, 8.75, 9.25, 9.25 ], "texture": "#fn_fal" },
				"west": { "uv": [ 9.25, 8.75, 9.5, 9.25 ], "texture": "#fn_fal" },
				"east": { "uv": [ 9.5, 8.75, 9.25, 9.25 ], "texture": "#fn_fal" }
			}
		},
		{
			"__comment": "fn_fal37",
			"from": [ 7.5, 6, 14.5 ],
			"to": [ 8.5, 6.5, 15 ],
			"faces": {
				"down": { "uv": [ 11.25, 9, 11.5, 9.25 ], "texture": "#fn_fal", "rotation": 270 },
				"up": { "uv": [ 11.25, 9.25, 11.5, 9 ], "texture": "#fn_fal", "rotation": 90 },
				"north": { "uv": [ 11.25, 9, 11.5, 9.25 ], "texture": "#fn_fal" },
				"south": { "uv": [ 11.5, 9, 11.25, 9.25 ], "texture": "#fn_fal" },
				"west": { "uv": [ 11.25, 9, 11.5, 9.25 ], "texture": "#fn_fal" },
				"east": { "uv": [ 11.5, 9, 11.25, 9.25 ], "texture": "#fn_fal" }
			}
		},
		{
			"__comment": "fn_fal38",
			"from": [ 7, 7, 10.5 ],
			"to": [ 9, 7.5, 17 ],
			"faces": {
				"down": { "uv": [ 9.25, 8.5, 12.5, 8.75 ], "texture": "#fn_fal", "rotation": 270 },
				"up": { "uv": [ 9.25, 8.75, 12.5, 8.5 ], "texture": "#fn_fal", "rotation": 90 },
				"north": { "uv": [ 9.25, 8.5, 9.5, 8.75 ], "texture": "#fn_fal" },
				"south": { "uv": [ 12.5, 8.5, 12.25, 8.75 ], "texture": "#fn_fal" },
				"west": { "uv": [ 9.25, 8.5, 12.5, 8.75 ], "texture": "#fn_fal" },
				"east": { "uv": [ 12.5, 8.5, 9.25, 8.75 ], "texture": "#fn_fal" }
			}
		},
		{
			"__comment": "fn_fal39",
			"from": [ 7, 6.5, 23 ],
			"to": [ 9, 8, 23.5 ],
			"faces": {
				"down": { "uv": [ 15.5, 8.75, 15.75, 9 ], "texture": "#fn_fal", "rotation": 270 },
				"up": { "uv": [ 15.5, 8.5, 15.75, 8.25 ], "texture": "#fn_fal", "rotation": 90 },
				"north": { "uv": [ 15.5, 8.25, 15.75, 9 ], "texture": "#fn_fal" },
				"south": { "uv": [ 15.75, 8.25, 15.5, 9 ], "texture": "#fn_fal" },
				"west": { "uv": [ 15.5, 8.25, 15.75, 9 ], "texture": "#fn_fal" },
				"east": { "uv": [ 15.75, 8.25, 15.5, 9 ], "texture": "#fn_fal" }
			}
		},
		{
			"__comment": "fn_fal40",
			"from": [ 7, 6, 12.5 ],
			"to": [ 9, 6.5, 14.5 ],
			"faces": {
				"down": { "uv": [ 10.25, 9, 11.25, 9.25 ], "texture": "#fn_fal", "rotation": 270 },
				"up": { "uv": [ 10.25, 9.25, 11.25, 9 ], "texture": "#fn_fal", "rotation": 90 },
				"north": { "uv": [ 10.25, 9, 10.5, 9.25 ], "texture": "#fn_fal" },
				"south": { "uv": [ 11.25, 9, 11, 9.25 ], "texture": "#fn_fal" },
				"west": { "uv": [ 10.25, 9, 11.25, 9.25 ], "texture": "#fn_fal" },
				"east": { "uv": [ 11.25, 9, 10.25, 9.25 ], "texture": "#fn_fal" }
			}
		},
		{
			"__comment": "fn_fal41",
			"from": [ 7, 5.5, 13 ],
			"to": [ 9, 6, 14.5 ],
			"faces": {
				"down": { "uv": [ 10.5, 9.25, 11.25, 9.5 ], "texture": "#fn_fal", "rotation": 270 },
				"up": { "uv": [ 10.5, 9.5, 11.25, 9.25 ], "texture": "#fn_fal", "rotation": 90 },
				"north": { "uv": [ 10.5, 9.25, 10.75, 9.5 ], "texture": "#fn_fal" },
				"south": { "uv": [ 11.25, 9.25, 11, 9.5 ], "texture": "#fn_fal" },
				"west": { "uv": [ 10.5, 9.25, 11.25, 9.5 ], "texture": "#fn_fal" },
				"east": { "uv": [ 11.25, 9.25, 10.5, 9.5 ], "texture": "#fn_fal" }
			}
		},
		{
			"__comment": "fn_fal42",
			"from": [ 7, 5, 13.5 ],
			"to": [ 9, 5.5, 14.5 ],
			"faces": {
				"down": { "uv": [ 10.75, 9.5, 11.25, 9.75 ], "texture": "#fn_fal", "rotation": 270 },
				"up": { "uv": [ 10.75, 9.75, 11.25, 9.5 ], "texture": "#fn_fal", "rotation": 90 },
				"north": { "uv": [ 10.75, 9.5, 11, 9.75 ], "texture": "#fn_fal" },
				"south": { "uv": [ 11.25, 9.5, 11, 9.75 ], "texture": "#fn_fal" },
				"west": { "uv": [ 10.75, 9.5, 11.25, 9.75 ], "texture": "#fn_fal" },
				"east": { "uv": [ 11.25, 9.5, 10.75, 9.75 ], "texture": "#fn_fal" }
			}
		},
		{
			"__comment": "fn_fal43",
			"from": [ 7, 4.5, 14 ],
			"to": [ 9, 5, 15 ],
			"faces": {
				"down": { "uv": [ 11, 9.75, 11.5, 10 ], "texture": "#fn_fal", "rotation": 270 },
				"up": { "uv": [ 11, 10, 11.5, 9.75 ], "texture": "#fn_fal", "rotation": 90 },
				"north": { "uv": [ 11, 9.75, 11.25, 10 ], "texture": "#fn_fal" },
				"south": { "uv": [ 11.5, 9.75, 11.25, 10 ], "texture": "#fn_fal" },
				"west": { "uv": [ 11, 9.75, 11.5, 10 ], "texture": "#fn_fal" },
				"east": { "uv": [ 11.5, 9.75, 11, 10 ], "texture": "#fn_fal" }
			}
		},
		{
			"__comment": "fn_fal44",
			"from": [ 7, 4, 14 ],
			"to": [ 9, 4.5, 15.5 ],
			"faces": {
				"down": { "uv": [ 11, 10, 11.75, 10.25 ], "texture": "#fn_fal", "rotation": 270 },
				"up": { "uv": [ 11, 10.25, 11.75, 10 ], "texture": "#fn_fal", "rotation": 90 },
				"north": { "uv": [ 11, 10, 11.25, 10.25 ], "texture": "#fn_fal" },
				"south": { "uv": [ 11.75, 10, 11.5, 10.25 ], "texture": "#fn_fal" },
				"west": { "uv": [ 11, 10, 11.75, 10.25 ], "texture": "#fn_fal" },
				"east": { "uv": [ 11.75, 10, 11, 10.25 ], "texture": "#fn_fal" }
			}
		},
		{
			"__comment": "fn_fal45",
			"from": [ 7, 3.5, 14.5 ],
			"to": [ 9, 4, 15.5 ],
			"faces": {
				"down": { "uv": [ 11.25, 10.25, 11.75, 10.5 ], "texture": "#fn_fal", "rotation": 270 },
				"up": { "uv": [ 11.25, 10.5, 11.75, 10.25 ], "texture": "#fn_fal", "rotation": 90 },
				"north": { "uv": [ 11.25, 10.25, 11.5, 10.5 ], "texture": "#fn_fal" },
				"south": { "uv": [ 11.75, 10.25, 11.5, 10.5 ], "texture": "#fn_fal" },
				"west": { "uv": [ 11.25, 10.25, 11.75, 10.5 ], "texture": "#fn_fal" },
				"east": { "uv": [ 11.75, 10.25, 11.25, 10.5 ], "texture": "#fn_fal" }
			}
		},
		{
			"__comment": "fn_fal46",
			"from": [ 7, 3, 14.5 ],
			"to": [ 9, 3.5, 15 ],
			"faces": {
				"down": { "uv": [ 11.25, 10.5, 11.5, 10.75 ], "texture": "#fn_fal", "rotation": 270 },
				"up": { "uv": [ 11.25, 10.75, 11.5, 10.5 ], "texture": "#fn_fal", "rotation": 90 },
				"north": { "uv": [ 11.25, 10.5, 11.5, 10.75 ], "texture": "#fn_fal" },
				"south": { "uv": [ 11.5, 10.5, 11.25, 10.75 ], "texture": "#fn_fal" },
				"west": { "uv": [ 11.25, 10.5, 11.5, 10.75 ], "texture": "#fn_fal" },
				"east": { "uv": [ 11.5, 10.5, 11.25, 10.75 ], "texture": "#fn_fal" }
			}
		},
		{
			"__comment": "fn_fal47",
			"from": [ 7.5, 7, 17 ],
			"to": [ 8.5, 7.5, 17.5 ],
			"faces": {
				"down": { "uv": [ 12.5, 8.5, 12.75, 8.75 ], "texture": "#fn_fal", "rotation": 270 },
				"up": { "uv": [ 12.5, 8.75, 12.75, 8.5 ], "texture": "#fn_fal", "rotation": 90 },
				"north": { "uv": [ 12.5, 8.5, 12.75, 8.75 ], "texture": "#fn_fal" },
				"south": { "uv": [ 12.75, 8.5, 12.5, 8.75 ], "texture": "#fn_fal" },
				"west": { "uv": [ 12.5, 8.5, 12.75, 8.75 ], "texture": "#fn_fal" },
				"east": { "uv": [ 12.75, 8.5, 12.5, 8.75 ], "texture": "#fn_fal" }
			}
		},
		{
			"__comment": "fn_fal48",
			"from": [ 7.5, 6.5, 23.5 ],
			"to": [ 8.5, 8, 24 ],
			"faces": {
				"down": { "uv": [ 15.75, 8.75, 16, 9 ], "texture": "#fn_fal", "rotation": 270 },
				"up": { "uv": [ 15.75, 8.5, 16, 8.25 ], "texture": "#fn_fal", "rotation": 90 },
				"north": { "uv": [ 15.75, 8.25, 16, 9 ], "texture": "#fn_fal" },
				"south": { "uv": [ 16, 8.25, 15.75, 9 ], "texture": "#fn_fal" },
				"west": { "uv": [ 15.75, 8.25, 16, 9 ], "texture": "#fn_fal" },
				"east": { "uv": [ 16, 8.25, 15.75, 9 ], "texture": "#fn_fal" }
			}
		},
		{
			"__comment": "fn_fal49",
			"from": [ 7.5, 8, 18.5 ],
			"to": [ 8.5, 8.5, 20 ],
			"faces": {
				"down": { "uv": [ 13.25, 8, 14, 8.25 ], "texture": "#fn_fal", "rotation": 270 },
				"up": { "uv": [ 13.25, 8.25, 14, 8 ], "texture": "#fn_fal", "rotation": 90 },
				"north": { "uv": [ 13.25, 8, 13.5, 8.25 ], "texture": "#fn_fal" },
				"south": { "uv": [ 14, 8, 13.75, 8.25 ], "texture": "#fn_fal" },
				"west": { "uv": [ 13.25, 8, 14, 8.25 ], "texture": "#fn_fal" },
				"east": { "uv": [ 14, 8, 13.25, 8.25 ], "texture": "#fn_fal" }
			}
		},
		{
			"__comment": "fn_fal50",
			"from": [ 7.5, 7.5, 20 ],
			"to": [ 8.5, 8, 22 ],
			"faces": {
				"down": { "uv": [ 14, 8.25, 15, 8.5 ], "texture": "#fn_fal", "rotation": 270 },
				"up": { "uv": [ 14, 8.5, 15, 8.25 ], "texture": "#fn_fal", "rotation": 90 },
				"north": { "uv": [ 14, 8.25, 14.25, 8.5 ], "texture": "#fn_fal" },
				"south": { "uv": [ 15, 8.25, 14.75, 8.5 ], "texture": "#fn_fal" },
				"west": { "uv": [ 14, 8.25, 15, 8.5 ], "texture": "#fn_fal" },
				"east": { "uv": [ 15, 8.25, 14, 8.5 ], "texture": "#fn_fal" }
			}
		},
		{
			"__comment": "fn_fal51",
			"from": [ 7.5, 9, 17 ],
			"to": [ 8.5, 9.5, 17.5 ],
			"faces": {
				"down": { "uv": [ 12.5, 7.5, 12.75, 7.75 ], "texture": "#fn_fal", "rotation": 270 },
				"up": { "uv": [ 12.5, 7.75, 12.75, 7.5 ], "texture": "#fn_fal", "rotation": 90 },
				"north": { "uv": [ 12.5, 7.5, 12.75, 7.75 ], "texture": "#fn_fal" },
				"south": { "uv": [ 12.75, 7.5, 12.5, 7.75 ], "texture": "#fn_fal" },
				"west": { "uv": [ 12.5, 7.5, 12.75, 7.75 ], "texture": "#fn_fal" },
				"east": { "uv": [ 12.75, 7.5, 12.5, 7.75 ], "texture": "#fn_fal" }
			}
		},
		{
			"__comment": "fn_fal52",
			"from": [ 7.5, 8.5, 17.5 ],
			"to": [ 8.5, 9, 18.5 ],
			"faces": {
				"down": { "uv": [ 12.75, 7.75, 13.25, 8 ], "texture": "#fn_fal", "rotation": 270 },
				"up": { "uv": [ 12.75, 8, 13.25, 7.75 ], "texture": "#fn_fal", "rotation": 90 },
				"north": { "uv": [ 12.75, 7.75, 13, 8 ], "texture": "#fn_fal" },
				"south": { "uv": [ 13.25, 7.75, 13, 8 ], "texture": "#fn_fal" },
				"west": { "uv": [ 12.75, 7.75, 13.25, 8 ], "texture": "#fn_fal" },
				"east": { "uv": [ 13.25, 7.75, 12.75, 8 ], "texture": "#fn_fal" }
			}
		},
		{
			"__comment": "fn_fal53",
			"from": [ 7.5, 7, 17.5 ],
			"to": [ 8.5, 7.5, 18 ],
			"faces": {
				"down": { "uv": [ 12.75, 8.5, 13, 8.75 ], "texture": "#fn_fal", "rotation": 270 },
				"up": { "uv": [ 12.75, 8.75, 13, 8.5 ], "texture": "#fn_fal", "rotation": 90 },
				"north": { "uv": [ 12.75, 8.5, 13, 8.75 ], "texture": "#fn_fal" },
				"south": { "uv": [ 13, 8.5, 12.75, 8.75 ], "texture": "#fn_fal" },
				"west": { "uv": [ 12.75, 8.5, 13, 8.75 ], "texture": "#fn_fal" },
				"east": { "uv": [ 13, 8.5, 12.75, 8.75 ], "texture": "#fn_fal" }
			}
		},
		{
			"__comment": "fn_fal54",
			"from": [ 7.5, 6.5, 18 ],
			"to": [ 8.5, 7, 19 ],
			"faces": {
				"down": { "uv": [ 13, 8.75, 13.5, 9 ], "texture": "#fn_fal", "rotation": 270 },
				"up": { "uv": [ 13, 9, 13.5, 8.75 ], "texture": "#fn_fal", "rotation": 90 },
				"north": { "uv": [ 13, 8.75, 13.25, 9 ], "texture": "#fn_fal" },
				"south": { "uv": [ 13.5, 8.75, 13.25, 9 ], "texture": "#fn_fal" },
				"west": { "uv": [ 13, 8.75, 13.5, 9 ], "texture": "#fn_fal" },
				"east": { "uv": [ 13.5, 8.75, 13, 9 ], "texture": "#fn_fal" }
			}
		},
		{
			"__comment": "fn_fal55",
			"from": [ 7.5, 6, 19 ],
			"to": [ 8.5, 6.5, 19.5 ],
			"faces": {
				"down": { "uv": [ 13.5, 9, 13.75, 9.25 ], "texture": "#fn_fal", "rotation": 270 },
				"up": { "uv": [ 13.5, 9.25, 13.75, 9 ], "texture": "#fn_fal", "rotation": 90 },
				"north": { "uv": [ 13.5, 9, 13.75, 9.25 ], "texture": "#fn_fal" },
				"south": { "uv": [ 13.75, 9, 13.5, 9.25 ], "texture": "#fn_fal" },
				"west": { "uv": [ 13.5, 9, 13.75, 9.25 ], "texture": "#fn_fal" },
				"east": { "uv": [ 13.75, 9, 13.5, 9.25 ], "texture": "#fn_fal" }
			}
		},
		{
			"__comment": "fn_fal56",
			"from": [ 7.5, 5.5, 19.5 ],
			"to": [ 8.5, 6, 20 ],
			"faces": {
				"down": { "uv": [ 13.75, 9.25, 14, 9.5 ], "texture": "#fn_fal", "rotation": 270 },
				"up": { "uv": [ 13.75, 9.5, 14, 9.25 ], "texture": "#fn_fal", "rotation": 90 },
				"north": { "uv": [ 13.75, 9.25, 14, 9.5 ], "texture": "#fn_fal" },
				"south": { "uv": [ 14, 9.25, 13.75, 9.5 ], "texture": "#fn_fal" },
				"west": { "uv": [ 13.75, 9.25, 14, 9.5 ], "texture": "#fn_fal" },
				"east": { "uv": [ 14, 9.25, 13.75, 9.5 ], "texture": "#fn_fal" }
			}
		},
		{
			"__comment": "fn_fal57",
			"from": [ 7.5, 5, 20 ],
			"to": [ 8.5, 5.5, 20.5 ],
			"faces": {
				"down": { "uv": [ 14, 9.5, 14.25, 9.75 ], "texture": "#fn_fal", "rotation": 270 },
				"up": { "uv": [ 14, 9.75, 14.25, 9.5 ], "texture": "#fn_fal", "rotation": 90 },
				"north": { "uv": [ 14, 9.5, 14.25, 9.75 ], "texture": "#fn_fal" },
				"south": { "uv": [ 14.25, 9.5, 14, 9.75 ], "texture": "#fn_fal" },
				"west": { "uv": [ 14, 9.5, 14.25, 9.75 ], "texture": "#fn_fal" },
				"east": { "uv": [ 14.25, 9.5, 14, 9.75 ], "texture": "#fn_fal" }
			}
		},
		{
			"__comment": "fn_fal58",
			"from": [ 7.5, 4.5, 20.5 ],
			"to": [ 8.5, 5, 21 ],
			"faces": {
				"down": { "uv": [ 14.25, 9.75, 14.5, 10 ], "texture": "#fn_fal", "rotation": 270 },
				"up": { "uv": [ 14.25, 10, 14.5, 9.75 ], "texture": "#fn_fal", "rotation": 90 },
				"north": { "uv": [ 14.25, 9.75, 14.5, 10 ], "texture": "#fn_fal" },
				"south": { "uv": [ 14.5, 9.75, 14.25, 10 ], "texture": "#fn_fal" },
				"west": { "uv": [ 14.25, 9.75, 14.5, 10 ], "texture": "#fn_fal" },
				"east": { "uv": [ 14.5, 9.75, 14.25, 10 ], "texture": "#fn_fal" }
			}
		},
		{
			"__comment": "fn_fal59",
			"from": [ 7.5, 4, 21 ],
			"to": [ 8.5, 4.5, 21.5 ],
			"faces": {
				"down": { "uv": [ 14.5, 10, 14.75, 10.25 ], "texture": "#fn_fal", "rotation": 270 },
				"up": { "uv": [ 14.5, 10.25, 14.75, 10 ], "texture": "#fn_fal", "rotation": 90 },
				"north": { "uv": [ 14.5, 10, 14.75, 10.25 ], "texture": "#fn_fal" },
				"south": { "uv": [ 14.75, 10, 14.5, 10.25 ], "texture": "#fn_fal" },
				"west": { "uv": [ 14.5, 10, 14.75, 10.25 ], "texture": "#fn_fal" },
				"east": { "uv": [ 14.75, 10, 14.5, 10.25 ], "texture": "#fn_fal" }
			}
		},
		{
			"__comment": "fn_fal60",
			"from": [ 7.5, 3.5, 21.5 ],
			"to": [ 8.5, 4, 22.5 ],
			"faces": {
				"down": { "uv": [ 14.75, 10.25, 15.25, 10.5 ], "texture": "#fn_fal", "rotation": 270 },
				"up": { "uv": [ 14.75, 10.5, 15.25, 10.25 ], "texture": "#fn_fal", "rotation": 90 },
				"north": { "uv": [ 14.75, 10.25, 15, 10.5 ], "texture": "#fn_fal" },
				"south": { "uv": [ 15.25, 10.25, 15, 10.5 ], "texture": "#fn_fal" },
				"west": { "uv": [ 14.75, 10.25, 15.25, 10.5 ], "texture": "#fn_fal" },
				"east": { "uv": [ 15.25, 10.25, 14.75, 10.5 ], "texture": "#fn_fal" }
			}
		},
		{
			"__comment": "fn_fal61",
			"from": [ 7.5, 4, 22.5 ],
			"to": [ 8.5, 5, 23 ],
			"faces": {
				"down": { "uv": [ 15.25, 10, 15.5, 10.25 ], "texture": "#fn_fal", "rotation": 270 },
				"up": { "uv": [ 15.25, 10, 15.5, 9.75 ], "texture": "#fn_fal", "rotation": 90 },
				"north": { "uv": [ 15.25, 9.75, 15.5, 10.25 ], "texture": "#fn_fal" },
				"south": { "uv": [ 15.5, 9.75, 15.25, 10.25 ], "texture": "#fn_fal" },
				"west": { "uv": [ 15.25, 9.75, 15.5, 10.25 ], "texture": "#fn_fal" },
				"east": { "uv": [ 15.5, 9.75, 15.25, 10.25 ], "texture": "#fn_fal" }
			}
		},
		{
			"__comment": "fn_fal62",
			"from": [ 7.5, 5, 23 ],
			"to": [ 8.5, 6.5, 23.5 ],
			"faces": {
				"down": { "uv": [ 15.5, 9.5, 15.75, 9.75 ], "texture": "#fn_fal", "rotation": 270 },
				"up": { "uv": [ 15.5, 9.25, 15.75, 9 ], "texture": "#fn_fal", "rotation": 90 },
				"north": { "uv": [ 15.5, 9, 15.75, 9.75 ], "texture": "#fn_fal" },
				"south": { "uv": [ 15.75, 9, 15.5, 9.75 ], "texture": "#fn_fal" },
				"west": { "uv": [ 15.5, 9, 15.75, 9.75 ], "texture": "#fn_fal" },
				"east": { "uv": [ 15.75, 9, 15.5, 9.75 ], "texture": "#fn_fal" }
			}
		},
		{
			"__comment": "fn_fal63",
			"from": [ 7, 6.5, 12.5 ],
			"to": [ 9, 7, 15.5 ],
			"faces": {
				"down": { "uv": [ 10.25, 8.75, 11.75, 9 ], "texture": "#fn_fal", "rotation": 270 },
				"up": { "uv": [ 10.25, 9, 11.75, 8.75 ], "texture": "#fn_fal", "rotation": 90 },
				"north": { "uv": [ 10.25, 8.75, 10.5, 9 ], "texture": "#fn_fal" },
				"south": { "uv": [ 11.75, 8.75, 11.5, 9 ], "texture": "#fn_fal" },
				"west": { "uv": [ 10.25, 8.75, 11.75, 9 ], "texture": "#fn_fal" },
				"east": { "uv": [ 11.75, 8.75, 10.25, 9 ], "texture": "#fn_fal" }
			}
		},
		{
			"__comment": "fn_fal64",
			"from": [ 7, 7.5, 17.5 ],
			"to": [ 9, 8.5, 18 ],
			"faces": {
				"down": { "uv": [ 12.75, 8.25, 13, 8.5 ], "texture": "#fn_fal", "rotation": 270 },
				"up": { "uv": [ 12.75, 8.25, 13, 8 ], "texture": "#fn_fal", "rotation": 90 },
				"north": { "uv": [ 12.75, 8, 13, 8.5 ], "texture": "#fn_fal" },
				"south": { "uv": [ 13, 8, 12.75, 8.5 ], "texture": "#fn_fal" },
				"west": { "uv": [ 12.75, 8, 13, 8.5 ], "texture": "#fn_fal" },
				"east": { "uv": [ 13, 8, 12.75, 8.5 ], "texture": "#fn_fal" }
			}
		},
		{
			"__comment": "fn_fal65",
			"from": [ 7, 7, 18 ],
			"to": [ 9, 8.5, 18.5 ],
			"faces": {
				"down": { "uv": [ 13, 8.5, 13.25, 8.75 ], "texture": "#fn_fal", "rotation": 270 },
				"up": { "uv": [ 13, 8.25, 13.25, 8 ], "texture": "#fn_fal", "rotation": 90 },
				"north": { "uv": [ 13, 8, 13.25, 8.75 ], "texture": "#fn_fal" },
				"south": { "uv": [ 13.25, 8, 13, 8.75 ], "texture": "#fn_fal" },
				"west": { "uv": [ 13, 8, 13.25, 8.75 ], "texture": "#fn_fal" },
				"east": { "uv": [ 13.25, 8, 13, 8.75 ], "texture": "#fn_fal" }
			}
		},
		{
			"__comment": "fn_fal66",
			"from": [ 7, 7, 18.5 ],
			"to": [ 9, 8, 19 ],
			"faces": {
				"down": { "uv": [ 13.25, 8.5, 13.5, 8.75 ], "texture": "#fn_fal", "rotation": 270 },
				"up": { "uv": [ 13.25, 8.5, 13.5, 8.25 ], "texture": "#fn_fal", "rotation": 90 },
				"north": { "uv": [ 13.25, 8.25, 13.5, 8.75 ], "texture": "#fn_fal" },
				"south": { "uv": [ 13.5, 8.25, 13.25, 8.75 ], "texture": "#fn_fal" },
				"west": { "uv": [ 13.25, 8.25, 13.5, 8.75 ], "texture": "#fn_fal" },
				"east": { "uv": [ 13.5, 8.25, 13.25, 8.75 ], "texture": "#fn_fal" }
			}
		},
		{
			"__comment": "fn_fal67",
			"from": [ 7, 6.5, 19 ],
			"to": [ 9, 8, 19.5 ],
			"faces": {
				"down": { "uv": [ 13.5, 8.75, 13.75, 9 ], "texture": "#fn_fal", "rotation": 270 },
				"up": { "uv": [ 13.5, 8.5, 13.75, 8.25 ], "texture": "#fn_fal", "rotation": 90 },
				"north": { "uv": [ 13.5, 8.25, 13.75, 9 ], "texture": "#fn_fal" },
				"south": { "uv": [ 13.75, 8.25, 13.5, 9 ], "texture": "#fn_fal" },
				"west": { "uv": [ 13.5, 8.25, 13.75, 9 ], "texture": "#fn_fal" },
				"east": { "uv": [ 13.75, 8.25, 13.5, 9 ], "texture": "#fn_fal" }
			}
		},
		{
			"__comment": "fn_fal68",
			"from": [ 7, 6, 19.5 ],
			"to": [ 9, 8, 20 ],
			"faces": {
				"down": { "uv": [ 13.75, 9, 14, 9.25 ], "texture": "#fn_fal", "rotation": 270 },
				"up": { "uv": [ 13.75, 8.5, 14, 8.25 ], "texture": "#fn_fal", "rotation": 90 },
				"north": { "uv": [ 13.75, 8.25, 14, 9.25 ], "texture": "#fn_fal" },
				"south": { "uv": [ 14, 8.25, 13.75, 9.25 ], "texture": "#fn_fal" },
				"west": { "uv": [ 13.75, 8.25, 14, 9.25 ], "texture": "#fn_fal" },
				"east": { "uv": [ 14, 8.25, 13.75, 9.25 ], "texture": "#fn_fal" }
			}
		},
		{
			"__comment": "fn_fal69",
			"from": [ 7, 5.5, 20 ],
			"to": [ 9, 7.5, 20.5 ],
			"faces": {
				"down": { "uv": [ 14, 9.25, 14.25, 9.5 ], "texture": "#fn_fal", "rotation": 270 },
				"up": { "uv": [ 14, 8.75, 14.25, 8.5 ], "texture": "#fn_fal", "rotation": 90 },
				"north": { "uv": [ 14, 8.5, 14.25, 9.5 ], "texture": "#fn_fal" },
				"south": { "uv": [ 14.25, 8.5, 14, 9.5 ], "texture": "#fn_fal" },
				"west": { "uv": [ 14, 8.5, 14.25, 9.5 ], "texture": "#fn_fal" },
				"east": { "uv": [ 14.25, 8.5, 14, 9.5 ], "texture": "#fn_fal" }
			}
		},
		{
			"__comment": "fn_fal70",
			"from": [ 7, 5, 20.5 ],
			"to": [ 9, 7.5, 21 ],
			"faces": {
				"down": { "uv": [ 14.25, 9.5, 14.5, 9.75 ], "texture": "#fn_fal", "rotation": 270 },
				"up": { "uv": [ 14.25, 8.75, 14.5, 8.5 ], "texture": "#fn_fal", "rotation": 90 },
				"north": { "uv": [ 14.25, 8.5, 14.5, 9.75 ], "texture": "#fn_fal" },
				"south": { "uv": [ 14.5, 8.5, 14.25, 9.75 ], "texture": "#fn_fal" },
				"west": { "uv": [ 14.25, 8.5, 14.5, 9.75 ], "texture": "#fn_fal" },
				"east": { "uv": [ 14.5, 8.5, 14.25, 9.75 ], "texture": "#fn_fal" }
			}
		},
		{
			"__comment": "fn_fal71",
			"from": [ 7, 4.5, 21 ],
			"to": [ 9, 7.5, 21.5 ],
			"faces": {
				"down": { "uv": [ 14.5, 9.75, 14.75, 10 ], "texture": "#fn_fal", "rotation": 270 },
				"up": { "uv": [ 14.5, 8.75, 14.75, 8.5 ], "texture": "#fn_fal", "rotation": 90 },
				"north": { "uv": [ 14.5, 8.5, 14.75, 10 ], "texture": "#fn_fal" },
				"south": { "uv": [ 14.75, 8.5, 14.5, 10 ], "texture": "#fn_fal" },
				"west": { "uv": [ 14.5, 8.5, 14.75, 10 ], "texture": "#fn_fal" },
				"east": { "uv": [ 14.75, 8.5, 14.5, 10 ], "texture": "#fn_fal" }
			}
		},
		{
			"__comment": "fn_fal72",
			"from": [ 7, 4, 21.5 ],
			"to": [ 9, 7.5, 22 ],
			"faces": {
				"down": { "uv": [ 14.75, 10, 15, 10.25 ], "texture": "#fn_fal", "rotation": 270 },
				"up": { "uv": [ 14.75, 8.75, 15, 8.5 ], "texture": "#fn_fal", "rotation": 90 },
				"north": { "uv": [ 14.75, 8.5, 15, 10.25 ], "texture": "#fn_fal" },
				"south": { "uv": [ 15, 8.5, 14.75, 10.25 ], "texture": "#fn_fal" },
				"west": { "uv": [ 14.75, 8.5, 15, 10.25 ], "texture": "#fn_fal" },
				"east": { "uv": [ 15, 8.5, 14.75, 10.25 ], "texture": "#fn_fal" }
			}
		},
		{
			"__comment": "fn_fal73",
			"from": [ 7, 4, 22 ],
			"to": [ 9, 8, 22.5 ],
			"faces": {
				"down": { "uv": [ 15, 10, 15.25, 10.25 ], "texture": "#fn_fal", "rotation": 270 },
				"up": { "uv": [ 15, 8.5, 15.25, 8.25 ], "texture": "#fn_fal", "rotation": 90 },
				"north": { "uv": [ 15, 8.25, 15.25, 10.25 ], "texture": "#fn_fal" },
				"south": { "uv": [ 15.25, 8.25, 15, 10.25 ], "texture": "#fn_fal" },
				"west": { "uv": [ 15, 8.25, 15.25, 10.25 ], "texture": "#fn_fal" },
				"east": { "uv": [ 15.25, 8.25, 15, 10.25 ], "texture": "#fn_fal" }
			}
		},
		{
			"__comment": "fn_fal74",
			"from": [ 7, 5, 22.5 ],
			"to": [ 9, 8, 23 ],
			"faces": {
				"down": { "uv": [ 15.25, 9.5, 15.5, 9.75 ], "texture": "#fn_fal", "rotation": 270 },
				"up": { "uv": [ 15.25, 8.5, 15.5, 8.25 ], "texture": "#fn_fal", "rotation": 90 },
				"north": { "uv": [ 15.25, 8.25, 15.5, 9.75 ], "texture": "#fn_fal" },
				"south": { "uv": [ 15.5, 8.25, 15.25, 9.75 ], "texture": "#fn_fal" },
				"west": { "uv": [ 15.25, 8.25, 15.5, 9.75 ], "texture": "#fn_fal" },
				"east": { "uv": [ 15.5, 8.25, 15.25, 9.75 ], "texture": "#fn_fal" }
			}
		},
		{
			"__comment": "fn_fal75",
			"from": [ 7.5, 10, 15 ],
			"to": [ 8.5, 10.5, 16.5 ],
			"faces": {
				"down": { "uv": [ 11.5, 7, 12.25, 7.25 ], "texture": "#fn_fal", "rotation": 270 },
				"up": { "uv": [ 11.5, 7.25, 12.25, 7 ], "texture": "#fn_fal", "rotation": 90 },
				"north": { "uv": [ 11.5, 7, 11.75, 7.25 ], "texture": "#fn_fal" },
				"south": { "uv": [ 12.25, 7, 12, 7.25 ], "texture": "#fn_fal" },
				"west": { "uv": [ 11.5, 7, 12.25, 7.25 ], "texture": "#fn_fal" },
				"east": { "uv": [ 12.25, 7, 11.5, 7.25 ], "texture": "#fn_fal" }
			}
		},
		{
			"__comment": "fn_fal76",
			"from": [ 7.5, 6, 12 ],
			"to": [ 8.5, 7, 12.5 ],
			"faces": {
				"down": { "uv": [ 10, 9, 10.25, 9.25 ], "texture": "#fn_fal", "rotation": 270 },
				"up": { "uv": [ 10, 9, 10.25, 8.75 ], "texture": "#fn_fal", "rotation": 90 },
				"north": { "uv": [ 10, 8.75, 10.25, 9.25 ], "texture": "#fn_fal" },
				"south": { "uv": [ 10.25, 8.75, 10, 9.25 ], "texture": "#fn_fal" },
				"west": { "uv": [ 10, 8.75, 10.25, 9.25 ], "texture": "#fn_fal" },
				"east": { "uv": [ 10.25, 8.75, 10, 9.25 ], "texture": "#fn_fal" }
			}
		},
		{
			"__comment": "fn_fal77",
			"from": [ 7.5, 4.5, 15 ],
			"to": [ 8.5, 5, 15.5 ],
			"faces": {
				"down": { "uv": [ 11.5, 9.75, 11.75, 10 ], "texture": "#fn_fal", "rotation": 270 },
				"up": { "uv": [ 11.5, 10, 11.75, 9.75 ], "texture": "#fn_fal", "rotation": 90 },
				"north": { "uv": [ 11.5, 9.75, 11.75, 10 ], "texture": "#fn_fal" },
				"south": { "uv": [ 11.75, 9.75, 11.5, 10 ], "texture": "#fn_fal" },
				"west": { "uv": [ 11.5, 9.75, 11.75, 10 ], "texture": "#fn_fal" },
				"east": { "uv": [ 11.75, 9.75, 11.5, 10 ], "texture": "#fn_fal" }
			}
		},
		{
			"__comment": "fn_fal78",
			"from": [ 7.5, 5.5, 14.5 ],
			"to": [ 8.5, 6, 15 ],
			"faces": {
				"down": { "uv": [ 11.25, 9.25, 11.5, 9.5 ], "texture": "#fn_fal", "rotation": 270 },
				"up": { "uv": [ 11.25, 9.5, 11.5, 9.25 ], "texture": "#fn_fal", "rotation": 90 },
				"north": { "uv": [ 11.25, 9.25, 11.5, 9.5 ], "texture": "#fn_fal" },
				"south": { "uv": [ 11.5, 9.25, 11.25, 9.5 ], "texture": "#fn_fal" },
				"west": { "uv": [ 11.25, 9.25, 11.5, 9.5 ], "texture": "#fn_fal" },
				"east": { "uv": [ 11.5, 9.25, 11.25, 9.5 ], "texture": "#fn_fal" }
			}
		},
		{
			"__comment": "fn_fal79",
			"from": [ 7.5, 5, 14.5 ],
			"to": [ 8.5, 5.5, 15 ],
			"faces": {
				"down": { "uv": [ 11.25, 9.5, 11.5, 9.75 ], "texture": "#fn_fal", "rotation": 270 },
				"up": { "uv": [ 11.25, 9.75, 11.5, 9.5 ], "texture": "#fn_fal", "rotation": 90 },
				"north": { "uv": [ 11.25, 9.5, 11.5, 9.75 ], "texture": "#fn_fal" },
				"south": { "uv": [ 11.5, 9.5, 11.25, 9.75 ], "texture": "#fn_fal" },
				"west": { "uv": [ 11.25, 9.5, 11.5, 9.75 ], "texture": "#fn_fal" },
				"east": { "uv": [ 11.5, 9.5, 11.25, 9.75 ], "texture": "#fn_fal" }
			}
		},
		{
			"__comment": "fn_fal80",
			"from": [ 7.5, 5.5, 12.5 ],
			"to": [ 8.5, 6, 13 ],
			"faces": {
				"down": { "uv": [ 10.25, 9.25, 10.5, 9.5 ], "texture": "#fn_fal", "rotation": 270 },
				"up": { "uv": [ 10.25, 9.5, 10.5, 9.25 ], "texture": "#fn_fal", "rotation": 90 },
				"north": { "uv": [ 10.25, 9.25, 10.5, 9.5 ], "texture": "#fn_fal" },
				"south": { "uv": [ 10.5, 9.25, 10.25, 9.5 ], "texture": "#fn_fal" },
				"west": { "uv": [ 10.25, 9.25, 10.5, 9.5 ], "texture": "#fn_fal" },
				"east": { "uv": [ 10.5, 9.25, 10.25, 9.5 ], "texture": "#fn_fal" }
			}
		},
		{
			"__comment": "fn_fal81",
			"from": [ 7.5, 3.5, 15.5 ],
			"to": [ 8.5, 4, 16 ],
			"faces": {
				"down": { "uv": [ 11.75, 10.25, 12, 10.5 ], "texture": "#fn_fal", "rotation": 270 },
				"up": { "uv": [ 11.75, 10.5, 12, 10.25 ], "texture": "#fn_fal", "rotation": 90 },
				"north": { "uv": [ 11.75, 10.25, 12, 10.5 ], "texture": "#fn_fal" },
				"south": { "uv": [ 12, 10.25, 11.75, 10.5 ], "texture": "#fn_fal" },
				"west": { "uv": [ 11.75, 10.25, 12, 10.5 ], "texture": "#fn_fal" },
				"east": { "uv": [ 12, 10.25, 11.75, 10.5 ], "texture": "#fn_fal" }
			}
		},
		{
			"__comment": "fn_fal82",
			"from": [ 7.5, 4.5, 13.5 ],
			"to": [ 8.5, 5, 14 ],
			"faces": {
				"down": { "uv": [ 10.75, 9.75, 11, 10 ], "texture": "#fn_fal", "rotation": 270 },
				"up": { "uv": [ 10.75, 10, 11, 9.75 ], "texture": "#fn_fal", "rotation": 90 },
				"north": { "uv": [ 10.75, 9.75, 11, 10 ], "texture": "#fn_fal" },
				"south": { "uv": [ 11, 9.75, 10.75, 10 ], "texture": "#fn_fal" },
				"west": { "uv": [ 10.75, 9.75, 11, 10 ], "texture": "#fn_fal" },
				"east": { "uv": [ 11, 9.75, 10.75, 10 ], "texture": "#fn_fal" }
			}
		},
		{
			"__comment": "fn_fal83",
			"from": [ 7.5, 3, 15 ],
			"to": [ 8.5, 3.5, 15.5 ],
			"faces": {
				"down": { "uv": [ 11.5, 10.5, 11.75, 10.75 ], "texture": "#fn_fal", "rotation": 270 },
				"up": { "uv": [ 11.5, 10.75, 11.75, 10.5 ], "texture": "#fn_fal", "rotation": 90 },
				"north": { "uv": [ 11.5, 10.5, 11.75, 10.75 ], "texture": "#fn_fal" },
				"south": { "uv": [ 11.75, 10.5, 11.5, 10.75 ], "texture": "#fn_fal" },
				"west": { "uv": [ 11.5, 10.5, 11.75, 10.75 ], "texture": "#fn_fal" },
				"east": { "uv": [ 11.75, 10.5, 11.5, 10.75 ], "texture": "#fn_fal" }
			}
		},
		{
			"__comment": "fn_fal84",
			"from": [ 7.5, 4, 13.5 ],
			"to": [ 8.5, 4.5, 14 ],
			"faces": {
				"down": { "uv": [ 10.75, 10, 11, 10.25 ], "texture": "#fn_fal", "rotation": 270 },
				"up": { "uv": [ 10.75, 10.25, 11, 10 ], "texture": "#fn_fal", "rotation": 90 },
				"north": { "uv": [ 10.75, 10, 11, 10.25 ], "texture": "#fn_fal" },
				"south": { "uv": [ 11, 10, 10.75, 10.25 ], "texture": "#fn_fal" },
				"west": { "uv": [ 10.75, 10, 11, 10.25 ], "texture": "#fn_fal" },
				"east": { "uv": [ 11, 10, 10.75, 10.25 ], "texture": "#fn_fal" }
			}
		},
		{
			"__comment": "fn_fal85",
			"from": [ 7.5, 4, 15.5 ],
			"to": [ 8.5, 4.5, 16 ],
			"faces": {
				"down": { "uv": [ 11.75, 10, 12, 10.25 ], "texture": "#fn_fal", "rotation": 270 },
				"up": { "uv": [ 11.75, 10.25, 12, 10 ], "texture": "#fn_fal", "rotation": 90 },
				"north": { "uv": [ 11.75, 10, 12, 10.25 ], "texture": "#fn_fal" },
				"south": { "uv": [ 12, 10, 11.75, 10.25 ], "texture": "#fn_fal" },
				"west": { "uv": [ 11.75, 10, 12, 10.25 ], "texture": "#fn_fal" },
				"east": { "uv": [ 12, 10, 11.75, 10.25 ], "texture": "#fn_fal" }
			}
		},
		{
			"__comment": "fn_fal86",
			"from": [ 7.5, 3.5, 14 ],
			"to": [ 8.5, 4, 14.5 ],
			"faces": {
				"down": { "uv": [ 11, 10.25, 11.25, 10.5 ], "texture": "#fn_fal", "rotation": 270 },
				"up": { "uv": [ 11, 10.5, 11.25, 10.25 ], "texture": "#fn_fal", "rotation": 90 },
				"north": { "uv": [ 11, 10.25, 11.25, 10.5 ], "texture": "#fn_fal" },
				"south": { "uv": [ 11.25, 10.25, 11, 10.5 ], "texture": "#fn_fal" },
				"west": { "uv": [ 11, 10.25, 11.25, 10.5 ], "texture": "#fn_fal" },
				"east": { "uv": [ 11.25, 10.25, 11, 10.5 ], "texture": "#fn_fal" }
			}
		},
		{
			"__comment": "fn_fal87",
			"from": [ 7.5, 2.5, 14.5 ],
			"to": [ 8.5, 3, 15 ],
			"faces": {
				"down": { "uv": [ 11.25, 10.75, 11.5, 11 ], "texture": "#fn_fal", "rotation": 270 },
				"up": { "uv": [ 11.25, 11, 11.5, 10.75 ], "texture": "#fn_fal", "rotation": 90 },
				"north": { "uv": [ 11.25, 10.75, 11.5, 11 ], "texture": "#fn_fal" },
				"south": { "uv": [ 11.5, 10.75, 11.25, 11 ], "texture": "#fn_fal" },
				"west": { "uv": [ 11.25, 10.75, 11.5, 11 ], "texture": "#fn_fal" },
				"east": { "uv": [ 11.5, 10.75, 11.25, 11 ], "texture": "#fn_fal" }
			}
		},
		{
			"__comment": "fn_fal88",
			"from": [ 7.5, 3, 14 ],
			"to": [ 8.5, 3.5, 14.5 ],
			"faces": {
				"down": { "uv": [ 11, 10.5, 11.25, 10.75 ], "texture": "#fn_fal", "rotation": 270 },
				"up": { "uv": [ 11, 10.75, 11.25, 10.5 ], "texture": "#fn_fal", "rotation": 90 },
				"north": { "uv": [ 11, 10.5, 11.25, 10.75 ], "texture": "#fn_fal" },
				"south": { "uv": [ 11.25, 10.5, 11, 10.75 ], "texture": "#fn_fal" },
				"west": { "uv": [ 11, 10.5, 11.25, 10.75 ], "texture": "#fn_fal" },
				"east": { "uv": [ 11.25, 10.5, 11, 10.75 ], "texture": "#fn_fal" }
			}
		},
		{
			"__comment": "fn_fal89",
			"from": [ 7.5, 5, 13 ],
			"to": [ 8.5, 5.5, 13.5 ],
			"faces": {
				"down": { "uv": [ 10.5, 9.5, 10.75, 9.75 ], "texture": "#fn_fal", "rotation": 270 },
				"up": { "uv": [ 10.5, 9.75, 10.75, 9.5 ], "texture": "#fn_fal", "rotation": 90 },
				"north": { "uv": [ 10.5, 9.5, 10.75, 9.75 ], "texture": "#fn_fal" },
				"south": { "uv": [ 10.75, 9.5, 10.5, 9.75 ], "texture": "#fn_fal" },
				"west": { "uv": [ 10.5, 9.5, 10.75, 9.75 ], "texture": "#fn_fal" },
				"east": { "uv": [ 10.75, 9.5, 10.5, 9.75 ], "texture": "#fn_fal" }
			}
		}
	],
	"display": {
		"thirdperson_righthand": {
			"translation":  [ 0, 0.375, -1.875 ],
			"scale":  [ 0.75, 0.75, 0.75 ]
		},
		"thirdperson_lefthand": {
			"translation":  [ -1.25, -5.5, 8 ],
			"scale":  [ 0.75, 0.75, 0.75 ]
		},
		"firstperson_righthand": {
			"rotation":  [ 30, 0, -30 ],
			"translation":  [ -6, 3, -3 ]
		},
		"firstperson_lefthand": {
			"scale":  [ 0.0001, 0.0001, 0.0001 ]
		},
		"gui": {
			"rotation":  [ 30, 135, 0 ],
			"scale":  [ 0.5, 0.5, 0.5 ]
		},
		"head": {
			"scale":  [ 0.0001, 0.0001, 0.0001 ]
		},
		"ground": {
			"rotation":  [ 0, 0, 90 ],
			"scale":  [ 0.75, 0.75, 0.75 ]
		},
		"fixed": {
			"rotation":  [ 0, -90, 0 ],
			"scale":  [ 1.5, 1.5, 1.5 ]
		}
	}
}