{
	"__comment": "Designed by Optimus0812 with Cubik Studio - https://cubik.studio",
	"textures": {
		"kar98k": "dayz/weapon/gun/rifle/kar98k",
		"attachments": "dayz/weapon/gun/attachment/attachments"
	},
	"elements": [ 	 
		{
			"__comment": "suppressor1",
			"from": [ 7.5, 7, -16 ],
			"to": [ 8.5, 7.5, -8 ],
			"faces": {
				"down": { "uv": [ 2, 14.5, 10, 15.5 ], "texture": "#attachments", "rotation": 270 },
				"up": { "uv": [ 2, 15.5, 10, 14.5 ], "texture": "#attachments", "rotation": 90 },
				"north": { "uv": [ 2, 15.5, 2.5, 16 ], "texture": "#attachments" },
				"south": { "uv": [ 10, 15.5, 9.5, 16 ], "texture": "#attachments" },
				"west": { "uv": [ 2, 15.5, 10, 16 ], "texture": "#attachments" },
				"east": { "uv": [ 10, 15.5, 2, 16 ], "texture": "#attachments" }
			}
		},
		{
			"__comment": "suppressor",
			"from": [ 7.5, 8.5, -16 ],
			"to": [ 8.5, 9, -8 ],
			"faces": {
				"down": { "uv": [ 2, 14.5, 10, 15.5 ], "texture": "#attachments", "rotation": 270 },
				"up": { "uv": [ 2, 15.5, 10, 14.5 ], "texture": "#attachments", "rotation": 90 },
				"north": { "uv": [ 2, 14, 2.5, 14.5 ], "texture": "#attachments" },
				"south": { "uv": [ 10, 14, 9.5, 14.5 ], "texture": "#attachments" },
				"west": { "uv": [ 2, 14, 10, 14.5 ], "texture": "#attachments" },
				"east": { "uv": [ 10, 14, 2, 14.5 ], "texture": "#attachments" }
			}
		},
		{
			"__comment": "suppressor2",
			"from": [ 7, 7.5, -16 ],
			"to": [ 7.5, 8.5, -8 ],
			"faces": {
				"down": { "uv": [ 2, 15, 10, 15.5 ], "texture": "#attachments", "rotation": 270 },
				"up": { "uv": [ 2, 15, 10, 14.5 ], "texture": "#attachments", "rotation": 90 },
				"north": { "uv": [ 2, 14.5, 2.5, 15.5 ], "texture": "#attachments" },
				"south": { "uv": [ 10, 14.5, 9.5, 15.5 ], "texture": "#attachments" },
				"west": { "uv": [ 2, 14.5, 10, 15.5 ], "texture": "#attachments" },
				"east": { "uv": [ 10, 14.5, 2, 15.5 ], "texture": "#attachments" }
			}
		},
		{
			"__comment": "suppressor3",
			"from": [ 8.5, 7.5, -16 ],
			"to": [ 9, 8.5, -8 ],
			"faces": {
				"down": { "uv": [ 2, 15, 10, 15.5 ], "texture": "#attachments", "rotation": 270 },
				"up": { "uv": [ 2, 15, 10, 14.5 ], "texture": "#attachments", "rotation": 90 },
				"north": { "uv": [ 2, 14.5, 2.5, 15.5 ], "texture": "#attachments" },
				"south": { "uv": [ 10, 14.5, 9.5, 15.5 ], "texture": "#attachments" },
				"west": { "uv": [ 2, 14.5, 10, 15.5 ], "texture": "#attachments" },
				"east": { "uv": [ 10, 14.5, 2, 15.5 ], "texture": "#attachments" }
			}
		},
		{
			"__comment": "suppressor4",
			"from": [ 7.5, 7.5, -15.5 ],
			"to": [ 8.5, 8.5, -15 ],
			"faces": {
				"down": { "uv": [ 1.5, 15, 0.5, 15.5 ], "texture": "#attachments" },
				"up": { "uv": [ 1.5, 15, 0.5, 14.5 ], "texture": "#attachments" },
				"north": { "uv": [ 0.5, 14.5, 1.5, 15.5 ], "texture": "#attachments" },
				"south": { "uv": [ 1.5, 14.5, 0.5, 15.5 ], "texture": "#attachments" },
				"west": { "uv": [ 1.5, 14.5, 2, 15.5 ], "texture": "#attachments" },
				"east": { "uv": [ 0.5, 14.5, 0, 15.5 ], "texture": "#attachments" }
			}
		},
		{
			"__comment": "suppressor5",
			"from": [ 7.5, 7.5, -9 ],
			"to": [ 8.5, 8.5, -8.5 ],
			"faces": {
				"down": { "uv": [ 1.5, 15, 0.5, 15.5 ], "texture": "#attachments" },
				"up": { "uv": [ 1.5, 15, 0.5, 14.5 ], "texture": "#attachments" },
				"north": { "uv": [ 0.5, 14.5, 1.5, 15.5 ], "texture": "#attachments" },
				"south": { "uv": [ 1.5, 14.5, 0.5, 15.5 ], "texture": "#attachments" },
				"west": { "uv": [ 1.5, 14.5, 2, 15.5 ], "texture": "#attachments" },
				"east": { "uv": [ 0.5, 14.5, 0, 15.5 ], "texture": "#attachments" }
			}
		},
		{
			"__comment": "scope15",
			"from": [ 7.5, 10.5, 1.5 ],
			"to": [ 8.5, 11, 4.5 ],
			"faces": {
				"down": { "uv": [ 0, 0, 3, 0.5 ], "texture": "#attachments", "rotation": 270 },
				"up": { "uv": [ 0, 0.5, 3, 0 ], "texture": "#attachments", "rotation": 90 },
				"north": { "uv": [ 0, 0, 0.5, 0.5 ], "texture": "#attachments" },
				"south": { "uv": [ 3, 0, 2.5, 0.5 ], "texture": "#attachments" },
				"west": { "uv": [ 0, 0, 3, 0.5 ], "texture": "#attachments" },
				"east": { "uv": [ 3, 0, 0, 0.5 ], "texture": "#attachments" }
			}
		},
		{
			"__comment": "scope12",
			"from": [ 7.5, 9, 1.5 ],
			"to": [ 8.5, 9.5, 4.5 ],
			"faces": {
				"down": { "uv": [ 0, 1.5, 3, 2 ], "texture": "#attachments", "rotation": 270 },
				"up": { "uv": [ 0, 2, 3, 1.5 ], "texture": "#attachments", "rotation": 90 },
				"north": { "uv": [ 0, 1.5, 0.5, 2 ], "texture": "#attachments" },
				"south": { "uv": [ 3, 1.5, 2.5, 2 ], "texture": "#attachments" },
				"west": { "uv": [ 0, 1.5, 3, 2 ], "texture": "#attachments" },
				"east": { "uv": [ 3, 1.5, 0, 2 ], "texture": "#attachments" }
			}
		},
		{
			"__comment": "scope16",
			"from": [ 7.5, 10.5, 8.5 ],
			"to": [ 8.5, 11, 10.5 ],
			"faces": {
				"down": { "uv": [ 7, 0, 9, 0.5 ], "texture": "#attachments", "rotation": 270 },
				"up": { "uv": [ 7, 0.5, 9, 0 ], "texture": "#attachments", "rotation": 90 },
				"north": { "uv": [ 7, 0, 7.5, 0.5 ], "texture": "#attachments" },
				"south": { "uv": [ 9, 0, 8.5, 0.5 ], "texture": "#attachments" },
				"west": { "uv": [ 7, 0, 9, 0.5 ], "texture": "#attachments" },
				"east": { "uv": [ 9, 0, 7, 0.5 ], "texture": "#attachments" }
			}
		},
		{
			"__comment": "scope",
			"from": [ 7.5, 9, 8.5 ],
			"to": [ 8.5, 9.5, 10.5 ],
			"faces": {
				"down": { "uv": [ 7, 1.5, 9, 2 ], "texture": "#attachments", "rotation": 270 },
				"up": { "uv": [ 7, 2, 9, 1.5 ], "texture": "#attachments", "rotation": 90 },
				"north": { "uv": [ 7, 1.5, 7.5, 2 ], "texture": "#attachments" },
				"south": { "uv": [ 9, 1.5, 8.5, 2 ], "texture": "#attachments" },
				"west": { "uv": [ 7, 1.5, 9, 2 ], "texture": "#attachments" },
				"east": { "uv": [ 9, 1.5, 7, 2 ], "texture": "#attachments" }
			}
		},
		{
			"__comment": "scope1",
			"from": [ 7.5, 9.5, 4.5 ],
			"to": [ 8.5, 10.5, 8.5 ],
			"faces": {
				"down": { "uv": [ 3, 1, 7, 1.5 ], "texture": "#attachments", "rotation": 270 },
				"up": { "uv": [ 3, 1, 7, 0.5 ], "texture": "#attachments", "rotation": 90 },
				"north": { "uv": [ 3, 0.5, 3.5, 1.5 ], "texture": "#attachments" },
				"south": { "uv": [ 7, 0.5, 6.5, 1.5 ], "texture": "#attachments" },
				"west": { "uv": [ 3, 0.5, 7, 1.5 ], "texture": "#attachments" },
				"east": { "uv": [ 7, 0.5, 3, 1.5 ], "texture": "#attachments" }
			}
		},
		{
			"__comment": "scope17",
			"from": [ 7.5, 10.5, 6 ],
			"to": [ 8.5, 11, 7 ],
			"faces": {
				"down": { "uv": [ 4.5, 0, 5.5, 0.5 ], "texture": "#attachments", "rotation": 270 },
				"up": { "uv": [ 4.5, 0.5, 5.5, 0 ], "texture": "#attachments", "rotation": 90 },
				"north": { "uv": [ 4.5, 0, 5, 0.5 ], "texture": "#attachments" },
				"south": { "uv": [ 5.5, 0, 5, 0.5 ], "texture": "#attachments" },
				"west": { "uv": [ 4.5, 0, 5.5, 0.5 ], "texture": "#attachments" },
				"east": { "uv": [ 5.5, 0, 4.5, 0.5 ], "texture": "#attachments" }
			}
		},
		{
			"__comment": "scope2",
			"from": [ 7, 9.5, 6 ],
			"to": [ 7.5, 10.5, 7 ],
			"faces": {
				"down": { "uv": [ 4.5, 1, 5.5, 1.5 ], "texture": "#attachments", "rotation": 270 },
				"up": { "uv": [ 4.5, 1, 5.5, 0.5 ], "texture": "#attachments", "rotation": 90 },
				"north": { "uv": [ 4.5, 0.5, 5, 1.5 ], "texture": "#attachments" },
				"south": { "uv": [ 5.5, 0.5, 5, 1.5 ], "texture": "#attachments" },
				"west": { "uv": [ 4.5, 0.5, 5.5, 1.5 ], "texture": "#attachments" },
				"east": { "uv": [ 5.5, 0.5, 4.5, 1.5 ], "texture": "#attachments" }
			}
		},
		{
			"__comment": "scope13",
			"from": [ 7, 9.5, 1.5 ],
			"to": [ 7.5, 10.5, 4.5 ],
			"faces": {
				"down": { "uv": [ 0, 1, 3, 1.5 ], "texture": "#attachments", "rotation": 270 },
				"up": { "uv": [ 0, 1, 3, 0.5 ], "texture": "#attachments", "rotation": 90 },
				"north": { "uv": [ 0, 0.5, 0.5, 1.5 ], "texture": "#attachments" },
				"south": { "uv": [ 3, 0.5, 2.5, 1.5 ], "texture": "#attachments" },
				"west": { "uv": [ 0, 0.5, 3, 1.5 ], "texture": "#attachments" },
				"east": { "uv": [ 3, 0.5, 0, 1.5 ], "texture": "#attachments" }
			}
		},
		{
			"__comment": "scope3",
			"from": [ 7, 9.5, 8.5 ],
			"to": [ 7.5, 10.5, 10.5 ],
			"faces": {
				"down": { "uv": [ 7, 1, 9, 1.5 ], "texture": "#attachments", "rotation": 270 },
				"up": { "uv": [ 7, 1, 9, 0.5 ], "texture": "#attachments", "rotation": 90 },
				"north": { "uv": [ 7, 0.5, 7.5, 1.5 ], "texture": "#attachments" },
				"south": { "uv": [ 9, 0.5, 8.5, 1.5 ], "texture": "#attachments" },
				"west": { "uv": [ 7, 0.5, 9, 1.5 ], "texture": "#attachments" },
				"east": { "uv": [ 9, 0.5, 7, 1.5 ], "texture": "#attachments" }
			}
		},
		{
			"__comment": "scope4",
			"from": [ 8.5, 9.5, 8.5 ],
			"to": [ 9, 10.5, 10.5 ],
			"faces": {
				"down": { "uv": [ 7, 1, 9, 1.5 ], "texture": "#attachments", "rotation": 270 },
				"up": { "uv": [ 7, 1, 9, 0.5 ], "texture": "#attachments", "rotation": 90 },
				"north": { "uv": [ 7, 0.5, 7.5, 1.5 ], "texture": "#attachments" },
				"south": { "uv": [ 9, 0.5, 8.5, 1.5 ], "texture": "#attachments" },
				"west": { "uv": [ 7, 0.5, 9, 1.5 ], "texture": "#attachments" },
				"east": { "uv": [ 9, 0.5, 7, 1.5 ], "texture": "#attachments" }
			}
		},
		{
			"__comment": "scope14",
			"from": [ 8.5, 9.5, 1.5 ],
			"to": [ 9, 10.5, 4.5 ],
			"faces": {
				"down": { "uv": [ 0, 1, 3, 1.5 ], "texture": "#attachments", "rotation": 270 },
				"up": { "uv": [ 0, 1, 3, 0.5 ], "texture": "#attachments", "rotation": 90 },
				"north": { "uv": [ 0, 0.5, 0.5, 1.5 ], "texture": "#attachments" },
				"south": { "uv": [ 3, 0.5, 2.5, 1.5 ], "texture": "#attachments" },
				"west": { "uv": [ 0, 0.5, 3, 1.5 ], "texture": "#attachments" },
				"east": { "uv": [ 3, 0.5, 0, 1.5 ], "texture": "#attachments" }
			}
		},
		{
			"__comment": "scope5",
			"from": [ 8.5, 9.5, 6 ],
			"to": [ 9, 10.5, 7 ],
			"faces": {
				"down": { "uv": [ 4.5, 1, 5.5, 1.5 ], "texture": "#attachments", "rotation": 270 },
				"up": { "uv": [ 4.5, 1, 5.5, 0.5 ], "texture": "#attachments", "rotation": 90 },
				"north": { "uv": [ 4.5, 0.5, 5, 1.5 ], "texture": "#attachments" },
				"south": { "uv": [ 5.5, 0.5, 5, 1.5 ], "texture": "#attachments" },
				"west": { "uv": [ 4.5, 0.5, 5.5, 1.5 ], "texture": "#attachments" },
				"east": { "uv": [ 5.5, 0.5, 4.5, 1.5 ], "texture": "#attachments" }
			}
		},
		{
			"__comment": "scope6",
			"from": [ 7, 9.5, 6 ],
			"to": [ 7.5, 10.5, 7 ],
			"faces": {
				"down": { "uv": [ 4.5, 1, 5.5, 1.5 ], "texture": "#attachments", "rotation": 270 },
				"up": { "uv": [ 4.5, 1, 5.5, 0.5 ], "texture": "#attachments", "rotation": 90 },
				"north": { "uv": [ 4.5, 0.5, 5, 1.5 ], "texture": "#attachments" },
				"south": { "uv": [ 5.5, 0.5, 5, 1.5 ], "texture": "#attachments" },
				"west": { "uv": [ 4.5, 0.5, 5.5, 1.5 ], "texture": "#attachments" },
				"east": { "uv": [ 5.5, 0.5, 4.5, 1.5 ], "texture": "#attachments" }
			}
		},
		{
			"__comment": "scope7",
			"from": [ 7.5, 9, 6 ],
			"to": [ 8.5, 9.5, 7 ],
			"faces": {
				"down": { "uv": [ 4.5, 1.5, 5.5, 2 ], "texture": "#attachments", "rotation": 270 },
				"up": { "uv": [ 4.5, 2, 5.5, 1.5 ], "texture": "#attachments", "rotation": 90 },
				"north": { "uv": [ 4.5, 1.5, 5, 2 ], "texture": "#attachments" },
				"south": { "uv": [ 5.5, 1.5, 5, 2 ], "texture": "#attachments" },
				"west": { "uv": [ 4.5, 1.5, 5.5, 2 ], "texture": "#attachments" },
				"east": { "uv": [ 5.5, 1.5, 4.5, 2 ], "texture": "#attachments" }
			}
		},
		{
			"__comment": "scope8",
			"from": [ 7, 8, 5 ],
			"to": [ 7.5, 10, 6 ],
			"faces": {
				"down": { "uv": [ 3.5, 2.5, 4.5, 3 ], "texture": "#attachments", "rotation": 270 },
				"up": { "uv": [ 3.5, 1.5, 4.5, 1 ], "texture": "#attachments", "rotation": 90 },
				"north": { "uv": [ 3.5, 1, 4, 3 ], "texture": "#attachments" },
				"south": { "uv": [ 4.5, 1, 4, 3 ], "texture": "#attachments" },
				"west": { "uv": [ 3.5, 1, 4.5, 3 ], "texture": "#attachments" },
				"east": { "uv": [ 4.5, 1, 3.5, 3 ], "texture": "#attachments" }
			}
		},
		{
			"__comment": "scope9",
			"from": [ 7, 8, 7 ],
			"to": [ 7.5, 10, 8 ],
			"faces": {
				"down": { "uv": [ 5.5, 2.5, 6.5, 3 ], "texture": "#attachments", "rotation": 270 },
				"up": { "uv": [ 5.5, 1.5, 6.5, 1 ], "texture": "#attachments", "rotation": 90 },
				"north": { "uv": [ 5.5, 1, 6, 3 ], "texture": "#attachments" },
				"south": { "uv": [ 6.5, 1, 6, 3 ], "texture": "#attachments" },
				"west": { "uv": [ 5.5, 1, 6.5, 3 ], "texture": "#attachments" },
				"east": { "uv": [ 6.5, 1, 5.5, 3 ], "texture": "#attachments" }
			}
		},
		{
			"__comment": "scope10",
			"from": [ 8.5, 8, 5 ],
			"to": [ 9, 10, 6 ],
			"faces": {
				"down": { "uv": [ 3.5, 2.5, 4.5, 3 ], "texture": "#attachments", "rotation": 270 },
				"up": { "uv": [ 3.5, 1.5, 4.5, 1 ], "texture": "#attachments", "rotation": 90 },
				"north": { "uv": [ 3.5, 1, 4, 3 ], "texture": "#attachments" },
				"south": { "uv": [ 4.5, 1, 4, 3 ], "texture": "#attachments" },
				"west": { "uv": [ 3.5, 1, 4.5, 3 ], "texture": "#attachments" },
				"east": { "uv": [ 4.5, 1, 3.5, 3 ], "texture": "#attachments" }
			}
		},
		{
			"__comment": "scope11",
			"from": [ 8.5, 8, 7 ],
			"to": [ 9, 10, 8 ],
			"faces": {
				"down": { "uv": [ 5.5, 2.5, 6.5, 3 ], "texture": "#attachments", "rotation": 270 },
				"up": { "uv": [ 5.5, 1.5, 6.5, 1 ], "texture": "#attachments", "rotation": 90 },
				"north": { "uv": [ 5.5, 1, 6, 3 ], "texture": "#attachments" },
				"south": { "uv": [ 6.5, 1, 6, 3 ], "texture": "#attachments" },
				"west": { "uv": [ 5.5, 1, 6.5, 3 ], "texture": "#attachments" },
				"east": { "uv": [ 6.5, 1, 5.5, 3 ], "texture": "#attachments" }
			}
		},
		{
			"__comment": "scope16",
			"from": [ 7.5, 9.5, 9.5 ],
			"to": [ 8.5, 10.5, 10 ],
			"faces": {
				"down": { "uv": [ 6.5, 1.5, 7, 2 ], "texture": "#attachments", "rotation": 270 },
				"up": { "uv": [ 6.5, 2, 7, 1.5 ], "texture": "#attachments", "rotation": 90 },
				"north": { "uv": [ 6.5, 1.5, 7, 2 ], "texture": "#attachments" },
				"south": { "uv": [ 7, 1.5, 6.5, 2 ], "texture": "#attachments" },
				"west": { "uv": [ 6.5, 1.5, 7, 2 ], "texture": "#attachments" },
				"east": { "uv": [ 7, 1.5, 6.5, 2 ], "texture": "#attachments" }
			}
		},
		{
			"__comment": "scope16",
			"from": [ 7.5, 9.5, 2 ],
			"to": [ 8.5, 10.5, 2.5 ],
			"faces": {
				"down": { "uv": [ 6.5, 1.5, 7, 2 ], "texture": "#attachments", "rotation": 270 },
				"up": { "uv": [ 6.5, 2, 7, 1.5 ], "texture": "#attachments", "rotation": 90 },
				"north": { "uv": [ 6.5, 1.5, 7, 2 ], "texture": "#attachments" },
				"south": { "uv": [ 7, 1.5, 6.5, 2 ], "texture": "#attachments" },
				"west": { "uv": [ 6.5, 1.5, 7, 2 ], "texture": "#attachments" },
				"east": { "uv": [ 7, 1.5, 6.5, 2 ], "texture": "#attachments" }
			}
		},
		{
			"__comment": "kar98k",
			"from": [ 7.5, 8.5, -7.5 ],
			"to": [ 8.5, 9.5, -6.5 ],
			"faces": {
				"down": { "uv": [ 0.25, 7.5, 0.75, 7.75 ], "texture": "#kar98k", "rotation": 270 },
				"up": { "uv": [ 0.25, 7.5, 0.75, 7.25 ], "texture": "#kar98k", "rotation": 90 },
				"north": { "uv": [ 0.25, 7.25, 0.5, 7.75 ], "texture": "#kar98k" },
				"south": { "uv": [ 0.75, 7.25, 0.5, 7.75 ], "texture": "#kar98k" },
				"west": { "uv": [ 0.25, 7.25, 0.75, 7.75 ], "texture": "#kar98k" },
				"east": { "uv": [ 0.75, 7.25, 0.25, 7.75 ], "texture": "#kar98k" }
			}
		},
		{
			"__comment": "kar98k1",
			"from": [ 7.5, 0.5, 23 ],
			"to": [ 8.5, 1, 24 ],
			"faces": {
				"down": { "uv": [ 15.5, 11.5, 16, 11.75 ], "texture": "#kar98k", "rotation": 270 },
				"up": { "uv": [ 15.5, 11.75, 16, 11.5 ], "texture": "#kar98k", "rotation": 90 },
				"north": { "uv": [ 15.5, 11.5, 15.75, 11.75 ], "texture": "#kar98k" },
				"south": { "uv": [ 16, 11.5, 15.75, 11.75 ], "texture": "#kar98k" },
				"west": { "uv": [ 15.5, 11.5, 16, 11.75 ], "texture": "#kar98k" },
				"east": { "uv": [ 16, 11.5, 15.5, 11.75 ], "texture": "#kar98k" }
			}
		},
		{
			"__comment": "kar98k2",
			"from": [ 7.5, 6.5, -7.5 ],
			"to": [ 8.5, 7, -3 ],
			"faces": {
				"down": { "uv": [ 0.25, 8.5, 2.5, 8.75 ], "texture": "#kar98k", "rotation": 270 },
				"up": { "uv": [ 0.25, 8.75, 2.5, 8.5 ], "texture": "#kar98k", "rotation": 90 },
				"north": { "uv": [ 0.25, 8.5, 0.5, 8.75 ], "texture": "#kar98k" },
				"south": { "uv": [ 2.5, 8.5, 2.25, 8.75 ], "texture": "#kar98k" },
				"west": { "uv": [ 0.25, 8.5, 2.5, 8.75 ], "texture": "#kar98k" },
				"east": { "uv": [ 2.5, 8.5, 0.25, 8.75 ], "texture": "#kar98k" }
			}
		},
		{
			"__comment": "kar98k3",
			"from": [ 7.5, 7.5, -8 ],
			"to": [ 8.5, 8, -3 ],
			"faces": {
				"down": { "uv": [ 0, 8, 2.5, 8.25 ], "texture": "#kar98k", "rotation": 270 },
				"up": { "uv": [ 0, 8.25, 2.5, 8 ], "texture": "#kar98k", "rotation": 90 },
				"north": { "uv": [ 0, 8, 0.25, 8.25 ], "texture": "#kar98k" },
				"south": { "uv": [ 2.5, 8, 2.25, 8.25 ], "texture": "#kar98k" },
				"west": { "uv": [ 0, 8, 2.5, 8.25 ], "texture": "#kar98k" },
				"east": { "uv": [ 2.5, 8, 0, 8.25 ], "texture": "#kar98k" }
			}
		},
		{
			"__comment": "kar98k4",
			"from": [ 7.5, 7, -5 ],
			"to": [ 8.5, 7.5, -1 ],
			"faces": {
				"down": { "uv": [ 1.5, 8.25, 3.5, 8.5 ], "texture": "#kar98k", "rotation": 270 },
				"up": { "uv": [ 1.5, 8.5, 3.5, 8.25 ], "texture": "#kar98k", "rotation": 90 },
				"north": { "uv": [ 1.5, 8.25, 1.75, 8.5 ], "texture": "#kar98k" },
				"south": { "uv": [ 3.5, 8.25, 3.25, 8.5 ], "texture": "#kar98k" },
				"west": { "uv": [ 1.5, 8.25, 3.5, 8.5 ], "texture": "#kar98k" },
				"east": { "uv": [ 3.5, 8.25, 1.5, 8.5 ], "texture": "#kar98k" }
			}
		},
		{
			"__comment": "kar98k5",
			"from": [ 7.5, 8, -8 ],
			"to": [ 8.5, 8.5, -1.5 ],
			"faces": {
				"down": { "uv": [ 0, 7.75, 3.25, 8 ], "texture": "#kar98k", "rotation": 270 },
				"up": { "uv": [ 0, 8, 3.25, 7.75 ], "texture": "#kar98k", "rotation": 90 },
				"north": { "uv": [ 0, 7.75, 0.25, 8 ], "texture": "#kar98k" },
				"south": { "uv": [ 3.25, 7.75, 3, 8 ], "texture": "#kar98k" },
				"west": { "uv": [ 0, 7.75, 3.25, 8 ], "texture": "#kar98k" },
				"east": { "uv": [ 3.25, 7.75, 0, 8 ], "texture": "#kar98k" }
			}
		},
		{
			"__comment": "kar98k6",
			"from": [ 7, 7.5, -3 ],
			"to": [ 9, 8, -1 ],
			"faces": {
				"down": { "uv": [ 2.5, 8, 3.5, 8.25 ], "texture": "#kar98k", "rotation": 270 },
				"up": { "uv": [ 2.5, 8.25, 3.5, 8 ], "texture": "#kar98k", "rotation": 90 },
				"north": { "uv": [ 2.5, 8, 2.75, 8.25 ], "texture": "#kar98k" },
				"south": { "uv": [ 3.5, 8, 3.25, 8.25 ], "texture": "#kar98k" },
				"west": { "uv": [ 2.5, 8, 3.5, 8.25 ], "texture": "#kar98k" },
				"east": { "uv": [ 3.5, 8, 2.5, 8.25 ], "texture": "#kar98k" }
			}
		},
		{
			"__comment": "kar98k7",
			"from": [ 7, 6.5, -3 ],
			"to": [ 9, 7, -1 ],
			"faces": {
				"down": { "uv": [ 2.5, 8.5, 3.5, 8.75 ], "texture": "#kar98k", "rotation": 270 },
				"up": { "uv": [ 2.5, 8.75, 3.5, 8.5 ], "texture": "#kar98k", "rotation": 90 },
				"north": { "uv": [ 2.5, 8.5, 2.75, 8.75 ], "texture": "#kar98k" },
				"south": { "uv": [ 3.5, 8.5, 3.25, 8.75 ], "texture": "#kar98k" },
				"west": { "uv": [ 2.5, 8.5, 3.5, 8.75 ], "texture": "#kar98k" },
				"east": { "uv": [ 3.5, 8.5, 2.5, 8.75 ], "texture": "#kar98k" }
			}
		},
		{
			"__comment": "kar98k8",
			"from": [ 7, 1, 23 ],
			"to": [ 9, 5, 24 ],
			"faces": {
				"down": { "uv": [ 15.5, 11.25, 16, 11.5 ], "texture": "#kar98k", "rotation": 270 },
				"up": { "uv": [ 15.5, 9.75, 16, 9.5 ], "texture": "#kar98k", "rotation": 90 },
				"north": { "uv": [ 15.5, 9.5, 15.75, 11.5 ], "texture": "#kar98k" },
				"south": { "uv": [ 16, 9.5, 15.75, 11.5 ], "texture": "#kar98k" },
				"west": { "uv": [ 15.5, 9.5, 16, 11.5 ], "texture": "#kar98k" },
				"east": { "uv": [ 16, 9.5, 15.5, 11.5 ], "texture": "#kar98k" }
			}
		},
		{
			"__comment": "kar98k9",
			"from": [ 7.5, 8, -1.5 ],
			"to": [ 8.5, 8.5, 4 ],
			"faces": {
				"down": { "uv": [ 3.25, 7.75, 6, 8 ], "texture": "#kar98k", "rotation": 270 },
				"up": { "uv": [ 3.25, 8, 6, 7.75 ], "texture": "#kar98k", "rotation": 90 },
				"north": { "uv": [ 3.25, 7.75, 3.5, 8 ], "texture": "#kar98k" },
				"south": { "uv": [ 6, 7.75, 5.75, 8 ], "texture": "#kar98k" },
				"west": { "uv": [ 3.25, 7.75, 6, 8 ], "texture": "#kar98k" },
				"east": { "uv": [ 6, 7.75, 3.25, 8 ], "texture": "#kar98k" }
			}
		},
		{
			"__comment": "kar98k10",
			"from": [ 7.5, 7.5, 4 ],
			"to": [ 8.5, 8.5, 6 ],
			"faces": {
				"down": { "uv": [ 6, 8, 7, 8.25 ], "texture": "#kar98k", "rotation": 270 },
				"up": { "uv": [ 6, 8, 7, 7.75 ], "texture": "#kar98k", "rotation": 90 },
				"north": { "uv": [ 6, 7.75, 6.25, 8.25 ], "texture": "#kar98k" },
				"south": { "uv": [ 7, 7.75, 6.75, 8.25 ], "texture": "#kar98k" },
				"west": { "uv": [ 6, 7.75, 7, 8.25 ], "texture": "#kar98k" },
				"east": { "uv": [ 7, 7.75, 6, 8.25 ], "texture": "#kar98k" }
			}
		},
		{
			"__comment": "kar98k11",
			"from": [ 7.5, 7.5, 15 ],
			"to": [ 8.5, 8, 15.5 ],
			"faces": {
				"down": { "uv": [ 11.5, 8, 11.75, 8.25 ], "texture": "#kar98k", "rotation": 270 },
				"up": { "uv": [ 11.5, 8.25, 11.75, 8 ], "texture": "#kar98k", "rotation": 90 },
				"north": { "uv": [ 11.5, 8, 11.75, 8.25 ], "texture": "#kar98k" },
				"south": { "uv": [ 11.75, 8, 11.5, 8.25 ], "texture": "#kar98k" },
				"west": { "uv": [ 11.5, 8, 11.75, 8.25 ], "texture": "#kar98k" },
				"east": { "uv": [ 11.75, 8, 11.5, 8.25 ], "texture": "#kar98k" }
			}
		},
		{
			"__comment": "kar98k12",
			"from": [ 7, 6.5, -1 ],
			"to": [ 9, 8, 4 ],
			"faces": {
				"down": { "uv": [ 3.5, 8.5, 6, 8.75 ], "texture": "#kar98k", "rotation": 270 },
				"up": { "uv": [ 3.5, 8.25, 6, 8 ], "texture": "#kar98k", "rotation": 90 },
				"north": { "uv": [ 3.5, 8, 3.75, 8.75 ], "texture": "#kar98k" },
				"south": { "uv": [ 6, 8, 5.75, 8.75 ], "texture": "#kar98k" },
				"west": { "uv": [ 3.5, 8, 6, 8.75 ], "texture": "#kar98k" },
				"east": { "uv": [ 6, 8, 3.5, 8.75 ], "texture": "#kar98k" }
			}
		},
		{
			"__comment": "kar98k13",
			"from": [ 7.5, 6, -1 ],
			"to": [ 8.5, 6.5, 4 ],
			"faces": {
				"down": { "uv": [ 3.5, 8.75, 6, 9 ], "texture": "#kar98k", "rotation": 270 },
				"up": { "uv": [ 3.5, 9, 6, 8.75 ], "texture": "#kar98k", "rotation": 90 },
				"north": { "uv": [ 3.5, 8.75, 3.75, 9 ], "texture": "#kar98k" },
				"south": { "uv": [ 6, 8.75, 5.75, 9 ], "texture": "#kar98k" },
				"west": { "uv": [ 3.5, 8.75, 6, 9 ], "texture": "#kar98k" },
				"east": { "uv": [ 6, 8.75, 3.5, 9 ], "texture": "#kar98k" }
			}
		},
		{
			"__comment": "kar98k14",
			"from": [ 7.5, 7.5, 7.5 ],
			"to": [ 8.5, 8.5, 9 ],
			"faces": {
				"down": { "uv": [ 7.75, 8, 8.5, 8.25 ], "texture": "#kar98k", "rotation": 270 },
				"up": { "uv": [ 7.75, 8, 8.5, 7.75 ], "texture": "#kar98k", "rotation": 90 },
				"north": { "uv": [ 7.75, 7.75, 8, 8.25 ], "texture": "#kar98k" },
				"south": { "uv": [ 8.5, 7.75, 8.25, 8.25 ], "texture": "#kar98k" },
				"west": { "uv": [ 7.75, 7.75, 8.5, 8.25 ], "texture": "#kar98k" },
				"east": { "uv": [ 8.5, 7.75, 7.75, 8.25 ], "texture": "#kar98k" }
			}
		},
		{
			"__comment": "kar98k15",
			"from": [ 7.5, 7.5, 6 ],
			"to": [ 8.5, 8, 7.5 ],
			"faces": {
				"down": { "uv": [ 7, 8, 7.75, 8.25 ], "texture": "#kar98k", "rotation": 270 },
				"up": { "uv": [ 7, 8.25, 7.75, 8 ], "texture": "#kar98k", "rotation": 90 },
				"north": { "uv": [ 7, 8, 7.25, 8.25 ], "texture": "#kar98k" },
				"south": { "uv": [ 7.75, 8, 7.5, 8.25 ], "texture": "#kar98k" },
				"west": { "uv": [ 7, 8, 7.75, 8.25 ], "texture": "#kar98k" },
				"east": { "uv": [ 7.75, 8, 7, 8.25 ], "texture": "#kar98k" }
			}
		},
		{
			"__comment": "kar98k16",
			"from": [ 7.5, 4, 12.5 ],
			"to": [ 8.5, 4.5, 13 ],
			"faces": {
				"down": { "uv": [ 10.25, 9.75, 10.5, 10 ], "texture": "#kar98k", "rotation": 270 },
				"up": { "uv": [ 10.25, 10, 10.5, 9.75 ], "texture": "#kar98k", "rotation": 90 },
				"north": { "uv": [ 10.25, 9.75, 10.5, 10 ], "texture": "#kar98k" },
				"south": { "uv": [ 10.5, 9.75, 10.25, 10 ], "texture": "#kar98k" },
				"west": { "uv": [ 10.25, 9.75, 10.5, 10 ], "texture": "#kar98k" },
				"east": { "uv": [ 10.5, 9.75, 10.25, 10 ], "texture": "#kar98k" }
			}
		},
		{
			"__comment": "kar98k18",
			"from": [ 7, 6, 4 ],
			"to": [ 9, 7.5, 9 ],
			"faces": {
				"down": { "uv": [ 6, 8.75, 8.5, 9 ], "texture": "#kar98k", "rotation": 270 },
				"up": { "uv": [ 6, 8.5, 8.5, 8.25 ], "texture": "#kar98k", "rotation": 90 },
				"north": { "uv": [ 6, 8.25, 6.25, 9 ], "texture": "#kar98k" },
				"south": { "uv": [ 8.5, 8.25, 8.25, 9 ], "texture": "#kar98k" },
				"west": { "uv": [ 6, 8.25, 8.5, 9 ], "texture": "#kar98k" },
				"east": { "uv": [ 8.5, 8.25, 6, 9 ], "texture": "#kar98k" }
			}
		},
		{
			"__comment": "kar98k19",
			"from": [ 7, 6, 9 ],
			"to": [ 9, 7, 11.5 ],
			"faces": {
				"down": { "uv": [ 8.5, 8.75, 9.75, 9 ], "texture": "#kar98k", "rotation": 270 },
				"up": { "uv": [ 8.5, 8.75, 9.75, 8.5 ], "texture": "#kar98k", "rotation": 90 },
				"north": { "uv": [ 8.5, 8.5, 8.75, 9 ], "texture": "#kar98k" },
				"south": { "uv": [ 9.75, 8.5, 9.5, 9 ], "texture": "#kar98k" },
				"west": { "uv": [ 8.5, 8.5, 9.75, 9 ], "texture": "#kar98k" },
				"east": { "uv": [ 9.75, 8.5, 8.5, 9 ], "texture": "#kar98k" }
			}
		},
		{
			"__comment": "kar98k20",
			"from": [ 7.5, 5, 23 ],
			"to": [ 8.5, 5.5, 24 ],
			"faces": {
				"down": { "uv": [ 15.5, 9.25, 16, 9.5 ], "texture": "#kar98k", "rotation": 270 },
				"up": { "uv": [ 15.5, 9.5, 16, 9.25 ], "texture": "#kar98k", "rotation": 90 },
				"north": { "uv": [ 15.5, 9.25, 15.75, 9.5 ], "texture": "#kar98k" },
				"south": { "uv": [ 16, 9.25, 15.75, 9.5 ], "texture": "#kar98k" },
				"west": { "uv": [ 15.5, 9.25, 16, 9.5 ], "texture": "#kar98k" },
				"east": { "uv": [ 16, 9.25, 15.5, 9.5 ], "texture": "#kar98k" }
			}
		},
		{
			"__comment": "kar98k21",
			"from": [ 7.5, 7, 9 ],
			"to": [ 8.5, 8, 11.5 ],
			"faces": {
				"down": { "uv": [ 8.5, 8.25, 9.75, 8.5 ], "texture": "#kar98k", "rotation": 270 },
				"up": { "uv": [ 8.5, 8.25, 9.75, 8 ], "texture": "#kar98k", "rotation": 90 },
				"north": { "uv": [ 8.5, 8, 8.75, 8.5 ], "texture": "#kar98k" },
				"south": { "uv": [ 9.75, 8, 9.5, 8.5 ], "texture": "#kar98k" },
				"west": { "uv": [ 8.5, 8, 9.75, 8.5 ], "texture": "#kar98k" },
				"east": { "uv": [ 9.75, 8, 8.5, 8.5 ], "texture": "#kar98k" }
			}
		},
		{
			"__comment": "kar98k22",
			"from": [ 7.5, 5, 9 ],
			"to": [ 8.5, 5.5, 12 ],
			"faces": {
				"down": { "uv": [ 8.5, 9.25, 10, 9.5 ], "texture": "#kar98k", "rotation": 270 },
				"up": { "uv": [ 8.5, 9.5, 10, 9.25 ], "texture": "#kar98k", "rotation": 90 },
				"north": { "uv": [ 8.5, 9.25, 8.75, 9.5 ], "texture": "#kar98k" },
				"south": { "uv": [ 10, 9.25, 9.75, 9.5 ], "texture": "#kar98k" },
				"west": { "uv": [ 8.5, 9.25, 10, 9.5 ], "texture": "#kar98k" },
				"east": { "uv": [ 10, 9.25, 8.5, 9.5 ], "texture": "#kar98k" }
			}
		},
		{
			"__comment": "kar98k23",
			"from": [ 7.5, 4, 11.5 ],
			"to": [ 8.5, 5, 12 ],
			"faces": {
				"down": { "uv": [ 9.75, 9.75, 10, 10 ], "texture": "#kar98k", "rotation": 270 },
				"up": { "uv": [ 9.75, 9.75, 10, 9.5 ], "texture": "#kar98k", "rotation": 90 },
				"north": { "uv": [ 9.75, 9.5, 10, 10 ], "texture": "#kar98k" },
				"south": { "uv": [ 10, 9.5, 9.75, 10 ], "texture": "#kar98k" },
				"west": { "uv": [ 9.75, 9.5, 10, 10 ], "texture": "#kar98k" },
				"east": { "uv": [ 10, 9.5, 9.75, 10 ], "texture": "#kar98k" }
			}
		},
		{
			"__comment": "kar98k24",
			"from": [ 7.5, 3.5, 12 ],
			"to": [ 8.5, 4, 14 ],
			"faces": {
				"down": { "uv": [ 10, 10, 11, 10.25 ], "texture": "#kar98k", "rotation": 270 },
				"up": { "uv": [ 10, 10.25, 11, 10 ], "texture": "#kar98k", "rotation": 90 },
				"north": { "uv": [ 10, 10, 10.25, 10.25 ], "texture": "#kar98k" },
				"south": { "uv": [ 11, 10, 10.75, 10.25 ], "texture": "#kar98k" },
				"west": { "uv": [ 10, 10, 11, 10.25 ], "texture": "#kar98k" },
				"east": { "uv": [ 11, 10, 10, 10.25 ], "texture": "#kar98k" }
			}
		},
		{
			"__comment": "kar98k25",
			"from": [ 7.5, 4, 14 ],
			"to": [ 8.5, 5.5, 14.5 ],
			"faces": {
				"down": { "uv": [ 11, 9.75, 11.25, 10 ], "texture": "#kar98k", "rotation": 270 },
				"up": { "uv": [ 11, 9.5, 11.25, 9.25 ], "texture": "#kar98k", "rotation": 90 },
				"north": { "uv": [ 11, 9.25, 11.25, 10 ], "texture": "#kar98k" },
				"south": { "uv": [ 11.25, 9.25, 11, 10 ], "texture": "#kar98k" },
				"west": { "uv": [ 11, 9.25, 11.25, 10 ], "texture": "#kar98k" },
				"east": { "uv": [ 11.25, 9.25, 11, 10 ], "texture": "#kar98k" }
			}
		},
		{
			"__comment": "kar98k26",
			"from": [ 7.5, 5, 14.5 ],
			"to": [ 8.5, 5.5, 15 ],
			"faces": {
				"down": { "uv": [ 11.25, 9.25, 11.5, 9.5 ], "texture": "#kar98k", "rotation": 270 },
				"up": { "uv": [ 11.25, 9.5, 11.5, 9.25 ], "texture": "#kar98k", "rotation": 90 },
				"north": { "uv": [ 11.25, 9.25, 11.5, 9.5 ], "texture": "#kar98k" },
				"south": { "uv": [ 11.5, 9.25, 11.25, 9.5 ], "texture": "#kar98k" },
				"west": { "uv": [ 11.25, 9.25, 11.5, 9.5 ], "texture": "#kar98k" },
				"east": { "uv": [ 11.5, 9.25, 11.25, 9.5 ], "texture": "#kar98k" }
			}
		},
		{
			"__comment": "kar98k27",
			"from": [ 7.5, 4.5, 13 ],
			"to": [ 8.5, 5.5, 13.5 ],
			"faces": {
				"down": { "uv": [ 10.5, 9.5, 10.75, 9.75 ], "texture": "#kar98k", "rotation": 270 },
				"up": { "uv": [ 10.5, 9.5, 10.75, 9.25 ], "texture": "#kar98k", "rotation": 90 },
				"north": { "uv": [ 10.5, 9.25, 10.75, 9.75 ], "texture": "#kar98k" },
				"south": { "uv": [ 10.75, 9.25, 10.5, 9.75 ], "texture": "#kar98k" },
				"west": { "uv": [ 10.5, 9.25, 10.75, 9.75 ], "texture": "#kar98k" },
				"east": { "uv": [ 10.75, 9.25, 10.5, 9.75 ], "texture": "#kar98k" }
			}
		},
		{
			"__comment": "kar98k28",
			"from": [ 7.5, 5.5, 4 ],
			"to": [ 8.5, 6, 15 ],
			"faces": {
				"down": { "uv": [ 6, 9, 11.5, 9.25 ], "texture": "#kar98k", "rotation": 270 },
				"up": { "uv": [ 6, 9.25, 11.5, 9 ], "texture": "#kar98k", "rotation": 90 },
				"north": { "uv": [ 6, 9, 6.25, 9.25 ], "texture": "#kar98k" },
				"south": { "uv": [ 11.5, 9, 11.25, 9.25 ], "texture": "#kar98k" },
				"west": { "uv": [ 6, 9, 11.5, 9.25 ], "texture": "#kar98k" },
				"east": { "uv": [ 11.5, 9, 6, 9.25 ], "texture": "#kar98k" }
			}
		},
		{
			"__comment": "kar98k29",
			"from": [ 7.5, 6, 16 ],
			"to": [ 8.5, 6.5, 17 ],
			"faces": {
				"down": { "uv": [ 12, 8.75, 12.5, 9 ], "texture": "#kar98k", "rotation": 270 },
				"up": { "uv": [ 12, 9, 12.5, 8.75 ], "texture": "#kar98k", "rotation": 90 },
				"north": { "uv": [ 12, 8.75, 12.25, 9 ], "texture": "#kar98k" },
				"south": { "uv": [ 12.5, 8.75, 12.25, 9 ], "texture": "#kar98k" },
				"west": { "uv": [ 12, 8.75, 12.5, 9 ], "texture": "#kar98k" },
				"east": { "uv": [ 12.5, 8.75, 12, 9 ], "texture": "#kar98k" }
			}
		},
		{
			"__comment": "kar98k30",
			"from": [ 7.5, 6.5, 17 ],
			"to": [ 8.5, 7, 19 ],
			"faces": {
				"down": { "uv": [ 12.5, 8.5, 13.5, 8.75 ], "texture": "#kar98k", "rotation": 270 },
				"up": { "uv": [ 12.5, 8.75, 13.5, 8.5 ], "texture": "#kar98k", "rotation": 90 },
				"north": { "uv": [ 12.5, 8.5, 12.75, 8.75 ], "texture": "#kar98k" },
				"south": { "uv": [ 13.5, 8.5, 13.25, 8.75 ], "texture": "#kar98k" },
				"west": { "uv": [ 12.5, 8.5, 13.5, 8.75 ], "texture": "#kar98k" },
				"east": { "uv": [ 13.5, 8.5, 12.5, 8.75 ], "texture": "#kar98k" }
			}
		},
		{
			"__comment": "kar98k31",
			"from": [ 7.5, 6, 19 ],
			"to": [ 8.5, 6.5, 21 ],
			"faces": {
				"down": { "uv": [ 13.5, 8.75, 14.5, 9 ], "texture": "#kar98k", "rotation": 270 },
				"up": { "uv": [ 13.5, 9, 14.5, 8.75 ], "texture": "#kar98k", "rotation": 90 },
				"north": { "uv": [ 13.5, 8.75, 13.75, 9 ], "texture": "#kar98k" },
				"south": { "uv": [ 14.5, 8.75, 14.25, 9 ], "texture": "#kar98k" },
				"west": { "uv": [ 13.5, 8.75, 14.5, 9 ], "texture": "#kar98k" },
				"east": { "uv": [ 14.5, 8.75, 13.5, 9 ], "texture": "#kar98k" }
			}
		},
		{
			"__comment": "kar98k32",
			"from": [ 7.5, 5.5, 21 ],
			"to": [ 8.5, 6, 23 ],
			"faces": {
				"down": { "uv": [ 14.5, 9, 15.5, 9.25 ], "texture": "#kar98k", "rotation": 270 },
				"up": { "uv": [ 14.5, 9.25, 15.5, 9 ], "texture": "#kar98k", "rotation": 90 },
				"north": { "uv": [ 14.5, 9, 14.75, 9.25 ], "texture": "#kar98k" },
				"south": { "uv": [ 15.5, 9, 15.25, 9.25 ], "texture": "#kar98k" },
				"west": { "uv": [ 14.5, 9, 15.5, 9.25 ], "texture": "#kar98k" },
				"east": { "uv": [ 15.5, 9, 14.5, 9.25 ], "texture": "#kar98k" }
			}
		},
		{
			"__comment": "kar98k33",
			"from": [ 7.5, 6.5, 15 ],
			"to": [ 8.5, 7, 16 ],
			"faces": {
				"down": { "uv": [ 11.5, 8.5, 12, 8.75 ], "texture": "#kar98k", "rotation": 270 },
				"up": { "uv": [ 11.5, 8.75, 12, 8.5 ], "texture": "#kar98k", "rotation": 90 },
				"north": { "uv": [ 11.5, 8.5, 11.75, 8.75 ], "texture": "#kar98k" },
				"south": { "uv": [ 12, 8.5, 11.75, 8.75 ], "texture": "#kar98k" },
				"west": { "uv": [ 11.5, 8.5, 12, 8.75 ], "texture": "#kar98k" },
				"east": { "uv": [ 12, 8.5, 11.5, 8.75 ], "texture": "#kar98k" }
			}
		},
		{
			"__comment": "kar98k34",
			"from": [ 7.5, 5, 15 ],
			"to": [ 8.5, 5.5, 15.5 ],
			"faces": {
				"down": { "uv": [ 11.5, 9.25, 11.75, 9.5 ], "texture": "#kar98k", "rotation": 270 },
				"up": { "uv": [ 11.5, 9.5, 11.75, 9.25 ], "texture": "#kar98k", "rotation": 90 },
				"north": { "uv": [ 11.5, 9.25, 11.75, 9.5 ], "texture": "#kar98k" },
				"south": { "uv": [ 11.75, 9.25, 11.5, 9.5 ], "texture": "#kar98k" },
				"west": { "uv": [ 11.5, 9.25, 11.75, 9.5 ], "texture": "#kar98k" },
				"east": { "uv": [ 11.75, 9.25, 11.5, 9.5 ], "texture": "#kar98k" }
			}
		},
		{
			"__comment": "kar98k35",
			"from": [ 7.5, 4, 15.5 ],
			"to": [ 8.5, 5, 16 ],
			"faces": {
				"down": { "uv": [ 11.75, 9.75, 12, 10 ], "texture": "#kar98k", "rotation": 270 },
				"up": { "uv": [ 11.75, 9.75, 12, 9.5 ], "texture": "#kar98k", "rotation": 90 },
				"north": { "uv": [ 11.75, 9.5, 12, 10 ], "texture": "#kar98k" },
				"south": { "uv": [ 12, 9.5, 11.75, 10 ], "texture": "#kar98k" },
				"west": { "uv": [ 11.75, 9.5, 12, 10 ], "texture": "#kar98k" },
				"east": { "uv": [ 12, 9.5, 11.75, 10 ], "texture": "#kar98k" }
			}
		},
		{
			"__comment": "kar98k36",
			"from": [ 7.5, 3, 16 ],
			"to": [ 8.5, 4, 16.5 ],
			"faces": {
				"down": { "uv": [ 12, 10.25, 12.25, 10.5 ], "texture": "#kar98k", "rotation": 270 },
				"up": { "uv": [ 12, 10.25, 12.25, 10 ], "texture": "#kar98k", "rotation": 90 },
				"north": { "uv": [ 12, 10, 12.25, 10.5 ], "texture": "#kar98k" },
				"south": { "uv": [ 12.25, 10, 12, 10.5 ], "texture": "#kar98k" },
				"west": { "uv": [ 12, 10, 12.25, 10.5 ], "texture": "#kar98k" },
				"east": { "uv": [ 12.25, 10, 12, 10.5 ], "texture": "#kar98k" }
			}
		},
		{
			"__comment": "kar98k37",
			"from": [ 7.5, 3, 16.5 ],
			"to": [ 8.5, 3.5, 17.5 ],
			"faces": {
				"down": { "uv": [ 12.25, 10.25, 12.75, 10.5 ], "texture": "#kar98k", "rotation": 270 },
				"up": { "uv": [ 12.25, 10.5, 12.75, 10.25 ], "texture": "#kar98k", "rotation": 90 },
				"north": { "uv": [ 12.25, 10.25, 12.5, 10.5 ], "texture": "#kar98k" },
				"south": { "uv": [ 12.75, 10.25, 12.5, 10.5 ], "texture": "#kar98k" },
				"west": { "uv": [ 12.25, 10.25, 12.75, 10.5 ], "texture": "#kar98k" },
				"east": { "uv": [ 12.75, 10.25, 12.25, 10.5 ], "texture": "#kar98k" }
			}
		},
		{
			"__comment": "kar98k38",
			"from": [ 7.5, 3.5, 17.5 ],
			"to": [ 8.5, 4, 18 ],
			"faces": {
				"down": { "uv": [ 12.75, 10, 13, 10.25 ], "texture": "#kar98k", "rotation": 270 },
				"up": { "uv": [ 12.75, 10.25, 13, 10 ], "texture": "#kar98k", "rotation": 90 },
				"north": { "uv": [ 12.75, 10, 13, 10.25 ], "texture": "#kar98k" },
				"south": { "uv": [ 13, 10, 12.75, 10.25 ], "texture": "#kar98k" },
				"west": { "uv": [ 12.75, 10, 13, 10.25 ], "texture": "#kar98k" },
				"east": { "uv": [ 13, 10, 12.75, 10.25 ], "texture": "#kar98k" }
			}
		},
		{
			"__comment": "kar98k39",
			"from": [ 7.5, 3, 18 ],
			"to": [ 8.5, 3.5, 19 ],
			"faces": {
				"down": { "uv": [ 13, 10.25, 13.5, 10.5 ], "texture": "#kar98k", "rotation": 270 },
				"up": { "uv": [ 13, 10.5, 13.5, 10.25 ], "texture": "#kar98k", "rotation": 90 },
				"north": { "uv": [ 13, 10.25, 13.25, 10.5 ], "texture": "#kar98k" },
				"south": { "uv": [ 13.5, 10.25, 13.25, 10.5 ], "texture": "#kar98k" },
				"west": { "uv": [ 13, 10.25, 13.5, 10.5 ], "texture": "#kar98k" },
				"east": { "uv": [ 13.5, 10.25, 13, 10.5 ], "texture": "#kar98k" }
			}
		},
		{
			"__comment": "kar98k40",
			"from": [ 7.5, 2.5, 19 ],
			"to": [ 8.5, 3, 20 ],
			"faces": {
				"down": { "uv": [ 13.5, 10.5, 14, 10.75 ], "texture": "#kar98k", "rotation": 270 },
				"up": { "uv": [ 13.5, 10.75, 14, 10.5 ], "texture": "#kar98k", "rotation": 90 },
				"north": { "uv": [ 13.5, 10.5, 13.75, 10.75 ], "texture": "#kar98k" },
				"south": { "uv": [ 14, 10.5, 13.75, 10.75 ], "texture": "#kar98k" },
				"west": { "uv": [ 13.5, 10.5, 14, 10.75 ], "texture": "#kar98k" },
				"east": { "uv": [ 14, 10.5, 13.5, 10.75 ], "texture": "#kar98k" }
			}
		},
		{
			"__comment": "kar98k41",
			"from": [ 7.5, 2, 20 ],
			"to": [ 8.5, 2.5, 21 ],
			"faces": {
				"down": { "uv": [ 14, 10.75, 14.5, 11 ], "texture": "#kar98k", "rotation": 270 },
				"up": { "uv": [ 14, 11, 14.5, 10.75 ], "texture": "#kar98k", "rotation": 90 },
				"north": { "uv": [ 14, 10.75, 14.25, 11 ], "texture": "#kar98k" },
				"south": { "uv": [ 14.5, 10.75, 14.25, 11 ], "texture": "#kar98k" },
				"west": { "uv": [ 14, 10.75, 14.5, 11 ], "texture": "#kar98k" },
				"east": { "uv": [ 14.5, 10.75, 14, 11 ], "texture": "#kar98k" }
			}
		},
		{
			"__comment": "kar98k42",
			"from": [ 7.5, 1.5, 21 ],
			"to": [ 8.5, 2, 22 ],
			"faces": {
				"down": { "uv": [ 14.5, 11, 15, 11.25 ], "texture": "#kar98k", "rotation": 270 },
				"up": { "uv": [ 14.5, 11.25, 15, 11 ], "texture": "#kar98k", "rotation": 90 },
				"north": { "uv": [ 14.5, 11, 14.75, 11.25 ], "texture": "#kar98k" },
				"south": { "uv": [ 15, 11, 14.75, 11.25 ], "texture": "#kar98k" },
				"west": { "uv": [ 14.5, 11, 15, 11.25 ], "texture": "#kar98k" },
				"east": { "uv": [ 15, 11, 14.5, 11.25 ], "texture": "#kar98k" }
			}
		},
		{
			"__comment": "kar98k43",
			"from": [ 7.5, 1, 22 ],
			"to": [ 8.5, 1.5, 23 ],
			"faces": {
				"down": { "uv": [ 15, 11.25, 15.5, 11.5 ], "texture": "#kar98k", "rotation": 270 },
				"up": { "uv": [ 15, 11.5, 15.5, 11.25 ], "texture": "#kar98k", "rotation": 90 },
				"north": { "uv": [ 15, 11.25, 15.25, 11.5 ], "texture": "#kar98k" },
				"south": { "uv": [ 15.5, 11.25, 15.25, 11.5 ], "texture": "#kar98k" },
				"west": { "uv": [ 15, 11.25, 15.5, 11.5 ], "texture": "#kar98k" },
				"east": { "uv": [ 15.5, 11.25, 15, 11.5 ], "texture": "#kar98k" }
			}
		},
		{
			"__comment": "kar98k44",
			"from": [ 7, 6, 11.5 ],
			"to": [ 9, 7.5, 15 ],
			"faces": {
				"down": { "uv": [ 9.75, 8.75, 11.5, 9 ], "texture": "#kar98k", "rotation": 270 },
				"up": { "uv": [ 9.75, 8.5, 11.5, 8.25 ], "texture": "#kar98k", "rotation": 90 },
				"north": { "uv": [ 9.75, 8.25, 10, 9 ], "texture": "#kar98k" },
				"south": { "uv": [ 11.5, 8.25, 11.25, 9 ], "texture": "#kar98k" },
				"west": { "uv": [ 9.75, 8.25, 11.5, 9 ], "texture": "#kar98k" },
				"east": { "uv": [ 11.5, 8.25, 9.75, 9 ], "texture": "#kar98k" }
			}
		},
		{
			"__comment": "kar98k45",
			"from": [ 7, 5.5, 15 ],
			"to": [ 9, 6.5, 15.5 ],
			"faces": {
				"down": { "uv": [ 11.5, 9, 11.75, 9.25 ], "texture": "#kar98k", "rotation": 270 },
				"up": { "uv": [ 11.5, 9, 11.75, 8.75 ], "texture": "#kar98k", "rotation": 90 },
				"north": { "uv": [ 11.5, 8.75, 11.75, 9.25 ], "texture": "#kar98k" },
				"south": { "uv": [ 11.75, 8.75, 11.5, 9.25 ], "texture": "#kar98k" },
				"west": { "uv": [ 11.5, 8.75, 11.75, 9.25 ], "texture": "#kar98k" },
				"east": { "uv": [ 11.75, 8.75, 11.5, 9.25 ], "texture": "#kar98k" }
			}
		},
		{
			"__comment": "kar98k46",
			"from": [ 7, 5, 15.5 ],
			"to": [ 9, 6.5, 16 ],
			"faces": {
				"down": { "uv": [ 11.75, 9.25, 12, 9.5 ], "texture": "#kar98k", "rotation": 270 },
				"up": { "uv": [ 11.75, 9, 12, 8.75 ], "texture": "#kar98k", "rotation": 90 },
				"north": { "uv": [ 11.75, 8.75, 12, 9.5 ], "texture": "#kar98k" },
				"south": { "uv": [ 12, 8.75, 11.75, 9.5 ], "texture": "#kar98k" },
				"west": { "uv": [ 11.75, 8.75, 12, 9.5 ], "texture": "#kar98k" },
				"east": { "uv": [ 12, 8.75, 11.75, 9.5 ], "texture": "#kar98k" }
			}
		},
		{
			"__comment": "kar98k47",
			"from": [ 7, 4, 16 ],
			"to": [ 9, 6, 16.5 ],
			"faces": {
				"down": { "uv": [ 12, 9.75, 12.25, 10 ], "texture": "#kar98k", "rotation": 270 },
				"up": { "uv": [ 12, 9.25, 12.25, 9 ], "texture": "#kar98k", "rotation": 90 },
				"north": { "uv": [ 12, 9, 12.25, 10 ], "texture": "#kar98k" },
				"south": { "uv": [ 12.25, 9, 12, 10 ], "texture": "#kar98k" },
				"west": { "uv": [ 12, 9, 12.25, 10 ], "texture": "#kar98k" },
				"east": { "uv": [ 12.25, 9, 12, 10 ], "texture": "#kar98k" }
			}
		},
		{
			"__comment": "kar98k48",
			"from": [ 7, 3.5, 16.5 ],
			"to": [ 9, 6, 17 ],
			"faces": {
				"down": { "uv": [ 12.25, 10, 12.5, 10.25 ], "texture": "#kar98k", "rotation": 270 },
				"up": { "uv": [ 12.25, 9.25, 12.5, 9 ], "texture": "#kar98k", "rotation": 90 },
				"north": { "uv": [ 12.25, 9, 12.5, 10.25 ], "texture": "#kar98k" },
				"south": { "uv": [ 12.5, 9, 12.25, 10.25 ], "texture": "#kar98k" },
				"west": { "uv": [ 12.25, 9, 12.5, 10.25 ], "texture": "#kar98k" },
				"east": { "uv": [ 12.5, 9, 12.25, 10.25 ], "texture": "#kar98k" }
			}
		},
		{
			"__comment": "kar98k49",
			"from": [ 7, 3.5, 17 ],
			"to": [ 9, 6.5, 17.5 ],
			"faces": {
				"down": { "uv": [ 12.5, 10, 12.75, 10.25 ], "texture": "#kar98k", "rotation": 270 },
				"up": { "uv": [ 12.5, 9, 12.75, 8.75 ], "texture": "#kar98k", "rotation": 90 },
				"north": { "uv": [ 12.5, 8.75, 12.75, 10.25 ], "texture": "#kar98k" },
				"south": { "uv": [ 12.75, 8.75, 12.5, 10.25 ], "texture": "#kar98k" },
				"west": { "uv": [ 12.5, 8.75, 12.75, 10.25 ], "texture": "#kar98k" },
				"east": { "uv": [ 12.75, 8.75, 12.5, 10.25 ], "texture": "#kar98k" }
			}
		},
		{
			"__comment": "kar98k50",
			"from": [ 7, 4, 17.5 ],
			"to": [ 9, 6.5, 18 ],
			"faces": {
				"down": { "uv": [ 12.75, 9.75, 13, 10 ], "texture": "#kar98k", "rotation": 270 },
				"up": { "uv": [ 12.75, 9, 13, 8.75 ], "texture": "#kar98k", "rotation": 90 },
				"north": { "uv": [ 12.75, 8.75, 13, 10 ], "texture": "#kar98k" },
				"south": { "uv": [ 13, 8.75, 12.75, 10 ], "texture": "#kar98k" },
				"west": { "uv": [ 12.75, 8.75, 13, 10 ], "texture": "#kar98k" },
				"east": { "uv": [ 13, 8.75, 12.75, 10 ], "texture": "#kar98k" }
			}
		},
		{
			"__comment": "kar98k51",
			"from": [ 7, 3.5, 18 ],
			"to": [ 9, 6.5, 19 ],
			"faces": {
				"down": { "uv": [ 13, 10, 13.5, 10.25 ], "texture": "#kar98k", "rotation": 270 },
				"up": { "uv": [ 13, 9, 13.5, 8.75 ], "texture": "#kar98k", "rotation": 90 },
				"north": { "uv": [ 13, 8.75, 13.25, 10.25 ], "texture": "#kar98k" },
				"south": { "uv": [ 13.5, 8.75, 13.25, 10.25 ], "texture": "#kar98k" },
				"west": { "uv": [ 13, 8.75, 13.5, 10.25 ], "texture": "#kar98k" },
				"east": { "uv": [ 13.5, 8.75, 13, 10.25 ], "texture": "#kar98k" }
			}
		},
		{
			"__comment": "kar98k52",
			"from": [ 7, 3, 19 ],
			"to": [ 9, 6, 20 ],
			"faces": {
				"down": { "uv": [ 13.5, 10.25, 14, 10.5 ], "texture": "#kar98k", "rotation": 270 },
				"up": { "uv": [ 13.5, 9.25, 14, 9 ], "texture": "#kar98k", "rotation": 90 },
				"north": { "uv": [ 13.5, 9, 13.75, 10.5 ], "texture": "#kar98k" },
				"south": { "uv": [ 14, 9, 13.75, 10.5 ], "texture": "#kar98k" },
				"west": { "uv": [ 13.5, 9, 14, 10.5 ], "texture": "#kar98k" },
				"east": { "uv": [ 14, 9, 13.5, 10.5 ], "texture": "#kar98k" }
			}
		},
		{
			"__comment": "kar98k53",
			"from": [ 7, 2.5, 20 ],
			"to": [ 9, 6, 21 ],
			"faces": {
				"down": { "uv": [ 14, 10.5, 14.5, 10.75 ], "texture": "#kar98k", "rotation": 270 },
				"up": { "uv": [ 14, 9.25, 14.5, 9 ], "texture": "#kar98k", "rotation": 90 },
				"north": { "uv": [ 14, 9, 14.25, 10.75 ], "texture": "#kar98k" },
				"south": { "uv": [ 14.5, 9, 14.25, 10.75 ], "texture": "#kar98k" },
				"west": { "uv": [ 14, 9, 14.5, 10.75 ], "texture": "#kar98k" },
				"east": { "uv": [ 14.5, 9, 14, 10.75 ], "texture": "#kar98k" }
			}
		},
		{
			"__comment": "kar98k54",
			"from": [ 7, 2, 21 ],
			"to": [ 9, 5.5, 22 ],
			"faces": {
				"down": { "uv": [ 14.5, 10.75, 15, 11 ], "texture": "#kar98k", "rotation": 270 },
				"up": { "uv": [ 14.5, 9.5, 15, 9.25 ], "texture": "#kar98k", "rotation": 90 },
				"north": { "uv": [ 14.5, 9.25, 14.75, 11 ], "texture": "#kar98k" },
				"south": { "uv": [ 15, 9.25, 14.75, 11 ], "texture": "#kar98k" },
				"west": { "uv": [ 14.5, 9.25, 15, 11 ], "texture": "#kar98k" },
				"east": { "uv": [ 15, 9.25, 14.5, 11 ], "texture": "#kar98k" }
			}
		},
		{
			"__comment": "kar98k55",
			"from": [ 7, 1.5, 22 ],
			"to": [ 9, 5.5, 23 ],
			"faces": {
				"down": { "uv": [ 15, 11, 15.5, 11.25 ], "texture": "#kar98k", "rotation": 270 },
				"up": { "uv": [ 15, 9.5, 15.5, 9.25 ], "texture": "#kar98k", "rotation": 90 },
				"north": { "uv": [ 15, 9.25, 15.25, 11.25 ], "texture": "#kar98k" },
				"south": { "uv": [ 15.5, 9.25, 15.25, 11.25 ], "texture": "#kar98k" },
				"west": { "uv": [ 15, 9.25, 15.5, 11.25 ], "texture": "#kar98k" },
				"east": { "uv": [ 15.5, 9.25, 15, 11.25 ], "texture": "#kar98k" }
			}
		},
		{
			"__comment": "kar98k56",
			"from": [ 7.5, 7.5, 11.5 ],
			"to": [ 8.5, 8.5, 15 ],
			"faces": {
				"down": { "uv": [ 9.75, 8, 11.5, 8.25 ], "texture": "#kar98k", "rotation": 270 },
				"up": { "uv": [ 9.75, 8, 11.5, 7.75 ], "texture": "#kar98k", "rotation": 90 },
				"north": { "uv": [ 9.75, 7.75, 10, 8.25 ], "texture": "#kar98k" },
				"south": { "uv": [ 11.5, 7.75, 11.25, 8.25 ], "texture": "#kar98k" },
				"west": { "uv": [ 9.75, 7.75, 11.5, 8.25 ], "texture": "#kar98k" },
				"east": { "uv": [ 11.5, 7.75, 9.75, 8.25 ], "texture": "#kar98k" }
			}
		},
		{
			"__comment": "kar98k57",
			"from": [ 9, 6, 13.5 ],
			"to": [ 10, 7, 14.5 ],
			"faces": {
				"down": { "uv": [ 0, 15.75, 0.5, 16 ], "texture": "#kar98k", "rotation": 270 },
				"up": { "uv": [ 0, 15.75, 0.5, 15.5 ], "texture": "#kar98k", "rotation": 90 },
				"north": { "uv": [ 0, 15.5, 0.25, 16 ], "texture": "#kar98k" },
				"south": { "uv": [ 0.5, 15.5, 0.25, 16 ], "texture": "#kar98k" },
				"west": { "uv": [ 0, 15.5, 0.5, 16 ], "texture": "#kar98k" },
				"east": { "uv": [ 0.5, 15.5, 0, 16 ], "texture": "#kar98k" }
			}
		},
		{
			"__comment": "kar98k58",
			"from": [ 9, 7, 13.5 ],
			"to": [ 9.5, 7.5, 14 ],
			"faces": {
				"down": { "uv": [ 0, 15.25, 0.25, 15.5 ], "texture": "#kar98k", "rotation": 270 },
				"up": { "uv": [ 0, 15.5, 0.25, 15.25 ], "texture": "#kar98k", "rotation": 90 },
				"north": { "uv": [ 0, 15.25, 0.25, 15.5 ], "texture": "#kar98k" },
				"south": { "uv": [ 0.25, 15.25, 0, 15.5 ], "texture": "#kar98k" },
				"west": { "uv": [ 0, 15.25, 0.25, 15.5 ], "texture": "#kar98k" },
				"east": { "uv": [ 0.25, 15.25, 0, 15.5 ], "texture": "#kar98k" }
			}
		},
		{
			"__comment": "kar98k17",
			"from": [ 8.5, 7.5, 13.5 ],
			"to": [ 9, 8, 14 ],
			"faces": {
				"down": { "uv": [ 0, 15, 0.25, 15.25 ], "texture": "#kar98k", "rotation": 270 },
				"up": { "uv": [ 0, 15.25, 0.25, 15 ], "texture": "#kar98k", "rotation": 90 },
				"north": { "uv": [ 0, 15, 0.25, 15.25 ], "texture": "#kar98k" },
				"south": { "uv": [ 0.25, 15, 0, 15.25 ], "texture": "#kar98k" },
				"west": { "uv": [ 0, 15, 0.25, 15.25 ], "texture": "#kar98k" },
				"east": { "uv": [ 0.25, 15, 0, 15.25 ], "texture": "#kar98k" }
			}
		}
	],
	"display": {
		"thirdperson_righthand": {
			"translation":  [ 0, 1.875, -2.25 ],
			"scale":  [ 0.75, 0.75, 0.75 ]
		},
		"thirdperson_lefthand": {
			"translation":  [ -1.25, -4.375, 8 ],
			"scale":  [ 0.75, 0.75, 0.75 ]
		},
		"firstperson_righthand": {
			"scale":  [ 0.0001, 0.0001, 0.0001 ]
		},
		"firstperson_lefthand": {
			"scale":  [ 0.0001, 0.0001, 0.0001 ]
		},
		"gui": {
			"rotation":  [ 30, 135, 0 ],
			"scale":  [ 0.5, 0.5, 0.5 ]
		},
		"head": {
			"scale":  [ 0.0001, 0.0001, 0.0001 ]
		},
		"ground": {
			"rotation":  [ 0, 0, 90 ],
			"scale":  [ 0.75, 0.75, 0.75 ]
		},
		"fixed": {
			"rotation":  [ 0, -90, 0 ],
			"scale":  [ 1.5, 1.5, 1.5 ]
		}
	}
}