{
	"__comment": "Designed by Optimus0812 with Cubik Studio - https://cubik.studio",
	"textures": {
		"m24": "dayz/weapon/gun/rifle/m24",
		"attachments": "dayz/weapon/gun/attachment/attachments"
	},
	"elements": [ 	 
		{
			"__comment": "suppressor1",
			"from": [ 6.5, 7, -16 ],
			"to": [ 7.5, 7.5, -8 ],
			"faces": {
				"down": { "uv": [ 2, 14.5, 10, 15.5 ], "texture": "#attachments", "rotation": 270 },
				"up": { "uv": [ 2, 15.5, 10, 14.5 ], "texture": "#attachments", "rotation": 90 },
				"north": { "uv": [ 2, 15.5, 2.5, 16 ], "texture": "#attachments" },
				"south": { "uv": [ 10, 15.5, 9.5, 16 ], "texture": "#attachments" },
				"west": { "uv": [ 2, 15.5, 10, 16 ], "texture": "#attachments" },
				"east": { "uv": [ 10, 15.5, 2, 16 ], "texture": "#attachments" }
			}
		},
		{
			"__comment": "suppressor",
			"from": [ 6.5, 8.5, -16 ],
			"to": [ 7.5, 9, -8 ],
			"faces": {
				"down": { "uv": [ 2, 14.5, 10, 15.5 ], "texture": "#attachments", "rotation": 270 },
				"up": { "uv": [ 2, 15.5, 10, 14.5 ], "texture": "#attachments", "rotation": 90 },
				"north": { "uv": [ 2, 14, 2.5, 14.5 ], "texture": "#attachments" },
				"south": { "uv": [ 10, 14, 9.5, 14.5 ], "texture": "#attachments" },
				"west": { "uv": [ 2, 14, 10, 14.5 ], "texture": "#attachments" },
				"east": { "uv": [ 10, 14, 2, 14.5 ], "texture": "#attachments" }
			}
		},
		{
			"__comment": "suppressor2",
			"from": [ 6, 7.5, -16 ],
			"to": [ 6.5, 8.5, -8 ],
			"faces": {
				"down": { "uv": [ 2, 15, 10, 15.5 ], "texture": "#attachments", "rotation": 270 },
				"up": { "uv": [ 2, 15, 10, 14.5 ], "texture": "#attachments", "rotation": 90 },
				"north": { "uv": [ 2, 14.5, 2.5, 15.5 ], "texture": "#attachments" },
				"south": { "uv": [ 10, 14.5, 9.5, 15.5 ], "texture": "#attachments" },
				"west": { "uv": [ 2, 14.5, 10, 15.5 ], "texture": "#attachments" },
				"east": { "uv": [ 10, 14.5, 2, 15.5 ], "texture": "#attachments" }
			}
		},
		{
			"__comment": "suppressor3",
			"from": [ 7.5, 7.5, -16 ],
			"to": [ 8, 8.5, -8 ],
			"faces": {
				"down": { "uv": [ 2, 15, 10, 15.5 ], "texture": "#attachments", "rotation": 270 },
				"up": { "uv": [ 2, 15, 10, 14.5 ], "texture": "#attachments", "rotation": 90 },
				"north": { "uv": [ 2, 14.5, 2.5, 15.5 ], "texture": "#attachments" },
				"south": { "uv": [ 10, 14.5, 9.5, 15.5 ], "texture": "#attachments" },
				"west": { "uv": [ 2, 14.5, 10, 15.5 ], "texture": "#attachments" },
				"east": { "uv": [ 10, 14.5, 2, 15.5 ], "texture": "#attachments" }
			}
		},
		{
			"__comment": "suppressor4",
			"from": [ 6.5, 7.5, -15.5 ],
			"to": [ 7.5, 8.5, -15 ],
			"faces": {
				"down": { "uv": [ 1.5, 15, 0.5, 15.5 ], "texture": "#attachments" },
				"up": { "uv": [ 1.5, 15, 0.5, 14.5 ], "texture": "#attachments" },
				"north": { "uv": [ 0.5, 14.5, 1.5, 15.5 ], "texture": "#attachments" },
				"south": { "uv": [ 1.5, 14.5, 0.5, 15.5 ], "texture": "#attachments" },
				"west": { "uv": [ 1.5, 14.5, 2, 15.5 ], "texture": "#attachments" },
				"east": { "uv": [ 0.5, 14.5, 0, 15.5 ], "texture": "#attachments" }
			}
		},
		{
			"__comment": "suppressor5",
			"from": [ 6.5, 7.5, -9 ],
			"to": [ 7.5, 8.5, -8.5 ],
			"faces": {
				"down": { "uv": [ 1.5, 15, 0.5, 15.5 ], "texture": "#attachments" },
				"up": { "uv": [ 1.5, 15, 0.5, 14.5 ], "texture": "#attachments" },
				"north": { "uv": [ 0.5, 14.5, 1.5, 15.5 ], "texture": "#attachments" },
				"south": { "uv": [ 1.5, 14.5, 0.5, 15.5 ], "texture": "#attachments" },
				"west": { "uv": [ 1.5, 14.5, 2, 15.5 ], "texture": "#attachments" },
				"east": { "uv": [ 0.5, 14.5, 0, 15.5 ], "texture": "#attachments" }
			}
		},
		{
			"__comment": "m2413",
			"from": [ 6.5, 2, 23 ],
			"to": [ 7.5, 2.5, 24 ],
			"faces": {
				"down": { "uv": [ 15.5, 10.75, 16, 11 ], "texture": "#m24", "rotation": 270 },
				"up": { "uv": [ 15.5, 11, 16, 10.75 ], "texture": "#m24", "rotation": 90 },
				"north": { "uv": [ 15.5, 10.75, 15.75, 11 ], "texture": "#m24" },
				"south": { "uv": [ 16, 10.75, 15.75, 11 ], "texture": "#m24" },
				"west": { "uv": [ 15.5, 10.75, 16, 11 ], "texture": "#m24" },
				"east": { "uv": [ 16, 10.75, 15.5, 11 ], "texture": "#m24" }
			}
		},
		{
			"__comment": "m2414",
			"from": [ 6.5, 6.5, 23 ],
			"to": [ 7.5, 7, 24 ],
			"faces": {
				"down": { "uv": [ 15.5, 8.5, 16, 8.75 ], "texture": "#m24", "rotation": 270 },
				"up": { "uv": [ 15.5, 8.75, 16, 8.5 ], "texture": "#m24", "rotation": 90 },
				"north": { "uv": [ 15.5, 8.5, 15.75, 8.75 ], "texture": "#m24" },
				"south": { "uv": [ 16, 8.5, 15.75, 8.75 ], "texture": "#m24" },
				"west": { "uv": [ 15.5, 8.5, 16, 8.75 ], "texture": "#m24" },
				"east": { "uv": [ 16, 8.5, 15.5, 8.75 ], "texture": "#m24" }
			}
		},
		{
			"__comment": "m2415",
			"from": [ 6.5, 3, 22.5 ],
			"to": [ 7.5, 6.5, 23 ],
			"faces": {
				"down": { "uv": [ 15.25, 10.25, 15.5, 10.5 ], "texture": "#m24", "rotation": 270 },
				"up": { "uv": [ 15.25, 9, 15.5, 8.75 ], "texture": "#m24", "rotation": 90 },
				"north": { "uv": [ 15.25, 8.75, 15.5, 10.5 ], "texture": "#m24" },
				"south": { "uv": [ 15.5, 8.75, 15.25, 10.5 ], "texture": "#m24" },
				"west": { "uv": [ 15.25, 8.75, 15.5, 10.5 ], "texture": "#m24" },
				"east": { "uv": [ 15.5, 8.75, 15.25, 10.5 ], "texture": "#m24" }
			}
		},
		{
			"__comment": "m2416",
			"from": [ 6, 3.5, 21 ],
			"to": [ 8, 6.5, 22.5 ],
			"faces": {
				"down": { "uv": [ 14.5, 10, 15.25, 10.25 ], "texture": "#m24", "rotation": 270 },
				"up": { "uv": [ 14.5, 9, 15.25, 8.75 ], "texture": "#m24", "rotation": 90 },
				"north": { "uv": [ 14.5, 8.75, 14.75, 10.25 ], "texture": "#m24" },
				"south": { "uv": [ 15.25, 8.75, 15, 10.25 ], "texture": "#m24" },
				"west": { "uv": [ 14.5, 8.75, 15.25, 10.25 ], "texture": "#m24" },
				"east": { "uv": [ 15.25, 8.75, 14.5, 10.25 ], "texture": "#m24" }
			}
		},
		{
			"__comment": "m2417",
			"from": [ 6.5, 2.5, 21 ],
			"to": [ 7.5, 3.5, 22.5 ],
			"faces": {
				"down": { "uv": [ 14.5, 10.5, 15.25, 10.75 ], "texture": "#m24", "rotation": 270 },
				"up": { "uv": [ 14.5, 10.5, 15.25, 10.25 ], "texture": "#m24", "rotation": 90 },
				"north": { "uv": [ 14.5, 10.25, 14.75, 10.75 ], "texture": "#m24" },
				"south": { "uv": [ 15.25, 10.25, 15, 10.75 ], "texture": "#m24" },
				"west": { "uv": [ 14.5, 10.25, 15.25, 10.75 ], "texture": "#m24" },
				"east": { "uv": [ 15.25, 10.25, 14.5, 10.75 ], "texture": "#m24" }
			}
		},
		{
			"__comment": "m2418",
			"from": [ 6.5, 6.5, 18 ],
			"to": [ 7.5, 7, 22.5 ],
			"faces": {
				"down": { "uv": [ 13, 8.5, 15.25, 8.75 ], "texture": "#m24", "rotation": 270 },
				"up": { "uv": [ 13, 8.75, 15.25, 8.5 ], "texture": "#m24", "rotation": 90 },
				"north": { "uv": [ 13, 8.5, 13.25, 8.75 ], "texture": "#m24" },
				"south": { "uv": [ 15.25, 8.5, 15, 8.75 ], "texture": "#m24" },
				"west": { "uv": [ 13, 8.5, 15.25, 8.75 ], "texture": "#m24" },
				"east": { "uv": [ 15.25, 8.5, 13, 8.75 ], "texture": "#m24" }
			}
		},
		{
			"__comment": "m2419",
			"from": [ 6.5, 6, 17 ],
			"to": [ 7.5, 6.5, 18 ],
			"faces": {
				"down": { "uv": [ 12.5, 8.75, 13, 9 ], "texture": "#m24", "rotation": 270 },
				"up": { "uv": [ 12.5, 9, 13, 8.75 ], "texture": "#m24", "rotation": 90 },
				"north": { "uv": [ 12.5, 8.75, 12.75, 9 ], "texture": "#m24" },
				"south": { "uv": [ 13, 8.75, 12.75, 9 ], "texture": "#m24" },
				"west": { "uv": [ 12.5, 8.75, 13, 9 ], "texture": "#m24" },
				"east": { "uv": [ 13, 8.75, 12.5, 9 ], "texture": "#m24" }
			}
		},
		{
			"__comment": "m2420",
			"from": [ 6.5, 6.5, 16 ],
			"to": [ 7.5, 7, 17 ],
			"faces": {
				"down": { "uv": [ 12, 8.5, 12.5, 8.75 ], "texture": "#m24", "rotation": 270 },
				"up": { "uv": [ 12, 8.75, 12.5, 8.5 ], "texture": "#m24", "rotation": 90 },
				"north": { "uv": [ 12, 8.5, 12.25, 8.75 ], "texture": "#m24" },
				"south": { "uv": [ 12.5, 8.5, 12.25, 8.75 ], "texture": "#m24" },
				"west": { "uv": [ 12, 8.5, 12.5, 8.75 ], "texture": "#m24" },
				"east": { "uv": [ 12.5, 8.5, 12, 8.75 ], "texture": "#m24" }
			}
		},
		{
			"__comment": "m2421",
			"from": [ 6.5, 4.5, 18 ],
			"to": [ 7.5, 5, 19 ],
			"faces": {
				"down": { "uv": [ 13, 9.5, 13.5, 9.75 ], "texture": "#m24", "rotation": 270 },
				"up": { "uv": [ 13, 9.75, 13.5, 9.5 ], "texture": "#m24", "rotation": 90 },
				"north": { "uv": [ 13, 9.5, 13.25, 9.75 ], "texture": "#m24" },
				"south": { "uv": [ 13.5, 9.5, 13.25, 9.75 ], "texture": "#m24" },
				"west": { "uv": [ 13, 9.5, 13.5, 9.75 ], "texture": "#m24" },
				"east": { "uv": [ 13.5, 9.5, 13, 9.75 ], "texture": "#m24" }
			}
		},
		{
			"__comment": "m2422",
			"from": [ 6.5, 4, 19 ],
			"to": [ 7.5, 4.5, 20 ],
			"faces": {
				"down": { "uv": [ 13.5, 9.75, 14, 10 ], "texture": "#m24", "rotation": 270 },
				"up": { "uv": [ 13.5, 10, 14, 9.75 ], "texture": "#m24", "rotation": 90 },
				"north": { "uv": [ 13.5, 9.75, 13.75, 10 ], "texture": "#m24" },
				"south": { "uv": [ 14, 9.75, 13.75, 10 ], "texture": "#m24" },
				"west": { "uv": [ 13.5, 9.75, 14, 10 ], "texture": "#m24" },
				"east": { "uv": [ 14, 9.75, 13.5, 10 ], "texture": "#m24" }
			}
		},
		{
			"__comment": "m2423",
			"from": [ 6.5, 3.5, 20 ],
			"to": [ 7.5, 4, 21 ],
			"faces": {
				"down": { "uv": [ 14, 10, 14.5, 10.25 ], "texture": "#m24", "rotation": 270 },
				"up": { "uv": [ 14, 10.25, 14.5, 10 ], "texture": "#m24", "rotation": 90 },
				"north": { "uv": [ 14, 10, 14.25, 10.25 ], "texture": "#m24" },
				"south": { "uv": [ 14.5, 10, 14.25, 10.25 ], "texture": "#m24" },
				"west": { "uv": [ 14, 10, 14.5, 10.25 ], "texture": "#m24" },
				"east": { "uv": [ 14.5, 10, 14, 10.25 ], "texture": "#m24" }
			}
		},
		{
			"__comment": "m2424",
			"from": [ 6.5, 4, 17.5 ],
			"to": [ 7.5, 4.5, 18 ],
			"faces": {
				"down": { "uv": [ 12.75, 9.75, 13, 10 ], "texture": "#m24", "rotation": 270 },
				"up": { "uv": [ 12.75, 10, 13, 9.75 ], "texture": "#m24", "rotation": 90 },
				"north": { "uv": [ 12.75, 9.75, 13, 10 ], "texture": "#m24" },
				"south": { "uv": [ 13, 9.75, 12.75, 10 ], "texture": "#m24" },
				"west": { "uv": [ 12.75, 9.75, 13, 10 ], "texture": "#m24" },
				"east": { "uv": [ 13, 9.75, 12.75, 10 ], "texture": "#m24" }
			}
		},
		{
			"__comment": "m2425",
			"from": [ 6.5, 3.5, 16.5 ],
			"to": [ 7.5, 4, 17.5 ],
			"faces": {
				"down": { "uv": [ 12.25, 10, 12.75, 10.25 ], "texture": "#m24", "rotation": 270 },
				"up": { "uv": [ 12.25, 10.25, 12.75, 10 ], "texture": "#m24", "rotation": 90 },
				"north": { "uv": [ 12.25, 10, 12.5, 10.25 ], "texture": "#m24" },
				"south": { "uv": [ 12.75, 10, 12.5, 10.25 ], "texture": "#m24" },
				"west": { "uv": [ 12.25, 10, 12.75, 10.25 ], "texture": "#m24" },
				"east": { "uv": [ 12.75, 10, 12.25, 10.25 ], "texture": "#m24" }
			}
		},
		{
			"__comment": "m2426",
			"from": [ 6.5, 4, 16.5 ],
			"to": [ 7.5, 4.5, 17 ],
			"faces": {
				"down": { "uv": [ 12.25, 9.75, 12.5, 10 ], "texture": "#m24", "rotation": 270 },
				"up": { "uv": [ 12.25, 10, 12.5, 9.75 ], "texture": "#m24", "rotation": 90 },
				"north": { "uv": [ 12.25, 9.75, 12.5, 10 ], "texture": "#m24" },
				"south": { "uv": [ 12.5, 9.75, 12.25, 10 ], "texture": "#m24" },
				"west": { "uv": [ 12.25, 9.75, 12.5, 10 ], "texture": "#m24" },
				"east": { "uv": [ 12.5, 9.75, 12.25, 10 ], "texture": "#m24" }
			}
		},
		{
			"__comment": "m2427",
			"from": [ 6.5, 4.5, 16 ],
			"to": [ 7.5, 5.5, 16.5 ],
			"faces": {
				"down": { "uv": [ 12, 9.5, 12.25, 9.75 ], "texture": "#m24", "rotation": 270 },
				"up": { "uv": [ 12, 9.5, 12.25, 9.25 ], "texture": "#m24", "rotation": 90 },
				"north": { "uv": [ 12, 9.25, 12.25, 9.75 ], "texture": "#m24" },
				"south": { "uv": [ 12.25, 9.25, 12, 9.75 ], "texture": "#m24" },
				"west": { "uv": [ 12, 9.25, 12.25, 9.75 ], "texture": "#m24" },
				"east": { "uv": [ 12.25, 9.25, 12, 9.75 ], "texture": "#m24" }
			}
		},
		{
			"__comment": "m2428",
			"from": [ 6.5, 5.5, 13.5 ],
			"to": [ 7.5, 6, 16 ],
			"faces": {
				"down": { "uv": [ 10.75, 9, 12, 9.25 ], "texture": "#m24", "rotation": 270 },
				"up": { "uv": [ 10.75, 9.25, 12, 9 ], "texture": "#m24", "rotation": 90 },
				"north": { "uv": [ 10.75, 9, 11, 9.25 ], "texture": "#m24" },
				"south": { "uv": [ 12, 9, 11.75, 9.25 ], "texture": "#m24" },
				"west": { "uv": [ 10.75, 9, 12, 9.25 ], "texture": "#m24" },
				"east": { "uv": [ 12, 9, 10.75, 9.25 ], "texture": "#m24" }
			}
		},
		{
			"__comment": "m24",
			"from": [ 6.5, 7.5, -8 ],
			"to": [ 7.5, 8, 15 ],
			"faces": {
				"down": { "uv": [ 0, 8, 11.5, 8.25 ], "texture": "#m24", "rotation": 270 },
				"up": { "uv": [ 0, 8.25, 11.5, 8 ], "texture": "#m24", "rotation": 90 },
				"north": { "uv": [ 0, 8, 0.25, 8.25 ], "texture": "#m24" },
				"south": { "uv": [ 11.5, 8, 11.25, 8.25 ], "texture": "#m24" },
				"west": { "uv": [ 0, 8, 11.5, 8.25 ], "texture": "#m24" },
				"east": { "uv": [ 11.5, 8, 0, 8.25 ], "texture": "#m24" }
			}
		},
		{
			"__comment": "m2429",
			"from": [ 6.5, 5, 14 ],
			"to": [ 7.5, 5.5, 15 ],
			"faces": {
				"down": { "uv": [ 11, 9.25, 11.5, 9.5 ], "texture": "#m24", "rotation": 270 },
				"up": { "uv": [ 11, 9.5, 11.5, 9.25 ], "texture": "#m24", "rotation": 90 },
				"north": { "uv": [ 11, 9.25, 11.25, 9.5 ], "texture": "#m24" },
				"south": { "uv": [ 11.5, 9.25, 11.25, 9.5 ], "texture": "#m24" },
				"west": { "uv": [ 11, 9.25, 11.5, 9.5 ], "texture": "#m24" },
				"east": { "uv": [ 11.5, 9.25, 11, 9.5 ], "texture": "#m24" }
			}
		},
		{
			"__comment": "m2430",
			"from": [ 6.5, 4.5, 12.5 ],
			"to": [ 7.5, 5, 14.5 ],
			"faces": {
				"down": { "uv": [ 10.25, 9.5, 11.25, 9.75 ], "texture": "#m24", "rotation": 270 },
				"up": { "uv": [ 10.25, 9.75, 11.25, 9.5 ], "texture": "#m24", "rotation": 90 },
				"north": { "uv": [ 10.25, 9.5, 10.5, 9.75 ], "texture": "#m24" },
				"south": { "uv": [ 11.25, 9.5, 11, 9.75 ], "texture": "#m24" },
				"west": { "uv": [ 10.25, 9.5, 11.25, 9.75 ], "texture": "#m24" },
				"east": { "uv": [ 11.25, 9.5, 10.25, 9.75 ], "texture": "#m24" }
			}
		},
		{
			"__comment": "m2431",
			"from": [ 6.5, 5, 12 ],
			"to": [ 7.5, 6, 12.5 ],
			"faces": {
				"down": { "uv": [ 10, 9.25, 10.25, 9.5 ], "texture": "#m24", "rotation": 270 },
				"up": { "uv": [ 10, 9.25, 10.25, 9 ], "texture": "#m24", "rotation": 90 },
				"north": { "uv": [ 10, 9, 10.25, 9.5 ], "texture": "#m24" },
				"south": { "uv": [ 10.25, 9, 10, 9.5 ], "texture": "#m24" },
				"west": { "uv": [ 10, 9, 10.25, 9.5 ], "texture": "#m24" },
				"east": { "uv": [ 10.25, 9, 10, 9.5 ], "texture": "#m24" }
			}
		},
		{
			"__comment": "m2432",
			"from": [ 6.5, 5.5, 11.5 ],
			"to": [ 7.5, 6, 12 ],
			"faces": {
				"down": { "uv": [ 9.75, 9, 10, 9.25 ], "texture": "#m24", "rotation": 270 },
				"up": { "uv": [ 9.75, 9.25, 10, 9 ], "texture": "#m24", "rotation": 90 },
				"north": { "uv": [ 9.75, 9, 10, 9.25 ], "texture": "#m24" },
				"south": { "uv": [ 10, 9, 9.75, 9.25 ], "texture": "#m24" },
				"west": { "uv": [ 9.75, 9, 10, 9.25 ], "texture": "#m24" },
				"east": { "uv": [ 10, 9, 9.75, 9.25 ], "texture": "#m24" }
			}
		},
		{
			"__comment": "m241",
			"from": [ 6.5, 8, -8 ],
			"to": [ 7.5, 8.5, 14 ],
			"faces": {
				"down": { "uv": [ 0, 7.75, 11, 8 ], "texture": "#m24", "rotation": 270 },
				"up": { "uv": [ 0, 8, 11, 7.75 ], "texture": "#m24", "rotation": 90 },
				"north": { "uv": [ 0, 7.75, 0.25, 8 ], "texture": "#m24" },
				"south": { "uv": [ 11, 7.75, 10.75, 8 ], "texture": "#m24" },
				"west": { "uv": [ 0, 7.75, 11, 8 ], "texture": "#m24" },
				"east": { "uv": [ 11, 7.75, 0, 8 ], "texture": "#m24" }
			}
		},
		{
			"__comment": "m242",
			"from": [ 6.5, 5.5, 3.5 ],
			"to": [ 7.5, 6, 4 ],
			"faces": {
				"down": { "uv": [ 5.75, 9, 6, 9.25 ], "texture": "#m24", "rotation": 270 },
				"up": { "uv": [ 5.75, 9.25, 6, 9 ], "texture": "#m24", "rotation": 90 },
				"north": { "uv": [ 5.75, 9, 6, 9.25 ], "texture": "#m24" },
				"south": { "uv": [ 6, 9, 5.75, 9.25 ], "texture": "#m24" },
				"west": { "uv": [ 5.75, 9, 6, 9.25 ], "texture": "#m24" },
				"east": { "uv": [ 6, 9, 5.75, 9.25 ], "texture": "#m24" }
			}
		},
		{
			"__comment": "m2433",
			"from": [ 6, 4, 20 ],
			"to": [ 8, 6.5, 21 ],
			"faces": {
				"down": { "uv": [ 14, 9.75, 14.5, 10 ], "texture": "#m24", "rotation": 270 },
				"up": { "uv": [ 14, 9, 14.5, 8.75 ], "texture": "#m24", "rotation": 90 },
				"north": { "uv": [ 14, 8.75, 14.25, 10 ], "texture": "#m24" },
				"south": { "uv": [ 14.5, 8.75, 14.25, 10 ], "texture": "#m24" },
				"west": { "uv": [ 14, 8.75, 14.5, 10 ], "texture": "#m24" },
				"east": { "uv": [ 14.5, 8.75, 14, 10 ], "texture": "#m24" }
			}
		},
		{
			"__comment": "m2434",
			"from": [ 6, 4.5, 19 ],
			"to": [ 8, 6.5, 20 ],
			"faces": {
				"down": { "uv": [ 13.5, 9.5, 14, 9.75 ], "texture": "#m24", "rotation": 270 },
				"up": { "uv": [ 13.5, 9, 14, 8.75 ], "texture": "#m24", "rotation": 90 },
				"north": { "uv": [ 13.5, 8.75, 13.75, 9.75 ], "texture": "#m24" },
				"south": { "uv": [ 14, 8.75, 13.75, 9.75 ], "texture": "#m24" },
				"west": { "uv": [ 13.5, 8.75, 14, 9.75 ], "texture": "#m24" },
				"east": { "uv": [ 14, 8.75, 13.5, 9.75 ], "texture": "#m24" }
			}
		},
		{
			"__comment": "m2435",
			"from": [ 6, 5, 18 ],
			"to": [ 8, 6.5, 19 ],
			"faces": {
				"down": { "uv": [ 13, 9.25, 13.5, 9.5 ], "texture": "#m24", "rotation": 270 },
				"up": { "uv": [ 13, 9, 13.5, 8.75 ], "texture": "#m24", "rotation": 90 },
				"north": { "uv": [ 13, 8.75, 13.25, 9.5 ], "texture": "#m24" },
				"south": { "uv": [ 13.5, 8.75, 13.25, 9.5 ], "texture": "#m24" },
				"west": { "uv": [ 13, 8.75, 13.5, 9.5 ], "texture": "#m24" },
				"east": { "uv": [ 13.5, 8.75, 13, 9.5 ], "texture": "#m24" }
			}
		},
		{
			"__comment": "m2436",
			"from": [ 6, 4.5, 17.5 ],
			"to": [ 8, 6, 18 ],
			"faces": {
				"down": { "uv": [ 12.75, 9.5, 13, 9.75 ], "texture": "#m24", "rotation": 270 },
				"up": { "uv": [ 12.75, 9.25, 13, 9 ], "texture": "#m24", "rotation": 90 },
				"north": { "uv": [ 12.75, 9, 13, 9.75 ], "texture": "#m24" },
				"south": { "uv": [ 13, 9, 12.75, 9.75 ], "texture": "#m24" },
				"west": { "uv": [ 12.75, 9, 13, 9.75 ], "texture": "#m24" },
				"east": { "uv": [ 13, 9, 12.75, 9.75 ], "texture": "#m24" }
			}
		},
		{
			"__comment": "m2437",
			"from": [ 6, 4, 17 ],
			"to": [ 8, 6, 17.5 ],
			"faces": {
				"down": { "uv": [ 12.5, 9.75, 12.75, 10 ], "texture": "#m24", "rotation": 270 },
				"up": { "uv": [ 12.5, 9.25, 12.75, 9 ], "texture": "#m24", "rotation": 90 },
				"north": { "uv": [ 12.5, 9, 12.75, 10 ], "texture": "#m24" },
				"south": { "uv": [ 12.75, 9, 12.5, 10 ], "texture": "#m24" },
				"west": { "uv": [ 12.5, 9, 12.75, 10 ], "texture": "#m24" },
				"east": { "uv": [ 12.75, 9, 12.5, 10 ], "texture": "#m24" }
			}
		},
		{
			"__comment": "m2438",
			"from": [ 6, 4.5, 16.5 ],
			"to": [ 8, 6.5, 17 ],
			"faces": {
				"down": { "uv": [ 12.25, 9.5, 12.5, 9.75 ], "texture": "#m24", "rotation": 270 },
				"up": { "uv": [ 12.25, 9, 12.5, 8.75 ], "texture": "#m24", "rotation": 90 },
				"north": { "uv": [ 12.25, 8.75, 12.5, 9.75 ], "texture": "#m24" },
				"south": { "uv": [ 12.5, 8.75, 12.25, 9.75 ], "texture": "#m24" },
				"west": { "uv": [ 12.25, 8.75, 12.5, 9.75 ], "texture": "#m24" },
				"east": { "uv": [ 12.5, 8.75, 12.25, 9.75 ], "texture": "#m24" }
			}
		},
		{
			"__comment": "m2439",
			"from": [ 6, 5.5, 16 ],
			"to": [ 8, 6.5, 16.5 ],
			"faces": {
				"down": { "uv": [ 12, 9, 12.25, 9.25 ], "texture": "#m24", "rotation": 270 },
				"up": { "uv": [ 12, 9, 12.25, 8.75 ], "texture": "#m24", "rotation": 90 },
				"north": { "uv": [ 12, 8.75, 12.25, 9.25 ], "texture": "#m24" },
				"south": { "uv": [ 12.25, 8.75, 12, 9.25 ], "texture": "#m24" },
				"west": { "uv": [ 12, 8.75, 12.25, 9.25 ], "texture": "#m24" },
				"east": { "uv": [ 12.25, 8.75, 12, 9.25 ], "texture": "#m24" }
			}
		},
		{
			"__comment": "m2440",
			"from": [ 6, 6, 15 ],
			"to": [ 8, 7, 15.5 ],
			"faces": {
				"down": { "uv": [ 11.5, 8.75, 11.75, 9 ], "texture": "#m24", "rotation": 270 },
				"up": { "uv": [ 11.5, 8.75, 11.75, 8.5 ], "texture": "#m24", "rotation": 90 },
				"north": { "uv": [ 11.5, 8.5, 11.75, 9 ], "texture": "#m24" },
				"south": { "uv": [ 11.75, 8.5, 11.5, 9 ], "texture": "#m24" },
				"west": { "uv": [ 11.5, 8.5, 11.75, 9 ], "texture": "#m24" },
				"east": { "uv": [ 11.75, 8.5, 11.5, 9 ], "texture": "#m24" }
			}
		},
		{
			"__comment": "m243",
			"from": [ 6, 6.5, 2.5 ],
			"to": [ 8, 7, 15 ],
			"faces": {
				"down": { "uv": [ 5.25, 8.5, 11.5, 8.75 ], "texture": "#m24", "rotation": 270 },
				"up": { "uv": [ 5.25, 8.75, 11.5, 8.5 ], "texture": "#m24", "rotation": 90 },
				"north": { "uv": [ 5.25, 8.5, 5.5, 8.75 ], "texture": "#m24" },
				"south": { "uv": [ 11.5, 8.5, 11.25, 8.75 ], "texture": "#m24" },
				"west": { "uv": [ 5.25, 8.5, 11.5, 8.75 ], "texture": "#m24" },
				"east": { "uv": [ 11.5, 8.5, 5.25, 8.75 ], "texture": "#m24" }
			}
		},
		{
			"__comment": "m244",
			"from": [ 6.5, 6, 2.5 ],
			"to": [ 7.5, 6.5, 15 ],
			"faces": {
				"down": { "uv": [ 5.25, 8.75, 11.5, 9 ], "texture": "#m24", "rotation": 270 },
				"up": { "uv": [ 5.25, 9, 11.5, 8.75 ], "texture": "#m24", "rotation": 90 },
				"north": { "uv": [ 5.25, 8.75, 5.5, 9 ], "texture": "#m24" },
				"south": { "uv": [ 11.5, 8.75, 11.25, 9 ], "texture": "#m24" },
				"west": { "uv": [ 5.25, 8.75, 11.5, 9 ], "texture": "#m24" },
				"east": { "uv": [ 11.5, 8.75, 5.25, 9 ], "texture": "#m24" }
			}
		},
		{
			"__comment": "m245",
			"from": [ 6.5, 6.5, 2 ],
			"to": [ 7.5, 7.5, 2.5 ],
			"faces": {
				"down": { "uv": [ 5, 8.5, 5.25, 8.75 ], "texture": "#m24", "rotation": 270 },
				"up": { "uv": [ 5, 8.5, 5.25, 8.25 ], "texture": "#m24", "rotation": 90 },
				"north": { "uv": [ 5, 8.25, 5.25, 8.75 ], "texture": "#m24" },
				"south": { "uv": [ 5.25, 8.25, 5, 8.75 ], "texture": "#m24" },
				"west": { "uv": [ 5, 8.25, 5.25, 8.75 ], "texture": "#m24" },
				"east": { "uv": [ 5.25, 8.25, 5, 8.75 ], "texture": "#m24" }
			}
		},
		{
			"__comment": "m246",
			"from": [ 6, 7, 2.5 ],
			"to": [ 8, 7.5, 15 ],
			"faces": {
				"down": { "uv": [ 5.25, 8.25, 11.5, 8.5 ], "texture": "#m24", "rotation": 270 },
				"up": { "uv": [ 5.25, 8.5, 11.5, 8.25 ], "texture": "#m24", "rotation": 90 },
				"north": { "uv": [ 5.25, 8.25, 5.5, 8.5 ], "texture": "#m24" },
				"south": { "uv": [ 11.5, 8.25, 11.25, 8.5 ], "texture": "#m24" },
				"west": { "uv": [ 5.25, 8.25, 11.5, 8.5 ], "texture": "#m24" },
				"east": { "uv": [ 11.5, 8.25, 5.25, 8.5 ], "texture": "#m24" }
			}
		},
		{
			"__comment": "m2441",
			"from": [ 6, 2.5, 23 ],
			"to": [ 8, 6.5, 24 ],
			"faces": {
				"down": { "uv": [ 15.5, 10.5, 16, 10.75 ], "texture": "#m24", "rotation": 270 },
				"up": { "uv": [ 15.5, 9, 16, 8.75 ], "texture": "#m24", "rotation": 90 },
				"north": { "uv": [ 15.5, 8.75, 15.75, 10.75 ], "texture": "#m24" },
				"south": { "uv": [ 16, 8.75, 15.75, 10.75 ], "texture": "#m24" },
				"west": { "uv": [ 15.5, 8.75, 16, 10.75 ], "texture": "#m24" },
				"east": { "uv": [ 16, 8.75, 15.5, 10.75 ], "texture": "#m24" }
			}
		},
		{
			"__comment": "m247",
			"from": [ 6.5, 5.5, 5 ],
			"to": [ 7.5, 6, 5.5 ],
			"faces": {
				"down": { "uv": [ 6.5, 9, 6.75, 9.25 ], "texture": "#m24", "rotation": 270 },
				"up": { "uv": [ 6.5, 9.25, 6.75, 9 ], "texture": "#m24", "rotation": 90 },
				"north": { "uv": [ 6.5, 9, 6.75, 9.25 ], "texture": "#m24" },
				"south": { "uv": [ 6.75, 9, 6.5, 9.25 ], "texture": "#m24" },
				"west": { "uv": [ 6.5, 9, 6.75, 9.25 ], "texture": "#m24" },
				"east": { "uv": [ 6.75, 9, 6.5, 9.25 ], "texture": "#m24" }
			}
		},
		{
			"__comment": "m2442",
			"from": [ 6.5, 8.5, 12.5 ],
			"to": [ 7.5, 9.5, 13.5 ],
			"faces": {
				"down": { "uv": [ 10.25, 7.5, 10.75, 7.75 ], "texture": "#m24", "rotation": 270 },
				"up": { "uv": [ 10.25, 7.5, 10.75, 7.25 ], "texture": "#m24", "rotation": 90 },
				"north": { "uv": [ 10.25, 7.25, 10.5, 7.75 ], "texture": "#m24" },
				"south": { "uv": [ 10.75, 7.25, 10.5, 7.75 ], "texture": "#m24" },
				"west": { "uv": [ 10.25, 7.25, 10.75, 7.75 ], "texture": "#m24" },
				"east": { "uv": [ 10.75, 7.25, 10.25, 7.75 ], "texture": "#m24" }
			}
		},
		{
			"__comment": "m2443",
			"from": [ 6.5, 8.5, 9.5 ],
			"to": [ 7.5, 9.5, 10.5 ],
			"faces": {
				"down": { "uv": [ 8.75, 7.5, 9.25, 7.75 ], "texture": "#m24", "rotation": 270 },
				"up": { "uv": [ 8.75, 7.5, 9.25, 7.25 ], "texture": "#m24", "rotation": 90 },
				"north": { "uv": [ 8.75, 7.25, 9, 7.75 ], "texture": "#m24" },
				"south": { "uv": [ 9.25, 7.25, 9, 7.75 ], "texture": "#m24" },
				"west": { "uv": [ 8.75, 7.25, 9.25, 7.75 ], "texture": "#m24" },
				"east": { "uv": [ 9.25, 7.25, 8.75, 7.75 ], "texture": "#m24" }
			}
		},
		{
			"__comment": "m2444",
			"from": [ 6.5, 9.5, 8.5 ],
			"to": [ 7.5, 10.5, 14.5 ],
			"faces": {
				"down": { "uv": [ 8.25, 7, 11.25, 7.25 ], "texture": "#m24", "rotation": 270 },
				"up": { "uv": [ 8.25, 7, 11.25, 6.75 ], "texture": "#m24", "rotation": 90 },
				"north": { "uv": [ 8.25, 6.75, 8.5, 7.25 ], "texture": "#m24" },
				"south": { "uv": [ 11.25, 6.75, 11, 7.25 ], "texture": "#m24" },
				"west": { "uv": [ 8.25, 6.75, 11.25, 7.25 ], "texture": "#m24" },
				"east": { "uv": [ 11.25, 6.75, 8.25, 7.25 ], "texture": "#m24" }
			}
		},
		{
			"__comment": "m2445",
			"from": [ 6.5, 10.5, 11 ],
			"to": [ 7.5, 11, 12 ],
			"faces": {
				"down": { "uv": [ 9.5, 6.5, 10, 6.75 ], "texture": "#m24", "rotation": 270 },
				"up": { "uv": [ 9.5, 6.75, 10, 6.5 ], "texture": "#m24", "rotation": 90 },
				"north": { "uv": [ 9.5, 6.5, 9.75, 6.75 ], "texture": "#m24" },
				"south": { "uv": [ 10, 6.5, 9.75, 6.75 ], "texture": "#m24" },
				"west": { "uv": [ 9.5, 6.5, 10, 6.75 ], "texture": "#m24" },
				"east": { "uv": [ 10, 6.5, 9.5, 6.75 ], "texture": "#m24" }
			}
		},
		{
			"__comment": "m2446",
			"from": [ 6.5, 9, 11 ],
			"to": [ 7.5, 9.5, 12 ],
			"faces": {
				"down": { "uv": [ 9.5, 7.25, 10, 7.5 ], "texture": "#m24", "rotation": 270 },
				"up": { "uv": [ 9.5, 7.5, 10, 7.25 ], "texture": "#m24", "rotation": 90 },
				"north": { "uv": [ 9.5, 7.25, 9.75, 7.5 ], "texture": "#m24" },
				"south": { "uv": [ 10, 7.25, 9.75, 7.5 ], "texture": "#m24" },
				"west": { "uv": [ 9.5, 7.25, 10, 7.5 ], "texture": "#m24" },
				"east": { "uv": [ 10, 7.25, 9.5, 7.5 ], "texture": "#m24" }
			}
		},
		{
			"__comment": "m2447",
			"from": [ 6, 9, 11 ],
			"to": [ 6.5, 10, 12 ],
			"faces": {
				"down": { "uv": [ 9.5, 7.25, 10, 7.5 ], "texture": "#m24", "rotation": 270 },
				"up": { "uv": [ 9.5, 7.25, 10, 7 ], "texture": "#m24", "rotation": 90 },
				"north": { "uv": [ 9.5, 7, 9.75, 7.5 ], "texture": "#m24" },
				"south": { "uv": [ 10, 7, 9.75, 7.5 ], "texture": "#m24" },
				"west": { "uv": [ 9.5, 7, 10, 7.5 ], "texture": "#m24" },
				"east": { "uv": [ 10, 7, 9.5, 7.5 ], "texture": "#m24" }
			}
		},
		{
			"__comment": "m2448",
			"from": [ 7.5, 9, 11 ],
			"to": [ 8, 10, 12 ],
			"faces": {
				"down": { "uv": [ 9.5, 7.25, 10, 7.5 ], "texture": "#m24", "rotation": 270 },
				"up": { "uv": [ 9.5, 7.25, 10, 7 ], "texture": "#m24", "rotation": 90 },
				"north": { "uv": [ 9.5, 7, 9.75, 7.5 ], "texture": "#m24" },
				"south": { "uv": [ 10, 7, 9.75, 7.5 ], "texture": "#m24" },
				"west": { "uv": [ 9.5, 7, 10, 7.5 ], "texture": "#m24" },
				"east": { "uv": [ 10, 7, 9.5, 7.5 ], "texture": "#m24" }
			}
		},
		{
			"__comment": "m248",
			"from": [ 6.5, 10.5, 5.5 ],
			"to": [ 7.5, 11, 8.5 ],
			"faces": {
				"down": { "uv": [ 6.75, 6.5, 8.25, 6.75 ], "texture": "#m24", "rotation": 270 },
				"up": { "uv": [ 6.75, 6.75, 8.25, 6.5 ], "texture": "#m24", "rotation": 90 },
				"north": { "uv": [ 6.75, 6.5, 7, 6.75 ], "texture": "#m24" },
				"south": { "uv": [ 8.25, 6.5, 8, 6.75 ], "texture": "#m24" },
				"west": { "uv": [ 6.75, 6.5, 8.25, 6.75 ], "texture": "#m24" },
				"east": { "uv": [ 8.25, 6.5, 6.75, 6.75 ], "texture": "#m24" }
			}
		},
		{
			"__comment": "m249",
			"from": [ 6.5, 9, 5.5 ],
			"to": [ 7.5, 9.5, 8.5 ],
			"faces": {
				"down": { "uv": [ 6.75, 7.25, 8.25, 7.5 ], "texture": "#m24", "rotation": 270 },
				"up": { "uv": [ 6.75, 7.5, 8.25, 7.25 ], "texture": "#m24", "rotation": 90 },
				"north": { "uv": [ 6.75, 7.25, 7, 7.5 ], "texture": "#m24" },
				"south": { "uv": [ 8.25, 7.25, 8, 7.5 ], "texture": "#m24" },
				"west": { "uv": [ 6.75, 7.25, 8.25, 7.5 ], "texture": "#m24" },
				"east": { "uv": [ 8.25, 7.25, 6.75, 7.5 ], "texture": "#m24" }
			}
		},
		{
			"__comment": "m2449",
			"from": [ 6.5, 10.5, 14.5 ],
			"to": [ 7.5, 11, 16.5 ],
			"faces": {
				"down": { "uv": [ 11.25, 6.5, 12.25, 6.75 ], "texture": "#m24", "rotation": 270 },
				"up": { "uv": [ 11.25, 6.75, 12.25, 6.5 ], "texture": "#m24", "rotation": 90 },
				"north": { "uv": [ 11.25, 6.5, 11.5, 6.75 ], "texture": "#m24" },
				"south": { "uv": [ 12.25, 6.5, 12, 6.75 ], "texture": "#m24" },
				"west": { "uv": [ 11.25, 6.5, 12.25, 6.75 ], "texture": "#m24" },
				"east": { "uv": [ 12.25, 6.5, 11.25, 6.75 ], "texture": "#m24" }
			}
		},
		{
			"__comment": "m2450",
			"from": [ 6.5, 9, 14.5 ],
			"to": [ 7.5, 9.5, 16.5 ],
			"faces": {
				"down": { "uv": [ 11.25, 7.25, 12.25, 7.5 ], "texture": "#m24", "rotation": 270 },
				"up": { "uv": [ 11.25, 7.5, 12.25, 7.25 ], "texture": "#m24", "rotation": 90 },
				"north": { "uv": [ 11.25, 7.25, 11.5, 7.5 ], "texture": "#m24" },
				"south": { "uv": [ 12.25, 7.25, 12, 7.5 ], "texture": "#m24" },
				"west": { "uv": [ 11.25, 7.25, 12.25, 7.5 ], "texture": "#m24" },
				"east": { "uv": [ 12.25, 7.25, 11.25, 7.5 ], "texture": "#m24" }
			}
		},
		{
			"__comment": "m2451",
			"from": [ 6, 9.5, 14.5 ],
			"to": [ 6.5, 10.5, 16.5 ],
			"faces": {
				"down": { "uv": [ 11.25, 7, 12.25, 7.25 ], "texture": "#m24", "rotation": 270 },
				"up": { "uv": [ 11.25, 7, 12.25, 6.75 ], "texture": "#m24", "rotation": 90 },
				"north": { "uv": [ 11.25, 6.75, 11.5, 7.25 ], "texture": "#m24" },
				"south": { "uv": [ 12.25, 6.75, 12, 7.25 ], "texture": "#m24" },
				"west": { "uv": [ 11.25, 6.75, 12.25, 7.25 ], "texture": "#m24" },
				"east": { "uv": [ 12.25, 6.75, 11.25, 7.25 ], "texture": "#m24" }
			}
		},
		{
			"__comment": "m2452",
			"from": [ 7.5, 9.5, 14.5 ],
			"to": [ 8, 10.5, 16.5 ],
			"faces": {
				"down": { "uv": [ 11.25, 7, 12.25, 7.25 ], "texture": "#m24", "rotation": 270 },
				"up": { "uv": [ 11.25, 7, 12.25, 6.75 ], "texture": "#m24", "rotation": 90 },
				"north": { "uv": [ 11.25, 6.75, 11.5, 7.25 ], "texture": "#m24" },
				"south": { "uv": [ 12.25, 6.75, 12, 7.25 ], "texture": "#m24" },
				"west": { "uv": [ 11.25, 6.75, 12.25, 7.25 ], "texture": "#m24" },
				"east": { "uv": [ 12.25, 6.75, 11.25, 7.25 ], "texture": "#m24" }
			}
		},
		{
			"__comment": "m2410",
			"from": [ 6, 9.5, 5.5 ],
			"to": [ 6.5, 10.5, 8.5 ],
			"faces": {
				"down": { "uv": [ 6.75, 7, 8.25, 7.25 ], "texture": "#m24", "rotation": 270 },
				"up": { "uv": [ 6.75, 7, 8.25, 6.75 ], "texture": "#m24", "rotation": 90 },
				"north": { "uv": [ 6.75, 6.75, 7, 7.25 ], "texture": "#m24" },
				"south": { "uv": [ 8.25, 6.75, 8, 7.25 ], "texture": "#m24" },
				"west": { "uv": [ 6.75, 6.75, 8.25, 7.25 ], "texture": "#m24" },
				"east": { "uv": [ 8.25, 6.75, 6.75, 7.25 ], "texture": "#m24" }
			}
		},
		{
			"__comment": "m2411",
			"from": [ 7.5, 9.5, 5.5 ],
			"to": [ 8, 10.5, 8.5 ],
			"faces": {
				"down": { "uv": [ 6.75, 7, 8.25, 7.25 ], "texture": "#m24", "rotation": 270 },
				"up": { "uv": [ 6.75, 7, 8.25, 6.75 ], "texture": "#m24", "rotation": 90 },
				"north": { "uv": [ 6.75, 6.75, 7, 7.25 ], "texture": "#m24" },
				"south": { "uv": [ 8.25, 6.75, 8, 7.25 ], "texture": "#m24" },
				"west": { "uv": [ 6.75, 6.75, 8.25, 7.25 ], "texture": "#m24" },
				"east": { "uv": [ 8.25, 6.75, 6.75, 7.25 ], "texture": "#m24" }
			}
		},
		{
			"__comment": "m2412",
			"from": [ 6.5, 11, 5.5 ],
			"to": [ 7.5, 11.5, 6 ],
			"faces": {
				"down": { "uv": [ 6.75, 6.25, 7, 6.5 ], "texture": "#m24", "rotation": 270 },
				"up": { "uv": [ 6.75, 6.5, 7, 6.25 ], "texture": "#m24", "rotation": 90 },
				"north": { "uv": [ 6.75, 6.25, 7, 6.5 ], "texture": "#m24" },
				"south": { "uv": [ 7, 6.25, 6.75, 6.5 ], "texture": "#m24" },
				"west": { "uv": [ 6.75, 6.25, 7, 6.5 ], "texture": "#m24" },
				"east": { "uv": [ 7, 6.25, 6.75, 6.5 ], "texture": "#m24" }
			}
		},
		{
			"__comment": "m2453",
			"from": [ 6.5, 11, 16 ],
			"to": [ 7.5, 11.5, 16.5 ],
			"faces": {
				"down": { "uv": [ 12, 6.25, 12.25, 6.5 ], "texture": "#m24", "rotation": 270 },
				"up": { "uv": [ 12, 6.5, 12.25, 6.25 ], "texture": "#m24", "rotation": 90 },
				"north": { "uv": [ 12, 6.25, 12.25, 6.5 ], "texture": "#m24" },
				"south": { "uv": [ 12.25, 6.25, 12, 6.5 ], "texture": "#m24" },
				"west": { "uv": [ 12, 6.25, 12.25, 6.5 ], "texture": "#m24" },
				"east": { "uv": [ 12.25, 6.25, 12, 6.5 ], "texture": "#m24" }
			}
		},
		{
			"__comment": "m2440",
			"from": [ 6, 6, 11.5 ],
			"to": [ 8, 6.5, 15 ],
			"faces": {
				"down": { "uv": [ 9.75, 8.75, 11.5, 9 ], "texture": "#m24", "rotation": 270 },
				"up": { "uv": [ 9.75, 9, 11.5, 8.75 ], "texture": "#m24", "rotation": 90 },
				"north": { "uv": [ 9.75, 8.75, 10, 9 ], "texture": "#m24" },
				"south": { "uv": [ 11.5, 8.75, 11.25, 9 ], "texture": "#m24" },
				"west": { "uv": [ 9.75, 8.75, 11.5, 9 ], "texture": "#m24" },
				"east": { "uv": [ 11.5, 8.75, 9.75, 9 ], "texture": "#m24" }
			}
		},
		{
			"__comment": "m2439",
			"from": [ 6, 6, 15.5 ],
			"to": [ 8, 7, 16 ],
			"faces": {
				"down": { "uv": [ 11.75, 8.75, 12, 9 ], "texture": "#m24", "rotation": 270 },
				"up": { "uv": [ 11.75, 8.75, 12, 8.5 ], "texture": "#m24", "rotation": 90 },
				"north": { "uv": [ 11.75, 8.5, 12, 9 ], "texture": "#m24" },
				"south": { "uv": [ 12, 8.5, 11.75, 9 ], "texture": "#m24" },
				"west": { "uv": [ 11.75, 8.5, 12, 9 ], "texture": "#m24" },
				"east": { "uv": [ 12, 8.5, 11.75, 9 ], "texture": "#m24" }
			}
		},
		{
			"__comment": "m2412",
			"from": [ 6.5, 12, 6.5 ],
			"to": [ 7.5, 13, 7 ],
			"faces": {
				"down": { "uv": [ 7.25, 5.75, 7.5, 6 ], "texture": "#m24", "rotation": 270 },
				"up": { "uv": [ 7.25, 5.75, 7.5, 5.5 ], "texture": "#m24", "rotation": 90 },
				"north": { "uv": [ 7.25, 5.5, 7.5, 6 ], "texture": "#m24" },
				"south": { "uv": [ 7.5, 5.5, 7.25, 6 ], "texture": "#m24" },
				"west": { "uv": [ 7.25, 5.5, 7.5, 6 ], "texture": "#m24" },
				"east": { "uv": [ 7.5, 5.5, 7.25, 6 ], "texture": "#m24" }
			}
		},
		{
			"__comment": "m2420",
			"from": [ 6.5, 7, 15 ],
			"to": [ 7.5, 7.5, 16 ],
			"faces": {
				"down": { "uv": [ 11.5, 8.25, 12, 8.5 ], "texture": "#m24", "rotation": 270 },
				"up": { "uv": [ 11.5, 8.5, 12, 8.25 ], "texture": "#m24", "rotation": 90 },
				"north": { "uv": [ 11.5, 8.25, 11.75, 8.5 ], "texture": "#m24" },
				"south": { "uv": [ 12, 8.25, 11.75, 8.5 ], "texture": "#m24" },
				"west": { "uv": [ 11.5, 8.25, 12, 8.5 ], "texture": "#m24" },
				"east": { "uv": [ 12, 8.25, 11.5, 8.5 ], "texture": "#m24" }
			}
		},
		{
			"__comment": "m2453",
			"from": [ 6.5, 9.5, 6 ],
			"to": [ 7.5, 10.5, 6.5 ],
			"faces": {
				"down": { "uv": [ 15.75, 15.75, 16, 16 ], "texture": "#m24", "rotation": 270 },
				"up": { "uv": [ 15.75, 16, 16, 15.75 ], "texture": "#m24", "rotation": 90 },
				"north": { "uv": [ 15.75, 15.75, 16, 16 ], "texture": "#m24" },
				"south": { "uv": [ 16, 15.75, 15.75, 16 ], "texture": "#m24" },
				"west": { "uv": [ 15.75, 15.75, 16, 16 ], "texture": "#m24" },
				"east": { "uv": [ 16, 15.75, 15.75, 16 ], "texture": "#m24" }
			}
		},
		{
			"__comment": "m2453",
			"from": [ 6.5, 9.5, 15.5 ],
			"to": [ 7.5, 10.5, 16 ],
			"faces": {
				"down": { "uv": [ 15.75, 15.75, 16, 16 ], "texture": "#m24", "rotation": 270 },
				"up": { "uv": [ 15.75, 16, 16, 15.75 ], "texture": "#m24", "rotation": 90 },
				"north": { "uv": [ 15.75, 15.75, 16, 16 ], "texture": "#m24" },
				"south": { "uv": [ 16, 15.75, 15.75, 16 ], "texture": "#m24" },
				"west": { "uv": [ 15.75, 15.75, 16, 16 ], "texture": "#m24" },
				"east": { "uv": [ 16, 15.75, 15.75, 16 ], "texture": "#m24" }
			}
		},
		{
			"__comment": "m2412",
			"from": [ 8, 6.5, 13 ],
			"to": [ 9, 7.5, 14 ],
			"faces": {
				"down": { "uv": [ 0, 15.5, 0.5, 16 ], "texture": "#m24" },
				"up": { "uv": [ 0, 16, 0.5, 15.5 ], "texture": "#m24" },
				"north": { "uv": [ 0.5, 15.5, 0, 16 ], "texture": "#m24" },
				"south": { "uv": [ 0, 15.5, 0.5, 16 ], "texture": "#m24" },
				"west": { "uv": [ 0, 15.5, 0.5, 16 ], "texture": "#m24" },
				"east": { "uv": [ 0.5, 15.5, 0, 16 ], "texture": "#m24" }
			}
		},
		{
			"__comment": "m2412",
			"from": [ 8, 7.5, 13 ],
			"to": [ 8.5, 8, 13.5 ],
			"faces": {
				"down": { "uv": [ 0, 15, 0.25, 15.25 ], "texture": "#m24", "rotation": 270 },
				"up": { "uv": [ 0, 15.75, 0.25, 15.5 ], "texture": "#m24", "rotation": 90 },
				"north": { "uv": [ 0, 15.5, 0.25, 15.25 ], "texture": "#m24" },
				"south": { "uv": [ 0.25, 15.5, 0, 15.25 ], "texture": "#m24" },
				"west": { "uv": [ 0, 15.5, 0.25, 15.25 ], "texture": "#m24" },
				"east": { "uv": [ 0.25, 15.5, 0, 15.25 ], "texture": "#m24" }
			}
		},
		{
			"__comment": "m2412",
			"from": [ 7.5, 7.5, 13 ],
			"to": [ 8, 8, 13.5 ],
			"faces": {
				"down": { "uv": [ 0, 14.75, 0.25, 15 ], "texture": "#m24", "rotation": 270 },
				"up": { "uv": [ 0, 15.5, 0.25, 15.25 ], "texture": "#m24", "rotation": 90 },
				"north": { "uv": [ 0.25, 15.25, 0, 15 ], "texture": "#m24" },
				"south": { "uv": [ 0, 15.25, 0.25, 15 ], "texture": "#m24" },
				"west": { "uv": [ 0, 15.25, 0.25, 15 ], "texture": "#m24" },
				"east": { "uv": [ 0.25, 15.25, 0, 15 ], "texture": "#m24" }
			}
		}
	],
	"display": {
		"thirdperson_righthand": {
			"translation":  [ 0, 1.875, -1.125 ],
			"scale":  [ 0.75, 0.75, 0.75 ]
		},
		"thirdperson_lefthand": {
			"translation":  [ -1.25, -4.375, 8 ],
			"scale":  [ 0.75, 0.75, 0.75 ]
		},
		"firstperson_righthand": {
			"scale":  [ 0.0001, 0.0001, 0.0001 ]
		},
		"firstperson_lefthand": {
			"scale":  [ 0.0001, 0.0001, 0.0001 ]
		},
		"gui": {
			"rotation":  [ 30, 135, 0 ],
			"scale":  [ 0.5, 0.5, 0.5 ]
		},
		"head": {
			"scale":  [ 0.0001, 0.0001, 0.0001 ]
		},
		"ground": {
			"rotation":  [ 0, 0, 90 ],
			"scale":  [ 0.75, 0.75, 0.75 ]
		},
		"fixed": {
			"rotation":  [ 0, -90, 0 ],
			"scale":  [ 1.5, 1.5, 1.5 ]
		}
	}
}