{
	"__comment": "Designed by Optimus0812 with Cubik Studio - https://cubik.studio",
	"textures": {
		"mosin_9130": "dayz/weapon/gun/rifle/mosin_9130"
	},
	"elements": [ 	 
		{
			"__comment": "mosin_9130",
			"from": [ 7.5, 8, -8 ],
			"to": [ 8.5, 8.5, 10 ],
			"faces": {
				"down": { "uv": [ 0, 7.75, 9, 8 ], "texture": "#mosin_9130", "rotation": 270 },
				"up": { "uv": [ 0, 8, 9, 7.75 ], "texture": "#mosin_9130", "rotation": 90 },
				"north": { "uv": [ 0, 7.75, 0.25, 8 ], "texture": "#mosin_9130" },
				"south": { "uv": [ 9, 7.75, 8.75, 8 ], "texture": "#mosin_9130" },
				"west": { "uv": [ 0, 7.75, 9, 8 ], "texture": "#mosin_9130" },
				"east": { "uv": [ 9, 7.75, 0, 8 ], "texture": "#mosin_9130" }
			}
		},
		{
			"__comment": "mosin_91301",
			"from": [ 7.5, 8, 12 ],
			"to": [ 8.5, 8.5, 14 ],
			"faces": {
				"down": { "uv": [ 10, 7.75, 11, 8 ], "texture": "#mosin_9130", "rotation": 270 },
				"up": { "uv": [ 10, 8, 11, 7.75 ], "texture": "#mosin_9130", "rotation": 90 },
				"north": { "uv": [ 10, 7.75, 10.25, 8 ], "texture": "#mosin_9130" },
				"south": { "uv": [ 11, 7.75, 10.75, 8 ], "texture": "#mosin_9130" },
				"west": { "uv": [ 10, 7.75, 11, 8 ], "texture": "#mosin_9130" },
				"east": { "uv": [ 11, 7.75, 10, 8 ], "texture": "#mosin_9130" }
			}
		},
		{
			"__comment": "mosin_91302",
			"from": [ 7.5, 7.5, 7 ],
			"to": [ 8.5, 8, 14 ],
			"faces": {
				"down": { "uv": [ 7.5, 8, 11, 8.25 ], "texture": "#mosin_9130", "rotation": 270 },
				"up": { "uv": [ 7.5, 8.25, 11, 8 ], "texture": "#mosin_9130", "rotation": 90 },
				"north": { "uv": [ 7.5, 8, 7.75, 8.25 ], "texture": "#mosin_9130" },
				"south": { "uv": [ 11, 8, 10.75, 8.25 ], "texture": "#mosin_9130" },
				"west": { "uv": [ 7.5, 8, 11, 8.25 ], "texture": "#mosin_9130" },
				"east": { "uv": [ 11, 8, 7.5, 8.25 ], "texture": "#mosin_9130" }
			}
		},
		{
			"__comment": "mosin_91303",
			"from": [ 7.5, 7.5, -8 ],
			"to": [ 8.5, 8, -4.5 ],
			"faces": {
				"down": { "uv": [ 0, 8, 1.75, 8.25 ], "texture": "#mosin_9130", "rotation": 270 },
				"up": { "uv": [ 0, 8.25, 1.75, 8 ], "texture": "#mosin_9130", "rotation": 90 },
				"north": { "uv": [ 0, 8, 0.25, 8.25 ], "texture": "#mosin_9130" },
				"south": { "uv": [ 1.75, 8, 1.5, 8.25 ], "texture": "#mosin_9130" },
				"west": { "uv": [ 0, 8, 1.75, 8.25 ], "texture": "#mosin_9130" },
				"east": { "uv": [ 1.75, 8, 0, 8.25 ], "texture": "#mosin_9130" }
			}
		},
		{
			"__comment": "mosin_91304",
			"from": [ 7.5, 7, -6 ],
			"to": [ 8.5, 7.5, -5 ],
			"faces": {
				"down": { "uv": [ 1, 8.25, 1.5, 8.5 ], "texture": "#mosin_9130", "rotation": 270 },
				"up": { "uv": [ 1, 8.5, 1.5, 8.25 ], "texture": "#mosin_9130", "rotation": 90 },
				"north": { "uv": [ 1, 8.25, 1.25, 8.5 ], "texture": "#mosin_9130" },
				"south": { "uv": [ 1.5, 8.25, 1.25, 8.5 ], "texture": "#mosin_9130" },
				"west": { "uv": [ 1, 8.25, 1.5, 8.5 ], "texture": "#mosin_9130" },
				"east": { "uv": [ 1.5, 8.25, 1, 8.5 ], "texture": "#mosin_9130" }
			}
		},
		{
			"__comment": "mosin_91305",
			"from": [ 7.5, 6.5, -7 ],
			"to": [ 8.5, 7, -5 ],
			"faces": {
				"down": { "uv": [ 0.5, 8.5, 1.5, 8.75 ], "texture": "#mosin_9130", "rotation": 270 },
				"up": { "uv": [ 0.5, 8.75, 1.5, 8.5 ], "texture": "#mosin_9130", "rotation": 90 },
				"north": { "uv": [ 0.5, 8.5, 0.75, 8.75 ], "texture": "#mosin_9130" },
				"south": { "uv": [ 1.5, 8.5, 1.25, 8.75 ], "texture": "#mosin_9130" },
				"west": { "uv": [ 0.5, 8.5, 1.5, 8.75 ], "texture": "#mosin_9130" },
				"east": { "uv": [ 1.5, 8.5, 0.5, 8.75 ], "texture": "#mosin_9130" }
			}
		},
		{
			"__comment": "mosin_91306",
			"from": [ 7, 7.5, -4.5 ],
			"to": [ 9, 8, 7 ],
			"faces": {
				"down": { "uv": [ 1.75, 8, 7.5, 8.25 ], "texture": "#mosin_9130", "rotation": 270 },
				"up": { "uv": [ 1.75, 8.25, 7.5, 8 ], "texture": "#mosin_9130", "rotation": 90 },
				"north": { "uv": [ 1.75, 8, 2, 8.25 ], "texture": "#mosin_9130" },
				"south": { "uv": [ 7.5, 8, 7.25, 8.25 ], "texture": "#mosin_9130" },
				"west": { "uv": [ 1.75, 8, 7.5, 8.25 ], "texture": "#mosin_9130" },
				"east": { "uv": [ 7.5, 8, 1.75, 8.25 ], "texture": "#mosin_9130" }
			}
		},
		{
			"__comment": "mosin_91307",
			"from": [ 7, 7, -5 ],
			"to": [ 9, 7.5, 14 ],
			"faces": {
				"down": { "uv": [ 1.5, 8.25, 11, 8.5 ], "texture": "#mosin_9130", "rotation": 270 },
				"up": { "uv": [ 1.5, 8.5, 11, 8.25 ], "texture": "#mosin_9130", "rotation": 90 },
				"north": { "uv": [ 1.5, 8.25, 1.75, 8.5 ], "texture": "#mosin_9130" },
				"south": { "uv": [ 11, 8.25, 10.75, 8.5 ], "texture": "#mosin_9130" },
				"west": { "uv": [ 1.5, 8.25, 11, 8.5 ], "texture": "#mosin_9130" },
				"east": { "uv": [ 11, 8.25, 1.5, 8.5 ], "texture": "#mosin_9130" }
			}
		},
		{
			"__comment": "mosin_91308",
			"from": [ 7.5, 6.5, -5 ],
			"to": [ 8.5, 7, 6 ],
			"faces": {
				"down": { "uv": [ 1.5, 8.5, 7, 8.75 ], "texture": "#mosin_9130", "rotation": 270 },
				"up": { "uv": [ 1.5, 8.75, 7, 8.5 ], "texture": "#mosin_9130", "rotation": 90 },
				"north": { "uv": [ 1.5, 8.5, 1.75, 8.75 ], "texture": "#mosin_9130" },
				"south": { "uv": [ 7, 8.5, 6.75, 8.75 ], "texture": "#mosin_9130" },
				"west": { "uv": [ 1.5, 8.5, 7, 8.75 ], "texture": "#mosin_9130" },
				"east": { "uv": [ 7, 8.5, 1.5, 8.75 ], "texture": "#mosin_9130" }
			}
		},
		{
			"__comment": "mosin_91309",
			"from": [ 7, 6.5, 6 ],
			"to": [ 9, 7, 14 ],
			"faces": {
				"down": { "uv": [ 7, 8.5, 11, 8.75 ], "texture": "#mosin_9130", "rotation": 270 },
				"up": { "uv": [ 7, 8.75, 11, 8.5 ], "texture": "#mosin_9130", "rotation": 90 },
				"north": { "uv": [ 7, 8.5, 7.25, 8.75 ], "texture": "#mosin_9130" },
				"south": { "uv": [ 11, 8.5, 10.75, 8.75 ], "texture": "#mosin_9130" },
				"west": { "uv": [ 7, 8.5, 11, 8.75 ], "texture": "#mosin_9130" },
				"east": { "uv": [ 11, 8.5, 7, 8.75 ], "texture": "#mosin_9130" }
			}
		},
		{
			"__comment": "mosin_913010",
			"from": [ 7.5, 6, 6 ],
			"to": [ 8.5, 6.5, 9 ],
			"faces": {
				"down": { "uv": [ 7, 8.75, 8.5, 9 ], "texture": "#mosin_9130", "rotation": 270 },
				"up": { "uv": [ 7, 9, 8.5, 8.75 ], "texture": "#mosin_9130", "rotation": 90 },
				"north": { "uv": [ 7, 8.75, 7.25, 9 ], "texture": "#mosin_9130" },
				"south": { "uv": [ 8.5, 8.75, 8.25, 9 ], "texture": "#mosin_9130" },
				"west": { "uv": [ 7, 8.75, 8.5, 9 ], "texture": "#mosin_9130" },
				"east": { "uv": [ 8.5, 8.75, 7, 9 ], "texture": "#mosin_9130" }
			}
		},
		{
			"__comment": "mosin_913011",
			"from": [ 7, 6, 9 ],
			"to": [ 9, 6.5, 14 ],
			"faces": {
				"down": { "uv": [ 8.5, 8.75, 11, 9 ], "texture": "#mosin_9130", "rotation": 270 },
				"up": { "uv": [ 8.5, 9, 11, 8.75 ], "texture": "#mosin_9130", "rotation": 90 },
				"north": { "uv": [ 8.5, 8.75, 8.75, 9 ], "texture": "#mosin_9130" },
				"south": { "uv": [ 11, 8.75, 10.75, 9 ], "texture": "#mosin_9130" },
				"west": { "uv": [ 8.5, 8.75, 11, 9 ], "texture": "#mosin_9130" },
				"east": { "uv": [ 11, 8.75, 8.5, 9 ], "texture": "#mosin_9130" }
			}
		},
		{
			"__comment": "mosin_913012",
			"from": [ 7.5, 5.5, 9 ],
			"to": [ 8.5, 6, 12 ],
			"faces": {
				"down": { "uv": [ 8.5, 9, 10, 9.25 ], "texture": "#mosin_9130", "rotation": 270 },
				"up": { "uv": [ 8.5, 9.25, 10, 9 ], "texture": "#mosin_9130", "rotation": 90 },
				"north": { "uv": [ 8.5, 9, 8.75, 9.25 ], "texture": "#mosin_9130" },
				"south": { "uv": [ 10, 9, 9.75, 9.25 ], "texture": "#mosin_9130" },
				"west": { "uv": [ 8.5, 9, 10, 9.25 ], "texture": "#mosin_9130" },
				"east": { "uv": [ 10, 9, 8.5, 9.25 ], "texture": "#mosin_9130" }
			}
		},
		{
			"__comment": "mosin_913013",
			"from": [ 7.5, 5, 10 ],
			"to": [ 8.5, 5.5, 12 ],
			"faces": {
				"down": { "uv": [ 9, 9.25, 10, 9.5 ], "texture": "#mosin_9130", "rotation": 270 },
				"up": { "uv": [ 9, 9.5, 10, 9.25 ], "texture": "#mosin_9130", "rotation": 90 },
				"north": { "uv": [ 9, 9.25, 9.25, 9.5 ], "texture": "#mosin_9130" },
				"south": { "uv": [ 10, 9.25, 9.75, 9.5 ], "texture": "#mosin_9130" },
				"west": { "uv": [ 9, 9.25, 10, 9.5 ], "texture": "#mosin_9130" },
				"east": { "uv": [ 10, 9.25, 9, 9.5 ], "texture": "#mosin_9130" }
			}
		},
		{
			"__comment": "mosin_913014",
			"from": [ 7.5, 4.5, 11 ],
			"to": [ 8.5, 5, 13.5 ],
			"faces": {
				"down": { "uv": [ 9.5, 9.5, 10.75, 9.75 ], "texture": "#mosin_9130", "rotation": 270 },
				"up": { "uv": [ 9.5, 9.75, 10.75, 9.5 ], "texture": "#mosin_9130", "rotation": 90 },
				"north": { "uv": [ 9.5, 9.5, 9.75, 9.75 ], "texture": "#mosin_9130" },
				"south": { "uv": [ 10.75, 9.5, 10.5, 9.75 ], "texture": "#mosin_9130" },
				"west": { "uv": [ 9.5, 9.5, 10.75, 9.75 ], "texture": "#mosin_9130" },
				"east": { "uv": [ 10.75, 9.5, 9.5, 9.75 ], "texture": "#mosin_9130" }
			}
		},
		{
			"__comment": "mosin_913015",
			"from": [ 7.5, 5, 13.5 ],
			"to": [ 8.5, 6, 14 ],
			"faces": {
				"down": { "uv": [ 10.75, 9.25, 11, 9.5 ], "texture": "#mosin_9130", "rotation": 270 },
				"up": { "uv": [ 10.75, 9.25, 11, 9 ], "texture": "#mosin_9130", "rotation": 90 },
				"north": { "uv": [ 10.75, 9, 11, 9.5 ], "texture": "#mosin_9130" },
				"south": { "uv": [ 11, 9, 10.75, 9.5 ], "texture": "#mosin_9130" },
				"west": { "uv": [ 10.75, 9, 11, 9.5 ], "texture": "#mosin_9130" },
				"east": { "uv": [ 11, 9, 10.75, 9.5 ], "texture": "#mosin_9130" }
			}
		},
		{
			"__comment": "mosin_913016",
			"from": [ 7.5, 5, 12.5 ],
			"to": [ 8.5, 6, 13 ],
			"faces": {
				"down": { "uv": [ 10.25, 9.25, 10.5, 9.5 ], "texture": "#mosin_9130", "rotation": 270 },
				"up": { "uv": [ 10.25, 9.25, 10.5, 9 ], "texture": "#mosin_9130", "rotation": 90 },
				"north": { "uv": [ 10.25, 9, 10.5, 9.5 ], "texture": "#mosin_9130" },
				"south": { "uv": [ 10.5, 9, 10.25, 9.5 ], "texture": "#mosin_9130" },
				"west": { "uv": [ 10.25, 9, 10.5, 9.5 ], "texture": "#mosin_9130" },
				"east": { "uv": [ 10.5, 9, 10.25, 9.5 ], "texture": "#mosin_9130" }
			}
		},
		{
			"__comment": "mosin_913017",
			"from": [ 7.5, 7, 14 ],
			"to": [ 8.5, 7.5, 15 ],
			"faces": {
				"down": { "uv": [ 11, 8.25, 11.5, 8.5 ], "texture": "#mosin_9130", "rotation": 270 },
				"up": { "uv": [ 11, 8.5, 11.5, 8.25 ], "texture": "#mosin_9130", "rotation": 90 },
				"north": { "uv": [ 11, 8.25, 11.25, 8.5 ], "texture": "#mosin_9130" },
				"south": { "uv": [ 11.5, 8.25, 11.25, 8.5 ], "texture": "#mosin_9130" },
				"west": { "uv": [ 11, 8.25, 11.5, 8.5 ], "texture": "#mosin_9130" },
				"east": { "uv": [ 11.5, 8.25, 11, 8.5 ], "texture": "#mosin_9130" }
			}
		},
		{
			"__comment": "mosin_913018",
			"from": [ 7.5, 6.5, 15 ],
			"to": [ 8.5, 7, 16 ],
			"faces": {
				"down": { "uv": [ 11.5, 8.5, 12, 8.75 ], "texture": "#mosin_9130", "rotation": 270 },
				"up": { "uv": [ 11.5, 8.75, 12, 8.5 ], "texture": "#mosin_9130", "rotation": 90 },
				"north": { "uv": [ 11.5, 8.5, 11.75, 8.75 ], "texture": "#mosin_9130" },
				"south": { "uv": [ 12, 8.5, 11.75, 8.75 ], "texture": "#mosin_9130" },
				"west": { "uv": [ 11.5, 8.5, 12, 8.75 ], "texture": "#mosin_9130" },
				"east": { "uv": [ 12, 8.5, 11.5, 8.75 ], "texture": "#mosin_9130" }
			}
		},
		{
			"__comment": "mosin_913019",
			"from": [ 7.5, 6, 16 ],
			"to": [ 8.5, 6.5, 17 ],
			"faces": {
				"down": { "uv": [ 12, 8.75, 12.5, 9 ], "texture": "#mosin_9130", "rotation": 270 },
				"up": { "uv": [ 12, 9, 12.5, 8.75 ], "texture": "#mosin_9130", "rotation": 90 },
				"north": { "uv": [ 12, 8.75, 12.25, 9 ], "texture": "#mosin_9130" },
				"south": { "uv": [ 12.5, 8.75, 12.25, 9 ], "texture": "#mosin_9130" },
				"west": { "uv": [ 12, 8.75, 12.5, 9 ], "texture": "#mosin_9130" },
				"east": { "uv": [ 12.5, 8.75, 12, 9 ], "texture": "#mosin_9130" }
			}
		},
		{
			"__comment": "mosin_913020",
			"from": [ 7.5, 6.5, 17 ],
			"to": [ 8.5, 7, 20 ],
			"faces": {
				"down": { "uv": [ 12.5, 8.5, 14, 8.75 ], "texture": "#mosin_9130", "rotation": 270 },
				"up": { "uv": [ 12.5, 8.75, 14, 8.5 ], "texture": "#mosin_9130", "rotation": 90 },
				"north": { "uv": [ 12.5, 8.5, 12.75, 8.75 ], "texture": "#mosin_9130" },
				"south": { "uv": [ 14, 8.5, 13.75, 8.75 ], "texture": "#mosin_9130" },
				"west": { "uv": [ 12.5, 8.5, 14, 8.75 ], "texture": "#mosin_9130" },
				"east": { "uv": [ 14, 8.5, 12.5, 8.75 ], "texture": "#mosin_9130" }
			}
		},
		{
			"__comment": "mosin_913021",
			"from": [ 7.5, 6, 20 ],
			"to": [ 8.5, 6.5, 22 ],
			"faces": {
				"down": { "uv": [ 14, 8.75, 15, 9 ], "texture": "#mosin_9130", "rotation": 270 },
				"up": { "uv": [ 14, 9, 15, 8.75 ], "texture": "#mosin_9130", "rotation": 90 },
				"north": { "uv": [ 14, 8.75, 14.25, 9 ], "texture": "#mosin_9130" },
				"south": { "uv": [ 15, 8.75, 14.75, 9 ], "texture": "#mosin_9130" },
				"west": { "uv": [ 14, 8.75, 15, 9 ], "texture": "#mosin_9130" },
				"east": { "uv": [ 15, 8.75, 14, 9 ], "texture": "#mosin_9130" }
			}
		},
		{
			"__comment": "mosin_913022",
			"from": [ 7.5, 5.5, 22 ],
			"to": [ 8.5, 6, 24 ],
			"faces": {
				"down": { "uv": [ 15, 9, 16, 9.25 ], "texture": "#mosin_9130", "rotation": 270 },
				"up": { "uv": [ 15, 9.25, 16, 9 ], "texture": "#mosin_9130", "rotation": 90 },
				"north": { "uv": [ 15, 9, 15.25, 9.25 ], "texture": "#mosin_9130" },
				"south": { "uv": [ 16, 9, 15.75, 9.25 ], "texture": "#mosin_9130" },
				"west": { "uv": [ 15, 9, 16, 9.25 ], "texture": "#mosin_9130" },
				"east": { "uv": [ 16, 9, 15, 9.25 ], "texture": "#mosin_9130" }
			}
		},
		{
			"__comment": "mosin_913023",
			"from": [ 7.5, 4.5, 23.5 ],
			"to": [ 8.5, 5.5, 24 ],
			"faces": {
				"down": { "uv": [ 15.75, 9.5, 16, 9.75 ], "texture": "#mosin_9130", "rotation": 270 },
				"up": { "uv": [ 15.75, 9.5, 16, 9.25 ], "texture": "#mosin_9130", "rotation": 90 },
				"north": { "uv": [ 15.75, 9.25, 16, 9.75 ], "texture": "#mosin_9130" },
				"south": { "uv": [ 16, 9.25, 15.75, 9.75 ], "texture": "#mosin_9130" },
				"west": { "uv": [ 15.75, 9.25, 16, 9.75 ], "texture": "#mosin_9130" },
				"east": { "uv": [ 16, 9.25, 15.75, 9.75 ], "texture": "#mosin_9130" }
			}
		},
		{
			"__comment": "mosin_913024",
			"from": [ 7.5, 3, 23 ],
			"to": [ 8.5, 4.5, 23.5 ],
			"faces": {
				"down": { "uv": [ 15.5, 10.25, 15.75, 10.5 ], "texture": "#mosin_9130", "rotation": 270 },
				"up": { "uv": [ 15.5, 10, 15.75, 9.75 ], "texture": "#mosin_9130", "rotation": 90 },
				"north": { "uv": [ 15.5, 9.75, 15.75, 10.5 ], "texture": "#mosin_9130" },
				"south": { "uv": [ 15.75, 9.75, 15.5, 10.5 ], "texture": "#mosin_9130" },
				"west": { "uv": [ 15.5, 9.75, 15.75, 10.5 ], "texture": "#mosin_9130" },
				"east": { "uv": [ 15.75, 9.75, 15.5, 10.5 ], "texture": "#mosin_9130" }
			}
		},
		{
			"__comment": "mosin_913025",
			"from": [ 7.5, 1.5, 22.5 ],
			"to": [ 8.5, 3, 23 ],
			"faces": {
				"down": { "uv": [ 15.25, 11, 15.5, 11.25 ], "texture": "#mosin_9130", "rotation": 270 },
				"up": { "uv": [ 15.25, 10.75, 15.5, 10.5 ], "texture": "#mosin_9130", "rotation": 90 },
				"north": { "uv": [ 15.25, 10.5, 15.5, 11.25 ], "texture": "#mosin_9130" },
				"south": { "uv": [ 15.5, 10.5, 15.25, 11.25 ], "texture": "#mosin_9130" },
				"west": { "uv": [ 15.25, 10.5, 15.5, 11.25 ], "texture": "#mosin_9130" },
				"east": { "uv": [ 15.5, 10.5, 15.25, 11.25 ], "texture": "#mosin_9130" }
			}
		},
		{
			"__comment": "mosin_913026",
			"from": [ 7.5, 1.5, 22 ],
			"to": [ 8.5, 2, 22.5 ],
			"faces": {
				"down": { "uv": [ 15, 11, 15.25, 11.25 ], "texture": "#mosin_9130", "rotation": 270 },
				"up": { "uv": [ 15, 11.25, 15.25, 11 ], "texture": "#mosin_9130", "rotation": 90 },
				"north": { "uv": [ 15, 11, 15.25, 11.25 ], "texture": "#mosin_9130" },
				"south": { "uv": [ 15.25, 11, 15, 11.25 ], "texture": "#mosin_9130" },
				"west": { "uv": [ 15, 11, 15.25, 11.25 ], "texture": "#mosin_9130" },
				"east": { "uv": [ 15.25, 11, 15, 11.25 ], "texture": "#mosin_9130" }
			}
		},
		{
			"__comment": "mosin_913027",
			"from": [ 7.5, 2, 21 ],
			"to": [ 8.5, 2.5, 22 ],
			"faces": {
				"down": { "uv": [ 14.5, 10.75, 15, 11 ], "texture": "#mosin_9130", "rotation": 270 },
				"up": { "uv": [ 14.5, 11, 15, 10.75 ], "texture": "#mosin_9130", "rotation": 90 },
				"north": { "uv": [ 14.5, 10.75, 14.75, 11 ], "texture": "#mosin_9130" },
				"south": { "uv": [ 15, 10.75, 14.75, 11 ], "texture": "#mosin_9130" },
				"west": { "uv": [ 14.5, 10.75, 15, 11 ], "texture": "#mosin_9130" },
				"east": { "uv": [ 15, 10.75, 14.5, 11 ], "texture": "#mosin_9130" }
			}
		},
		{
			"__comment": "mosin_913028",
			"from": [ 7.5, 2.5, 20 ],
			"to": [ 8.5, 3, 21 ],
			"faces": {
				"down": { "uv": [ 14, 10.5, 14.5, 10.75 ], "texture": "#mosin_9130", "rotation": 270 },
				"up": { "uv": [ 14, 10.75, 14.5, 10.5 ], "texture": "#mosin_9130", "rotation": 90 },
				"north": { "uv": [ 14, 10.5, 14.25, 10.75 ], "texture": "#mosin_9130" },
				"south": { "uv": [ 14.5, 10.5, 14.25, 10.75 ], "texture": "#mosin_9130" },
				"west": { "uv": [ 14, 10.5, 14.5, 10.75 ], "texture": "#mosin_9130" },
				"east": { "uv": [ 14.5, 10.5, 14, 10.75 ], "texture": "#mosin_9130" }
			}
		},
		{
			"__comment": "mosin_913029",
			"from": [ 7.5, 3, 19 ],
			"to": [ 8.5, 3.5, 20 ],
			"faces": {
				"down": { "uv": [ 13.5, 10.25, 14, 10.5 ], "texture": "#mosin_9130", "rotation": 270 },
				"up": { "uv": [ 13.5, 10.5, 14, 10.25 ], "texture": "#mosin_9130", "rotation": 90 },
				"north": { "uv": [ 13.5, 10.25, 13.75, 10.5 ], "texture": "#mosin_9130" },
				"south": { "uv": [ 14, 10.25, 13.75, 10.5 ], "texture": "#mosin_9130" },
				"west": { "uv": [ 13.5, 10.25, 14, 10.5 ], "texture": "#mosin_9130" },
				"east": { "uv": [ 14, 10.25, 13.5, 10.5 ], "texture": "#mosin_9130" }
			}
		},
		{
			"__comment": "mosin_913030",
			"from": [ 7.5, 3.5, 18 ],
			"to": [ 8.5, 4, 19 ],
			"faces": {
				"down": { "uv": [ 13, 10, 13.5, 10.25 ], "texture": "#mosin_9130", "rotation": 270 },
				"up": { "uv": [ 13, 10.25, 13.5, 10 ], "texture": "#mosin_9130", "rotation": 90 },
				"north": { "uv": [ 13, 10, 13.25, 10.25 ], "texture": "#mosin_9130" },
				"south": { "uv": [ 13.5, 10, 13.25, 10.25 ], "texture": "#mosin_9130" },
				"west": { "uv": [ 13, 10, 13.5, 10.25 ], "texture": "#mosin_9130" },
				"east": { "uv": [ 13.5, 10, 13, 10.25 ], "texture": "#mosin_9130" }
			}
		},
		{
			"__comment": "mosin_913031",
			"from": [ 7.5, 4, 17 ],
			"to": [ 8.5, 4.5, 18 ],
			"faces": {
				"down": { "uv": [ 12.5, 9.75, 13, 10 ], "texture": "#mosin_9130", "rotation": 270 },
				"up": { "uv": [ 12.5, 10, 13, 9.75 ], "texture": "#mosin_9130", "rotation": 90 },
				"north": { "uv": [ 12.5, 9.75, 12.75, 10 ], "texture": "#mosin_9130" },
				"south": { "uv": [ 13, 9.75, 12.75, 10 ], "texture": "#mosin_9130" },
				"west": { "uv": [ 12.5, 9.75, 13, 10 ], "texture": "#mosin_9130" },
				"east": { "uv": [ 13, 9.75, 12.5, 10 ], "texture": "#mosin_9130" }
			}
		},
		{
			"__comment": "mosin_913032",
			"from": [ 7.5, 4.5, 16 ],
			"to": [ 8.5, 5, 17 ],
			"faces": {
				"down": { "uv": [ 12, 9.5, 12.5, 9.75 ], "texture": "#mosin_9130", "rotation": 270 },
				"up": { "uv": [ 12, 9.75, 12.5, 9.5 ], "texture": "#mosin_9130", "rotation": 90 },
				"north": { "uv": [ 12, 9.5, 12.25, 9.75 ], "texture": "#mosin_9130" },
				"south": { "uv": [ 12.5, 9.5, 12.25, 9.75 ], "texture": "#mosin_9130" },
				"west": { "uv": [ 12, 9.5, 12.5, 9.75 ], "texture": "#mosin_9130" },
				"east": { "uv": [ 12.5, 9.5, 12, 9.75 ], "texture": "#mosin_9130" }
			}
		},
		{
			"__comment": "mosin_913033",
			"from": [ 7.5, 5, 15 ],
			"to": [ 8.5, 5.5, 16 ],
			"faces": {
				"down": { "uv": [ 11.5, 9.25, 12, 9.5 ], "texture": "#mosin_9130", "rotation": 270 },
				"up": { "uv": [ 11.5, 9.5, 12, 9.25 ], "texture": "#mosin_9130", "rotation": 90 },
				"north": { "uv": [ 11.5, 9.25, 11.75, 9.5 ], "texture": "#mosin_9130" },
				"south": { "uv": [ 12, 9.25, 11.75, 9.5 ], "texture": "#mosin_9130" },
				"west": { "uv": [ 11.5, 9.25, 12, 9.5 ], "texture": "#mosin_9130" },
				"east": { "uv": [ 12, 9.25, 11.5, 9.5 ], "texture": "#mosin_9130" }
			}
		},
		{
			"__comment": "mosin_913034",
			"from": [ 7.5, 5.5, 14 ],
			"to": [ 8.5, 6, 15 ],
			"faces": {
				"down": { "uv": [ 11, 9, 11.5, 9.25 ], "texture": "#mosin_9130", "rotation": 270 },
				"up": { "uv": [ 11, 9.25, 11.5, 9 ], "texture": "#mosin_9130", "rotation": 90 },
				"north": { "uv": [ 11, 9, 11.25, 9.25 ], "texture": "#mosin_9130" },
				"south": { "uv": [ 11.5, 9, 11.25, 9.25 ], "texture": "#mosin_9130" },
				"west": { "uv": [ 11, 9, 11.5, 9.25 ], "texture": "#mosin_9130" },
				"east": { "uv": [ 11.5, 9, 11, 9.25 ], "texture": "#mosin_9130" }
			}
		},
		{
			"__comment": "mosin_913035",
			"from": [ 7.5, 8.5, -7.5 ],
			"to": [ 8.5, 9.5, -7 ],
			"faces": {
				"down": { "uv": [ 0.25, 7.5, 0.5, 7.75 ], "texture": "#mosin_9130", "rotation": 270 },
				"up": { "uv": [ 0.25, 7.5, 0.5, 7.25 ], "texture": "#mosin_9130", "rotation": 90 },
				"north": { "uv": [ 0.25, 7.25, 0.5, 7.75 ], "texture": "#mosin_9130" },
				"south": { "uv": [ 0.5, 7.25, 0.25, 7.75 ], "texture": "#mosin_9130" },
				"west": { "uv": [ 0.25, 7.25, 0.5, 7.75 ], "texture": "#mosin_9130" },
				"east": { "uv": [ 0.5, 7.25, 0.25, 7.75 ], "texture": "#mosin_9130" }
			}
		},
		{
			"__comment": "mosin_913036",
			"from": [ 7, 6, 14 ],
			"to": [ 9, 7, 15 ],
			"faces": {
				"down": { "uv": [ 11, 8.75, 11.5, 9 ], "texture": "#mosin_9130", "rotation": 270 },
				"up": { "uv": [ 11, 8.75, 11.5, 8.5 ], "texture": "#mosin_9130", "rotation": 90 },
				"north": { "uv": [ 11, 8.5, 11.25, 9 ], "texture": "#mosin_9130" },
				"south": { "uv": [ 11.5, 8.5, 11.25, 9 ], "texture": "#mosin_9130" },
				"west": { "uv": [ 11, 8.5, 11.5, 9 ], "texture": "#mosin_9130" },
				"east": { "uv": [ 11.5, 8.5, 11, 9 ], "texture": "#mosin_9130" }
			}
		},
		{
			"__comment": "mosin_913037",
			"from": [ 7, 5.5, 15 ],
			"to": [ 9, 6.5, 16 ],
			"faces": {
				"down": { "uv": [ 11.5, 9, 12, 9.25 ], "texture": "#mosin_9130", "rotation": 270 },
				"up": { "uv": [ 11.5, 9, 12, 8.75 ], "texture": "#mosin_9130", "rotation": 90 },
				"north": { "uv": [ 11.5, 8.75, 11.75, 9.25 ], "texture": "#mosin_9130" },
				"south": { "uv": [ 12, 8.75, 11.75, 9.25 ], "texture": "#mosin_9130" },
				"west": { "uv": [ 11.5, 8.75, 12, 9.25 ], "texture": "#mosin_9130" },
				"east": { "uv": [ 12, 8.75, 11.5, 9.25 ], "texture": "#mosin_9130" }
			}
		},
		{
			"__comment": "mosin_913038",
			"from": [ 7, 5, 16 ],
			"to": [ 9, 6, 17 ],
			"faces": {
				"down": { "uv": [ 12, 9.25, 12.5, 9.5 ], "texture": "#mosin_9130", "rotation": 270 },
				"up": { "uv": [ 12, 9.25, 12.5, 9 ], "texture": "#mosin_9130", "rotation": 90 },
				"north": { "uv": [ 12, 9, 12.25, 9.5 ], "texture": "#mosin_9130" },
				"south": { "uv": [ 12.5, 9, 12.25, 9.5 ], "texture": "#mosin_9130" },
				"west": { "uv": [ 12, 9, 12.5, 9.5 ], "texture": "#mosin_9130" },
				"east": { "uv": [ 12.5, 9, 12, 9.5 ], "texture": "#mosin_9130" }
			}
		},
		{
			"__comment": "mosin_913039",
			"from": [ 7, 4.5, 17 ],
			"to": [ 9, 6.5, 18 ],
			"faces": {
				"down": { "uv": [ 12.5, 9.5, 13, 9.75 ], "texture": "#mosin_9130", "rotation": 270 },
				"up": { "uv": [ 12.5, 9, 13, 8.75 ], "texture": "#mosin_9130", "rotation": 90 },
				"north": { "uv": [ 12.5, 8.75, 12.75, 9.75 ], "texture": "#mosin_9130" },
				"south": { "uv": [ 13, 8.75, 12.75, 9.75 ], "texture": "#mosin_9130" },
				"west": { "uv": [ 12.5, 8.75, 13, 9.75 ], "texture": "#mosin_9130" },
				"east": { "uv": [ 13, 8.75, 12.5, 9.75 ], "texture": "#mosin_9130" }
			}
		},
		{
			"__comment": "mosin_913040",
			"from": [ 7, 4, 18 ],
			"to": [ 9, 6.5, 19 ],
			"faces": {
				"down": { "uv": [ 13, 9.75, 13.5, 10 ], "texture": "#mosin_9130", "rotation": 270 },
				"up": { "uv": [ 13, 9, 13.5, 8.75 ], "texture": "#mosin_9130", "rotation": 90 },
				"north": { "uv": [ 13, 8.75, 13.25, 10 ], "texture": "#mosin_9130" },
				"south": { "uv": [ 13.5, 8.75, 13.25, 10 ], "texture": "#mosin_9130" },
				"west": { "uv": [ 13, 8.75, 13.5, 10 ], "texture": "#mosin_9130" },
				"east": { "uv": [ 13.5, 8.75, 13, 10 ], "texture": "#mosin_9130" }
			}
		},
		{
			"__comment": "mosin_913041",
			"from": [ 7, 3.5, 19 ],
			"to": [ 9, 6.5, 20 ],
			"faces": {
				"down": { "uv": [ 13.5, 10, 14, 10.25 ], "texture": "#mosin_9130", "rotation": 270 },
				"up": { "uv": [ 13.5, 9, 14, 8.75 ], "texture": "#mosin_9130", "rotation": 90 },
				"north": { "uv": [ 13.5, 8.75, 13.75, 10.25 ], "texture": "#mosin_9130" },
				"south": { "uv": [ 14, 8.75, 13.75, 10.25 ], "texture": "#mosin_9130" },
				"west": { "uv": [ 13.5, 8.75, 14, 10.25 ], "texture": "#mosin_9130" },
				"east": { "uv": [ 14, 8.75, 13.5, 10.25 ], "texture": "#mosin_9130" }
			}
		},
		{
			"__comment": "mosin_913042",
			"from": [ 7, 3, 20 ],
			"to": [ 9, 6, 21 ],
			"faces": {
				"down": { "uv": [ 14, 10.25, 14.5, 10.5 ], "texture": "#mosin_9130", "rotation": 270 },
				"up": { "uv": [ 14, 9.25, 14.5, 9 ], "texture": "#mosin_9130", "rotation": 90 },
				"north": { "uv": [ 14, 9, 14.25, 10.5 ], "texture": "#mosin_9130" },
				"south": { "uv": [ 14.5, 9, 14.25, 10.5 ], "texture": "#mosin_9130" },
				"west": { "uv": [ 14, 9, 14.5, 10.5 ], "texture": "#mosin_9130" },
				"east": { "uv": [ 14.5, 9, 14, 10.5 ], "texture": "#mosin_9130" }
			}
		},
		{
			"__comment": "mosin_913043",
			"from": [ 7, 2.5, 21 ],
			"to": [ 9, 6, 22 ],
			"faces": {
				"down": { "uv": [ 14.5, 10.5, 15, 10.75 ], "texture": "#mosin_9130", "rotation": 270 },
				"up": { "uv": [ 14.5, 9.25, 15, 9 ], "texture": "#mosin_9130", "rotation": 90 },
				"north": { "uv": [ 14.5, 9, 14.75, 10.75 ], "texture": "#mosin_9130" },
				"south": { "uv": [ 15, 9, 14.75, 10.75 ], "texture": "#mosin_9130" },
				"west": { "uv": [ 14.5, 9, 15, 10.75 ], "texture": "#mosin_9130" },
				"east": { "uv": [ 15, 9, 14.5, 10.75 ], "texture": "#mosin_9130" }
			}
		},
		{
			"__comment": "mosin_913044",
			"from": [ 7, 2, 22 ],
			"to": [ 9, 5.5, 22.5 ],
			"faces": {
				"down": { "uv": [ 15, 10.75, 15.25, 11 ], "texture": "#mosin_9130", "rotation": 270 },
				"up": { "uv": [ 15, 9.5, 15.25, 9.25 ], "texture": "#mosin_9130", "rotation": 90 },
				"north": { "uv": [ 15, 9.25, 15.25, 11 ], "texture": "#mosin_9130" },
				"south": { "uv": [ 15.25, 9.25, 15, 11 ], "texture": "#mosin_9130" },
				"west": { "uv": [ 15, 9.25, 15.25, 11 ], "texture": "#mosin_9130" },
				"east": { "uv": [ 15.25, 9.25, 15, 11 ], "texture": "#mosin_9130" }
			}
		},
		{
			"__comment": "mosin_913045",
			"from": [ 7, 3, 22.5 ],
			"to": [ 9, 5.5, 23 ],
			"faces": {
				"down": { "uv": [ 15.25, 10.25, 15.5, 10.5 ], "texture": "#mosin_9130", "rotation": 270 },
				"up": { "uv": [ 15.25, 9.5, 15.5, 9.25 ], "texture": "#mosin_9130", "rotation": 90 },
				"north": { "uv": [ 15.25, 9.25, 15.5, 10.5 ], "texture": "#mosin_9130" },
				"south": { "uv": [ 15.5, 9.25, 15.25, 10.5 ], "texture": "#mosin_9130" },
				"west": { "uv": [ 15.25, 9.25, 15.5, 10.5 ], "texture": "#mosin_9130" },
				"east": { "uv": [ 15.5, 9.25, 15.25, 10.5 ], "texture": "#mosin_9130" }
			}
		},
		{
			"__comment": "mosin_913046",
			"from": [ 7, 4.5, 23 ],
			"to": [ 9, 5.5, 23.5 ],
			"faces": {
				"down": { "uv": [ 15.5, 9.5, 15.75, 9.75 ], "texture": "#mosin_9130", "rotation": 270 },
				"up": { "uv": [ 15.5, 9.5, 15.75, 9.25 ], "texture": "#mosin_9130", "rotation": 90 },
				"north": { "uv": [ 15.5, 9.25, 15.75, 9.75 ], "texture": "#mosin_9130" },
				"south": { "uv": [ 15.75, 9.25, 15.5, 9.75 ], "texture": "#mosin_9130" },
				"west": { "uv": [ 15.5, 9.25, 15.75, 9.75 ], "texture": "#mosin_9130" },
				"east": { "uv": [ 15.75, 9.25, 15.5, 9.75 ], "texture": "#mosin_9130" }
			}
		},
		{
			"__comment": "mosin_91301",
			"from": [ 9.5, 7, 12 ],
			"to": [ 10.5, 8, 13 ],
			"faces": {
				"down": { "uv": [ 0, 15.75, 0.5, 16 ], "texture": "#mosin_9130", "rotation": 270 },
				"up": { "uv": [ 0, 15.75, 0.5, 15.5 ], "texture": "#mosin_9130", "rotation": 90 },
				"north": { "uv": [ 0, 15.5, 0.25, 16 ], "texture": "#mosin_9130" },
				"south": { "uv": [ 0.5, 15.5, 0.25, 16 ], "texture": "#mosin_9130" },
				"west": { "uv": [ 0, 15.5, 0.5, 16 ], "texture": "#mosin_9130" },
				"east": { "uv": [ 0.5, 15.5, 0, 16 ], "texture": "#mosin_9130" }
			}
		},
		{
			"__comment": "mosin_91301",
			"from": [ 8.5, 7.5, 12 ],
			"to": [ 9.5, 8, 12.5 ],
			"faces": {
				"down": { "uv": [ 0.25, 15.5, 0, 15 ], "texture": "#mosin_9130", "rotation": 90 },
				"up": { "uv": [ 0.25, 15, 0, 15.5 ], "texture": "#mosin_9130", "rotation": 270 },
				"north": { "uv": [ 0, 15, 0.25, 15.5 ], "texture": "#mosin_9130", "rotation": 90 },
				"south": { "uv": [ 0.25, 15, 0, 15.5 ], "texture": "#mosin_9130", "rotation": 270 },
				"west": { "uv": [ 0, 15.25, 0.25, 15 ], "texture": "#mosin_9130" },
				"east": { "uv": [ 0.25, 15.5, 0, 15.25 ], "texture": "#mosin_9130" }
			}
		}
	],
	"display": {
		"thirdperson_righthand": {
			"translation":  [ 0, 1.5, -1.125 ],
			"scale":  [ 0.75, 0.75, 0.75 ]
		},
		"thirdperson_lefthand": {
			"translation":  [ -1.25, -4, 8 ],
			"scale":  [ 0.75, 0.75, 0.75 ]
		},
		"firstperson_righthand": {
			"rotation":  [ 30, 0, -30 ],
			"translation":  [ -6, 4.5, -3 ]
		},
		"firstperson_lefthand": {
			"scale":  [ 0.0001, 0.0001, 0.0001 ]
		},
		"gui": {
			"rotation":  [ 30, 135, 0 ],
			"scale":  [ 0.5, 0.5, 0.5 ]
		},
		"head": {
			"scale":  [ 0.0001, 0.0001, 0.0001 ]
		},
		"ground": {
			"rotation":  [ 0, 0, 90 ],
			"scale":  [ 0.75, 0.75, 0.75 ]
		},
		"fixed": {
			"rotation":  [ 0, -90, 0 ],
			"scale":  [ 1.5, 1.5, 1.5 ]
		}
	}
}