{
	"__comment": "Designed by Optimus0812 with BDcraft Cubik PRO 0.96 Beta - http://bdcraft.net",
	"textures": {
		"repeater": "dayz/weapon/gun/rifle/repeater"
	},
	"elements": [ 	 
		{
			"__comment": "repeater",
			"from": [ 7.5, 7.5, -8 ],
			"to": [ 8.5, 8.5, -2 ],
			"faces": {
				"down": { "uv": [ 0, 8, 3, 8.25 ], "texture": "#repeater", "rotation": 270 },
				"up": { "uv": [ 0, 8, 3, 7.75 ], "texture": "#repeater", "rotation": 90 },
				"north": { "uv": [ 0, 7.75, 0.25, 8.25 ], "texture": "#repeater" },
				"south": { "uv": [ 3, 7.75, 2.75, 8.25 ], "texture": "#repeater" },
				"west": { "uv": [ 0, 7.75, 3, 8.25 ], "texture": "#repeater" },
				"east": { "uv": [ 3, 7.75, 0, 8.25 ], "texture": "#repeater" }
			}
		},
		{
			"__comment": "repeater1",
			"from": [ 7.5, 6.5, -8 ],
			"to": [ 8.5, 7, -2 ],
			"faces": {
				"down": { "uv": [ 0, 8.5, 3, 8.75 ], "texture": "#repeater", "rotation": 270 },
				"up": { "uv": [ 0, 8.75, 3, 8.5 ], "texture": "#repeater", "rotation": 90 },
				"north": { "uv": [ 0, 8.5, 0.25, 8.75 ], "texture": "#repeater" },
				"west": { "uv": [ 0, 8.5, 3, 8.75 ], "texture": "#repeater" },
				"east": { "uv": [ 3, 8.5, 0, 8.75 ], "texture": "#repeater" }
			}
		},
		{
			"__comment": "repeater2",
			"from": [ 7.5, 6, -5.5 ],
			"to": [ 8.5, 6.5, -4.5 ],
			"faces": {
				"down": { "uv": [ 1.25, 8.75, 1.75, 9 ], "texture": "#repeater", "rotation": 270 },
				"north": { "uv": [ 1.25, 8.75, 1.5, 9 ], "texture": "#repeater" },
				"south": { "uv": [ 1.75, 8.75, 1.5, 9 ], "texture": "#repeater" },
				"west": { "uv": [ 1.25, 8.75, 1.75, 9 ], "texture": "#repeater" },
				"east": { "uv": [ 1.75, 8.75, 1.25, 9 ], "texture": "#repeater" }
			}
		},
		{
			"__comment": "repeater3",
			"from": [ 7.5, 7, -5.5 ],
			"to": [ 8.5, 7.5, -4.5 ],
			"faces": {
				"north": { "uv": [ 1.25, 8.25, 1.5, 8.5 ], "texture": "#repeater" },
				"south": { "uv": [ 1.75, 8.25, 1.5, 8.5 ], "texture": "#repeater" },
				"west": { "uv": [ 1.25, 8.25, 1.75, 8.5 ], "texture": "#repeater" },
				"east": { "uv": [ 1.75, 8.25, 1.25, 8.5 ], "texture": "#repeater" }
			}
		},
		{
			"__comment": "repeater4",
			"from": [ 7, 6.5, -2 ],
			"to": [ 9, 8, -1.5 ],
			"faces": {
				"down": { "uv": [ 3, 8.5, 3.25, 8.75 ], "texture": "#repeater", "rotation": 270 },
				"up": { "uv": [ 3, 8.25, 3.25, 8 ], "texture": "#repeater", "rotation": 90 },
				"north": { "uv": [ 3, 8, 3.25, 8.75 ], "texture": "#repeater" },
				"west": { "uv": [ 3, 8, 3.25, 8.75 ], "texture": "#repeater" },
				"east": { "uv": [ 3.25, 8, 3, 8.75 ], "texture": "#repeater" }
			}
		},
		{
			"__comment": "repeater5",
			"from": [ 7.5, 8, -2 ],
			"to": [ 8.5, 8.5, 8 ],
			"faces": {
				"down": { "uv": [ 3, 7.75, 8, 8 ], "texture": "#repeater", "rotation": 270 },
				"up": { "uv": [ 3, 8, 8, 7.75 ], "texture": "#repeater", "rotation": 90 },
				"west": { "uv": [ 3, 7.75, 8, 8 ], "texture": "#repeater" },
				"east": { "uv": [ 8, 7.75, 3, 8 ], "texture": "#repeater" }
			}
		},
		{
			"__comment": "repeater6",
			"from": [ 7, 6.5, -1.5 ],
			"to": [ 9, 8, 8 ],
			"faces": {
				"down": { "uv": [ 3.25, 8.5, 8, 8.75 ], "texture": "#repeater", "rotation": 270 },
				"up": { "uv": [ 3.25, 8.25, 8, 8 ], "texture": "#repeater", "rotation": 90 },
				"west": { "uv": [ 3.25, 8, 8, 8.75 ], "texture": "#repeater" },
				"east": { "uv": [ 8, 8, 3.25, 8.75 ], "texture": "#repeater" }
			}
		},
		{
			"__comment": "repeater7",
			"from": [ 7.5, 6, -1.5 ],
			"to": [ 8.5, 6.5, 8 ],
			"faces": {
				"down": { "uv": [ 3.25, 8.75, 8, 9 ], "texture": "#repeater", "rotation": 270 },
				"north": { "uv": [ 3.25, 8.75, 3.5, 9 ], "texture": "#repeater" },
				"west": { "uv": [ 3.25, 8.75, 8, 9 ], "texture": "#repeater" },
				"east": { "uv": [ 8, 8.75, 3.25, 9 ], "texture": "#repeater" }
			}
		},
		{
			"__comment": "repeater8",
			"from": [ 7.5, 8.5, -7 ],
			"to": [ 8.5, 9, -6.5 ],
			"faces": {
				"up": { "uv": [ 0.5, 7.75, 0.75, 7.5 ], "texture": "#repeater", "rotation": 90 },
				"north": { "uv": [ 0.5, 7.5, 0.75, 7.75 ], "texture": "#repeater" },
				"south": { "uv": [ 0.75, 7.5, 0.5, 7.75 ], "texture": "#repeater" },
				"west": { "uv": [ 0.5, 7.5, 0.75, 7.75 ], "texture": "#repeater" },
				"east": { "uv": [ 0.75, 7.5, 0.5, 7.75 ], "texture": "#repeater" }
			}
		},
		{
			"__comment": "repeater9",
			"from": [ 7.5, 8, 8 ],
			"to": [ 8.5, 8.5, 9.5 ],
			"faces": {
				"up": { "uv": [ 8, 8, 8.75, 7.75 ], "texture": "#repeater", "rotation": 90 },
				"west": { "uv": [ 8, 7.75, 8.75, 8 ], "texture": "#repeater" },
				"east": { "uv": [ 8.75, 7.75, 8, 8 ], "texture": "#repeater" }
			}
		},
		{
			"__comment": "repeater11",
			"from": [ 7, 6.5, 8 ],
			"to": [ 9, 8, 9.5 ],
			"faces": {
				"down": { "uv": [ 8, 8.5, 8.75, 8.75 ], "texture": "#repeater", "rotation": 270 },
				"up": { "uv": [ 8, 8.25, 8.75, 8 ], "texture": "#repeater", "rotation": 90 },
				"west": { "uv": [ 8, 8, 8.75, 8.75 ], "texture": "#repeater" },
				"east": { "uv": [ 8.75, 8, 8, 8.75 ], "texture": "#repeater" }
			}
		},
		{
			"__comment": "repeater12",
			"from": [ 7.5, 6, 8 ],
			"to": [ 8.5, 6.5, 9.5 ],
			"faces": {
				"down": { "uv": [ 8, 8.75, 8.75, 9 ], "texture": "#repeater", "rotation": 270 },
				"west": { "uv": [ 8, 8.75, 8.75, 9 ], "texture": "#repeater" },
				"east": { "uv": [ 8.75, 8.75, 8, 9 ], "texture": "#repeater" }
			}
		},
		{
			"__comment": "repeater13",
			"from": [ 7, 6.5, 9.5 ],
			"to": [ 9, 8, 13.5 ],
			"faces": {
				"down": { "uv": [ 8.75, 8.5, 10.75, 8.75 ], "texture": "#repeater", "rotation": 270 },
				"up": { "uv": [ 8.75, 8.25, 10.75, 8 ], "texture": "#repeater", "rotation": 90 },
				"south": { "uv": [ 10.75, 8, 10.5, 8.75 ], "texture": "#repeater" },
				"west": { "uv": [ 8.75, 8, 10.75, 8.75 ], "texture": "#repeater" },
				"east": { "uv": [ 10.75, 8, 8.75, 8.75 ], "texture": "#repeater" }
			}
		},
		{
			"__comment": "repeater14",
			"from": [ 7.5, 5.5, 12.5 ],
			"to": [ 8.5, 6, 13 ],
			"faces": {
				"down": { "uv": [ 10.25, 9, 10.5, 9.25 ], "texture": "#repeater", "rotation": 270 },
				"south": { "uv": [ 10.5, 9, 10.25, 9.25 ], "texture": "#repeater" },
				"west": { "uv": [ 10.25, 9, 10.5, 9.25 ], "texture": "#repeater" },
				"east": { "uv": [ 10.5, 9, 10.25, 9.25 ], "texture": "#repeater" }
			}
		},
		{
			"__comment": "repeater15",
			"from": [ 7.5, 4.5, 12 ],
			"to": [ 8.5, 6, 12.5 ],
			"faces": {
				"down": { "uv": [ 10, 9.5, 10.25, 9.75 ], "texture": "#repeater", "rotation": 270 },
				"north": { "uv": [ 10, 9, 10.25, 9.75 ], "texture": "#repeater" },
				"south": { "uv": [ 10.25, 9, 10, 9.75 ], "texture": "#repeater" },
				"west": { "uv": [ 10, 9, 10.25, 9.75 ], "texture": "#repeater" },
				"east": { "uv": [ 10.25, 9, 10, 9.75 ], "texture": "#repeater" }
			}
		},
		{
			"__comment": "repeater16",
			"from": [ 7.5, 4, 12.5 ],
			"to": [ 8.5, 4.5, 13 ],
			"faces": {
				"down": { "uv": [ 10.25, 9.75, 10.5, 10 ], "texture": "#repeater", "rotation": 270 },
				"up": { "uv": [ 10.25, 10, 10.5, 9.75 ], "texture": "#repeater", "rotation": 90 },
				"north": { "uv": [ 10.25, 9.75, 10.5, 10 ], "texture": "#repeater" },
				"south": { "uv": [ 10.5, 9.75, 10.25, 10 ], "texture": "#repeater" },
				"west": { "uv": [ 10.25, 9.75, 10.5, 10 ], "texture": "#repeater" },
				"east": { "uv": [ 10.5, 9.75, 10.25, 10 ], "texture": "#repeater" }
			}
		},
		{
			"__comment": "repeater17",
			"from": [ 7.5, 3.5, 13 ],
			"to": [ 8.5, 4, 15 ],
			"faces": {
				"down": { "uv": [ 10.5, 10, 11.5, 10.25 ], "texture": "#repeater", "rotation": 270 },
				"up": { "uv": [ 10.5, 10.25, 11.5, 10 ], "texture": "#repeater", "rotation": 90 },
				"north": { "uv": [ 10.5, 10, 10.75, 10.25 ], "texture": "#repeater" },
				"south": { "uv": [ 11.5, 10, 11.25, 10.25 ], "texture": "#repeater" },
				"west": { "uv": [ 10.5, 10, 11.5, 10.25 ], "texture": "#repeater" },
				"east": { "uv": [ 11.5, 10, 10.5, 10.25 ], "texture": "#repeater" }
			}
		},
		{
			"__comment": "repeater18",
			"from": [ 7.5, 4, 14 ],
			"to": [ 8.5, 4.5, 16 ],
			"faces": {
				"down": { "uv": [ 11, 9.75, 12, 10 ], "texture": "#repeater", "rotation": 270 },
				"up": { "uv": [ 11, 10, 12, 9.75 ], "texture": "#repeater", "rotation": 90 },
				"north": { "uv": [ 11, 9.75, 11.25, 10 ], "texture": "#repeater" },
				"south": { "uv": [ 12, 9.75, 11.75, 10 ], "texture": "#repeater" },
				"west": { "uv": [ 11, 9.75, 12, 10 ], "texture": "#repeater" },
				"east": { "uv": [ 12, 9.75, 11, 10 ], "texture": "#repeater" }
			}
		},
		{
			"__comment": "repeater19",
			"from": [ 7.5, 4.5, 14.5 ],
			"to": [ 8.5, 5, 15 ],
			"faces": {
				"up": { "uv": [ 11.25, 9.75, 11.5, 9.5 ], "texture": "#repeater", "rotation": 90 },
				"north": { "uv": [ 11.25, 9.5, 11.5, 9.75 ], "texture": "#repeater" },
				"south": { "uv": [ 11.5, 9.5, 11.25, 9.75 ], "texture": "#repeater" },
				"west": { "uv": [ 11.25, 9.5, 11.5, 9.75 ], "texture": "#repeater" },
				"east": { "uv": [ 11.5, 9.5, 11.25, 9.75 ], "texture": "#repeater" }
			}
		},
		{
			"__comment": "repeater20",
			"from": [ 7.5, 5, 14 ],
			"to": [ 8.5, 5.5, 14.5 ],
			"faces": {
				"down": { "uv": [ 11, 9.25, 11.25, 9.5 ], "texture": "#repeater", "rotation": 270 },
				"north": { "uv": [ 11, 9.25, 11.25, 9.5 ], "texture": "#repeater" },
				"south": { "uv": [ 11.25, 9.25, 11, 9.5 ], "texture": "#repeater" },
				"west": { "uv": [ 11, 9.25, 11.25, 9.5 ], "texture": "#repeater" },
				"east": { "uv": [ 11.25, 9.25, 11, 9.5 ], "texture": "#repeater" }
			}
		},
		{
			"__comment": "repeater21",
			"from": [ 7.5, 3.5, 16 ],
			"to": [ 8.5, 4, 17 ],
			"faces": {
				"down": { "uv": [ 12, 10, 12.5, 10.25 ], "texture": "#repeater", "rotation": 270 },
				"up": { "uv": [ 12, 10.25, 12.5, 10 ], "texture": "#repeater", "rotation": 90 },
				"north": { "uv": [ 12, 10, 12.25, 10.25 ], "texture": "#repeater" },
				"south": { "uv": [ 12.5, 10, 12.25, 10.25 ], "texture": "#repeater" },
				"west": { "uv": [ 12, 10, 12.5, 10.25 ], "texture": "#repeater" },
				"east": { "uv": [ 12.5, 10, 12, 10.25 ], "texture": "#repeater" }
			}
		},
		{
			"__comment": "repeater22",
			"from": [ 7.5, 3, 17 ],
			"to": [ 8.5, 3.5, 18 ],
			"faces": {
				"down": { "uv": [ 12.5, 10.25, 13, 10.5 ], "texture": "#repeater", "rotation": 270 },
				"up": { "uv": [ 12.5, 10.5, 13, 10.25 ], "texture": "#repeater", "rotation": 90 },
				"north": { "uv": [ 12.5, 10.25, 12.75, 10.5 ], "texture": "#repeater" },
				"south": { "uv": [ 13, 10.25, 12.75, 10.5 ], "texture": "#repeater" },
				"west": { "uv": [ 12.5, 10.25, 13, 10.5 ], "texture": "#repeater" },
				"east": { "uv": [ 13, 10.25, 12.5, 10.5 ], "texture": "#repeater" }
			}
		},
		{
			"__comment": "repeater23",
			"from": [ 7.5, 2, 18 ],
			"to": [ 8.5, 3, 18.5 ],
			"faces": {
				"down": { "uv": [ 13, 10.75, 13.25, 11 ], "texture": "#repeater", "rotation": 270 },
				"up": { "uv": [ 13, 10.75, 13.25, 10.5 ], "texture": "#repeater", "rotation": 90 },
				"north": { "uv": [ 13, 10.5, 13.25, 11 ], "texture": "#repeater" },
				"south": { "uv": [ 13.25, 10.5, 13, 11 ], "texture": "#repeater" },
				"west": { "uv": [ 13, 10.5, 13.25, 11 ], "texture": "#repeater" },
				"east": { "uv": [ 13.25, 10.5, 13, 11 ], "texture": "#repeater" }
			}
		},
		{
			"__comment": "repeater24",
			"from": [ 7.5, 1.5, 17 ],
			"to": [ 8.5, 2, 18 ],
			"faces": {
				"down": { "uv": [ 12.5, 11, 13, 11.25 ], "texture": "#repeater", "rotation": 270 },
				"up": { "uv": [ 12.5, 11.25, 13, 11 ], "texture": "#repeater", "rotation": 90 },
				"north": { "uv": [ 12.5, 11, 12.75, 11.25 ], "texture": "#repeater" },
				"south": { "uv": [ 13, 11, 12.75, 11.25 ], "texture": "#repeater" },
				"west": { "uv": [ 12.5, 11, 13, 11.25 ], "texture": "#repeater" },
				"east": { "uv": [ 13, 11, 12.5, 11.25 ], "texture": "#repeater" }
			}
		},
		{
			"__comment": "repeater25",
			"from": [ 7.5, 2, 16 ],
			"to": [ 8.5, 2.5, 17 ],
			"faces": {
				"down": { "uv": [ 12, 10.75, 12.5, 11 ], "texture": "#repeater", "rotation": 270 },
				"up": { "uv": [ 12, 11, 12.5, 10.75 ], "texture": "#repeater", "rotation": 90 },
				"north": { "uv": [ 12, 10.75, 12.25, 11 ], "texture": "#repeater" },
				"south": { "uv": [ 12.5, 10.75, 12.25, 11 ], "texture": "#repeater" },
				"west": { "uv": [ 12, 10.75, 12.5, 11 ], "texture": "#repeater" },
				"east": { "uv": [ 12.5, 10.75, 12, 11 ], "texture": "#repeater" }
			}
		},
		{
			"__comment": "repeater26",
			"from": [ 7.5, 2.5, 15 ],
			"to": [ 8.5, 3, 16 ],
			"faces": {
				"down": { "uv": [ 11.5, 10.5, 12, 10.75 ], "texture": "#repeater", "rotation": 270 },
				"up": { "uv": [ 11.5, 10.75, 12, 10.5 ], "texture": "#repeater", "rotation": 90 },
				"north": { "uv": [ 11.5, 10.5, 11.75, 10.75 ], "texture": "#repeater" },
				"south": { "uv": [ 12, 10.5, 11.75, 10.75 ], "texture": "#repeater" },
				"west": { "uv": [ 11.5, 10.5, 12, 10.75 ], "texture": "#repeater" },
				"east": { "uv": [ 12, 10.5, 11.5, 10.75 ], "texture": "#repeater" }
			}
		},
		{
			"__comment": "repeater27",
			"from": [ 7.5, 3, 14.5 ],
			"to": [ 8.5, 3.5, 15 ],
			"faces": {
				"down": { "uv": [ 11.25, 10.25, 11.5, 10.5 ], "texture": "#repeater", "rotation": 270 },
				"north": { "uv": [ 11.25, 10.25, 11.5, 10.5 ], "texture": "#repeater" },
				"south": { "uv": [ 11.5, 10.25, 11.25, 10.5 ], "texture": "#repeater" },
				"west": { "uv": [ 11.25, 10.25, 11.5, 10.5 ], "texture": "#repeater" },
				"east": { "uv": [ 11.5, 10.25, 11.25, 10.5 ], "texture": "#repeater" }
			}
		},
		{
			"__comment": "repeater28",
			"from": [ 7.5, 7.5, 13.5 ],
			"to": [ 8.5, 8, 14.5 ],
			"faces": {
				"down": { "uv": [ 10.75, 8, 11.25, 8.25 ], "texture": "#repeater", "rotation": 270 },
				"up": { "uv": [ 10.75, 8.25, 11.25, 8 ], "texture": "#repeater", "rotation": 90 },
				"south": { "uv": [ 11.25, 8, 11, 8.25 ], "texture": "#repeater" },
				"west": { "uv": [ 10.75, 8, 11.25, 8.25 ], "texture": "#repeater" },
				"east": { "uv": [ 11.25, 8, 10.75, 8.25 ], "texture": "#repeater" }
			}
		},
		{
			"__comment": "repeater29",
			"from": [ 7.5, 8, 14.5 ],
			"to": [ 8.5, 8.5, 15 ],
			"faces": {
				"down": { "uv": [ 11.25, 7.75, 11.5, 8 ], "texture": "#repeater", "rotation": 270 },
				"up": { "uv": [ 11.25, 8, 11.5, 7.75 ], "texture": "#repeater", "rotation": 90 },
				"north": { "uv": [ 11.25, 7.75, 11.5, 8 ], "texture": "#repeater" },
				"south": { "uv": [ 11.5, 7.75, 11.25, 8 ], "texture": "#repeater" },
				"west": { "uv": [ 11.25, 7.75, 11.5, 8 ], "texture": "#repeater" },
				"east": { "uv": [ 11.5, 7.75, 11.25, 8 ], "texture": "#repeater" }
			}
		},
		{
			"__comment": "repeater30",
			"from": [ 7.5, 7, 14 ],
			"to": [ 8.5, 7.5, 15 ],
			"faces": {
				"up": { "uv": [ 11, 8.5, 11.5, 8.25 ], "texture": "#repeater", "rotation": 90 },
				"south": { "uv": [ 11.5, 8.25, 11.25, 8.5 ], "texture": "#repeater" },
				"west": { "uv": [ 11, 8.25, 11.5, 8.5 ], "texture": "#repeater" },
				"east": { "uv": [ 11.5, 8.25, 11, 8.5 ], "texture": "#repeater" }
			}
		},
		{
			"__comment": "repeater31",
			"from": [ 7.5, 6.5, 15 ],
			"to": [ 8.5, 7, 16 ],
			"faces": {
				"up": { "uv": [ 11.5, 8.75, 12, 8.5 ], "texture": "#repeater", "rotation": 90 },
				"south": { "uv": [ 12, 8.5, 11.75, 8.75 ], "texture": "#repeater" },
				"west": { "uv": [ 11.5, 8.5, 12, 8.75 ], "texture": "#repeater" },
				"east": { "uv": [ 12, 8.5, 11.5, 8.75 ], "texture": "#repeater" }
			}
		},
		{
			"__comment": "repeater32",
			"from": [ 7.5, 6, 16 ],
			"to": [ 8.5, 6.5, 17 ],
			"faces": {
				"up": { "uv": [ 12, 9, 12.5, 8.75 ], "texture": "#repeater", "rotation": 90 },
				"south": { "uv": [ 12.5, 8.75, 12.25, 9 ], "texture": "#repeater" },
				"west": { "uv": [ 12, 8.75, 12.5, 9 ], "texture": "#repeater" },
				"east": { "uv": [ 12.5, 8.75, 12, 9 ], "texture": "#repeater" }
			}
		},
		{
			"__comment": "repeater33",
			"from": [ 7.5, 5.5, 17 ],
			"to": [ 8.5, 6, 18 ],
			"faces": {
				"up": { "uv": [ 12.5, 9.25, 13, 9 ], "texture": "#repeater", "rotation": 90 },
				"west": { "uv": [ 12.5, 9, 13, 9.25 ], "texture": "#repeater" },
				"east": { "uv": [ 13, 9, 12.5, 9.25 ], "texture": "#repeater" }
			}
		},
		{
			"__comment": "repeater34",
			"from": [ 7.5, 6, 18 ],
			"to": [ 8.5, 6.5, 19 ],
			"faces": {
				"up": { "uv": [ 13, 9, 13.5, 8.75 ], "texture": "#repeater", "rotation": 90 },
				"north": { "uv": [ 13, 8.75, 13.25, 9 ], "texture": "#repeater" },
				"west": { "uv": [ 13, 8.75, 13.5, 9 ], "texture": "#repeater" },
				"east": { "uv": [ 13.5, 8.75, 13, 9 ], "texture": "#repeater" }
			}
		},
		{
			"__comment": "repeater35",
			"from": [ 7.5, 6.5, 19 ],
			"to": [ 8.5, 7, 20 ],
			"faces": {
				"up": { "uv": [ 13.5, 8.75, 14, 8.5 ], "texture": "#repeater", "rotation": 90 },
				"north": { "uv": [ 13.5, 8.5, 13.75, 8.75 ], "texture": "#repeater" },
				"south": { "uv": [ 14, 8.5, 13.75, 8.75 ], "texture": "#repeater" },
				"west": { "uv": [ 13.5, 8.5, 14, 8.75 ], "texture": "#repeater" },
				"east": { "uv": [ 14, 8.5, 13.5, 8.75 ], "texture": "#repeater" }
			}
		},
		{
			"__comment": "repeater36",
			"from": [ 7.5, 6, 20 ],
			"to": [ 8.5, 6.5, 21 ],
			"faces": {
				"up": { "uv": [ 14, 9, 14.5, 8.75 ], "texture": "#repeater", "rotation": 90 },
				"south": { "uv": [ 14.5, 8.75, 14.25, 9 ], "texture": "#repeater" },
				"west": { "uv": [ 14, 8.75, 14.5, 9 ], "texture": "#repeater" },
				"east": { "uv": [ 14.5, 8.75, 14, 9 ], "texture": "#repeater" }
			}
		},
		{
			"__comment": "repeater37",
			"from": [ 7.5, 5.5, 21 ],
			"to": [ 8.5, 6, 22 ],
			"faces": {
				"up": { "uv": [ 14.5, 9.25, 15, 9 ], "texture": "#repeater", "rotation": 90 },
				"south": { "uv": [ 15, 9, 14.75, 9.25 ], "texture": "#repeater" },
				"west": { "uv": [ 14.5, 9, 15, 9.25 ], "texture": "#repeater" },
				"east": { "uv": [ 15, 9, 14.5, 9.25 ], "texture": "#repeater" }
			}
		},
		{
			"__comment": "repeater38",
			"from": [ 7.5, 5, 22 ],
			"to": [ 8.5, 5.5, 23 ],
			"faces": {
				"up": { "uv": [ 15, 9.5, 15.5, 9.25 ], "texture": "#repeater", "rotation": 90 },
				"south": { "uv": [ 15.5, 9.25, 15.25, 9.5 ], "texture": "#repeater" },
				"west": { "uv": [ 15, 9.25, 15.5, 9.5 ], "texture": "#repeater" },
				"east": { "uv": [ 15.5, 9.25, 15, 9.5 ], "texture": "#repeater" }
			}
		},
		{
			"__comment": "repeater39",
			"from": [ 7.5, 4.5, 23 ],
			"to": [ 8.5, 5, 24 ],
			"faces": {
				"down": { "uv": [ 15.5, 9.5, 16, 9.75 ], "texture": "#repeater", "rotation": 270 },
				"up": { "uv": [ 15.5, 9.75, 16, 9.5 ], "texture": "#repeater", "rotation": 90 },
				"south": { "uv": [ 16, 9.5, 15.75, 9.75 ], "texture": "#repeater" },
				"west": { "uv": [ 15.5, 9.5, 16, 9.75 ], "texture": "#repeater" },
				"east": { "uv": [ 16, 9.5, 15.5, 9.75 ], "texture": "#repeater" }
			}
		},
		{
			"__comment": "repeater40",
			"from": [ 7.5, 4, 23.5 ],
			"to": [ 8.5, 4.5, 24 ],
			"faces": {
				"down": { "uv": [ 15.75, 9.75, 16, 10 ], "texture": "#repeater", "rotation": 270 },
				"south": { "uv": [ 16, 9.75, 15.75, 10 ], "texture": "#repeater" },
				"west": { "uv": [ 15.75, 9.75, 16, 10 ], "texture": "#repeater" },
				"east": { "uv": [ 16, 9.75, 15.75, 10 ], "texture": "#repeater" }
			}
		},
		{
			"__comment": "repeater41",
			"from": [ 7.5, 2, 23 ],
			"to": [ 8.5, 4, 23.5 ],
			"faces": {
				"south": { "uv": [ 15.75, 10, 15.5, 11 ], "texture": "#repeater" },
				"west": { "uv": [ 15.5, 10, 15.75, 11 ], "texture": "#repeater" },
				"east": { "uv": [ 15.75, 10, 15.5, 11 ], "texture": "#repeater" }
			}
		},
		{
			"__comment": "repeater42",
			"from": [ 7.5, 1, 23 ],
			"to": [ 8.5, 1.5, 24 ],
			"faces": {
				"down": { "uv": [ 15.5, 11.25, 16, 11.5 ], "texture": "#repeater", "rotation": 270 },
				"up": { "uv": [ 15.5, 11.5, 16, 11.25 ], "texture": "#repeater", "rotation": 90 },
				"north": { "uv": [ 15.5, 11.25, 15.75, 11.5 ], "texture": "#repeater" },
				"south": { "uv": [ 16, 11.25, 15.75, 11.5 ], "texture": "#repeater" },
				"west": { "uv": [ 15.5, 11.25, 16, 11.5 ], "texture": "#repeater" },
				"east": { "uv": [ 16, 11.25, 15.5, 11.5 ], "texture": "#repeater" }
			}
		},
		{
			"__comment": "repeater43",
			"from": [ 7.5, 1.5, 23.5 ],
			"to": [ 8.5, 2, 24 ],
			"faces": {
				"up": { "uv": [ 15.75, 11.25, 16, 11 ], "texture": "#repeater", "rotation": 90 },
				"south": { "uv": [ 16, 11, 15.75, 11.25 ], "texture": "#repeater" },
				"west": { "uv": [ 15.75, 11, 16, 11.25 ], "texture": "#repeater" },
				"east": { "uv": [ 16, 11, 15.75, 11.25 ], "texture": "#repeater" }
			}
		},
		{
			"__comment": "repeater44",
			"from": [ 7.5, 1.5, 22 ],
			"to": [ 8.5, 2, 23 ],
			"faces": {
				"down": { "uv": [ 15, 11, 15.5, 11.25 ], "texture": "#repeater", "rotation": 270 },
				"north": { "uv": [ 15, 11, 15.25, 11.25 ], "texture": "#repeater" },
				"west": { "uv": [ 15, 11, 15.5, 11.25 ], "texture": "#repeater" },
				"east": { "uv": [ 15.5, 11, 15, 11.25 ], "texture": "#repeater" }
			}
		},
		{
			"__comment": "repeater45",
			"from": [ 7.5, 2, 21 ],
			"to": [ 8.5, 2.5, 22 ],
			"faces": {
				"down": { "uv": [ 14.5, 10.75, 15, 11 ], "texture": "#repeater", "rotation": 270 },
				"north": { "uv": [ 14.5, 10.75, 14.75, 11 ], "texture": "#repeater" },
				"west": { "uv": [ 14.5, 10.75, 15, 11 ], "texture": "#repeater" },
				"east": { "uv": [ 15, 10.75, 14.5, 11 ], "texture": "#repeater" }
			}
		},
		{
			"__comment": "repeater46",
			"from": [ 7.5, 2.5, 20 ],
			"to": [ 8.5, 3, 21 ],
			"faces": {
				"down": { "uv": [ 14, 10.5, 14.5, 10.75 ], "texture": "#repeater", "rotation": 270 },
				"north": { "uv": [ 14, 10.5, 14.25, 10.75 ], "texture": "#repeater" },
				"west": { "uv": [ 14, 10.5, 14.5, 10.75 ], "texture": "#repeater" },
				"east": { "uv": [ 14.5, 10.5, 14, 10.75 ], "texture": "#repeater" }
			}
		},
		{
			"__comment": "repeater47",
			"from": [ 7.5, 3, 19 ],
			"to": [ 8.5, 3.5, 20 ],
			"faces": {
				"down": { "uv": [ 13.5, 10.25, 14, 10.5 ], "texture": "#repeater", "rotation": 270 },
				"north": { "uv": [ 13.5, 10.25, 13.75, 10.5 ], "texture": "#repeater" },
				"west": { "uv": [ 13.5, 10.25, 14, 10.5 ], "texture": "#repeater" },
				"east": { "uv": [ 14, 10.25, 13.5, 10.5 ], "texture": "#repeater" }
			}
		},
		{
			"__comment": "repeater48",
			"from": [ 7.5, 3.5, 18 ],
			"to": [ 8.5, 4, 19 ],
			"faces": {
				"down": { "uv": [ 13, 10, 13.5, 10.25 ], "texture": "#repeater", "rotation": 270 },
				"north": { "uv": [ 13, 10, 13.25, 10.25 ], "texture": "#repeater" },
				"west": { "uv": [ 13, 10, 13.5, 10.25 ], "texture": "#repeater" },
				"east": { "uv": [ 13.5, 10, 13, 10.25 ], "texture": "#repeater" }
			}
		},
		{
			"__comment": "repeater49",
			"from": [ 7.5, 4, 17 ],
			"to": [ 8.5, 4.5, 18 ],
			"faces": {
				"down": { "uv": [ 12.5, 9.75, 13, 10 ], "texture": "#repeater", "rotation": 270 },
				"north": { "uv": [ 12.5, 9.75, 12.75, 10 ], "texture": "#repeater" },
				"west": { "uv": [ 12.5, 9.75, 13, 10 ], "texture": "#repeater" },
				"east": { "uv": [ 13, 9.75, 12.5, 10 ], "texture": "#repeater" }
			}
		},
		{
			"__comment": "repeater50",
			"from": [ 7.5, 4.5, 16 ],
			"to": [ 8.5, 5, 17 ],
			"faces": {
				"down": { "uv": [ 12, 9.5, 12.5, 9.75 ], "texture": "#repeater", "rotation": 270 },
				"north": { "uv": [ 12, 9.5, 12.25, 9.75 ], "texture": "#repeater" },
				"west": { "uv": [ 12, 9.5, 12.5, 9.75 ], "texture": "#repeater" },
				"east": { "uv": [ 12.5, 9.5, 12, 9.75 ], "texture": "#repeater" }
			}
		},
		{
			"__comment": "repeater51",
			"from": [ 7.5, 5, 15 ],
			"to": [ 8.5, 5.5, 16 ],
			"faces": {
				"down": { "uv": [ 11.5, 9.25, 12, 9.5 ], "texture": "#repeater", "rotation": 270 },
				"north": { "uv": [ 11.5, 9.25, 11.75, 9.5 ], "texture": "#repeater" },
				"west": { "uv": [ 11.5, 9.25, 12, 9.5 ], "texture": "#repeater" },
				"east": { "uv": [ 12, 9.25, 11.5, 9.5 ], "texture": "#repeater" }
			}
		},
		{
			"__comment": "repeater52",
			"from": [ 7.5, 5.5, 13.5 ],
			"to": [ 8.5, 6, 15 ],
			"faces": {
				"down": { "uv": [ 10.75, 9, 11.5, 9.25 ], "texture": "#repeater", "rotation": 270 },
				"up": { "uv": [ 10.75, 9.25, 11.5, 9 ], "texture": "#repeater", "rotation": 90 },
				"north": { "uv": [ 10.75, 9, 11, 9.25 ], "texture": "#repeater" },
				"west": { "uv": [ 10.75, 9, 11.5, 9.25 ], "texture": "#repeater" },
				"east": { "uv": [ 11.5, 9, 10.75, 9.25 ], "texture": "#repeater" }
			}
		},
		{
			"__comment": "repeater53",
			"from": [ 7, 6, 13.5 ],
			"to": [ 9, 7.5, 14 ],
			"faces": {
				"down": { "uv": [ 10.75, 8.75, 11, 9 ], "texture": "#repeater", "rotation": 270 },
				"up": { "uv": [ 10.75, 8.5, 11, 8.25 ], "texture": "#repeater", "rotation": 90 },
				"south": { "uv": [ 11, 8.25, 10.75, 9 ], "texture": "#repeater" },
				"west": { "uv": [ 10.75, 8.25, 11, 9 ], "texture": "#repeater" },
				"east": { "uv": [ 11, 8.25, 10.75, 9 ], "texture": "#repeater" }
			}
		},
		{
			"__comment": "repeater54",
			"from": [ 7, 6, 14 ],
			"to": [ 9, 7, 15 ],
			"faces": {
				"down": { "uv": [ 11, 8.75, 11.5, 9 ], "texture": "#repeater", "rotation": 270 },
				"up": { "uv": [ 11, 8.75, 11.5, 8.5 ], "texture": "#repeater", "rotation": 90 },
				"south": { "uv": [ 11.5, 8.5, 11.25, 9 ], "texture": "#repeater" },
				"west": { "uv": [ 11, 8.5, 11.5, 9 ], "texture": "#repeater" },
				"east": { "uv": [ 11.5, 8.5, 11, 9 ], "texture": "#repeater" }
			}
		},
		{
			"__comment": "repeater55",
			"from": [ 7, 5.5, 15 ],
			"to": [ 9, 6.5, 16 ],
			"faces": {
				"down": { "uv": [ 11.5, 9, 12, 9.25 ], "texture": "#repeater", "rotation": 270 },
				"up": { "uv": [ 11.5, 9, 12, 8.75 ], "texture": "#repeater", "rotation": 90 },
				"north": { "uv": [ 11.5, 8.75, 11.75, 9.25 ], "texture": "#repeater" },
				"south": { "uv": [ 12, 8.75, 11.75, 9.25 ], "texture": "#repeater" },
				"west": { "uv": [ 11.5, 8.75, 12, 9.25 ], "texture": "#repeater" },
				"east": { "uv": [ 12, 8.75, 11.5, 9.25 ], "texture": "#repeater" }
			}
		},
		{
			"__comment": "repeater56",
			"from": [ 7, 5, 16 ],
			"to": [ 9, 6, 17 ],
			"faces": {
				"down": { "uv": [ 12, 9.25, 12.5, 9.5 ], "texture": "#repeater", "rotation": 270 },
				"up": { "uv": [ 12, 9.25, 12.5, 9 ], "texture": "#repeater", "rotation": 90 },
				"north": { "uv": [ 12, 9, 12.25, 9.5 ], "texture": "#repeater" },
				"south": { "uv": [ 12.5, 9, 12.25, 9.5 ], "texture": "#repeater" },
				"west": { "uv": [ 12, 9, 12.5, 9.5 ], "texture": "#repeater" },
				"east": { "uv": [ 12.5, 9, 12, 9.5 ], "texture": "#repeater" }
			}
		},
		{
			"__comment": "repeater57",
			"from": [ 7, 4.5, 17 ],
			"to": [ 9, 5.5, 18 ],
			"faces": {
				"down": { "uv": [ 12.5, 9.5, 13, 9.75 ], "texture": "#repeater", "rotation": 270 },
				"up": { "uv": [ 12.5, 9.5, 13, 9.25 ], "texture": "#repeater", "rotation": 90 },
				"north": { "uv": [ 12.5, 9.25, 12.75, 9.75 ], "texture": "#repeater" },
				"west": { "uv": [ 12.5, 9.25, 13, 9.75 ], "texture": "#repeater" },
				"east": { "uv": [ 13, 9.25, 12.5, 9.75 ], "texture": "#repeater" }
			}
		},
		{
			"__comment": "repeater58",
			"from": [ 7, 4, 18 ],
			"to": [ 9, 6, 19 ],
			"faces": {
				"down": { "uv": [ 13, 9.75, 13.5, 10 ], "texture": "#repeater", "rotation": 270 },
				"up": { "uv": [ 13, 9.25, 13.5, 9 ], "texture": "#repeater", "rotation": 90 },
				"north": { "uv": [ 13, 9, 13.25, 10 ], "texture": "#repeater" },
				"west": { "uv": [ 13, 9, 13.5, 10 ], "texture": "#repeater" },
				"east": { "uv": [ 13.5, 9, 13, 10 ], "texture": "#repeater" }
			}
		},
		{
			"__comment": "repeater59",
			"from": [ 7, 3.5, 19 ],
			"to": [ 9, 6.5, 20 ],
			"faces": {
				"down": { "uv": [ 13.5, 10, 14, 10.25 ], "texture": "#repeater", "rotation": 270 },
				"up": { "uv": [ 13.5, 9, 14, 8.75 ], "texture": "#repeater", "rotation": 90 },
				"north": { "uv": [ 13.5, 8.75, 13.75, 10.25 ], "texture": "#repeater" },
				"south": { "uv": [ 14, 8.75, 13.75, 10.25 ], "texture": "#repeater" },
				"west": { "uv": [ 13.5, 8.75, 14, 10.25 ], "texture": "#repeater" },
				"east": { "uv": [ 14, 8.75, 13.5, 10.25 ], "texture": "#repeater" }
			}
		},
		{
			"__comment": "repeater60",
			"from": [ 7, 3, 20 ],
			"to": [ 9, 6, 21 ],
			"faces": {
				"down": { "uv": [ 14, 10.25, 14.5, 10.5 ], "texture": "#repeater", "rotation": 270 },
				"up": { "uv": [ 14, 9.25, 14.5, 9 ], "texture": "#repeater", "rotation": 90 },
				"north": { "uv": [ 14, 9, 14.25, 10.5 ], "texture": "#repeater" },
				"south": { "uv": [ 14.5, 9, 14.25, 10.5 ], "texture": "#repeater" },
				"west": { "uv": [ 14, 9, 14.5, 10.5 ], "texture": "#repeater" },
				"east": { "uv": [ 14.5, 9, 14, 10.5 ], "texture": "#repeater" }
			}
		},
		{
			"__comment": "repeater61",
			"from": [ 7, 2.5, 21 ],
			"to": [ 9, 5.5, 22 ],
			"faces": {
				"down": { "uv": [ 14.5, 10.5, 15, 10.75 ], "texture": "#repeater", "rotation": 270 },
				"up": { "uv": [ 14.5, 9.5, 15, 9.25 ], "texture": "#repeater", "rotation": 90 },
				"north": { "uv": [ 14.5, 9.25, 14.75, 10.75 ], "texture": "#repeater" },
				"south": { "uv": [ 15, 9.25, 14.75, 10.75 ], "texture": "#repeater" },
				"west": { "uv": [ 14.5, 9.25, 15, 10.75 ], "texture": "#repeater" },
				"east": { "uv": [ 15, 9.25, 14.5, 10.75 ], "texture": "#repeater" }
			}
		},
		{
			"__comment": "repeater62",
			"from": [ 7, 2, 22 ],
			"to": [ 9, 5, 23 ],
			"faces": {
				"down": { "uv": [ 15, 10.75, 15.5, 11 ], "texture": "#repeater", "rotation": 270 },
				"up": { "uv": [ 15, 9.75, 15.5, 9.5 ], "texture": "#repeater", "rotation": 90 },
				"north": { "uv": [ 15, 9.5, 15.25, 11 ], "texture": "#repeater" },
				"south": { "uv": [ 15.5, 9.5, 15.25, 11 ], "texture": "#repeater" },
				"west": { "uv": [ 15, 9.5, 15.5, 11 ], "texture": "#repeater" },
				"east": { "uv": [ 15.5, 9.5, 15, 11 ], "texture": "#repeater" }
			}
		},
		{
			"__comment": "repeater63",
			"from": [ 7, 4, 23 ],
			"to": [ 9, 4.5, 23.5 ],
			"faces": {
				"down": { "uv": [ 15.5, 9.75, 15.75, 10 ], "texture": "#repeater", "rotation": 270 },
				"up": { "uv": [ 15.5, 10, 15.75, 9.75 ], "texture": "#repeater", "rotation": 90 },
				"south": { "uv": [ 15.75, 9.75, 15.5, 10 ], "texture": "#repeater" },
				"west": { "uv": [ 15.5, 9.75, 15.75, 10 ], "texture": "#repeater" },
				"east": { "uv": [ 15.75, 9.75, 15.5, 10 ], "texture": "#repeater" }
			}
		},
		{
			"__comment": "repeater64",
			"from": [ 7, 1.5, 23 ],
			"to": [ 9, 2, 23.5 ],
			"faces": {
				"down": { "uv": [ 15.5, 11, 15.75, 11.25 ], "texture": "#repeater", "rotation": 270 },
				"up": { "uv": [ 15.5, 11.25, 15.75, 11 ], "texture": "#repeater", "rotation": 90 },
				"north": { "uv": [ 15.5, 11, 15.75, 11.25 ], "texture": "#repeater" },
				"south": { "uv": [ 15.75, 11, 15.5, 11.25 ], "texture": "#repeater" },
				"west": { "uv": [ 15.5, 11, 15.75, 11.25 ], "texture": "#repeater" },
				"east": { "uv": [ 15.75, 11, 15.5, 11.25 ], "texture": "#repeater" }
			}
		},
		{
			"__comment": "repeater66",
			"from": [ 7.5, 6, 9.5 ],
			"to": [ 8.5, 6.5, 13.5 ],
			"faces": {
				"up": { "uv": [ 8.75, 9, 10.75, 8.75 ], "texture": "#repeater", "rotation": 90 },
				"south": { "uv": [ 10.75, 8.75, 10.5, 9 ], "texture": "#repeater" },
				"west": { "uv": [ 8.75, 8.75, 10.75, 9 ], "texture": "#repeater" },
				"east": { "uv": [ 10.75, 8.75, 8.75, 9 ], "texture": "#repeater" }
			}
		},
		{
			"__comment": "repeater67",
			"from": [ 7, 6.5, -5.5 ],
			"to": [ 9, 7, -4.5 ],
			"faces": {
				"down": { "uv": [ 1.25, 8.5, 1.75, 8.75 ], "texture": "#repeater", "rotation": 270 },
				"up": { "uv": [ 1.25, 8.75, 1.75, 8.5 ], "texture": "#repeater", "rotation": 90 },
				"north": { "uv": [ 1.25, 8.5, 1.5, 8.75 ], "texture": "#repeater" },
				"south": { "uv": [ 1.75, 8.5, 1.5, 8.75 ], "texture": "#repeater" },
				"west": { "uv": [ 1.25, 8.5, 1.75, 8.75 ], "texture": "#repeater" },
				"east": { "uv": [ 1.75, 8.5, 1.25, 8.75 ], "texture": "#repeater" }
			}
		},
		{
			"__comment": "repeater66",
			"from": [ 7.5, 8, 9.5 ],
			"to": [ 8.5, 8.5, 13.5 ],
			"faces": {
				"up": { "uv": [ 8.75, 8, 10.75, 7.75 ], "texture": "#repeater", "rotation": 90 },
				"south": { "uv": [ 10.75, 7.75, 10.5, 8 ], "texture": "#repeater" },
				"west": { "uv": [ 8.75, 7.75, 10.75, 8 ], "texture": "#repeater" },
				"east": { "uv": [ 10.75, 7.75, 8.75, 8 ], "texture": "#repeater" }
			}
		}
	],
	"display": {
		"thirdperson_righthand": {
			"translation":  [ 0, 1.5, -3 ],
			"scale":  [ 0.75, 0.75, 0.75 ]
		},
		"thirdperson_lefthand": {
			"translation":  [ -1.25, -4.375, 8 ],
			"scale":  [ 0.75, 0.75, 0.75 ]
		},
		"firstperson_righthand": {
			"rotation":  [ 30, 0, -30 ],
			"translation":  [ -6, 4.5, -3 ]
		},
		"firstperson_lefthand": {
			"scale":  [ 0.0001, 0.0001, 0.0001 ]
		},
		"gui": {
			"rotation":  [ 30, 135, 0 ],
			"scale":  [ 0.5, 0.5, 0.5 ]
		},
		"head": {
			"scale":  [ 0.0001, 0.0001, 0.0001 ]
		},
		"ground": {
			"rotation":  [ 0, 0, 90 ],
			"scale":  [ 0.75, 0.75, 0.75 ]
		},
		"fixed": {
			"rotation":  [ 0, -90, 0 ],
			"scale":  [ 1.5, 1.5, 1.5 ]
		}
	}
}