{
	"__comment": "Designed by Optimus0812 with Cubik Studio - https://cubik.studio",
	"textures": {
		"sks": "dayz/weapon/gun/rifle/sks"
	},
	"elements": [ 	 
		{
			"__comment": "sks",
			"from": [ 7.5, 3, 22.5 ],
			"to": [ 8.5, 3.5, 24 ],
			"faces": {
				"down": { "uv": [ 15.25, 10.25, 16, 10.5 ], "texture": "#sks", "rotation": 270 },
				"up": { "uv": [ 15.25, 10.5, 16, 10.25 ], "texture": "#sks", "rotation": 90 },
				"north": { "uv": [ 15.25, 10.25, 15.5, 10.5 ], "texture": "#sks" },
				"south": { "uv": [ 16, 10.25, 15.75, 10.5 ], "texture": "#sks" },
				"west": { "uv": [ 15.25, 10.25, 16, 10.5 ], "texture": "#sks" },
				"east": { "uv": [ 16, 10.25, 15.25, 10.5 ], "texture": "#sks" }
			}
		},
		{
			"__comment": "sks1",
			"from": [ 7.5, 3.5, 21 ],
			"to": [ 8.5, 4, 22.5 ],
			"faces": {
				"down": { "uv": [ 14.5, 10, 15.25, 10.25 ], "texture": "#sks", "rotation": 270 },
				"up": { "uv": [ 14.5, 10.25, 15.25, 10 ], "texture": "#sks", "rotation": 90 },
				"north": { "uv": [ 14.5, 10, 14.75, 10.25 ], "texture": "#sks" },
				"south": { "uv": [ 15.25, 10, 15, 10.25 ], "texture": "#sks" },
				"west": { "uv": [ 14.5, 10, 15.25, 10.25 ], "texture": "#sks" },
				"east": { "uv": [ 15.25, 10, 14.5, 10.25 ], "texture": "#sks" }
			}
		},
		{
			"__comment": "sks2",
			"from": [ 7.5, 4, 19.5 ],
			"to": [ 8.5, 4.5, 21 ],
			"faces": {
				"down": { "uv": [ 13.75, 9.75, 14.5, 10 ], "texture": "#sks", "rotation": 270 },
				"up": { "uv": [ 13.75, 10, 14.5, 9.75 ], "texture": "#sks", "rotation": 90 },
				"north": { "uv": [ 13.75, 9.75, 14, 10 ], "texture": "#sks" },
				"south": { "uv": [ 14.5, 9.75, 14.25, 10 ], "texture": "#sks" },
				"west": { "uv": [ 13.75, 9.75, 14.5, 10 ], "texture": "#sks" },
				"east": { "uv": [ 14.5, 9.75, 13.75, 10 ], "texture": "#sks" }
			}
		},
		{
			"__comment": "sks10",
			"from": [ 7.5, 4.5, 18 ],
			"to": [ 8.5, 5, 19.5 ],
			"faces": {
				"down": { "uv": [ 13, 9.5, 13.75, 9.75 ], "texture": "#sks", "rotation": 270 },
				"up": { "uv": [ 13, 9.75, 13.75, 9.5 ], "texture": "#sks", "rotation": 90 },
				"north": { "uv": [ 13, 9.5, 13.25, 9.75 ], "texture": "#sks" },
				"south": { "uv": [ 13.75, 9.5, 13.5, 9.75 ], "texture": "#sks" },
				"west": { "uv": [ 13, 9.5, 13.75, 9.75 ], "texture": "#sks" },
				"east": { "uv": [ 13.75, 9.5, 13, 9.75 ], "texture": "#sks" }
			}
		},
		{
			"__comment": "sks3",
			"from": [ 7.5, 3.5, 16.5 ],
			"to": [ 8.5, 4, 17.5 ],
			"faces": {
				"down": { "uv": [ 12.25, 10, 12.75, 10.25 ], "texture": "#sks", "rotation": 270 },
				"up": { "uv": [ 12.25, 10.25, 12.75, 10 ], "texture": "#sks", "rotation": 90 },
				"north": { "uv": [ 12.25, 10, 12.5, 10.25 ], "texture": "#sks" },
				"south": { "uv": [ 12.75, 10, 12.5, 10.25 ], "texture": "#sks" },
				"west": { "uv": [ 12.25, 10, 12.75, 10.25 ], "texture": "#sks" },
				"east": { "uv": [ 12.75, 10, 12.25, 10.25 ], "texture": "#sks" }
			}
		},
		{
			"__comment": "sks4",
			"from": [ 7.5, 4, 16 ],
			"to": [ 8.5, 4.5, 16.5 ],
			"faces": {
				"down": { "uv": [ 12, 9.75, 12.25, 10 ], "texture": "#sks", "rotation": 270 },
				"up": { "uv": [ 12, 10, 12.25, 9.75 ], "texture": "#sks", "rotation": 90 },
				"north": { "uv": [ 12, 9.75, 12.25, 10 ], "texture": "#sks" },
				"south": { "uv": [ 12.25, 9.75, 12, 10 ], "texture": "#sks" },
				"west": { "uv": [ 12, 9.75, 12.25, 10 ], "texture": "#sks" },
				"east": { "uv": [ 12.25, 9.75, 12, 10 ], "texture": "#sks" }
			}
		},
		{
			"__comment": "sks11",
			"from": [ 7.5, 4.5, 15.5 ],
			"to": [ 8.5, 5.5, 16 ],
			"faces": {
				"down": { "uv": [ 11.75, 9.5, 12, 9.75 ], "texture": "#sks", "rotation": 270 },
				"up": { "uv": [ 11.75, 9.5, 12, 9.25 ], "texture": "#sks", "rotation": 90 },
				"north": { "uv": [ 11.75, 9.25, 12, 9.75 ], "texture": "#sks" },
				"south": { "uv": [ 12, 9.25, 11.75, 9.75 ], "texture": "#sks" },
				"west": { "uv": [ 11.75, 9.25, 12, 9.75 ], "texture": "#sks" },
				"east": { "uv": [ 12, 9.25, 11.75, 9.75 ], "texture": "#sks" }
			}
		},
		{
			"__comment": "sks12",
			"from": [ 7.5, 5.5, 15 ],
			"to": [ 8.5, 6, 15.5 ],
			"faces": {
				"down": { "uv": [ 11.5, 9, 11.75, 9.25 ], "texture": "#sks", "rotation": 270 },
				"up": { "uv": [ 11.5, 9.25, 11.75, 9 ], "texture": "#sks", "rotation": 90 },
				"north": { "uv": [ 11.5, 9, 11.75, 9.25 ], "texture": "#sks" },
				"south": { "uv": [ 11.75, 9, 11.5, 9.25 ], "texture": "#sks" },
				"west": { "uv": [ 11.5, 9, 11.75, 9.25 ], "texture": "#sks" },
				"east": { "uv": [ 11.75, 9, 11.5, 9.25 ], "texture": "#sks" }
			}
		},
		{
			"__comment": "sks13",
			"from": [ 7.5, 6.5, 18 ],
			"to": [ 8.5, 7, 24 ],
			"faces": {
				"down": { "uv": [ 13, 8.5, 16, 8.75 ], "texture": "#sks", "rotation": 270 },
				"up": { "uv": [ 13, 8.75, 16, 8.5 ], "texture": "#sks", "rotation": 90 },
				"north": { "uv": [ 13, 8.5, 13.25, 8.75 ], "texture": "#sks" },
				"south": { "uv": [ 16, 8.5, 15.75, 8.75 ], "texture": "#sks" },
				"west": { "uv": [ 13, 8.5, 16, 8.75 ], "texture": "#sks" },
				"east": { "uv": [ 16, 8.5, 13, 8.75 ], "texture": "#sks" }
			}
		},
		{
			"__comment": "sks14",
			"from": [ 7.5, 6.5, 16 ],
			"to": [ 8.5, 7, 17 ],
			"faces": {
				"down": { "uv": [ 12, 8.5, 12.5, 8.75 ], "texture": "#sks", "rotation": 270 },
				"up": { "uv": [ 12, 8.75, 12.5, 8.5 ], "texture": "#sks", "rotation": 90 },
				"north": { "uv": [ 12, 8.5, 12.25, 8.75 ], "texture": "#sks" },
				"south": { "uv": [ 12.5, 8.5, 12.25, 8.75 ], "texture": "#sks" },
				"west": { "uv": [ 12, 8.5, 12.5, 8.75 ], "texture": "#sks" },
				"east": { "uv": [ 12.5, 8.5, 12, 8.75 ], "texture": "#sks" }
			}
		},
		{
			"__comment": "sks29",
			"from": [ 7.5, 7, 15 ],
			"to": [ 8.5, 7.5, 16 ],
			"faces": {
				"down": { "uv": [ 11.5, 8.25, 12, 8.5 ], "texture": "#sks", "rotation": 270 },
				"up": { "uv": [ 11.5, 8.5, 12, 8.25 ], "texture": "#sks", "rotation": 90 },
				"north": { "uv": [ 11.5, 8.25, 11.75, 8.5 ], "texture": "#sks" },
				"south": { "uv": [ 12, 8.25, 11.75, 8.5 ], "texture": "#sks" },
				"west": { "uv": [ 11.5, 8.25, 12, 8.5 ], "texture": "#sks" },
				"east": { "uv": [ 12, 8.25, 11.5, 8.5 ], "texture": "#sks" }
			}
		},
		{
			"__comment": "sks30",
			"from": [ 7.5, 7.5, 14 ],
			"to": [ 8.5, 8, 15 ],
			"faces": {
				"down": { "uv": [ 11, 8, 11.5, 8.25 ], "texture": "#sks", "rotation": 270 },
				"up": { "uv": [ 11, 8.25, 11.5, 8 ], "texture": "#sks", "rotation": 90 },
				"north": { "uv": [ 11, 8, 11.25, 8.25 ], "texture": "#sks" },
				"south": { "uv": [ 11.5, 8, 11.25, 8.25 ], "texture": "#sks" },
				"west": { "uv": [ 11, 8, 11.5, 8.25 ], "texture": "#sks" },
				"east": { "uv": [ 11.5, 8, 11, 8.25 ], "texture": "#sks" }
			}
		},
		{
			"__comment": "sks15",
			"from": [ 7.5, 6, 8 ],
			"to": [ 8.5, 6.5, 15 ],
			"faces": {
				"down": { "uv": [ 8, 8.75, 11.5, 9 ], "texture": "#sks", "rotation": 270 },
				"up": { "uv": [ 8, 9, 11.5, 8.75 ], "texture": "#sks", "rotation": 90 },
				"north": { "uv": [ 8, 8.75, 8.25, 9 ], "texture": "#sks" },
				"south": { "uv": [ 11.5, 8.75, 11.25, 9 ], "texture": "#sks" },
				"west": { "uv": [ 8, 8.75, 11.5, 9 ], "texture": "#sks" },
				"east": { "uv": [ 11.5, 8.75, 8, 9 ], "texture": "#sks" }
			}
		},
		{
			"__comment": "sks16",
			"from": [ 7, 6.5, 8 ],
			"to": [ 9, 7, 16 ],
			"faces": {
				"down": { "uv": [ 8, 8.5, 12, 8.75 ], "texture": "#sks", "rotation": 270 },
				"up": { "uv": [ 8, 8.75, 12, 8.5 ], "texture": "#sks", "rotation": 90 },
				"north": { "uv": [ 8, 8.5, 8.25, 8.75 ], "texture": "#sks" },
				"south": { "uv": [ 12, 8.5, 11.75, 8.75 ], "texture": "#sks" },
				"west": { "uv": [ 8, 8.5, 12, 8.75 ], "texture": "#sks" },
				"east": { "uv": [ 12, 8.5, 8, 8.75 ], "texture": "#sks" }
			}
		},
		{
			"__comment": "sks31",
			"from": [ 7, 7, 2.5 ],
			"to": [ 9, 7.5, 15 ],
			"faces": {
				"down": { "uv": [ 5.25, 8.25, 11.5, 8.5 ], "texture": "#sks", "rotation": 270 },
				"up": { "uv": [ 5.25, 8.5, 11.5, 8.25 ], "texture": "#sks", "rotation": 90 },
				"north": { "uv": [ 5.25, 8.25, 5.5, 8.5 ], "texture": "#sks" },
				"south": { "uv": [ 11.5, 8.25, 11.25, 8.5 ], "texture": "#sks" },
				"west": { "uv": [ 5.25, 8.25, 11.5, 8.5 ], "texture": "#sks" },
				"east": { "uv": [ 11.5, 8.25, 5.25, 8.5 ], "texture": "#sks" }
			}
		},
		{
			"__comment": "sks32",
			"from": [ 7, 7.5, 2.5 ],
			"to": [ 9, 8, 14 ],
			"faces": {
				"down": { "uv": [ 5.25, 8, 11, 8.25 ], "texture": "#sks", "rotation": 270 },
				"up": { "uv": [ 5.25, 8.25, 11, 8 ], "texture": "#sks", "rotation": 90 },
				"north": { "uv": [ 5.25, 8, 5.5, 8.25 ], "texture": "#sks" },
				"south": { "uv": [ 11, 8, 10.75, 8.25 ], "texture": "#sks" },
				"west": { "uv": [ 5.25, 8, 11, 8.25 ], "texture": "#sks" },
				"east": { "uv": [ 11, 8, 5.25, 8.25 ], "texture": "#sks" }
			}
		},
		{
			"__comment": "sks17",
			"from": [ 7, 6, 15 ],
			"to": [ 9, 6.5, 15.5 ],
			"faces": {
				"down": { "uv": [ 11.5, 8.75, 11.75, 9 ], "texture": "#sks", "rotation": 270 },
				"up": { "uv": [ 11.5, 9, 11.75, 8.75 ], "texture": "#sks", "rotation": 90 },
				"north": { "uv": [ 11.5, 8.75, 11.75, 9 ], "texture": "#sks" },
				"south": { "uv": [ 11.75, 8.75, 11.5, 9 ], "texture": "#sks" },
				"west": { "uv": [ 11.5, 8.75, 11.75, 9 ], "texture": "#sks" },
				"east": { "uv": [ 11.75, 8.75, 11.5, 9 ], "texture": "#sks" }
			}
		},
		{
			"__comment": "sks18",
			"from": [ 7, 5.5, 15.5 ],
			"to": [ 9, 6.5, 16 ],
			"faces": {
				"down": { "uv": [ 11.75, 9, 12, 9.25 ], "texture": "#sks", "rotation": 270 },
				"up": { "uv": [ 11.75, 9, 12, 8.75 ], "texture": "#sks", "rotation": 90 },
				"north": { "uv": [ 11.75, 8.75, 12, 9.25 ], "texture": "#sks" },
				"south": { "uv": [ 12, 8.75, 11.75, 9.25 ], "texture": "#sks" },
				"west": { "uv": [ 11.75, 8.75, 12, 9.25 ], "texture": "#sks" },
				"east": { "uv": [ 12, 8.75, 11.75, 9.25 ], "texture": "#sks" }
			}
		},
		{
			"__comment": "sks19",
			"from": [ 7, 4.5, 16 ],
			"to": [ 9, 6.5, 16.5 ],
			"faces": {
				"down": { "uv": [ 12, 9.5, 12.25, 9.75 ], "texture": "#sks", "rotation": 270 },
				"up": { "uv": [ 12, 9, 12.25, 8.75 ], "texture": "#sks", "rotation": 90 },
				"north": { "uv": [ 12, 8.75, 12.25, 9.75 ], "texture": "#sks" },
				"south": { "uv": [ 12.25, 8.75, 12, 9.75 ], "texture": "#sks" },
				"west": { "uv": [ 12, 8.75, 12.25, 9.75 ], "texture": "#sks" },
				"east": { "uv": [ 12.25, 8.75, 12, 9.75 ], "texture": "#sks" }
			}
		},
		{
			"__comment": "sks5",
			"from": [ 7, 4, 16.5 ],
			"to": [ 9, 6.5, 17 ],
			"faces": {
				"down": { "uv": [ 12.25, 9.75, 12.5, 10 ], "texture": "#sks", "rotation": 270 },
				"up": { "uv": [ 12.25, 9, 12.5, 8.75 ], "texture": "#sks", "rotation": 90 },
				"north": { "uv": [ 12.25, 8.75, 12.5, 10 ], "texture": "#sks" },
				"south": { "uv": [ 12.5, 8.75, 12.25, 10 ], "texture": "#sks" },
				"west": { "uv": [ 12.25, 8.75, 12.5, 10 ], "texture": "#sks" },
				"east": { "uv": [ 12.5, 8.75, 12.25, 10 ], "texture": "#sks" }
			}
		},
		{
			"__comment": "sks6",
			"from": [ 7, 4, 17 ],
			"to": [ 9, 6, 17.5 ],
			"faces": {
				"down": { "uv": [ 12.5, 9.75, 12.75, 10 ], "texture": "#sks", "rotation": 270 },
				"up": { "uv": [ 12.5, 9.25, 12.75, 9 ], "texture": "#sks", "rotation": 90 },
				"north": { "uv": [ 12.5, 9, 12.75, 10 ], "texture": "#sks" },
				"south": { "uv": [ 12.75, 9, 12.5, 10 ], "texture": "#sks" },
				"west": { "uv": [ 12.5, 9, 12.75, 10 ], "texture": "#sks" },
				"east": { "uv": [ 12.75, 9, 12.5, 10 ], "texture": "#sks" }
			}
		},
		{
			"__comment": "sks20",
			"from": [ 7, 5, 18 ],
			"to": [ 9, 6.5, 19.5 ],
			"faces": {
				"down": { "uv": [ 13, 9.25, 13.75, 9.5 ], "texture": "#sks", "rotation": 270 },
				"up": { "uv": [ 13, 9, 13.75, 8.75 ], "texture": "#sks", "rotation": 90 },
				"north": { "uv": [ 13, 8.75, 13.25, 9.5 ], "texture": "#sks" },
				"south": { "uv": [ 13.75, 8.75, 13.5, 9.5 ], "texture": "#sks" },
				"west": { "uv": [ 13, 8.75, 13.75, 9.5 ], "texture": "#sks" },
				"east": { "uv": [ 13.75, 8.75, 13, 9.5 ], "texture": "#sks" }
			}
		},
		{
			"__comment": "sks21",
			"from": [ 7, 4.5, 19.5 ],
			"to": [ 9, 6.5, 21 ],
			"faces": {
				"down": { "uv": [ 13.75, 9.5, 14.5, 9.75 ], "texture": "#sks", "rotation": 270 },
				"up": { "uv": [ 13.75, 9, 14.5, 8.75 ], "texture": "#sks", "rotation": 90 },
				"north": { "uv": [ 13.75, 8.75, 14, 9.75 ], "texture": "#sks" },
				"south": { "uv": [ 14.5, 8.75, 14.25, 9.75 ], "texture": "#sks" },
				"west": { "uv": [ 13.75, 8.75, 14.5, 9.75 ], "texture": "#sks" },
				"east": { "uv": [ 14.5, 8.75, 13.75, 9.75 ], "texture": "#sks" }
			}
		},
		{
			"__comment": "sks7",
			"from": [ 7, 4, 21 ],
			"to": [ 9, 6.5, 22.5 ],
			"faces": {
				"down": { "uv": [ 14.5, 9.75, 15.25, 10 ], "texture": "#sks", "rotation": 270 },
				"up": { "uv": [ 14.5, 9, 15.25, 8.75 ], "texture": "#sks", "rotation": 90 },
				"north": { "uv": [ 14.5, 8.75, 14.75, 10 ], "texture": "#sks" },
				"south": { "uv": [ 15.25, 8.75, 15, 10 ], "texture": "#sks" },
				"west": { "uv": [ 14.5, 8.75, 15.25, 10 ], "texture": "#sks" },
				"east": { "uv": [ 15.25, 8.75, 14.5, 10 ], "texture": "#sks" }
			}
		},
		{
			"__comment": "sks8",
			"from": [ 7, 3.5, 22.5 ],
			"to": [ 9, 6.5, 24 ],
			"faces": {
				"down": { "uv": [ 15.25, 10, 16, 10.25 ], "texture": "#sks", "rotation": 270 },
				"up": { "uv": [ 15.25, 9, 16, 8.75 ], "texture": "#sks", "rotation": 90 },
				"north": { "uv": [ 15.25, 8.75, 15.5, 10.25 ], "texture": "#sks" },
				"south": { "uv": [ 16, 8.75, 15.75, 10.25 ], "texture": "#sks" },
				"west": { "uv": [ 15.25, 8.75, 16, 10.25 ], "texture": "#sks" },
				"east": { "uv": [ 16, 8.75, 15.25, 10.25 ], "texture": "#sks" }
			}
		},
		{
			"__comment": "sks22",
			"from": [ 7.5, 5, 11 ],
			"to": [ 8.5, 6, 11.5 ],
			"faces": {
				"down": { "uv": [ 9.5, 9.25, 9.75, 9.5 ], "texture": "#sks", "rotation": 270 },
				"up": { "uv": [ 9.5, 9.25, 9.75, 9 ], "texture": "#sks", "rotation": 90 },
				"north": { "uv": [ 9.5, 9, 9.75, 9.5 ], "texture": "#sks" },
				"south": { "uv": [ 9.75, 9, 9.5, 9.5 ], "texture": "#sks" },
				"west": { "uv": [ 9.5, 9, 9.75, 9.5 ], "texture": "#sks" },
				"east": { "uv": [ 9.75, 9, 9.5, 9.5 ], "texture": "#sks" }
			}
		},
		{
			"__comment": "sks23",
			"from": [ 7.5, 5, 13.5 ],
			"to": [ 8.5, 6, 14 ],
			"faces": {
				"down": { "uv": [ 10.75, 9.25, 11, 9.5 ], "texture": "#sks", "rotation": 270 },
				"up": { "uv": [ 10.75, 9.25, 11, 9 ], "texture": "#sks", "rotation": 90 },
				"north": { "uv": [ 10.75, 9, 11, 9.5 ], "texture": "#sks" },
				"south": { "uv": [ 11, 9, 10.75, 9.5 ], "texture": "#sks" },
				"west": { "uv": [ 10.75, 9, 11, 9.5 ], "texture": "#sks" },
				"east": { "uv": [ 11, 9, 10.75, 9.5 ], "texture": "#sks" }
			}
		},
		{
			"__comment": "sks24",
			"from": [ 7.5, 4.5, 11.5 ],
			"to": [ 8.5, 5, 13.5 ],
			"faces": {
				"down": { "uv": [ 9.75, 9.5, 10.75, 9.75 ], "texture": "#sks", "rotation": 270 },
				"up": { "uv": [ 9.75, 9.75, 10.75, 9.5 ], "texture": "#sks", "rotation": 90 },
				"north": { "uv": [ 9.75, 9.5, 10, 9.75 ], "texture": "#sks" },
				"south": { "uv": [ 10.75, 9.5, 10.5, 9.75 ], "texture": "#sks" },
				"west": { "uv": [ 9.75, 9.5, 10.75, 9.75 ], "texture": "#sks" },
				"east": { "uv": [ 10.75, 9.5, 9.75, 9.75 ], "texture": "#sks" }
			}
		},
		{
			"__comment": "sks25",
			"from": [ 7.5, 5, 12.5 ],
			"to": [ 8.5, 6, 13 ],
			"faces": {
				"down": { "uv": [ 10.25, 9.25, 10.5, 9.5 ], "texture": "#sks", "rotation": 270 },
				"up": { "uv": [ 10.25, 9.25, 10.5, 9 ], "texture": "#sks", "rotation": 90 },
				"north": { "uv": [ 10.25, 9, 10.5, 9.5 ], "texture": "#sks" },
				"south": { "uv": [ 10.5, 9, 10.25, 9.5 ], "texture": "#sks" },
				"west": { "uv": [ 10.25, 9, 10.5, 9.5 ], "texture": "#sks" },
				"east": { "uv": [ 10.5, 9, 10.25, 9.5 ], "texture": "#sks" }
			}
		},
		{
			"__comment": "sks42",
			"from": [ 7.5, 7.5, -8 ],
			"to": [ 8.5, 8.5, 2 ],
			"faces": {
				"down": { "uv": [ 0, 8, 5, 8.25 ], "texture": "#sks", "rotation": 270 },
				"up": { "uv": [ 0, 8, 5, 7.75 ], "texture": "#sks", "rotation": 90 },
				"north": { "uv": [ 0, 7.75, 0.25, 8.25 ], "texture": "#sks" },
				"south": { "uv": [ 5, 7.75, 4.75, 8.25 ], "texture": "#sks" },
				"west": { "uv": [ 0, 7.75, 5, 8.25 ], "texture": "#sks" },
				"east": { "uv": [ 5, 7.75, 0, 8.25 ], "texture": "#sks" }
			}
		},
		{
			"__comment": "sks43",
			"from": [ 7.5, 8.5, -7.5 ],
			"to": [ 8.5, 9, -6.5 ],
			"faces": {
				"down": { "uv": [ 0.25, 7.5, 0.75, 7.75 ], "texture": "#sks", "rotation": 270 },
				"up": { "uv": [ 0.25, 7.75, 0.75, 7.5 ], "texture": "#sks", "rotation": 90 },
				"north": { "uv": [ 0.25, 7.5, 0.5, 7.75 ], "texture": "#sks" },
				"south": { "uv": [ 0.75, 7.5, 0.5, 7.75 ], "texture": "#sks" },
				"west": { "uv": [ 0.25, 7.5, 0.75, 7.75 ], "texture": "#sks" },
				"east": { "uv": [ 0.75, 7.5, 0.25, 7.75 ], "texture": "#sks" }
			}
		},
		{
			"__comment": "sks33",
			"from": [ 7.5, 9, 2.5 ],
			"to": [ 8.5, 9.5, 9.5 ],
			"faces": {
				"down": { "uv": [ 5.25, 7.25, 8.75, 7.5 ], "texture": "#sks", "rotation": 270 },
				"up": { "uv": [ 5.25, 7.5, 8.75, 7.25 ], "texture": "#sks", "rotation": 90 },
				"north": { "uv": [ 5.25, 7.25, 5.5, 7.5 ], "texture": "#sks" },
				"south": { "uv": [ 8.75, 7.25, 8.5, 7.5 ], "texture": "#sks" },
				"west": { "uv": [ 5.25, 7.25, 8.75, 7.5 ], "texture": "#sks" },
				"east": { "uv": [ 8.75, 7.25, 5.25, 7.5 ], "texture": "#sks" }
			}
		},
		{
			"__comment": "sks34",
			"from": [ 7.5, 6.5, 2.5 ],
			"to": [ 8.5, 7, 8 ],
			"faces": {
				"down": { "uv": [ 5.25, 8.5, 8, 8.75 ], "texture": "#sks", "rotation": 270 },
				"up": { "uv": [ 5.25, 8.75, 8, 8.5 ], "texture": "#sks", "rotation": 90 },
				"north": { "uv": [ 5.25, 8.5, 5.5, 8.75 ], "texture": "#sks" },
				"south": { "uv": [ 8, 8.5, 7.75, 8.75 ], "texture": "#sks" },
				"west": { "uv": [ 5.25, 8.5, 8, 8.75 ], "texture": "#sks" },
				"east": { "uv": [ 8, 8.5, 5.25, 8.75 ], "texture": "#sks" }
			}
		},
		{
			"__comment": "sks27",
			"from": [ 7.5, 6, 17 ],
			"to": [ 8.5, 6.5, 18 ],
			"faces": {
				"down": { "uv": [ 12.5, 8.75, 13, 9 ], "texture": "#sks", "rotation": 270 },
				"up": { "uv": [ 12.5, 9, 13, 8.75 ], "texture": "#sks", "rotation": 90 },
				"north": { "uv": [ 12.5, 8.75, 12.75, 9 ], "texture": "#sks" },
				"south": { "uv": [ 13, 8.75, 12.75, 9 ], "texture": "#sks" },
				"west": { "uv": [ 12.5, 8.75, 13, 9 ], "texture": "#sks" },
				"east": { "uv": [ 13, 8.75, 12.5, 9 ], "texture": "#sks" }
			}
		},
		{
			"__comment": "sks9",
			"from": [ 7.5, 4, 17.5 ],
			"to": [ 8.5, 4.5, 18 ],
			"faces": {
				"down": { "uv": [ 12.75, 9.75, 13, 10 ], "texture": "#sks", "rotation": 270 },
				"up": { "uv": [ 12.75, 10, 13, 9.75 ], "texture": "#sks", "rotation": 90 },
				"north": { "uv": [ 12.75, 9.75, 13, 10 ], "texture": "#sks" },
				"south": { "uv": [ 13, 9.75, 12.75, 10 ], "texture": "#sks" },
				"west": { "uv": [ 12.75, 9.75, 13, 10 ], "texture": "#sks" },
				"east": { "uv": [ 13, 9.75, 12.75, 10 ], "texture": "#sks" }
			}
		},
		{
			"__comment": "sks28",
			"from": [ 7, 4.5, 17.5 ],
			"to": [ 9, 6, 18 ],
			"faces": {
				"down": { "uv": [ 12.75, 9.5, 13, 9.75 ], "texture": "#sks", "rotation": 270 },
				"up": { "uv": [ 12.75, 9.25, 13, 9 ], "texture": "#sks", "rotation": 90 },
				"north": { "uv": [ 12.75, 9, 13, 9.75 ], "texture": "#sks" },
				"south": { "uv": [ 13, 9, 12.75, 9.75 ], "texture": "#sks" },
				"west": { "uv": [ 12.75, 9, 13, 9.75 ], "texture": "#sks" },
				"east": { "uv": [ 13, 9, 12.75, 9.75 ], "texture": "#sks" }
			}
		},
		{
			"__comment": "sks35",
			"from": [ 7.5, 8, 8 ],
			"to": [ 8.5, 9, 14.5 ],
			"faces": {
				"down": { "uv": [ 8, 7.75, 11.25, 8 ], "texture": "#sks", "rotation": 270 },
				"up": { "uv": [ 8, 7.75, 11.25, 7.5 ], "texture": "#sks", "rotation": 90 },
				"north": { "uv": [ 8, 7.5, 8.25, 8 ], "texture": "#sks" },
				"south": { "uv": [ 11.25, 7.5, 11, 8 ], "texture": "#sks" },
				"west": { "uv": [ 8, 7.5, 11.25, 8 ], "texture": "#sks" },
				"east": { "uv": [ 11.25, 7.5, 8, 8 ], "texture": "#sks" }
			}
		},
		{
			"__comment": "sks36",
			"from": [ 7.5, 8, 2.5 ],
			"to": [ 8.5, 8.5, 8 ],
			"faces": {
				"down": { "uv": [ 5.25, 7.75, 8, 8 ], "texture": "#sks", "rotation": 270 },
				"up": { "uv": [ 5.25, 8, 8, 7.75 ], "texture": "#sks", "rotation": 90 },
				"north": { "uv": [ 5.25, 7.75, 5.5, 8 ], "texture": "#sks" },
				"south": { "uv": [ 8, 7.75, 7.75, 8 ], "texture": "#sks" },
				"west": { "uv": [ 5.25, 7.75, 8, 8 ], "texture": "#sks" },
				"east": { "uv": [ 8, 7.75, 5.25, 8 ], "texture": "#sks" }
			}
		},
		{
			"__comment": "sks37",
			"from": [ 7.5, 7, 2 ],
			"to": [ 8.5, 9.5, 2.5 ],
			"faces": {
				"down": { "uv": [ 5, 8.25, 5.25, 8.5 ], "texture": "#sks", "rotation": 270 },
				"up": { "uv": [ 5, 7.5, 5.25, 7.25 ], "texture": "#sks", "rotation": 90 },
				"north": { "uv": [ 5, 7.25, 5.25, 8.5 ], "texture": "#sks" },
				"south": { "uv": [ 5.25, 7.25, 5, 8.5 ], "texture": "#sks" },
				"west": { "uv": [ 5, 7.25, 5.25, 8.5 ], "texture": "#sks" },
				"east": { "uv": [ 5.25, 7.25, 5, 8.5 ], "texture": "#sks" }
			}
		},
		{
			"__comment": "sks38",
			"from": [ 7, 8.5, 2.5 ],
			"to": [ 9, 9, 8 ],
			"faces": {
				"down": { "uv": [ 5.25, 7.5, 8, 7.75 ], "texture": "#sks", "rotation": 270 },
				"up": { "uv": [ 5.25, 7.75, 8, 7.5 ], "texture": "#sks", "rotation": 90 },
				"north": { "uv": [ 5.25, 7.5, 5.5, 7.75 ], "texture": "#sks" },
				"south": { "uv": [ 8, 7.5, 7.75, 7.75 ], "texture": "#sks" },
				"west": { "uv": [ 5.25, 7.5, 8, 7.75 ], "texture": "#sks" },
				"east": { "uv": [ 8, 7.5, 5.25, 7.75 ], "texture": "#sks" }
			}
		},
		{
			"__comment": "sks39",
			"from": [ 7.5, 8.5, -1.5 ],
			"to": [ 8.5, 9.5, 2 ],
			"faces": {
				"down": { "uv": [ 3.25, 7.5, 5, 7.75 ], "texture": "#sks", "rotation": 270 },
				"up": { "uv": [ 3.25, 7.5, 5, 7.25 ], "texture": "#sks", "rotation": 90 },
				"north": { "uv": [ 3.25, 7.25, 3.5, 7.75 ], "texture": "#sks" },
				"south": { "uv": [ 5, 7.25, 4.75, 7.75 ], "texture": "#sks" },
				"west": { "uv": [ 3.25, 7.25, 5, 7.75 ], "texture": "#sks" },
				"east": { "uv": [ 5, 7.25, 3.25, 7.75 ], "texture": "#sks" }
			}
		},
		{
			"__comment": "sks40",
			"from": [ 7.5, 8.5, -4.5 ],
			"to": [ 8.5, 9.5, -4 ],
			"faces": {
				"down": { "uv": [ 1.75, 7.5, 2, 7.75 ], "texture": "#sks", "rotation": 270 },
				"up": { "uv": [ 1.75, 7.5, 2, 7.25 ], "texture": "#sks", "rotation": 90 },
				"north": { "uv": [ 1.75, 7.25, 2, 7.75 ], "texture": "#sks" },
				"south": { "uv": [ 2, 7.25, 1.75, 7.75 ], "texture": "#sks" },
				"west": { "uv": [ 1.75, 7.25, 2, 7.75 ], "texture": "#sks" },
				"east": { "uv": [ 2, 7.25, 1.75, 7.75 ], "texture": "#sks" }
			}
		},
		{
			"__comment": "sks41",
			"from": [ 7.5, 6.5, -4.5 ],
			"to": [ 8.5, 7.5, -3.5 ],
			"faces": {
				"down": { "uv": [ 1.75, 8.5, 2.25, 8.75 ], "texture": "#sks", "rotation": 270 },
				"up": { "uv": [ 1.75, 8.5, 2.25, 8.25 ], "texture": "#sks", "rotation": 90 },
				"north": { "uv": [ 1.75, 8.25, 2, 8.75 ], "texture": "#sks" },
				"south": { "uv": [ 2.25, 8.25, 2, 8.75 ], "texture": "#sks" },
				"west": { "uv": [ 1.75, 8.25, 2.25, 8.75 ], "texture": "#sks" },
				"east": { "uv": [ 2.25, 8.25, 1.75, 8.75 ], "texture": "#sks" }
			}
		}
	],
	"display": {
		"thirdperson_righthand": {
			"translation":  [ 0, 1.5, -2.625 ],
			"scale":  [ 0.75, 0.75, 0.75 ]
		},
		"thirdperson_lefthand": {
			"translation":  [ -1.25, -4.375, 8 ],
			"scale":  [ 0.75, 0.75, 0.75 ]
		},
		"firstperson_righthand": {
			"rotation":  [ 30, 0, -30 ],
			"translation":  [ -6, 4.5, -3 ]
		},
		"firstperson_lefthand": {
			"scale":  [ 0.0001, 0.0001, 0.0001 ]
		},
		"gui": {
			"rotation":  [ 30, 135, 0 ],
			"scale":  [ 0.5, 0.5, 0.5 ]
		},
		"head": {
			"scale":  [ 0.0001, 0.0001, 0.0001 ]
		},
		"ground": {
			"rotation":  [ 0, 0, 90 ],
			"scale":  [ 0.75, 0.75, 0.75 ]
		},
		"fixed": {
			"rotation":  [ 0, -90, 0 ],
			"scale":  [ 1.5, 1.5, 1.5 ]
		}
	}
}