{
	"__comment": "Designed by Optimus0812 with BDcraft Cubik PRO 0.96 Beta - http://bdcraft.net",
	"textures": {
		"steyr_aug_automatic_rifle": "dayz/weapon/gun/rifle/steyr_aug_automatic_rifle",
		"attachments": "dayz/weapon/gun/attachment/attachments"
	},
	"elements": [ 	 
		{
			"__comment": "suppressor1",
			"from": [ 7.5, 10, -16 ],
			"to": [ 8.5, 10.5, -8 ],
			"faces": {
				"down": { "uv": [ 2, 14.5, 10, 15.5 ], "texture": "#attachments", "rotation": 270 },
				"up": { "uv": [ 2, 15.5, 10, 14.5 ], "texture": "#attachments", "rotation": 90 },
				"north": { "uv": [ 2, 15.5, 2.5, 16 ], "texture": "#attachments" },
				"south": { "uv": [ 10, 15.5, 9.5, 16 ], "texture": "#attachments" },
				"west": { "uv": [ 2, 15.5, 10, 16 ], "texture": "#attachments" },
				"east": { "uv": [ 10, 15.5, 2, 16 ], "texture": "#attachments" }
			}
		},
		{
			"__comment": "suppressor",
			"from": [ 7.5, 11.5, -16 ],
			"to": [ 8.5, 12, -8 ],
			"faces": {
				"down": { "uv": [ 2, 14.5, 10, 15.5 ], "texture": "#attachments", "rotation": 270 },
				"up": { "uv": [ 2, 15.5, 10, 14.5 ], "texture": "#attachments", "rotation": 90 },
				"north": { "uv": [ 2, 14, 2.5, 14.5 ], "texture": "#attachments" },
				"south": { "uv": [ 10, 14, 9.5, 14.5 ], "texture": "#attachments" },
				"west": { "uv": [ 2, 14, 10, 14.5 ], "texture": "#attachments" },
				"east": { "uv": [ 10, 14, 2, 14.5 ], "texture": "#attachments" }
			}
		},
		{
			"__comment": "suppressor2",
			"from": [ 7, 10.5, -16 ],
			"to": [ 7.5, 11.5, -8 ],
			"faces": {
				"down": { "uv": [ 2, 15, 10, 15.5 ], "texture": "#attachments", "rotation": 270 },
				"up": { "uv": [ 2, 15, 10, 14.5 ], "texture": "#attachments", "rotation": 90 },
				"north": { "uv": [ 2, 14.5, 2.5, 15.5 ], "texture": "#attachments" },
				"south": { "uv": [ 10, 14.5, 9.5, 15.5 ], "texture": "#attachments" },
				"west": { "uv": [ 2, 14.5, 10, 15.5 ], "texture": "#attachments" },
				"east": { "uv": [ 10, 14.5, 2, 15.5 ], "texture": "#attachments" }
			}
		},
		{
			"__comment": "suppressor3",
			"from": [ 8.5, 10.5, -16 ],
			"to": [ 9, 11.5, -8 ],
			"faces": {
				"down": { "uv": [ 2, 15, 10, 15.5 ], "texture": "#attachments", "rotation": 270 },
				"up": { "uv": [ 2, 15, 10, 14.5 ], "texture": "#attachments", "rotation": 90 },
				"north": { "uv": [ 2, 14.5, 2.5, 15.5 ], "texture": "#attachments" },
				"south": { "uv": [ 10, 14.5, 9.5, 15.5 ], "texture": "#attachments" },
				"west": { "uv": [ 2, 14.5, 10, 15.5 ], "texture": "#attachments" },
				"east": { "uv": [ 10, 14.5, 2, 15.5 ], "texture": "#attachments" }
			}
		},
		{
			"__comment": "suppressor4",
			"from": [ 7.5, 10.5, -15.5 ],
			"to": [ 8.5, 11.5, -15 ],
			"faces": {
				"down": { "uv": [ 1.5, 15, 0.5, 15.5 ], "texture": "#attachments" },
				"up": { "uv": [ 1.5, 15, 0.5, 14.5 ], "texture": "#attachments" },
				"north": { "uv": [ 0.5, 14.5, 1.5, 15.5 ], "texture": "#attachments" },
				"south": { "uv": [ 1.5, 14.5, 0.5, 15.5 ], "texture": "#attachments" },
				"west": { "uv": [ 1.5, 14.5, 2, 15.5 ], "texture": "#attachments" },
				"east": { "uv": [ 0.5, 14.5, 0, 15.5 ], "texture": "#attachments" }
			}
		},
		{
			"__comment": "suppressor5",
			"from": [ 7.5, 10.5, -9 ],
			"to": [ 8.5, 11.5, -8.5 ],
			"faces": {
				"down": { "uv": [ 1.5, 15, 0.5, 15.5 ], "texture": "#attachments" },
				"up": { "uv": [ 1.5, 15, 0.5, 14.5 ], "texture": "#attachments" },
				"north": { "uv": [ 0.5, 14.5, 1.5, 15.5 ], "texture": "#attachments" },
				"south": { "uv": [ 1.5, 14.5, 0.5, 15.5 ], "texture": "#attachments" },
				"west": { "uv": [ 1.5, 14.5, 2, 15.5 ], "texture": "#attachments" },
				"east": { "uv": [ 0.5, 14.5, 0, 15.5 ], "texture": "#attachments" }
			}
		},
		{
			"__comment": "steyr_aug_automatic_rifle",
			"from": [ 7.5, 10.5, -8 ],
			"to": [ 8.5, 11.5, -2.5 ],
			"faces": {
				"down": { "uv": [ 0, 6.75, 2.75, 7 ], "texture": "#steyr_aug_automatic_rifle", "rotation": 270 },
				"up": { "uv": [ 0, 6.75, 2.75, 6.5 ], "texture": "#steyr_aug_automatic_rifle", "rotation": 90 },
				"north": { "uv": [ 0, 6.5, 0.25, 7 ], "texture": "#steyr_aug_automatic_rifle" },
				"west": { "uv": [ 0, 6.5, 2.75, 7 ], "texture": "#steyr_aug_automatic_rifle" },
				"east": { "uv": [ 2.75, 6.5, 0, 7 ], "texture": "#steyr_aug_automatic_rifle" }
			}
		},
		{
			"__comment": "steyr_aug_automatic_rifle1",
			"from": [ 7, 10.5, -2.5 ],
			"to": [ 9, 11.5, -0.5 ],
			"faces": {
				"down": { "uv": [ 2.75, 6.75, 3.75, 7 ], "texture": "#steyr_aug_automatic_rifle", "rotation": 270 },
				"up": { "uv": [ 2.75, 6.75, 3.75, 6.5 ], "texture": "#steyr_aug_automatic_rifle", "rotation": 90 },
				"north": { "uv": [ 2.75, 6.5, 3, 7 ], "texture": "#steyr_aug_automatic_rifle" },
				"west": { "uv": [ 2.75, 6.5, 3.75, 7 ], "texture": "#steyr_aug_automatic_rifle" },
				"east": { "uv": [ 3.75, 6.5, 2.75, 7 ], "texture": "#steyr_aug_automatic_rifle" }
			}
		},
		{
			"__comment": "steyr_aug_automatic_rifle2",
			"from": [ 7.5, 11.5, -2.5 ],
			"to": [ 8.5, 12, -0.5 ],
			"faces": {
				"up": { "uv": [ 2.75, 6.5, 3.75, 6.25 ], "texture": "#steyr_aug_automatic_rifle", "rotation": 90 },
				"north": { "uv": [ 2.75, 6.25, 3, 6.5 ], "texture": "#steyr_aug_automatic_rifle" },
				"west": { "uv": [ 2.75, 6.25, 3.75, 6.5 ], "texture": "#steyr_aug_automatic_rifle" },
				"east": { "uv": [ 3.75, 6.25, 2.75, 6.5 ], "texture": "#steyr_aug_automatic_rifle" }
			}
		},
		{
			"__comment": "steyr_aug_automatic_rifle3",
			"from": [ 7.5, 10, -2.5 ],
			"to": [ 8.5, 10.5, -0.5 ],
			"faces": {
				"down": { "uv": [ 2.75, 7, 3.75, 7.25 ], "texture": "#steyr_aug_automatic_rifle", "rotation": 270 },
				"north": { "uv": [ 2.75, 7, 3, 7.25 ], "texture": "#steyr_aug_automatic_rifle" },
				"west": { "uv": [ 2.75, 7, 3.75, 7.25 ], "texture": "#steyr_aug_automatic_rifle" },
				"east": { "uv": [ 3.75, 7, 2.75, 7.25 ], "texture": "#steyr_aug_automatic_rifle" }
			}
		},
		{
			"__comment": "steyr_aug_automatic_rifle4",
			"from": [ 7.5, 11.5, -0.5 ],
			"to": [ 8.5, 12, 8 ],
			"faces": {
				"up": { "uv": [ 3.75, 6.5, 8, 6.25 ], "texture": "#steyr_aug_automatic_rifle", "rotation": 90 },
				"west": { "uv": [ 3.75, 6.25, 8, 6.5 ], "texture": "#steyr_aug_automatic_rifle" },
				"east": { "uv": [ 8, 6.25, 3.75, 6.5 ], "texture": "#steyr_aug_automatic_rifle" }
			}
		},
		{
			"__comment": "steyr_aug_automatic_rifle5",
			"from": [ 7, 10.5, -0.5 ],
			"to": [ 9, 11.5, 8 ],
			"faces": {
				"up": { "uv": [ 3.75, 6.75, 8, 6.5 ], "texture": "#steyr_aug_automatic_rifle", "rotation": 90 },
				"west": { "uv": [ 3.75, 6.5, 8, 7 ], "texture": "#steyr_aug_automatic_rifle" },
				"east": { "uv": [ 8, 6.5, 3.75, 7 ], "texture": "#steyr_aug_automatic_rifle" }
			}
		},
		{
			"__comment": "steyr_aug_automatic_rifle6",
			"from": [ 7, 9.5, -0.5 ],
			"to": [ 9, 10, 1 ],
			"faces": {
				"down": { "uv": [ 3.75, 7.25, 4.5, 7.5 ], "texture": "#steyr_aug_automatic_rifle", "rotation": 270 },
				"north": { "uv": [ 3.75, 7.25, 4, 7.5 ], "texture": "#steyr_aug_automatic_rifle" },
				"west": { "uv": [ 3.75, 7.25, 4.5, 7.5 ], "texture": "#steyr_aug_automatic_rifle" },
				"east": { "uv": [ 4.5, 7.25, 3.75, 7.5 ], "texture": "#steyr_aug_automatic_rifle" }
			}
		},
		{
			"__comment": "steyr_aug_automatic_rifle7",
			"from": [ 7.5, 8.5, -0.5 ],
			"to": [ 8.5, 9.5, 0.5 ],
			"faces": {
				"north": { "uv": [ 3.75, 7.5, 4, 8 ], "texture": "#steyr_aug_automatic_rifle" },
				"south": { "uv": [ 4.25, 7.5, 4, 8 ], "texture": "#steyr_aug_automatic_rifle" },
				"west": { "uv": [ 3.75, 7.5, 4.25, 8 ], "texture": "#steyr_aug_automatic_rifle" },
				"east": { "uv": [ 4.25, 7.5, 3.75, 8 ], "texture": "#steyr_aug_automatic_rifle" }
			}
		},
		{
			"__comment": "steyr_aug_automatic_rifle8",
			"from": [ 7, 2.5, -0.5 ],
			"to": [ 9, 8.5, 0.5 ],
			"faces": {
				"down": { "uv": [ 3.75, 10.75, 4.25, 11 ], "texture": "#steyr_aug_automatic_rifle", "rotation": 270 },
				"up": { "uv": [ 3.75, 8.25, 4.25, 8 ], "texture": "#steyr_aug_automatic_rifle", "rotation": 90 },
				"north": { "uv": [ 3.75, 8, 4, 11 ], "texture": "#steyr_aug_automatic_rifle" },
				"south": { "uv": [ 4.25, 8, 4, 11 ], "texture": "#steyr_aug_automatic_rifle" },
				"west": { "uv": [ 3.75, 8, 4.25, 11 ], "texture": "#steyr_aug_automatic_rifle" },
				"east": { "uv": [ 4.25, 8, 3.75, 11 ], "texture": "#steyr_aug_automatic_rifle" }
			}
		},
		{
			"__comment": "steyr_aug_automatic_rifle9",
			"from": [ 7.5, 2.5, 0.5 ],
			"to": [ 8.5, 8.5, 1 ],
			"faces": {
				"down": { "uv": [ 4.25, 10.75, 4.5, 11 ], "texture": "#steyr_aug_automatic_rifle", "rotation": 270 },
				"up": { "uv": [ 4.25, 8.25, 4.5, 8 ], "texture": "#steyr_aug_automatic_rifle", "rotation": 90 },
				"south": { "uv": [ 4.5, 8, 4.25, 11 ], "texture": "#steyr_aug_automatic_rifle" },
				"west": { "uv": [ 4.25, 8, 4.5, 11 ], "texture": "#steyr_aug_automatic_rifle" },
				"east": { "uv": [ 4.5, 8, 4.25, 11 ], "texture": "#steyr_aug_automatic_rifle" }
			}
		},
		{
			"__comment": "steyr_aug_automatic_rifle10",
			"from": [ 7.5, 2.5, -1 ],
			"to": [ 8.5, 8.5, -0.5 ],
			"faces": {
				"down": { "uv": [ 3.5, 10.75, 3.75, 11 ], "texture": "#steyr_aug_automatic_rifle", "rotation": 270 },
				"up": { "uv": [ 3.5, 8.25, 3.75, 8 ], "texture": "#steyr_aug_automatic_rifle", "rotation": 90 },
				"north": { "uv": [ 3.5, 8, 3.75, 11 ], "texture": "#steyr_aug_automatic_rifle" },
				"west": { "uv": [ 3.5, 8, 3.75, 11 ], "texture": "#steyr_aug_automatic_rifle" },
				"east": { "uv": [ 3.75, 8, 3.5, 11 ], "texture": "#steyr_aug_automatic_rifle" }
			}
		},
		{
			"__comment": "steyr_aug_automatic_rifle11",
			"from": [ 6.5, 10, -0.5 ],
			"to": [ 9.5, 10.5, 8 ],
			"faces": {
				"down": { "uv": [ 3.75, 7, 8, 7.25 ], "texture": "#steyr_aug_automatic_rifle", "rotation": 270 },
				"up": { "uv": [ 3.75, 7.25, 8, 7 ], "texture": "#steyr_aug_automatic_rifle", "rotation": 90 },
				"north": { "uv": [ 3.75, 7, 4, 7.25 ], "texture": "#steyr_aug_automatic_rifle" },
				"west": { "uv": [ 3.75, 7, 8, 7.25 ], "texture": "#steyr_aug_automatic_rifle" },
				"east": { "uv": [ 8, 7, 3.75, 7.25 ], "texture": "#steyr_aug_automatic_rifle" }
			}
		},
		{
			"__comment": "steyr_aug_automatic_rifle12",
			"from": [ 6.5, 9.5, 2 ],
			"to": [ 9.5, 10, 8 ],
			"faces": {
				"down": { "uv": [ 5, 7.25, 8, 7.5 ], "texture": "#steyr_aug_automatic_rifle", "rotation": 270 },
				"west": { "uv": [ 5, 7.25, 8, 7.5 ], "texture": "#steyr_aug_automatic_rifle" },
				"east": { "uv": [ 8, 7.25, 5, 7.5 ], "texture": "#steyr_aug_automatic_rifle" }
			}
		},
		{
			"__comment": "steyr_aug_automatic_rifle13",
			"from": [ 6.5, 9.5, 1 ],
			"to": [ 9.5, 10, 2 ],
			"faces": {
				"down": { "uv": [ 4.5, 7.25, 5, 7.5 ], "texture": "#steyr_aug_automatic_rifle", "rotation": 270 },
				"north": { "uv": [ 4.5, 7.25, 4.75, 7.5 ], "texture": "#steyr_aug_automatic_rifle" },
				"west": { "uv": [ 4.5, 7.25, 5, 7.5 ], "texture": "#steyr_aug_automatic_rifle" },
				"east": { "uv": [ 5, 7.25, 4.5, 7.5 ], "texture": "#steyr_aug_automatic_rifle" }
			}
		},
		{
			"__comment": "steyr_aug_automatic_rifle14",
			"from": [ 7, 8.5, 3 ],
			"to": [ 9, 9, 8 ],
			"faces": {
				"down": { "uv": [ 5.5, 7.75, 8, 8 ], "texture": "#steyr_aug_automatic_rifle", "rotation": 270 },
				"north": { "uv": [ 5.5, 7.75, 5.75, 8 ], "texture": "#steyr_aug_automatic_rifle" },
				"west": { "uv": [ 5.5, 7.75, 8, 8 ], "texture": "#steyr_aug_automatic_rifle" },
				"east": { "uv": [ 8, 7.75, 5.5, 8 ], "texture": "#steyr_aug_automatic_rifle" }
			}
		},
		{
			"__comment": "steyr_aug_automatic_rifle15",
			"from": [ 7, 8, 3.5 ],
			"to": [ 9, 8.5, 6.5 ],
			"faces": {
				"down": { "uv": [ 5.75, 8, 7.25, 8.25 ], "texture": "#steyr_aug_automatic_rifle", "rotation": 270 },
				"north": { "uv": [ 5.75, 8, 6, 8.25 ], "texture": "#steyr_aug_automatic_rifle" },
				"south": { "uv": [ 7.25, 8, 7, 8.25 ], "texture": "#steyr_aug_automatic_rifle" },
				"west": { "uv": [ 5.75, 8, 7.25, 8.25 ], "texture": "#steyr_aug_automatic_rifle" },
				"east": { "uv": [ 7.25, 8, 5.75, 8.25 ], "texture": "#steyr_aug_automatic_rifle" }
			}
		},
		{
			"__comment": "steyr_aug_automatic_rifle16",
			"from": [ 7, 7.5, 4 ],
			"to": [ 9, 8, 6 ],
			"faces": {
				"down": { "uv": [ 6, 8.25, 7, 8.5 ], "texture": "#steyr_aug_automatic_rifle", "rotation": 270 },
				"north": { "uv": [ 6, 8.25, 6.25, 8.5 ], "texture": "#steyr_aug_automatic_rifle" },
				"south": { "uv": [ 7, 8.25, 6.75, 8.5 ], "texture": "#steyr_aug_automatic_rifle" },
				"west": { "uv": [ 6, 8.25, 7, 8.5 ], "texture": "#steyr_aug_automatic_rifle" },
				"east": { "uv": [ 7, 8.25, 6, 8.5 ], "texture": "#steyr_aug_automatic_rifle" }
			}
		},
		{
			"__comment": "steyr_aug_automatic_rifle17",
			"from": [ 7, 7, 4.5 ],
			"to": [ 9, 7.5, 6 ],
			"faces": {
				"down": { "uv": [ 6.25, 8.5, 7, 8.75 ], "texture": "#steyr_aug_automatic_rifle", "rotation": 270 },
				"north": { "uv": [ 6.25, 8.5, 6.5, 8.75 ], "texture": "#steyr_aug_automatic_rifle" },
				"south": { "uv": [ 7, 8.5, 6.75, 8.75 ], "texture": "#steyr_aug_automatic_rifle" },
				"west": { "uv": [ 6.25, 8.5, 7, 8.75 ], "texture": "#steyr_aug_automatic_rifle" },
				"east": { "uv": [ 7, 8.5, 6.25, 8.75 ], "texture": "#steyr_aug_automatic_rifle" }
			}
		},
		{
			"__comment": "steyr_aug_automatic_rifle18",
			"from": [ 7, 6.5, 5 ],
			"to": [ 9, 7, 6.5 ],
			"faces": {
				"down": { "uv": [ 6.5, 8.75, 7.25, 9 ], "texture": "#steyr_aug_automatic_rifle", "rotation": 270 },
				"up": { "uv": [ 6.5, 9, 7.25, 8.75 ], "texture": "#steyr_aug_automatic_rifle", "rotation": 90 },
				"north": { "uv": [ 6.5, 8.75, 6.75, 9 ], "texture": "#steyr_aug_automatic_rifle" },
				"south": { "uv": [ 7.25, 8.75, 7, 9 ], "texture": "#steyr_aug_automatic_rifle" },
				"west": { "uv": [ 6.5, 8.75, 7.25, 9 ], "texture": "#steyr_aug_automatic_rifle" },
				"east": { "uv": [ 7.25, 8.75, 6.5, 9 ], "texture": "#steyr_aug_automatic_rifle" }
			}
		},
		{
			"__comment": "steyr_aug_automatic_rifle19",
			"from": [ 7, 6, 5.5 ],
			"to": [ 9, 6.5, 7 ],
			"faces": {
				"down": { "uv": [ 6.75, 9, 7.5, 9.25 ], "texture": "#steyr_aug_automatic_rifle", "rotation": 270 },
				"up": { "uv": [ 6.75, 9.25, 7.5, 9 ], "texture": "#steyr_aug_automatic_rifle", "rotation": 90 },
				"north": { "uv": [ 6.75, 9, 7, 9.25 ], "texture": "#steyr_aug_automatic_rifle" },
				"south": { "uv": [ 7.5, 9, 7.25, 9.25 ], "texture": "#steyr_aug_automatic_rifle" },
				"west": { "uv": [ 6.75, 9, 7.5, 9.25 ], "texture": "#steyr_aug_automatic_rifle" },
				"east": { "uv": [ 7.5, 9, 6.75, 9.25 ], "texture": "#steyr_aug_automatic_rifle" }
			}
		},
		{
			"__comment": "steyr_aug_automatic_rifle20",
			"from": [ 7, 5.5, 6 ],
			"to": [ 9, 6, 7.5 ],
			"faces": {
				"down": { "uv": [ 7, 9.25, 7.75, 9.5 ], "texture": "#steyr_aug_automatic_rifle", "rotation": 270 },
				"up": { "uv": [ 7, 9.5, 7.75, 9.25 ], "texture": "#steyr_aug_automatic_rifle", "rotation": 90 },
				"north": { "uv": [ 7, 9.25, 7.25, 9.5 ], "texture": "#steyr_aug_automatic_rifle" },
				"south": { "uv": [ 7.75, 9.25, 7.5, 9.5 ], "texture": "#steyr_aug_automatic_rifle" },
				"west": { "uv": [ 7, 9.25, 7.75, 9.5 ], "texture": "#steyr_aug_automatic_rifle" },
				"east": { "uv": [ 7.75, 9.25, 7, 9.5 ], "texture": "#steyr_aug_automatic_rifle" }
			}
		},
		{
			"__comment": "steyr_aug_automatic_rifle21",
			"from": [ 7, 5, 6.5 ],
			"to": [ 9, 5.5, 8 ],
			"faces": {
				"down": { "uv": [ 7.25, 9.5, 8, 9.75 ], "texture": "#steyr_aug_automatic_rifle", "rotation": 270 },
				"up": { "uv": [ 7.25, 9.75, 8, 9.5 ], "texture": "#steyr_aug_automatic_rifle", "rotation": 90 },
				"north": { "uv": [ 7.25, 9.5, 7.5, 9.75 ], "texture": "#steyr_aug_automatic_rifle" },
				"south": { "uv": [ 8, 9.5, 7.75, 9.75 ], "texture": "#steyr_aug_automatic_rifle" },
				"west": { "uv": [ 7.25, 9.5, 8, 9.75 ], "texture": "#steyr_aug_automatic_rifle" },
				"east": { "uv": [ 8, 9.5, 7.25, 9.75 ], "texture": "#steyr_aug_automatic_rifle" }
			}
		},
		{
			"__comment": "steyr_aug_automatic_rifle22",
			"from": [ 7.5, 12, 1 ],
			"to": [ 8.5, 12.5, 2 ],
			"faces": {
				"up": { "uv": [ 4.5, 6.25, 5, 6 ], "texture": "#steyr_aug_automatic_rifle", "rotation": 90 },
				"north": { "uv": [ 4.5, 6, 4.75, 6.25 ], "texture": "#steyr_aug_automatic_rifle" },
				"south": { "uv": [ 5, 6, 4.75, 6.25 ], "texture": "#steyr_aug_automatic_rifle" },
				"west": { "uv": [ 4.5, 6, 5, 6.25 ], "texture": "#steyr_aug_automatic_rifle" },
				"east": { "uv": [ 5, 6, 4.5, 6.25 ], "texture": "#steyr_aug_automatic_rifle" }
			}
		},
		{
			"__comment": "steyr_aug_automatic_rifle23",
			"from": [ 7, 12.5, 1.5 ],
			"to": [ 8, 13, 2.5 ],
			"faces": {
				"down": { "uv": [ 4.75, 5.75, 5.25, 6 ], "texture": "#steyr_aug_automatic_rifle", "rotation": 270 },
				"up": { "uv": [ 4.75, 6, 5.25, 5.75 ], "texture": "#steyr_aug_automatic_rifle", "rotation": 90 },
				"north": { "uv": [ 4.75, 5.75, 5, 6 ], "texture": "#steyr_aug_automatic_rifle" },
				"south": { "uv": [ 5.25, 5.75, 5, 6 ], "texture": "#steyr_aug_automatic_rifle" },
				"west": { "uv": [ 4.75, 5.75, 5.25, 6 ], "texture": "#steyr_aug_automatic_rifle" },
				"east": { "uv": [ 5.25, 5.75, 4.75, 6 ], "texture": "#steyr_aug_automatic_rifle" }
			}
		},
		{
			"__comment": "steyr_aug_automatic_rifle24",
			"from": [ 6.5, 13, 2 ],
			"to": [ 7.5, 13.5, 3 ],
			"faces": {
				"down": { "uv": [ 5, 5.5, 5.5, 5.75 ], "texture": "#steyr_aug_automatic_rifle", "rotation": 270 },
				"up": { "uv": [ 5, 5.75, 5.5, 5.5 ], "texture": "#steyr_aug_automatic_rifle", "rotation": 90 },
				"north": { "uv": [ 5, 5.5, 5.25, 5.75 ], "texture": "#steyr_aug_automatic_rifle" },
				"south": { "uv": [ 5.5, 5.5, 5.25, 5.75 ], "texture": "#steyr_aug_automatic_rifle" },
				"west": { "uv": [ 5, 5.5, 5.5, 5.75 ], "texture": "#steyr_aug_automatic_rifle" },
				"east": { "uv": [ 5.5, 5.5, 5, 5.75 ], "texture": "#steyr_aug_automatic_rifle" }
			}
		},
		{
			"__comment": "steyr_aug_automatic_rifle25",
			"from": [ 6, 13.5, 2.5 ],
			"to": [ 7, 14, 3.5 ],
			"faces": {
				"down": { "uv": [ 5.25, 5.25, 5.75, 5.5 ], "texture": "#steyr_aug_automatic_rifle", "rotation": 270 },
				"up": { "uv": [ 5.25, 5.5, 5.75, 5.25 ], "texture": "#steyr_aug_automatic_rifle", "rotation": 90 },
				"north": { "uv": [ 5.25, 5.25, 5.5, 5.5 ], "texture": "#steyr_aug_automatic_rifle" },
				"south": { "uv": [ 5.75, 5.25, 5.5, 5.5 ], "texture": "#steyr_aug_automatic_rifle" },
				"west": { "uv": [ 5.25, 5.25, 5.75, 5.5 ], "texture": "#steyr_aug_automatic_rifle" },
				"east": { "uv": [ 5.75, 5.25, 5.25, 5.5 ], "texture": "#steyr_aug_automatic_rifle" }
			}
		},
		{
			"__comment": "steyr_aug_automatic_rifle26",
			"from": [ 5.5, 14, 2.5 ],
			"to": [ 6.5, 14.5, 8 ],
			"faces": {
				"down": { "uv": [ 5.25, 5, 8, 5.25 ], "texture": "#steyr_aug_automatic_rifle", "rotation": 270 },
				"up": { "uv": [ 5.25, 5.25, 8, 5 ], "texture": "#steyr_aug_automatic_rifle", "rotation": 90 },
				"north": { "uv": [ 5.25, 5, 5.5, 5.25 ], "texture": "#steyr_aug_automatic_rifle" },
				"west": { "uv": [ 5.25, 5, 8, 5.25 ], "texture": "#steyr_aug_automatic_rifle" },
				"east": { "uv": [ 8, 5, 5.25, 5.25 ], "texture": "#steyr_aug_automatic_rifle" }
			}
		},
		{
			"__comment": "steyr_aug_automatic_rifle27",
			"from": [ 7, 4.5, 7 ],
			"to": [ 9, 5, 8 ],
			"faces": {
				"down": { "uv": [ 7.5, 9.75, 8, 10 ], "texture": "#steyr_aug_automatic_rifle", "rotation": 270 },
				"north": { "uv": [ 7.5, 9.75, 7.75, 10 ], "texture": "#steyr_aug_automatic_rifle" },
				"west": { "uv": [ 7.5, 9.75, 8, 10 ], "texture": "#steyr_aug_automatic_rifle" },
				"east": { "uv": [ 8, 9.75, 7.5, 10 ], "texture": "#steyr_aug_automatic_rifle" }
			}
		},
		{
			"__comment": "steyr_aug_automatic_rifle28",
			"from": [ 7, 4, 7.5 ],
			"to": [ 9, 4.5, 8 ],
			"faces": {
				"down": { "uv": [ 7.75, 10, 8, 10.25 ], "texture": "#steyr_aug_automatic_rifle", "rotation": 270 },
				"north": { "uv": [ 7.75, 10, 8, 10.25 ], "texture": "#steyr_aug_automatic_rifle" },
				"west": { "uv": [ 7.75, 10, 8, 10.25 ], "texture": "#steyr_aug_automatic_rifle" },
				"east": { "uv": [ 8, 10, 7.75, 10.25 ], "texture": "#steyr_aug_automatic_rifle" }
			}
		},
		{
			"__comment": "steyr_aug_automatic_rifle29",
			"from": [ 5, 14.5, 2.5 ],
			"to": [ 5.5, 15.5, 8 ],
			"faces": {
				"down": { "uv": [ 5.25, 4.75, 8, 5 ], "texture": "#steyr_aug_automatic_rifle", "rotation": 270 },
				"up": { "uv": [ 5.25, 4.75, 8, 4.5 ], "texture": "#steyr_aug_automatic_rifle", "rotation": 90 },
				"north": { "uv": [ 5.25, 4.5, 5.5, 5 ], "texture": "#steyr_aug_automatic_rifle" },
				"west": { "uv": [ 5.25, 4.5, 8, 5 ], "texture": "#steyr_aug_automatic_rifle" },
				"east": { "uv": [ 8, 4.5, 5.25, 5 ], "texture": "#steyr_aug_automatic_rifle" }
			}
		},
		{
			"__comment": "steyr_aug_automatic_rifle30",
			"from": [ 6.5, 14.5, 2.5 ],
			"to": [ 7, 15.5, 8 ],
			"faces": {
				"down": { "uv": [ 5.25, 4.75, 8, 5 ], "texture": "#steyr_aug_automatic_rifle", "rotation": 270 },
				"up": { "uv": [ 5.25, 4.75, 8, 4.5 ], "texture": "#steyr_aug_automatic_rifle", "rotation": 90 },
				"north": { "uv": [ 5.25, 4.5, 5.5, 5 ], "texture": "#steyr_aug_automatic_rifle" },
				"west": { "uv": [ 5.25, 4.5, 8, 5 ], "texture": "#steyr_aug_automatic_rifle" },
				"east": { "uv": [ 8, 4.5, 5.25, 5 ], "texture": "#steyr_aug_automatic_rifle" }
			}
		},
		{
			"__comment": "steyr_aug_automatic_rifle31",
			"from": [ 5.5, 15.5, 2.5 ],
			"to": [ 6.5, 16, 8 ],
			"faces": {
				"down": { "uv": [ 5.25, 4.25, 8, 4.5 ], "texture": "#steyr_aug_automatic_rifle", "rotation": 270 },
				"up": { "uv": [ 5.25, 4.5, 8, 4.25 ], "texture": "#steyr_aug_automatic_rifle", "rotation": 90 },
				"north": { "uv": [ 5.25, 4.25, 5.5, 4.5 ], "texture": "#steyr_aug_automatic_rifle" },
				"west": { "uv": [ 5.25, 4.25, 8, 4.5 ], "texture": "#steyr_aug_automatic_rifle" },
				"east": { "uv": [ 8, 4.25, 5.25, 4.5 ], "texture": "#steyr_aug_automatic_rifle" }
			}
		},
		{
			"__comment": "steyr_aug_automatic_rifle32",
			"from": [ 7, 9, 2 ],
			"to": [ 9, 9.5, 8 ],
			"faces": {
				"down": { "uv": [ 5, 7.5, 8, 7.75 ], "texture": "#steyr_aug_automatic_rifle", "rotation": 270 },
				"west": { "uv": [ 5, 7.5, 8, 7.75 ], "texture": "#steyr_aug_automatic_rifle" },
				"east": { "uv": [ 8, 7.5, 5, 7.75 ], "texture": "#steyr_aug_automatic_rifle" }
			}
		},
		{
			"__comment": "steyr_aug_automatic_rifle33",
			"from": [ 7, 8.5, 1 ],
			"to": [ 9, 9.5, 2 ],
			"faces": {
				"down": { "uv": [ 4.5, 7.75, 5, 8 ], "texture": "#steyr_aug_automatic_rifle", "rotation": 270 },
				"north": { "uv": [ 4.5, 7.5, 4.75, 8 ], "texture": "#steyr_aug_automatic_rifle" },
				"south": { "uv": [ 5, 7.5, 4.75, 8 ], "texture": "#steyr_aug_automatic_rifle" },
				"west": { "uv": [ 4.5, 7.5, 5, 8 ], "texture": "#steyr_aug_automatic_rifle" },
				"east": { "uv": [ 5, 7.5, 4.5, 8 ], "texture": "#steyr_aug_automatic_rifle" }
			}
		},
		{
			"__comment": "steyr_aug_automatic_rifle34",
			"from": [ 5, 14.5, 8 ],
			"to": [ 5.5, 15.5, 16 ],
			"faces": {
				"down": { "uv": [ 8, 4.75, 12, 5 ], "texture": "#steyr_aug_automatic_rifle", "rotation": 270 },
				"up": { "uv": [ 8, 4.75, 12, 4.5 ], "texture": "#steyr_aug_automatic_rifle", "rotation": 90 },
				"south": { "uv": [ 12, 4.5, 11.75, 5 ], "texture": "#steyr_aug_automatic_rifle" },
				"west": { "uv": [ 8, 4.5, 12, 5 ], "texture": "#steyr_aug_automatic_rifle" },
				"east": { "uv": [ 12, 4.5, 8, 5 ], "texture": "#steyr_aug_automatic_rifle" }
			}
		},
		{
			"__comment": "steyr_aug_automatic_rifle35",
			"from": [ 5.5, 15.5, 8 ],
			"to": [ 6.5, 16, 16 ],
			"faces": {
				"down": { "uv": [ 8, 4.25, 12, 4.5 ], "texture": "#steyr_aug_automatic_rifle", "rotation": 270 },
				"up": { "uv": [ 8, 4.5, 12, 4.25 ], "texture": "#steyr_aug_automatic_rifle", "rotation": 90 },
				"south": { "uv": [ 12, 4.25, 11.75, 4.5 ], "texture": "#steyr_aug_automatic_rifle" },
				"west": { "uv": [ 8, 4.25, 12, 4.5 ], "texture": "#steyr_aug_automatic_rifle" },
				"east": { "uv": [ 12, 4.25, 8, 4.5 ], "texture": "#steyr_aug_automatic_rifle" }
			}
		},
		{
			"__comment": "steyr_aug_automatic_rifle36",
			"from": [ 6.5, 14.5, 8 ],
			"to": [ 7, 15.5, 16 ],
			"faces": {
				"down": { "uv": [ 8, 4.75, 12, 5 ], "texture": "#steyr_aug_automatic_rifle", "rotation": 270 },
				"up": { "uv": [ 8, 4.75, 12, 4.5 ], "texture": "#steyr_aug_automatic_rifle", "rotation": 90 },
				"south": { "uv": [ 12, 4.5, 11.75, 5 ], "texture": "#steyr_aug_automatic_rifle" },
				"west": { "uv": [ 8, 4.5, 12, 5 ], "texture": "#steyr_aug_automatic_rifle" },
				"east": { "uv": [ 12, 4.5, 8, 5 ], "texture": "#steyr_aug_automatic_rifle" }
			}
		},
		{
			"__comment": "steyr_aug_automatic_rifle37",
			"from": [ 5.5, 14, 8 ],
			"to": [ 6.5, 14.5, 16 ],
			"faces": {
				"down": { "uv": [ 8, 5, 12, 5.25 ], "texture": "#steyr_aug_automatic_rifle", "rotation": 270 },
				"up": { "uv": [ 8, 5.25, 12, 5 ], "texture": "#steyr_aug_automatic_rifle", "rotation": 90 },
				"south": { "uv": [ 12, 5, 11.75, 5.25 ], "texture": "#steyr_aug_automatic_rifle" },
				"west": { "uv": [ 8, 5, 12, 5.25 ], "texture": "#steyr_aug_automatic_rifle" },
				"east": { "uv": [ 12, 5, 8, 5.25 ], "texture": "#steyr_aug_automatic_rifle" }
			}
		},
		{
			"__comment": "steyr_aug_automatic_rifle38",
			"from": [ 7.5, 11.5, 8 ],
			"to": [ 8.5, 12, 22.5 ],
			"faces": {
				"up": { "uv": [ 8, 6.5, 15.25, 6.25 ], "texture": "#steyr_aug_automatic_rifle", "rotation": 90 },
				"south": { "uv": [ 15.25, 6.25, 15, 6.5 ], "texture": "#steyr_aug_automatic_rifle" },
				"west": { "uv": [ 8, 6.25, 15.25, 6.5 ], "texture": "#steyr_aug_automatic_rifle" },
				"east": { "uv": [ 15.25, 6.25, 8, 6.5 ], "texture": "#steyr_aug_automatic_rifle" }
			}
		},
		{
			"__comment": "steyr_aug_automatic_rifle39",
			"from": [ 7, 10.5, 8 ],
			"to": [ 9, 11.5, 23.5 ],
			"faces": {
				"up": { "uv": [ 8, 6.75, 15.75, 6.5 ], "texture": "#steyr_aug_automatic_rifle", "rotation": 90 },
				"south": { "uv": [ 15.75, 6.5, 15.5, 7 ], "texture": "#steyr_aug_automatic_rifle" },
				"west": { "uv": [ 8, 6.5, 15.75, 7 ], "texture": "#steyr_aug_automatic_rifle" },
				"east": { "uv": [ 15.75, 6.5, 8, 7 ], "texture": "#steyr_aug_automatic_rifle" }
			}
		},
		{
			"__comment": "steyr_aug_automatic_rifle40",
			"from": [ 6.5, 10, 8 ],
			"to": [ 9.5, 10.5, 24 ],
			"faces": {
				"up": { "uv": [ 8, 7.25, 16, 7 ], "texture": "#steyr_aug_automatic_rifle", "rotation": 90 },
				"south": { "uv": [ 16, 7, 15.75, 7.25 ], "texture": "#steyr_aug_automatic_rifle" },
				"west": { "uv": [ 8, 7, 16, 7.25 ], "texture": "#steyr_aug_automatic_rifle" },
				"east": { "uv": [ 16, 7, 8, 7.25 ], "texture": "#steyr_aug_automatic_rifle" }
			}
		},
		{
			"__comment": "steyr_aug_automatic_rifle41",
			"from": [ 6.5, 9.5, 8 ],
			"to": [ 9.5, 10, 24 ],
			"faces": {
				"down": { "uv": [ 8, 7.25, 16, 7.5 ], "texture": "#steyr_aug_automatic_rifle", "rotation": 270 },
				"south": { "uv": [ 16, 7.25, 15.75, 7.5 ], "texture": "#steyr_aug_automatic_rifle" },
				"west": { "uv": [ 8, 7.25, 16, 7.5 ], "texture": "#steyr_aug_automatic_rifle" },
				"east": { "uv": [ 16, 7.25, 8, 7.5 ], "texture": "#steyr_aug_automatic_rifle" }
			}
		},
		{
			"__comment": "steyr_aug_automatic_rifle42",
			"from": [ 7, 9, 8 ],
			"to": [ 9, 9.5, 24 ],
			"faces": {
				"south": { "uv": [ 16, 7.5, 15.75, 7.75 ], "texture": "#steyr_aug_automatic_rifle" },
				"west": { "uv": [ 8, 7.5, 16, 7.75 ], "texture": "#steyr_aug_automatic_rifle" },
				"east": { "uv": [ 16, 7.5, 8, 7.75 ], "texture": "#steyr_aug_automatic_rifle" }
			}
		},
		{
			"__comment": "steyr_aug_automatic_rifle43",
			"from": [ 7, 8.5, 8 ],
			"to": [ 9, 9, 24 ],
			"faces": {
				"down": { "uv": [ 8, 7.75, 16, 8 ], "texture": "#steyr_aug_automatic_rifle", "rotation": 270 },
				"south": { "uv": [ 16, 7.75, 15.75, 8 ], "texture": "#steyr_aug_automatic_rifle" },
				"west": { "uv": [ 8, 7.75, 16, 8 ], "texture": "#steyr_aug_automatic_rifle" },
				"east": { "uv": [ 16, 7.75, 8, 8 ], "texture": "#steyr_aug_automatic_rifle" }
			}
		},
		{
			"__comment": "steyr_aug_automatic_rifle44",
			"from": [ 7, 4.5, 8 ],
			"to": [ 9, 5, 8.5 ],
			"faces": {
				"up": { "uv": [ 8, 10, 8.25, 9.75 ], "texture": "#steyr_aug_automatic_rifle", "rotation": 90 },
				"south": { "uv": [ 8.25, 9.75, 8, 10 ], "texture": "#steyr_aug_automatic_rifle" },
				"west": { "uv": [ 8, 9.75, 8.25, 10 ], "texture": "#steyr_aug_automatic_rifle" },
				"east": { "uv": [ 8.25, 9.75, 8, 10 ], "texture": "#steyr_aug_automatic_rifle" }
			}
		},
		{
			"__comment": "steyr_aug_automatic_rifle45",
			"from": [ 7, 4, 8 ],
			"to": [ 9, 4.5, 9 ],
			"faces": {
				"up": { "uv": [ 8, 10.25, 8.5, 10 ], "texture": "#steyr_aug_automatic_rifle", "rotation": 90 },
				"south": { "uv": [ 8.5, 10, 8.25, 10.25 ], "texture": "#steyr_aug_automatic_rifle" },
				"west": { "uv": [ 8, 10, 8.5, 10.25 ], "texture": "#steyr_aug_automatic_rifle" },
				"east": { "uv": [ 8.5, 10, 8, 10.25 ], "texture": "#steyr_aug_automatic_rifle" }
			}
		},
		{
			"__comment": "steyr_aug_automatic_rifle46",
			"from": [ 7, 3.5, 8 ],
			"to": [ 9, 4, 12.5 ],
			"faces": {
				"down": { "uv": [ 8, 10.25, 10.25, 10.5 ], "texture": "#steyr_aug_automatic_rifle", "rotation": 270 },
				"up": { "uv": [ 8, 10.5, 10.25, 10.25 ], "texture": "#steyr_aug_automatic_rifle", "rotation": 90 },
				"north": { "uv": [ 8, 10.25, 8.25, 10.5 ], "texture": "#steyr_aug_automatic_rifle" },
				"south": { "uv": [ 10.25, 10.25, 10, 10.5 ], "texture": "#steyr_aug_automatic_rifle" },
				"west": { "uv": [ 8, 10.25, 10.25, 10.5 ], "texture": "#steyr_aug_automatic_rifle" },
				"east": { "uv": [ 10.25, 10.25, 8, 10.5 ], "texture": "#steyr_aug_automatic_rifle" }
			}
		},
		{
			"__comment": "steyr_aug_automatic_rifle47",
			"from": [ 7, 3, 8.5 ],
			"to": [ 9, 3.5, 12.5 ],
			"faces": {
				"down": { "uv": [ 8.25, 10.5, 10.25, 10.75 ], "texture": "#steyr_aug_automatic_rifle", "rotation": 270 },
				"north": { "uv": [ 8.25, 10.5, 8.5, 10.75 ], "texture": "#steyr_aug_automatic_rifle" },
				"south": { "uv": [ 10.25, 10.5, 10, 10.75 ], "texture": "#steyr_aug_automatic_rifle" },
				"west": { "uv": [ 8.25, 10.5, 10.25, 10.75 ], "texture": "#steyr_aug_automatic_rifle" },
				"east": { "uv": [ 10.25, 10.5, 8.25, 10.75 ], "texture": "#steyr_aug_automatic_rifle" }
			}
		},
		{
			"__comment": "steyr_aug_automatic_rifle48",
			"from": [ 7, 2.5, 9 ],
			"to": [ 9, 3, 12 ],
			"faces": {
				"down": { "uv": [ 8.5, 10.75, 10, 11 ], "texture": "#steyr_aug_automatic_rifle", "rotation": 270 },
				"north": { "uv": [ 8.5, 10.75, 8.75, 11 ], "texture": "#steyr_aug_automatic_rifle" },
				"south": { "uv": [ 10, 10.75, 9.75, 11 ], "texture": "#steyr_aug_automatic_rifle" },
				"west": { "uv": [ 8.5, 10.75, 10, 11 ], "texture": "#steyr_aug_automatic_rifle" },
				"east": { "uv": [ 10, 10.75, 8.5, 11 ], "texture": "#steyr_aug_automatic_rifle" }
			}
		},
		{
			"__comment": "steyr_aug_automatic_rifle49",
			"from": [ 7, 4, 10.5 ],
			"to": [ 9, 5, 12.5 ],
			"faces": {
				"up": { "uv": [ 9.25, 10, 10.25, 9.75 ], "texture": "#steyr_aug_automatic_rifle", "rotation": 90 },
				"north": { "uv": [ 9.25, 9.75, 9.5, 10.25 ], "texture": "#steyr_aug_automatic_rifle" },
				"south": { "uv": [ 10.25, 9.75, 10, 10.25 ], "texture": "#steyr_aug_automatic_rifle" },
				"west": { "uv": [ 9.25, 9.75, 10.25, 10.25 ], "texture": "#steyr_aug_automatic_rifle" },
				"east": { "uv": [ 10.25, 9.75, 9.25, 10.25 ], "texture": "#steyr_aug_automatic_rifle" }
			}
		},
		{
			"__comment": "steyr_aug_automatic_rifle50",
			"from": [ 7, 5, 10 ],
			"to": [ 9, 7, 12 ],
			"faces": {
				"down": { "uv": [ 9, 9.5, 10, 9.75 ], "texture": "#steyr_aug_automatic_rifle", "rotation": 270 },
				"up": { "uv": [ 9, 9, 10, 8.75 ], "texture": "#steyr_aug_automatic_rifle", "rotation": 90 },
				"north": { "uv": [ 9, 8.75, 9.25, 9.75 ], "texture": "#steyr_aug_automatic_rifle" },
				"south": { "uv": [ 10, 8.75, 9.75, 9.75 ], "texture": "#steyr_aug_automatic_rifle" },
				"west": { "uv": [ 9, 8.75, 10, 9.75 ], "texture": "#steyr_aug_automatic_rifle" },
				"east": { "uv": [ 10, 8.75, 9, 9.75 ], "texture": "#steyr_aug_automatic_rifle" }
			}
		},
		{
			"__comment": "steyr_aug_automatic_rifle51",
			"from": [ 7, 7, 10 ],
			"to": [ 9, 7.5, 11.5 ],
			"faces": {
				"north": { "uv": [ 9, 8.5, 9.25, 8.75 ], "texture": "#steyr_aug_automatic_rifle" },
				"south": { "uv": [ 9.75, 8.5, 9.5, 8.75 ], "texture": "#steyr_aug_automatic_rifle" },
				"west": { "uv": [ 9, 8.5, 9.75, 8.75 ], "texture": "#steyr_aug_automatic_rifle" },
				"east": { "uv": [ 9.75, 8.5, 9, 8.75 ], "texture": "#steyr_aug_automatic_rifle" }
			}
		},
		{
			"__comment": "steyr_aug_automatic_rifle52",
			"from": [ 7, 7.5, 9.5 ],
			"to": [ 9, 8, 11.5 ],
			"faces": {
				"down": { "uv": [ 8.75, 8.25, 9.75, 8.5 ], "texture": "#steyr_aug_automatic_rifle", "rotation": 270 },
				"north": { "uv": [ 8.75, 8.25, 9, 8.5 ], "texture": "#steyr_aug_automatic_rifle" },
				"south": { "uv": [ 9.75, 8.25, 9.5, 8.5 ], "texture": "#steyr_aug_automatic_rifle" },
				"west": { "uv": [ 8.75, 8.25, 9.75, 8.5 ], "texture": "#steyr_aug_automatic_rifle" },
				"east": { "uv": [ 9.75, 8.25, 8.75, 8.5 ], "texture": "#steyr_aug_automatic_rifle" }
			}
		},
		{
			"__comment": "steyr_aug_automatic_rifle53",
			"from": [ 7, 8, 9.5 ],
			"to": [ 9, 8.5, 12 ],
			"faces": {
				"down": { "uv": [ 8.75, 8, 10, 8.25 ], "texture": "#steyr_aug_automatic_rifle", "rotation": 270 },
				"north": { "uv": [ 8.75, 8, 9, 8.25 ], "texture": "#steyr_aug_automatic_rifle" },
				"south": { "uv": [ 10, 8, 9.75, 8.25 ], "texture": "#steyr_aug_automatic_rifle" },
				"west": { "uv": [ 8.75, 8, 10, 8.25 ], "texture": "#steyr_aug_automatic_rifle" },
				"east": { "uv": [ 10, 8, 8.75, 8.25 ], "texture": "#steyr_aug_automatic_rifle" }
			}
		},
		{
			"__comment": "steyr_aug_automatic_rifle54",
			"from": [ 7.5, 7.5, 8.5 ],
			"to": [ 8.5, 8.5, 9.5 ],
			"faces": {
				"north": { "uv": [ 8.25, 8, 8.5, 8.5 ], "texture": "#steyr_aug_automatic_rifle" },
				"south": { "uv": [ 8.75, 8, 8.5, 8.5 ], "texture": "#steyr_aug_automatic_rifle" },
				"west": { "uv": [ 8.25, 8, 8.75, 8.5 ], "texture": "#steyr_aug_automatic_rifle" },
				"east": { "uv": [ 8.75, 8, 8.25, 8.5 ], "texture": "#steyr_aug_automatic_rifle" }
			}
		},
		{
			"__comment": "steyr_aug_automatic_rifle55",
			"from": [ 7.5, 7, 8.5 ],
			"to": [ 8.5, 7.5, 10 ],
			"faces": {
				"down": { "uv": [ 8.25, 8.5, 9, 8.75 ], "texture": "#steyr_aug_automatic_rifle", "rotation": 270 },
				"up": { "uv": [ 8.25, 8.75, 9, 8.5 ], "texture": "#steyr_aug_automatic_rifle", "rotation": 90 },
				"north": { "uv": [ 8.25, 8.5, 8.5, 8.75 ], "texture": "#steyr_aug_automatic_rifle" },
				"west": { "uv": [ 8.25, 8.5, 9, 8.75 ], "texture": "#steyr_aug_automatic_rifle" },
				"east": { "uv": [ 9, 8.5, 8.25, 8.75 ], "texture": "#steyr_aug_automatic_rifle" }
			}
		},
		{
			"__comment": "steyr_aug_automatic_rifle56",
			"from": [ 7, 8, 13 ],
			"to": [ 9, 8.5, 23.5 ],
			"faces": {
				"down": { "uv": [ 10.5, 8, 15.75, 8.25 ], "texture": "#steyr_aug_automatic_rifle", "rotation": 270 },
				"north": { "uv": [ 10.5, 8, 10.75, 8.25 ], "texture": "#steyr_aug_automatic_rifle" },
				"south": { "uv": [ 15.75, 8, 15.5, 8.25 ], "texture": "#steyr_aug_automatic_rifle" },
				"west": { "uv": [ 10.5, 8, 15.75, 8.25 ], "texture": "#steyr_aug_automatic_rifle" },
				"east": { "uv": [ 15.75, 8, 10.5, 8.25 ], "texture": "#steyr_aug_automatic_rifle" }
			}
		},
		{
			"__comment": "steyr_aug_automatic_rifle57",
			"from": [ 7, 7, 14.5 ],
			"to": [ 9, 8, 23.5 ],
			"faces": {
				"down": { "uv": [ 11.25, 8.5, 15.75, 8.75 ], "texture": "#steyr_aug_automatic_rifle", "rotation": 270 },
				"north": { "uv": [ 11.25, 8.25, 11.5, 8.75 ], "texture": "#steyr_aug_automatic_rifle" },
				"south": { "uv": [ 15.75, 8.25, 15.5, 8.75 ], "texture": "#steyr_aug_automatic_rifle" },
				"west": { "uv": [ 11.25, 8.25, 15.75, 8.75 ], "texture": "#steyr_aug_automatic_rifle" },
				"east": { "uv": [ 15.75, 8.25, 11.25, 8.75 ], "texture": "#steyr_aug_automatic_rifle" }
			}
		},
		{
			"__comment": "steyr_aug_automatic_rifle58",
			"from": [ 7, 6.5, 16 ],
			"to": [ 9, 7, 23.5 ],
			"faces": {
				"down": { "uv": [ 12, 8.75, 15.75, 9 ], "texture": "#steyr_aug_automatic_rifle", "rotation": 270 },
				"north": { "uv": [ 12, 8.75, 12.25, 9 ], "texture": "#steyr_aug_automatic_rifle" },
				"south": { "uv": [ 15.75, 8.75, 15.5, 9 ], "texture": "#steyr_aug_automatic_rifle" },
				"west": { "uv": [ 12, 8.75, 15.75, 9 ], "texture": "#steyr_aug_automatic_rifle" },
				"east": { "uv": [ 15.75, 8.75, 12, 9 ], "texture": "#steyr_aug_automatic_rifle" }
			}
		},
		{
			"__comment": "steyr_aug_automatic_rifle59",
			"from": [ 7, 6, 17.5 ],
			"to": [ 9, 6.5, 23 ],
			"faces": {
				"down": { "uv": [ 12.75, 9, 15.5, 9.25 ], "texture": "#steyr_aug_automatic_rifle", "rotation": 270 },
				"north": { "uv": [ 12.75, 9, 13, 9.25 ], "texture": "#steyr_aug_automatic_rifle" },
				"south": { "uv": [ 15.5, 9, 15.25, 9.25 ], "texture": "#steyr_aug_automatic_rifle" },
				"west": { "uv": [ 12.75, 9, 15.5, 9.25 ], "texture": "#steyr_aug_automatic_rifle" },
				"east": { "uv": [ 15.5, 9, 12.75, 9.25 ], "texture": "#steyr_aug_automatic_rifle" }
			}
		},
		{
			"__comment": "steyr_aug_automatic_rifle60",
			"from": [ 7, 5.5, 18 ],
			"to": [ 9, 6, 23 ],
			"faces": {
				"down": { "uv": [ 13, 9.25, 15.5, 9.5 ], "texture": "#steyr_aug_automatic_rifle", "rotation": 270 },
				"north": { "uv": [ 13, 9.25, 13.25, 9.5 ], "texture": "#steyr_aug_automatic_rifle" },
				"south": { "uv": [ 15.5, 9.25, 15.25, 9.5 ], "texture": "#steyr_aug_automatic_rifle" },
				"west": { "uv": [ 13, 9.25, 15.5, 9.5 ], "texture": "#steyr_aug_automatic_rifle" },
				"east": { "uv": [ 15.5, 9.25, 13, 9.5 ], "texture": "#steyr_aug_automatic_rifle" }
			}
		},
		{
			"__comment": "steyr_aug_automatic_rifle61",
			"from": [ 7, 5, 18.5 ],
			"to": [ 9, 5.5, 23 ],
			"faces": {
				"down": { "uv": [ 13.25, 9.5, 15.5, 9.75 ], "texture": "#steyr_aug_automatic_rifle", "rotation": 270 },
				"north": { "uv": [ 13.25, 9.5, 13.5, 9.75 ], "texture": "#steyr_aug_automatic_rifle" },
				"south": { "uv": [ 15.5, 9.5, 15.25, 9.75 ], "texture": "#steyr_aug_automatic_rifle" },
				"west": { "uv": [ 13.25, 9.5, 15.5, 9.75 ], "texture": "#steyr_aug_automatic_rifle" },
				"east": { "uv": [ 15.5, 9.5, 13.25, 9.75 ], "texture": "#steyr_aug_automatic_rifle" }
			}
		},
		{
			"__comment": "steyr_aug_automatic_rifle62",
			"from": [ 7, 4.5, 19 ],
			"to": [ 9, 5, 23 ],
			"faces": {
				"down": { "uv": [ 13.5, 9.75, 15.5, 10 ], "texture": "#steyr_aug_automatic_rifle", "rotation": 270 },
				"north": { "uv": [ 13.5, 9.75, 13.75, 10 ], "texture": "#steyr_aug_automatic_rifle" },
				"south": { "uv": [ 15.5, 9.75, 15.25, 10 ], "texture": "#steyr_aug_automatic_rifle" },
				"west": { "uv": [ 13.5, 9.75, 15.5, 10 ], "texture": "#steyr_aug_automatic_rifle" },
				"east": { "uv": [ 15.5, 9.75, 13.5, 10 ], "texture": "#steyr_aug_automatic_rifle" }
			}
		},
		{
			"__comment": "steyr_aug_automatic_rifle63",
			"from": [ 7, 4, 19.5 ],
			"to": [ 9, 4.5, 22.5 ],
			"faces": {
				"down": { "uv": [ 13.75, 10, 15.25, 10.25 ], "texture": "#steyr_aug_automatic_rifle", "rotation": 270 },
				"north": { "uv": [ 13.75, 10, 14, 10.25 ], "texture": "#steyr_aug_automatic_rifle" },
				"south": { "uv": [ 15.25, 10, 15, 10.25 ], "texture": "#steyr_aug_automatic_rifle" },
				"west": { "uv": [ 13.75, 10, 15.25, 10.25 ], "texture": "#steyr_aug_automatic_rifle" },
				"east": { "uv": [ 15.25, 10, 13.75, 10.25 ], "texture": "#steyr_aug_automatic_rifle" }
			}
		},
		{
			"__comment": "steyr_aug_automatic_rifle64",
			"from": [ 7, 3, 20 ],
			"to": [ 9, 4, 22.5 ],
			"faces": {
				"north": { "uv": [ 14, 10.25, 14.25, 10.75 ], "texture": "#steyr_aug_automatic_rifle" },
				"south": { "uv": [ 15.25, 10.25, 15, 10.75 ], "texture": "#steyr_aug_automatic_rifle" },
				"west": { "uv": [ 14, 10.25, 15.25, 10.75 ], "texture": "#steyr_aug_automatic_rifle" },
				"east": { "uv": [ 15.25, 10.25, 14, 10.75 ], "texture": "#steyr_aug_automatic_rifle" }
			}
		},
		{
			"__comment": "steyr_aug_automatic_rifle65",
			"from": [ 7, 2.5, 19.5 ],
			"to": [ 9, 3, 22.5 ],
			"faces": {
				"down": { "uv": [ 13.75, 10.75, 15.25, 11 ], "texture": "#steyr_aug_automatic_rifle", "rotation": 270 },
				"up": { "uv": [ 13.75, 11, 15.25, 10.75 ], "texture": "#steyr_aug_automatic_rifle", "rotation": 90 },
				"north": { "uv": [ 13.75, 10.75, 14, 11 ], "texture": "#steyr_aug_automatic_rifle" },
				"south": { "uv": [ 15.25, 10.75, 15, 11 ], "texture": "#steyr_aug_automatic_rifle" },
				"west": { "uv": [ 13.75, 10.75, 15.25, 11 ], "texture": "#steyr_aug_automatic_rifle" },
				"east": { "uv": [ 15.25, 10.75, 13.75, 11 ], "texture": "#steyr_aug_automatic_rifle" }
			}
		},
		{
			"__comment": "steyr_aug_automatic_rifle66",
			"from": [ 7.5, 12, 8.5 ],
			"to": [ 8.5, 12.5, 9.5 ],
			"faces": {
				"up": { "uv": [ 8.25, 6.25, 8.75, 6 ], "texture": "#steyr_aug_automatic_rifle", "rotation": 90 },
				"north": { "uv": [ 8.25, 6, 8.5, 6.25 ], "texture": "#steyr_aug_automatic_rifle" },
				"south": { "uv": [ 8.75, 6, 8.5, 6.25 ], "texture": "#steyr_aug_automatic_rifle" },
				"west": { "uv": [ 8.25, 6, 8.75, 6.25 ], "texture": "#steyr_aug_automatic_rifle" },
				"east": { "uv": [ 8.75, 6, 8.25, 6.25 ], "texture": "#steyr_aug_automatic_rifle" }
			}
		},
		{
			"__comment": "steyr_aug_automatic_rifle67",
			"from": [ 7, 12.5, 8.5 ],
			"to": [ 8, 13, 10 ],
			"faces": {
				"down": { "uv": [ 8.25, 5.75, 9, 6 ], "texture": "#steyr_aug_automatic_rifle", "rotation": 270 },
				"up": { "uv": [ 8.25, 6, 9, 5.75 ], "texture": "#steyr_aug_automatic_rifle", "rotation": 90 },
				"north": { "uv": [ 8.25, 5.75, 8.5, 6 ], "texture": "#steyr_aug_automatic_rifle" },
				"south": { "uv": [ 9, 5.75, 8.75, 6 ], "texture": "#steyr_aug_automatic_rifle" },
				"west": { "uv": [ 8.25, 5.75, 9, 6 ], "texture": "#steyr_aug_automatic_rifle" },
				"east": { "uv": [ 9, 5.75, 8.25, 6 ], "texture": "#steyr_aug_automatic_rifle" }
			}
		},
		{
			"__comment": "steyr_aug_automatic_rifle68",
			"from": [ 6.5, 13, 9 ],
			"to": [ 7.5, 13.5, 10.5 ],
			"faces": {
				"down": { "uv": [ 8.5, 5.5, 9.25, 5.75 ], "texture": "#steyr_aug_automatic_rifle", "rotation": 270 },
				"up": { "uv": [ 8.5, 5.75, 9.25, 5.5 ], "texture": "#steyr_aug_automatic_rifle", "rotation": 90 },
				"north": { "uv": [ 8.5, 5.5, 8.75, 5.75 ], "texture": "#steyr_aug_automatic_rifle" },
				"south": { "uv": [ 9.25, 5.5, 9, 5.75 ], "texture": "#steyr_aug_automatic_rifle" },
				"west": { "uv": [ 8.5, 5.5, 9.25, 5.75 ], "texture": "#steyr_aug_automatic_rifle" },
				"east": { "uv": [ 9.25, 5.5, 8.5, 5.75 ], "texture": "#steyr_aug_automatic_rifle" }
			}
		},
		{
			"__comment": "steyr_aug_automatic_rifle69",
			"from": [ 6, 13.5, 9.5 ],
			"to": [ 7, 14, 11 ],
			"faces": {
				"down": { "uv": [ 8.75, 5.25, 9.5, 5.5 ], "texture": "#steyr_aug_automatic_rifle", "rotation": 270 },
				"up": { "uv": [ 8.75, 5.5, 9.5, 5.25 ], "texture": "#steyr_aug_automatic_rifle", "rotation": 90 },
				"north": { "uv": [ 8.75, 5.25, 9, 5.5 ], "texture": "#steyr_aug_automatic_rifle" },
				"south": { "uv": [ 9.5, 5.25, 9.25, 5.5 ], "texture": "#steyr_aug_automatic_rifle" },
				"west": { "uv": [ 8.75, 5.25, 9.5, 5.5 ], "texture": "#steyr_aug_automatic_rifle" },
				"east": { "uv": [ 9.5, 5.25, 8.75, 5.5 ], "texture": "#steyr_aug_automatic_rifle" }
			}
		},
		{
			"__comment": "steyr_aug_automatic_rifle70",
			"from": [ 5.5, 16, 8 ],
			"to": [ 6.5, 16.5, 8.5 ],
			"faces": {
				"up": { "uv": [ 8, 4.25, 8.25, 4 ], "texture": "#steyr_aug_automatic_rifle", "rotation": 90 },
				"south": { "uv": [ 8.25, 4, 8, 4.25 ], "texture": "#steyr_aug_automatic_rifle" },
				"west": { "uv": [ 8, 4, 8.25, 4.25 ], "texture": "#steyr_aug_automatic_rifle" },
				"east": { "uv": [ 8.25, 4, 8, 4.25 ], "texture": "#steyr_aug_automatic_rifle" }
			}
		},
		{
			"__comment": "steyr_aug_automatic_rifle71",
			"from": [ 5.5, 13.5, 8 ],
			"to": [ 6.5, 14, 8.5 ],
			"faces": {
				"down": { "uv": [ 8, 5.25, 8.25, 5.5 ], "texture": "#steyr_aug_automatic_rifle", "rotation": 270 },
				"south": { "uv": [ 8.25, 5.25, 8, 5.5 ], "texture": "#steyr_aug_automatic_rifle" },
				"west": { "uv": [ 8, 5.25, 8.25, 5.5 ], "texture": "#steyr_aug_automatic_rifle" },
				"east": { "uv": [ 8.25, 5.25, 8, 5.5 ], "texture": "#steyr_aug_automatic_rifle" }
			}
		},
		{
			"__comment": "steyr_aug_automatic_rifle72",
			"from": [ 4.5, 14.5, 8 ],
			"to": [ 5, 15.5, 8.5 ],
			"faces": {
				"down": { "uv": [ 8, 4.75, 8.25, 5 ], "texture": "#steyr_aug_automatic_rifle", "rotation": 270 },
				"up": { "uv": [ 8, 4.75, 8.25, 4.5 ], "texture": "#steyr_aug_automatic_rifle", "rotation": 90 },
				"south": { "uv": [ 8.25, 4.5, 8, 5 ], "texture": "#steyr_aug_automatic_rifle" },
				"west": { "uv": [ 8, 4.5, 8.25, 5 ], "texture": "#steyr_aug_automatic_rifle" }
			}
		},
		{
			"__comment": "steyr_aug_automatic_rifle73",
			"from": [ 7, 14.5, 8 ],
			"to": [ 7.5, 15.5, 8.5 ],
			"faces": {
				"down": { "uv": [ 8, 4.75, 8.25, 5 ], "texture": "#steyr_aug_automatic_rifle", "rotation": 270 },
				"up": { "uv": [ 8, 4.75, 8.25, 4.5 ], "texture": "#steyr_aug_automatic_rifle", "rotation": 90 },
				"south": { "uv": [ 8.25, 4.5, 8, 5 ], "texture": "#steyr_aug_automatic_rifle" },
				"east": { "uv": [ 8.25, 4.5, 8, 5 ], "texture": "#steyr_aug_automatic_rifle" }
			}
		},
		{
			"__comment": "steyr_aug_automatic_rifle74",
			"from": [ 5.5, 16, 7.5 ],
			"to": [ 6.5, 16.5, 8 ],
			"faces": {
				"up": { "uv": [ 7.75, 4.25, 8, 4 ], "texture": "#steyr_aug_automatic_rifle", "rotation": 90 },
				"north": { "uv": [ 7.75, 4, 8, 4.25 ], "texture": "#steyr_aug_automatic_rifle" },
				"west": { "uv": [ 7.75, 4, 8, 4.25 ], "texture": "#steyr_aug_automatic_rifle" },
				"east": { "uv": [ 8, 4, 7.75, 4.25 ], "texture": "#steyr_aug_automatic_rifle" }
			}
		},
		{
			"__comment": "steyr_aug_automatic_rifle75",
			"from": [ 5.5, 13.5, 7.5 ],
			"to": [ 6.5, 14, 8 ],
			"faces": {
				"down": { "uv": [ 7.75, 5.25, 8, 5.5 ], "texture": "#steyr_aug_automatic_rifle", "rotation": 270 },
				"north": { "uv": [ 7.75, 5.25, 8, 5.5 ], "texture": "#steyr_aug_automatic_rifle" },
				"west": { "uv": [ 7.75, 5.25, 8, 5.5 ], "texture": "#steyr_aug_automatic_rifle" },
				"east": { "uv": [ 8, 5.25, 7.75, 5.5 ], "texture": "#steyr_aug_automatic_rifle" }
			}
		},
		{
			"__comment": "steyr_aug_automatic_rifle76",
			"from": [ 4.5, 14.5, 7.5 ],
			"to": [ 5, 15.5, 8 ],
			"faces": {
				"down": { "uv": [ 7.75, 4.75, 8, 5 ], "texture": "#steyr_aug_automatic_rifle", "rotation": 270 },
				"up": { "uv": [ 7.75, 4.75, 8, 4.5 ], "texture": "#steyr_aug_automatic_rifle", "rotation": 90 },
				"north": { "uv": [ 7.75, 4.5, 8, 5 ], "texture": "#steyr_aug_automatic_rifle" },
				"west": { "uv": [ 7.75, 4.5, 8, 5 ], "texture": "#steyr_aug_automatic_rifle" }
			}
		},
		{
			"__comment": "steyr_aug_automatic_rifle77",
			"from": [ 7, 14.5, 7.5 ],
			"to": [ 7.5, 15.5, 8 ],
			"faces": {
				"down": { "uv": [ 7.75, 4.75, 8, 5 ], "texture": "#steyr_aug_automatic_rifle", "rotation": 270 },
				"up": { "uv": [ 7.75, 4.75, 8, 4.5 ], "texture": "#steyr_aug_automatic_rifle", "rotation": 90 },
				"north": { "uv": [ 7.75, 4.5, 8, 5 ], "texture": "#steyr_aug_automatic_rifle" },
				"east": { "uv": [ 8, 4.5, 7.75, 5 ], "texture": "#steyr_aug_automatic_rifle" }
			}
		},
		{
			"__comment": "steyr_aug_automatic_rifle",
			"from": [ 7.5, 6.5, 14.5 ],
			"to": [ 8.5, 7, 16 ],
			"faces": {
				"down": { "uv": [ 11.25, 8.75, 12, 9 ], "texture": "#steyr_aug_automatic_rifle", "rotation": 270 },
				"up": { "uv": [ 11.25, 9, 12, 8.75 ], "texture": "#steyr_aug_automatic_rifle", "rotation": 90 },
				"north": { "uv": [ 11.25, 8.75, 11.5, 9 ], "texture": "#steyr_aug_automatic_rifle" },
				"south": { "uv": [ 12, 8.75, 11.75, 9 ], "texture": "#steyr_aug_automatic_rifle" },
				"west": { "uv": [ 11.25, 8.75, 12, 9 ], "texture": "#steyr_aug_automatic_rifle" },
				"east": { "uv": [ 12, 8.75, 11.25, 9 ], "texture": "#steyr_aug_automatic_rifle" }
			}
		},
		{
			"__comment": "steyr_aug_automatic_rifle",
			"from": [ 7.5, 5.5, 14.5 ],
			"to": [ 8.5, 6.5, 17.5 ],
			"faces": {
				"down": { "uv": [ 11.25, 9.25, 12.75, 9.5 ], "texture": "#steyr_aug_automatic_rifle", "rotation": 270 },
				"up": { "uv": [ 11.25, 9.25, 12.75, 9 ], "texture": "#steyr_aug_automatic_rifle", "rotation": 90 },
				"north": { "uv": [ 11.25, 9, 11.5, 9.5 ], "texture": "#steyr_aug_automatic_rifle" },
				"south": { "uv": [ 12.75, 9, 12.5, 9.5 ], "texture": "#steyr_aug_automatic_rifle" },
				"west": { "uv": [ 11.25, 9, 12.75, 9.5 ], "texture": "#steyr_aug_automatic_rifle" },
				"east": { "uv": [ 12.75, 9, 11.25, 9.5 ], "texture": "#steyr_aug_automatic_rifle" }
			}
		},
		{
			"__comment": "steyr_aug_automatic_rifle",
			"from": [ 7.5, 5, 14 ],
			"to": [ 8.5, 5.5, 17.5 ],
			"faces": {
				"down": { "uv": [ 11, 9.5, 12.75, 9.75 ], "texture": "#steyr_aug_automatic_rifle", "rotation": 270 },
				"up": { "uv": [ 11, 9.75, 12.75, 9.5 ], "texture": "#steyr_aug_automatic_rifle", "rotation": 90 },
				"north": { "uv": [ 11, 9.5, 11.25, 9.75 ], "texture": "#steyr_aug_automatic_rifle" },
				"south": { "uv": [ 12.75, 9.5, 12.5, 9.75 ], "texture": "#steyr_aug_automatic_rifle" },
				"west": { "uv": [ 11, 9.5, 12.75, 9.75 ], "texture": "#steyr_aug_automatic_rifle" },
				"east": { "uv": [ 12.75, 9.5, 11, 9.75 ], "texture": "#steyr_aug_automatic_rifle" }
			}
		},
		{
			"__comment": "steyr_aug_automatic_rifle",
			"from": [ 7.5, 4, 14 ],
			"to": [ 8.5, 5, 17 ],
			"faces": {
				"down": { "uv": [ 11, 10, 12.5, 10.25 ], "texture": "#steyr_aug_automatic_rifle", "rotation": 270 },
				"up": { "uv": [ 11, 10, 12.5, 9.75 ], "texture": "#steyr_aug_automatic_rifle", "rotation": 90 },
				"north": { "uv": [ 11, 9.75, 11.25, 10.25 ], "texture": "#steyr_aug_automatic_rifle" },
				"south": { "uv": [ 12.5, 9.75, 12.25, 10.25 ], "texture": "#steyr_aug_automatic_rifle" },
				"west": { "uv": [ 11, 9.75, 12.5, 10.25 ], "texture": "#steyr_aug_automatic_rifle" },
				"east": { "uv": [ 12.5, 9.75, 11, 10.25 ], "texture": "#steyr_aug_automatic_rifle" }
			}
		},
		{
			"__comment": "steyr_aug_automatic_rifle",
			"from": [ 7.5, 3.5, 13.5 ],
			"to": [ 8.5, 4, 17 ],
			"faces": {
				"down": { "uv": [ 10.75, 10.25, 12.25, 10.5 ], "texture": "#steyr_aug_automatic_rifle", "rotation": 270 },
				"up": { "uv": [ 10.75, 10.5, 12.25, 10.25 ], "texture": "#steyr_aug_automatic_rifle", "rotation": 90 },
				"north": { "uv": [ 10.75, 10.25, 11, 10.5 ], "texture": "#steyr_aug_automatic_rifle" },
				"south": { "uv": [ 12.25, 10.25, 12, 10.5 ], "texture": "#steyr_aug_automatic_rifle" },
				"west": { "uv": [ 10.75, 10.25, 12.5, 10.5 ], "texture": "#steyr_aug_automatic_rifle" },
				"east": { "uv": [ 12.25, 10.25, 10.75, 10.5 ], "texture": "#steyr_aug_automatic_rifle" }
			}
		},
		{
			"__comment": "steyr_aug_automatic_rifle",
			"from": [ 7.5, 2.5, 13.5 ],
			"to": [ 8.5, 3.5, 16.5 ],
			"faces": {
				"down": { "uv": [ 10.75, 10.75, 12.25, 11 ], "texture": "#steyr_aug_automatic_rifle", "rotation": 270 },
				"up": { "uv": [ 10.75, 10.75, 12.25, 10.5 ], "texture": "#steyr_aug_automatic_rifle", "rotation": 90 },
				"north": { "uv": [ 10.75, 10.5, 11, 11 ], "texture": "#steyr_aug_automatic_rifle" },
				"south": { "uv": [ 12.25, 10.5, 12, 11 ], "texture": "#steyr_aug_automatic_rifle" },
				"west": { "uv": [ 10.75, 10.5, 12.25, 11 ], "texture": "#steyr_aug_automatic_rifle" },
				"east": { "uv": [ 12.25, 10.5, 10.75, 11 ], "texture": "#steyr_aug_automatic_rifle" }
			}
		},
		{
			"__comment": "steyr_aug_automatic_rifle",
			"from": [ 7.5, 2, 15 ],
			"to": [ 8.5, 2.5, 16.5 ],
			"faces": {
				"down": { "uv": [ 11.5, 11, 12.25, 11.25 ], "texture": "#steyr_aug_automatic_rifle", "rotation": 270 },
				"up": { "uv": [ 11.5, 11.25, 12.25, 11 ], "texture": "#steyr_aug_automatic_rifle", "rotation": 90 },
				"north": { "uv": [ 11.5, 11, 11.75, 11.25 ], "texture": "#steyr_aug_automatic_rifle" },
				"south": { "uv": [ 12.25, 11, 12, 11.25 ], "texture": "#steyr_aug_automatic_rifle" },
				"west": { "uv": [ 11.5, 11, 12.25, 11.25 ], "texture": "#steyr_aug_automatic_rifle" },
				"east": { "uv": [ 12.25, 11, 11.5, 11.25 ], "texture": "#steyr_aug_automatic_rifle" }
			}
		},
		{
			"__comment": "steyr_aug_automatic_rifle",
			"from": [ 5.5, 14.5, 15 ],
			"to": [ 6.5, 15.5, 15.5 ],
			"faces": {
				"down": { "uv": [ 15.75, 15.75, 16, 16 ], "texture": "#steyr_aug_automatic_rifle", "rotation": 270 },
				"up": { "uv": [ 15.75, 16, 16, 15.75 ], "texture": "#steyr_aug_automatic_rifle", "rotation": 90 },
				"north": { "uv": [ 15.75, 15.75, 16, 16 ], "texture": "#steyr_aug_automatic_rifle" },
				"south": { "uv": [ 16, 15.75, 15.75, 16 ], "texture": "#steyr_aug_automatic_rifle" },
				"west": { "uv": [ 15.75, 15.75, 16, 16 ], "texture": "#steyr_aug_automatic_rifle" },
				"east": { "uv": [ 16, 15.75, 15.75, 16 ], "texture": "#steyr_aug_automatic_rifle" }
			}
		},
		{
			"__comment": "steyr_aug_automatic_rifle",
			"from": [ 5.5, 14.5, 3 ],
			"to": [ 6.5, 15.5, 3.5 ],
			"faces": {
				"down": { "uv": [ 15.75, 15.75, 16, 16 ], "texture": "#steyr_aug_automatic_rifle", "rotation": 270 },
				"up": { "uv": [ 15.75, 16, 16, 15.75 ], "texture": "#steyr_aug_automatic_rifle", "rotation": 90 },
				"north": { "uv": [ 15.75, 15.75, 16, 16 ], "texture": "#steyr_aug_automatic_rifle" },
				"south": { "uv": [ 16, 15.75, 15.75, 16 ], "texture": "#steyr_aug_automatic_rifle" },
				"west": { "uv": [ 15.75, 15.75, 16, 16 ], "texture": "#steyr_aug_automatic_rifle" },
				"east": { "uv": [ 16, 15.75, 15.75, 16 ], "texture": "#steyr_aug_automatic_rifle" }
			}
		}
	],
	"display": {
		"thirdperson_righthand": {
			"translation":  [ 0, -0.25, -0.5 ],
			"scale":  [ 0.5, 0.5, 0.5 ]
		},
		"thirdperson_lefthand": {
			"translation":  [ -1.25, -6, 10 ],
			"scale":  [ 0.5, 0.5, 0.5 ]
		},
		"firstperson_righthand": {
			"scale":  [ 0.0001, 0.0001, 0.0001 ]
		},
		"firstperson_lefthand": {
			"scale":  [ 0.0001, 0.0001, 0.0001 ]
		},
		"gui": {
			"rotation":  [ 30, 135, 0 ],
			"scale":  [ 0.5, 0.5, 0.5 ]
		},
		"head": {
			"scale":  [ 0.0001, 0.0001, 0.0001 ]
		},
		"ground": {
			"rotation":  [ 0, 0, 90 ],
			"scale":  [ 0.5, 0.5, 0.5 ]
		},
		"fixed": {
			"rotation":  [ 0, -90, 0 ]
		}
	}
}