{
	"__comment": "Designed by Optimus0812 with Cubik Studio - https://cubik.studio",
	"textures": {
		"svd": "dayz/weapon/gun/rifle/svd",
		"attachments": "dayz/weapon/gun/attachment/attachments"
	},
	"elements": [ 	 
		{
			"__comment": "suppressor1",
			"from": [ 7.5, 7, -16 ],
			"to": [ 8.5, 7.5, -8 ],
			"faces": {
				"down": { "uv": [ 2, 14.5, 10, 15.5 ], "texture": "#attachments", "rotation": 270 },
				"up": { "uv": [ 2, 15.5, 10, 14.5 ], "texture": "#attachments", "rotation": 90 },
				"north": { "uv": [ 2, 15.5, 2.5, 16 ], "texture": "#attachments" },
				"south": { "uv": [ 10, 15.5, 9.5, 16 ], "texture": "#attachments" },
				"west": { "uv": [ 2, 15.5, 10, 16 ], "texture": "#attachments" },
				"east": { "uv": [ 10, 15.5, 2, 16 ], "texture": "#attachments" }
			}
		},
		{
			"__comment": "suppressor",
			"from": [ 7.5, 8.5, -16 ],
			"to": [ 8.5, 9, -8 ],
			"faces": {
				"down": { "uv": [ 2, 14.5, 10, 15.5 ], "texture": "#attachments", "rotation": 270 },
				"up": { "uv": [ 2, 15.5, 10, 14.5 ], "texture": "#attachments", "rotation": 90 },
				"north": { "uv": [ 2, 14, 2.5, 14.5 ], "texture": "#attachments" },
				"south": { "uv": [ 10, 14, 9.5, 14.5 ], "texture": "#attachments" },
				"west": { "uv": [ 2, 14, 10, 14.5 ], "texture": "#attachments" },
				"east": { "uv": [ 10, 14, 2, 14.5 ], "texture": "#attachments" }
			}
		},
		{
			"__comment": "suppressor2",
			"from": [ 7, 7.5, -16 ],
			"to": [ 7.5, 8.5, -8 ],
			"faces": {
				"down": { "uv": [ 2, 15, 10, 15.5 ], "texture": "#attachments", "rotation": 270 },
				"up": { "uv": [ 2, 15, 10, 14.5 ], "texture": "#attachments", "rotation": 90 },
				"north": { "uv": [ 2, 14.5, 2.5, 15.5 ], "texture": "#attachments" },
				"south": { "uv": [ 10, 14.5, 9.5, 15.5 ], "texture": "#attachments" },
				"west": { "uv": [ 2, 14.5, 10, 15.5 ], "texture": "#attachments" },
				"east": { "uv": [ 10, 14.5, 2, 15.5 ], "texture": "#attachments" }
			}
		},
		{
			"__comment": "suppressor3",
			"from": [ 8.5, 7.5, -16 ],
			"to": [ 9, 8.5, -8 ],
			"faces": {
				"down": { "uv": [ 2, 15, 10, 15.5 ], "texture": "#attachments", "rotation": 270 },
				"up": { "uv": [ 2, 15, 10, 14.5 ], "texture": "#attachments", "rotation": 90 },
				"north": { "uv": [ 2, 14.5, 2.5, 15.5 ], "texture": "#attachments" },
				"south": { "uv": [ 10, 14.5, 9.5, 15.5 ], "texture": "#attachments" },
				"west": { "uv": [ 2, 14.5, 10, 15.5 ], "texture": "#attachments" },
				"east": { "uv": [ 10, 14.5, 2, 15.5 ], "texture": "#attachments" }
			}
		},
		{
			"__comment": "suppressor4",
			"from": [ 7.5, 7.5, -15.5 ],
			"to": [ 8.5, 8.5, -15 ],
			"faces": {
				"down": { "uv": [ 1.5, 15, 0.5, 15.5 ], "texture": "#attachments" },
				"up": { "uv": [ 1.5, 15, 0.5, 14.5 ], "texture": "#attachments" },
				"north": { "uv": [ 0.5, 14.5, 1.5, 15.5 ], "texture": "#attachments" },
				"south": { "uv": [ 1.5, 14.5, 0.5, 15.5 ], "texture": "#attachments" },
				"west": { "uv": [ 1.5, 14.5, 2, 15.5 ], "texture": "#attachments" },
				"east": { "uv": [ 0.5, 14.5, 0, 15.5 ], "texture": "#attachments" }
			}
		},
		{
			"__comment": "suppressor5",
			"from": [ 7.5, 7.5, -9 ],
			"to": [ 8.5, 8.5, -8.5 ],
			"faces": {
				"down": { "uv": [ 1.5, 15, 0.5, 15.5 ], "texture": "#attachments" },
				"up": { "uv": [ 1.5, 15, 0.5, 14.5 ], "texture": "#attachments" },
				"north": { "uv": [ 0.5, 14.5, 1.5, 15.5 ], "texture": "#attachments" },
				"south": { "uv": [ 1.5, 14.5, 0.5, 15.5 ], "texture": "#attachments" },
				"west": { "uv": [ 1.5, 14.5, 2, 15.5 ], "texture": "#attachments" },
				"east": { "uv": [ 0.5, 14.5, 0, 15.5 ], "texture": "#attachments" }
			}
		},
		{
			"__comment": "svd",
			"from": [ 7.5, 7.5, -8 ],
			"to": [ 8.5, 8.5, 0 ],
			"faces": {
				"down": { "uv": [ 0, 8, 4, 8.25 ], "texture": "#svd", "rotation": 270 },
				"up": { "uv": [ 0, 8, 4, 7.75 ], "texture": "#svd", "rotation": 90 },
				"north": { "uv": [ 0, 7.75, 0.25, 8.25 ], "texture": "#svd" },
				"south": { "uv": [ 4, 7.75, 3.75, 8.25 ], "texture": "#svd" },
				"west": { "uv": [ 0, 7.75, 4, 8.25 ], "texture": "#svd" },
				"east": { "uv": [ 4, 7.75, 0, 8.25 ], "texture": "#svd" }
			}
		},
		{
			"__comment": "svd1",
			"from": [ 7.5, 8.5, 23 ],
			"to": [ 8.5, 9, 24 ],
			"faces": {
				"down": { "uv": [ 15.5, 7.5, 16, 7.75 ], "texture": "#svd", "rotation": 270 },
				"up": { "uv": [ 15.5, 7.75, 16, 7.5 ], "texture": "#svd", "rotation": 90 },
				"north": { "uv": [ 15.5, 7.5, 15.75, 7.75 ], "texture": "#svd" },
				"south": { "uv": [ 16, 7.5, 15.75, 7.75 ], "texture": "#svd" },
				"west": { "uv": [ 15.5, 7.5, 16, 7.75 ], "texture": "#svd" },
				"east": { "uv": [ 16, 7.5, 15.5, 7.75 ], "texture": "#svd" }
			}
		},
		{
			"__comment": "svd2",
			"from": [ 7.5, 8, 22.5 ],
			"to": [ 8.5, 8.5, 23 ],
			"faces": {
				"down": { "uv": [ 15.25, 7.75, 15.5, 8 ], "texture": "#svd", "rotation": 270 },
				"up": { "uv": [ 15.25, 8, 15.5, 7.75 ], "texture": "#svd", "rotation": 90 },
				"north": { "uv": [ 15.25, 7.75, 15.5, 8 ], "texture": "#svd" },
				"south": { "uv": [ 15.5, 7.75, 15.25, 8 ], "texture": "#svd" },
				"west": { "uv": [ 15.25, 7.75, 15.5, 8 ], "texture": "#svd" },
				"east": { "uv": [ 15.5, 7.75, 15.25, 8 ], "texture": "#svd" }
			}
		},
		{
			"__comment": "svd3",
			"from": [ 7.5, 7.5, 22 ],
			"to": [ 8.5, 8, 22.5 ],
			"faces": {
				"down": { "uv": [ 15, 8, 15.25, 8.25 ], "texture": "#svd", "rotation": 270 },
				"up": { "uv": [ 15, 8.25, 15.25, 8 ], "texture": "#svd", "rotation": 90 },
				"north": { "uv": [ 15, 8, 15.25, 8.25 ], "texture": "#svd" },
				"south": { "uv": [ 15.25, 8, 15, 8.25 ], "texture": "#svd" },
				"west": { "uv": [ 15, 8, 15.25, 8.25 ], "texture": "#svd" },
				"east": { "uv": [ 15.25, 8, 15, 8.25 ], "texture": "#svd" }
			}
		},
		{
			"__comment": "svd4",
			"from": [ 7.5, 4, 23 ],
			"to": [ 8.5, 4.5, 24 ],
			"faces": {
				"down": { "uv": [ 15.5, 9.75, 16, 10 ], "texture": "#svd", "rotation": 270 },
				"up": { "uv": [ 15.5, 10, 16, 9.75 ], "texture": "#svd", "rotation": 90 },
				"north": { "uv": [ 15.5, 9.75, 15.75, 10 ], "texture": "#svd" },
				"south": { "uv": [ 16, 9.75, 15.75, 10 ], "texture": "#svd" },
				"west": { "uv": [ 15.5, 9.75, 16, 10 ], "texture": "#svd" },
				"east": { "uv": [ 16, 9.75, 15.5, 10 ], "texture": "#svd" }
			}
		},
		{
			"__comment": "svd5",
			"from": [ 7.5, 4.5, 16.5 ],
			"to": [ 8.5, 5.5, 23 ],
			"faces": {
				"down": { "uv": [ 12.25, 9.5, 15.5, 9.75 ], "texture": "#svd", "rotation": 270 },
				"up": { "uv": [ 12.25, 9.5, 15.5, 9.25 ], "texture": "#svd", "rotation": 90 },
				"north": { "uv": [ 12.25, 9.25, 12.5, 9.75 ], "texture": "#svd" },
				"south": { "uv": [ 15.5, 9.25, 15.25, 9.75 ], "texture": "#svd" },
				"west": { "uv": [ 12.25, 9.25, 15.5, 9.75 ], "texture": "#svd" },
				"east": { "uv": [ 15.5, 9.25, 12.25, 9.75 ], "texture": "#svd" }
			}
		},
		{
			"__comment": "svd6",
			"from": [ 7.5, 5.5, 22.5 ],
			"to": [ 8.5, 7, 23 ],
			"faces": {
				"down": { "uv": [ 15.25, 9, 15.5, 9.25 ], "texture": "#svd", "rotation": 270 },
				"up": { "uv": [ 15.25, 8.75, 15.5, 8.5 ], "texture": "#svd", "rotation": 90 },
				"north": { "uv": [ 15.25, 8.5, 15.5, 9.25 ], "texture": "#svd" },
				"south": { "uv": [ 15.5, 8.5, 15.25, 9.25 ], "texture": "#svd" },
				"west": { "uv": [ 15.25, 8.5, 15.5, 9.25 ], "texture": "#svd" },
				"east": { "uv": [ 15.5, 8.5, 15.25, 9.25 ], "texture": "#svd" }
			}
		},
		{
			"__comment": "svd7",
			"from": [ 7.5, 7, 22 ],
			"to": [ 8.5, 7.5, 22.5 ],
			"faces": {
				"down": { "uv": [ 15, 8.25, 15.25, 8.5 ], "texture": "#svd", "rotation": 270 },
				"up": { "uv": [ 15, 8.5, 15.25, 8.25 ], "texture": "#svd", "rotation": 90 },
				"north": { "uv": [ 15, 8.25, 15.25, 8.5 ], "texture": "#svd" },
				"south": { "uv": [ 15.25, 8.25, 15, 8.5 ], "texture": "#svd" },
				"west": { "uv": [ 15, 8.25, 15.25, 8.5 ], "texture": "#svd" },
				"east": { "uv": [ 15.25, 8.25, 15, 8.5 ], "texture": "#svd" }
			}
		},
		{
			"__comment": "svd8",
			"from": [ 7, 8, 23 ],
			"to": [ 9, 8.5, 24 ],
			"faces": {
				"down": { "uv": [ 15.5, 7.75, 16, 8 ], "texture": "#svd", "rotation": 270 },
				"up": { "uv": [ 15.5, 8, 16, 7.75 ], "texture": "#svd", "rotation": 90 },
				"north": { "uv": [ 15.5, 7.75, 15.75, 8 ], "texture": "#svd" },
				"south": { "uv": [ 16, 7.75, 15.75, 8 ], "texture": "#svd" },
				"west": { "uv": [ 15.5, 7.75, 16, 8 ], "texture": "#svd" },
				"east": { "uv": [ 16, 7.75, 15.5, 8 ], "texture": "#svd" }
			}
		},
		{
			"__comment": "svd9",
			"from": [ 7, 7, 22.5 ],
			"to": [ 9, 8, 24 ],
			"faces": {
				"down": { "uv": [ 15.25, 8.25, 16, 8.5 ], "texture": "#svd", "rotation": 270 },
				"up": { "uv": [ 15.25, 8.25, 16, 8 ], "texture": "#svd", "rotation": 90 },
				"north": { "uv": [ 15.25, 8, 15.5, 8.5 ], "texture": "#svd" },
				"south": { "uv": [ 16, 8, 15.75, 8.5 ], "texture": "#svd" },
				"west": { "uv": [ 15.25, 8, 16, 8.5 ], "texture": "#svd" },
				"east": { "uv": [ 16, 8, 15.25, 8.5 ], "texture": "#svd" }
			}
		},
		{
			"__comment": "svd10",
			"from": [ 7, 4.5, 23 ],
			"to": [ 9, 7, 24 ],
			"faces": {
				"down": { "uv": [ 15.5, 9.5, 16, 9.75 ], "texture": "#svd", "rotation": 270 },
				"up": { "uv": [ 15.5, 8.75, 16, 8.5 ], "texture": "#svd", "rotation": 90 },
				"north": { "uv": [ 15.5, 8.5, 15.75, 9.75 ], "texture": "#svd" },
				"south": { "uv": [ 16, 8.5, 15.75, 9.75 ], "texture": "#svd" },
				"west": { "uv": [ 15.5, 8.5, 16, 9.75 ], "texture": "#svd" },
				"east": { "uv": [ 16, 8.5, 15.5, 9.75 ], "texture": "#svd" }
			}
		},
		{
			"__comment": "svd11",
			"from": [ 7.5, 5.5, 21.5 ],
			"to": [ 8.5, 8, 22 ],
			"faces": {
				"down": { "uv": [ 14.75, 9, 15, 9.25 ], "texture": "#svd", "rotation": 270 },
				"up": { "uv": [ 14.75, 8.25, 15, 8 ], "texture": "#svd", "rotation": 90 },
				"north": { "uv": [ 14.75, 8, 15, 9.25 ], "texture": "#svd" },
				"south": { "uv": [ 15, 8, 14.75, 9.25 ], "texture": "#svd" },
				"west": { "uv": [ 14.75, 8, 15, 9.25 ], "texture": "#svd" },
				"east": { "uv": [ 15, 8, 14.75, 9.25 ], "texture": "#svd" }
			}
		},
		{
			"__comment": "svd12",
			"from": [ 7.5, 7.5, 16 ],
			"to": [ 8.5, 8, 18 ],
			"faces": {
				"down": { "uv": [ 12, 8, 13, 8.25 ], "texture": "#svd", "rotation": 270 },
				"up": { "uv": [ 12, 8.25, 13, 8 ], "texture": "#svd", "rotation": 90 },
				"north": { "uv": [ 12, 8, 12.25, 8.25 ], "texture": "#svd" },
				"south": { "uv": [ 13, 8, 12.75, 8.25 ], "texture": "#svd" },
				"west": { "uv": [ 12, 8, 13, 8.25 ], "texture": "#svd" },
				"east": { "uv": [ 13, 8, 12, 8.25 ], "texture": "#svd" }
			}
		},
		{
			"__comment": "svd13",
			"from": [ 7.5, 7.5, 18 ],
			"to": [ 8.5, 9, 21.5 ],
			"faces": {
				"down": { "uv": [ 13, 8, 14.75, 8.25 ], "texture": "#svd", "rotation": 270 },
				"up": { "uv": [ 13, 7.75, 14.75, 7.5 ], "texture": "#svd", "rotation": 90 },
				"north": { "uv": [ 13, 7.5, 13.25, 8.25 ], "texture": "#svd" },
				"south": { "uv": [ 14.75, 7.5, 14.5, 8.25 ], "texture": "#svd" },
				"west": { "uv": [ 13, 7.5, 14.75, 8.25 ], "texture": "#svd" },
				"east": { "uv": [ 14.75, 7.5, 13, 8.25 ], "texture": "#svd" }
			}
		},
		{
			"__comment": "svd14",
			"from": [ 7.5, 4, 15 ],
			"to": [ 8.5, 4.5, 17 ],
			"faces": {
				"down": { "uv": [ 11.5, 9.75, 12.5, 10 ], "texture": "#svd", "rotation": 270 },
				"up": { "uv": [ 11.5, 10, 12.5, 9.75 ], "texture": "#svd", "rotation": 90 },
				"north": { "uv": [ 11.5, 9.75, 11.75, 10 ], "texture": "#svd" },
				"south": { "uv": [ 12.5, 9.75, 12.25, 10 ], "texture": "#svd" },
				"west": { "uv": [ 11.5, 9.75, 12.5, 10 ], "texture": "#svd" },
				"east": { "uv": [ 12.5, 9.75, 11.5, 10 ], "texture": "#svd" }
			}
		},
		{
			"__comment": "svd15",
			"from": [ 7.5, 5.5, 14.5 ],
			"to": [ 8.5, 6, 15 ],
			"faces": {
				"down": { "uv": [ 11.25, 9, 11.5, 9.25 ], "texture": "#svd", "rotation": 270 },
				"up": { "uv": [ 11.25, 9.25, 11.5, 9 ], "texture": "#svd", "rotation": 90 },
				"north": { "uv": [ 11.25, 9, 11.5, 9.25 ], "texture": "#svd" },
				"south": { "uv": [ 11.5, 9, 11.25, 9.25 ], "texture": "#svd" },
				"west": { "uv": [ 11.25, 9, 11.5, 9.25 ], "texture": "#svd" },
				"east": { "uv": [ 11.5, 9, 11.25, 9.25 ], "texture": "#svd" }
			}
		},
		{
			"__comment": "svd16",
			"from": [ 7.5, 6, 14 ],
			"to": [ 8.5, 6.5, 14.5 ],
			"faces": {
				"down": { "uv": [ 11, 8.75, 11.25, 9 ], "texture": "#svd", "rotation": 270 },
				"up": { "uv": [ 11, 9, 11.25, 8.75 ], "texture": "#svd", "rotation": 90 },
				"north": { "uv": [ 11, 8.75, 11.25, 9 ], "texture": "#svd" },
				"south": { "uv": [ 11.25, 8.75, 11, 9 ], "texture": "#svd" },
				"west": { "uv": [ 11, 8.75, 11.25, 9 ], "texture": "#svd" },
				"east": { "uv": [ 11.25, 8.75, 11, 9 ], "texture": "#svd" }
			}
		},
		{
			"__comment": "svd17",
			"from": [ 7.5, 6.5, 13.5 ],
			"to": [ 8.5, 7, 14 ],
			"faces": {
				"down": { "uv": [ 10.75, 8.5, 11, 8.75 ], "texture": "#svd", "rotation": 270 },
				"up": { "uv": [ 10.75, 8.75, 11, 8.5 ], "texture": "#svd", "rotation": 90 },
				"north": { "uv": [ 10.75, 8.5, 11, 8.75 ], "texture": "#svd" },
				"south": { "uv": [ 11, 8.5, 10.75, 8.75 ], "texture": "#svd" },
				"west": { "uv": [ 10.75, 8.5, 11, 8.75 ], "texture": "#svd" },
				"east": { "uv": [ 11, 8.5, 10.75, 8.75 ], "texture": "#svd" }
			}
		},
		{
			"__comment": "svd18",
			"from": [ 7.5, 7, 0 ],
			"to": [ 8.5, 7.5, 13.5 ],
			"faces": {
				"down": { "uv": [ 4, 8.25, 10.75, 8.5 ], "texture": "#svd", "rotation": 270 },
				"up": { "uv": [ 4, 8.5, 10.75, 8.25 ], "texture": "#svd", "rotation": 90 },
				"north": { "uv": [ 4, 8.25, 4.25, 8.5 ], "texture": "#svd" },
				"south": { "uv": [ 10.75, 8.25, 10.5, 8.5 ], "texture": "#svd" },
				"west": { "uv": [ 4, 8.25, 10.75, 8.5 ], "texture": "#svd" },
				"east": { "uv": [ 10.75, 8.25, 4, 8.5 ], "texture": "#svd" }
			}
		},
		{
			"__comment": "svd19",
			"from": [ 7.5, 8, 15.5 ],
			"to": [ 8.5, 8.5, 16 ],
			"faces": {
				"down": { "uv": [ 11.75, 7.75, 12, 8 ], "texture": "#svd", "rotation": 270 },
				"up": { "uv": [ 11.75, 8, 12, 7.75 ], "texture": "#svd", "rotation": 90 },
				"north": { "uv": [ 11.75, 7.75, 12, 8 ], "texture": "#svd" },
				"south": { "uv": [ 12, 7.75, 11.75, 8 ], "texture": "#svd" },
				"west": { "uv": [ 11.75, 7.75, 12, 8 ], "texture": "#svd" },
				"east": { "uv": [ 12, 7.75, 11.75, 8 ], "texture": "#svd" }
			}
		},
		{
			"__comment": "svd20",
			"from": [ 7.5, 8.5, -2 ],
			"to": [ 8.5, 9, 15.5 ],
			"faces": {
				"down": { "uv": [ 3, 7.5, 11.75, 7.75 ], "texture": "#svd", "rotation": 270 },
				"up": { "uv": [ 3, 7.75, 11.75, 7.5 ], "texture": "#svd", "rotation": 90 },
				"north": { "uv": [ 3, 7.5, 3.25, 7.75 ], "texture": "#svd" },
				"south": { "uv": [ 11.75, 7.5, 11.5, 7.75 ], "texture": "#svd" },
				"west": { "uv": [ 3, 7.5, 11.75, 7.75 ], "texture": "#svd" },
				"east": { "uv": [ 11.75, 7.5, 3, 7.75 ], "texture": "#svd" }
			}
		},
		{
			"__comment": "svd21",
			"from": [ 7.5, 9, 12 ],
			"to": [ 8.5, 9.5, 14.5 ],
			"faces": {
				"down": { "uv": [ 10, 7.25, 11.25, 7.5 ], "texture": "#svd", "rotation": 270 },
				"up": { "uv": [ 10, 7.5, 11.25, 7.25 ], "texture": "#svd", "rotation": 90 },
				"north": { "uv": [ 10, 7.25, 10.25, 7.5 ], "texture": "#svd" },
				"south": { "uv": [ 11.25, 7.25, 11, 7.5 ], "texture": "#svd" },
				"west": { "uv": [ 10, 7.25, 11.25, 7.5 ], "texture": "#svd" },
				"east": { "uv": [ 11.25, 7.25, 10, 7.5 ], "texture": "#svd" }
			}
		},
		{
			"__comment": "svd22",
			"from": [ 7.5, 4.5, 15 ],
			"to": [ 8.5, 5.5, 15.5 ],
			"faces": {
				"down": { "uv": [ 11.5, 9.5, 11.75, 9.75 ], "texture": "#svd", "rotation": 270 },
				"up": { "uv": [ 11.5, 9.5, 11.75, 9.25 ], "texture": "#svd", "rotation": 90 },
				"north": { "uv": [ 11.5, 9.25, 11.75, 9.75 ], "texture": "#svd" },
				"south": { "uv": [ 11.75, 9.25, 11.5, 9.75 ], "texture": "#svd" },
				"west": { "uv": [ 11.5, 9.25, 11.75, 9.75 ], "texture": "#svd" },
				"east": { "uv": [ 11.75, 9.25, 11.5, 9.75 ], "texture": "#svd" }
			}
		},
		{
			"__comment": "svd23",
			"from": [ 7.5, 5.5, 16 ],
			"to": [ 8.5, 6.5, 16.5 ],
			"faces": {
				"down": { "uv": [ 12, 9, 12.25, 9.25 ], "texture": "#svd", "rotation": 270 },
				"up": { "uv": [ 12, 9, 12.25, 8.75 ], "texture": "#svd", "rotation": 90 },
				"north": { "uv": [ 12, 8.75, 12.25, 9.25 ], "texture": "#svd" },
				"south": { "uv": [ 12.25, 8.75, 12, 9.25 ], "texture": "#svd" },
				"west": { "uv": [ 12, 8.75, 12.25, 9.25 ], "texture": "#svd" },
				"east": { "uv": [ 12.25, 8.75, 12, 9.25 ], "texture": "#svd" }
			}
		},
		{
			"__comment": "svd24",
			"from": [ 7.5, 6.5, 15.5 ],
			"to": [ 8.5, 7.5, 16 ],
			"faces": {
				"down": { "uv": [ 11.75, 8.5, 12, 8.75 ], "texture": "#svd", "rotation": 270 },
				"up": { "uv": [ 11.75, 8.5, 12, 8.25 ], "texture": "#svd", "rotation": 90 },
				"north": { "uv": [ 11.75, 8.25, 12, 8.75 ], "texture": "#svd" },
				"south": { "uv": [ 12, 8.25, 11.75, 8.75 ], "texture": "#svd" },
				"west": { "uv": [ 11.75, 8.25, 12, 8.75 ], "texture": "#svd" },
				"east": { "uv": [ 12, 8.25, 11.75, 8.75 ], "texture": "#svd" }
			}
		},
		{
			"__comment": "svd25",
			"from": [ 7, 4.5, 15.5 ],
			"to": [ 9, 5.5, 16.5 ],
			"faces": {
				"down": { "uv": [ 11.75, 9.5, 12.25, 9.75 ], "texture": "#svd", "rotation": 270 },
				"up": { "uv": [ 11.75, 9.5, 12.25, 9.25 ], "texture": "#svd", "rotation": 90 },
				"north": { "uv": [ 11.75, 9.25, 12, 9.75 ], "texture": "#svd" },
				"south": { "uv": [ 12.25, 9.25, 12, 9.75 ], "texture": "#svd" },
				"west": { "uv": [ 11.75, 9.25, 12.25, 9.75 ], "texture": "#svd" },
				"east": { "uv": [ 12.25, 9.25, 11.75, 9.75 ], "texture": "#svd" }
			}
		},
		{
			"__comment": "svd26",
			"from": [ 7, 5.5, 15 ],
			"to": [ 9, 6.5, 16 ],
			"faces": {
				"down": { "uv": [ 11.5, 9, 12, 9.25 ], "texture": "#svd", "rotation": 270 },
				"up": { "uv": [ 11.5, 9, 12, 8.75 ], "texture": "#svd", "rotation": 90 },
				"north": { "uv": [ 11.5, 8.75, 11.75, 9.25 ], "texture": "#svd" },
				"south": { "uv": [ 12, 8.75, 11.75, 9.25 ], "texture": "#svd" },
				"west": { "uv": [ 11.5, 8.75, 12, 9.25 ], "texture": "#svd" },
				"east": { "uv": [ 12, 8.75, 11.5, 9.25 ], "texture": "#svd" }
			}
		},
		{
			"__comment": "svd27",
			"from": [ 7, 6, 14.5 ],
			"to": [ 9, 6.5, 15 ],
			"faces": {
				"down": { "uv": [ 11.25, 8.75, 11.5, 9 ], "texture": "#svd", "rotation": 270 },
				"up": { "uv": [ 11.25, 9, 11.5, 8.75 ], "texture": "#svd", "rotation": 90 },
				"north": { "uv": [ 11.25, 8.75, 11.5, 9 ], "texture": "#svd" },
				"south": { "uv": [ 11.5, 8.75, 11.25, 9 ], "texture": "#svd" },
				"west": { "uv": [ 11.25, 8.75, 11.5, 9 ], "texture": "#svd" },
				"east": { "uv": [ 11.5, 8.75, 11.25, 9 ], "texture": "#svd" }
			}
		},
		{
			"__comment": "svd28",
			"from": [ 7, 6.5, 14 ],
			"to": [ 9, 7, 15.5 ],
			"faces": {
				"down": { "uv": [ 11, 8.5, 11.75, 8.75 ], "texture": "#svd", "rotation": 270 },
				"up": { "uv": [ 11, 8.75, 11.75, 8.5 ], "texture": "#svd", "rotation": 90 },
				"north": { "uv": [ 11, 8.5, 11.25, 8.75 ], "texture": "#svd" },
				"south": { "uv": [ 11.75, 8.5, 11.5, 8.75 ], "texture": "#svd" },
				"west": { "uv": [ 11, 8.5, 11.75, 8.75 ], "texture": "#svd" },
				"east": { "uv": [ 11.75, 8.5, 11, 8.75 ], "texture": "#svd" }
			}
		},
		{
			"__comment": "svd29",
			"from": [ 7, 7, 13.5 ],
			"to": [ 9, 7.5, 15.5 ],
			"faces": {
				"down": { "uv": [ 10.75, 8.25, 11.75, 8.5 ], "texture": "#svd", "rotation": 270 },
				"up": { "uv": [ 10.75, 8.5, 11.75, 8.25 ], "texture": "#svd", "rotation": 90 },
				"north": { "uv": [ 10.75, 8.25, 11, 8.5 ], "texture": "#svd" },
				"south": { "uv": [ 11.75, 8.25, 11.5, 8.5 ], "texture": "#svd" },
				"west": { "uv": [ 10.75, 8.25, 11.75, 8.5 ], "texture": "#svd" },
				"east": { "uv": [ 11.75, 8.25, 10.75, 8.5 ], "texture": "#svd" }
			}
		},
		{
			"__comment": "svd30",
			"from": [ 7, 7.5, 0 ],
			"to": [ 9, 8, 16 ],
			"faces": {
				"down": { "uv": [ 4, 8, 12, 8.25 ], "texture": "#svd", "rotation": 270 },
				"up": { "uv": [ 4, 8.25, 12, 8 ], "texture": "#svd", "rotation": 90 },
				"north": { "uv": [ 4, 8, 4.25, 8.25 ], "texture": "#svd" },
				"south": { "uv": [ 12, 8, 11.75, 8.25 ], "texture": "#svd" },
				"west": { "uv": [ 4, 8, 12, 8.25 ], "texture": "#svd" },
				"east": { "uv": [ 12, 8, 4, 8.25 ], "texture": "#svd" }
			}
		},
		{
			"__comment": "svd31",
			"from": [ 7, 8, 0 ],
			"to": [ 9, 8.5, 15.5 ],
			"faces": {
				"down": { "uv": [ 4, 7.75, 11.75, 8 ], "texture": "#svd", "rotation": 270 },
				"up": { "uv": [ 4, 8, 11.75, 7.75 ], "texture": "#svd", "rotation": 90 },
				"north": { "uv": [ 4, 7.75, 4.25, 8 ], "texture": "#svd" },
				"south": { "uv": [ 11.75, 7.75, 11.5, 8 ], "texture": "#svd" },
				"west": { "uv": [ 4, 7.75, 11.75, 8 ], "texture": "#svd" },
				"east": { "uv": [ 11.75, 7.75, 4, 8 ], "texture": "#svd" }
			}
		},
		{
			"__comment": "svd32",
			"from": [ 7.5, 8.5, -6.5 ],
			"to": [ 8.5, 9.5, -6 ],
			"faces": {
				"down": { "uv": [ 0.75, 7.5, 1, 7.75 ], "texture": "#svd", "rotation": 270 },
				"up": { "uv": [ 0.75, 7.5, 1, 7.25 ], "texture": "#svd", "rotation": 90 },
				"north": { "uv": [ 0.75, 7.25, 1, 7.75 ], "texture": "#svd" },
				"south": { "uv": [ 1, 7.25, 0.75, 7.75 ], "texture": "#svd" },
				"west": { "uv": [ 0.75, 7.25, 1, 7.75 ], "texture": "#svd" },
				"east": { "uv": [ 1, 7.25, 0.75, 7.75 ], "texture": "#svd" }
			}
		},
		{
			"__comment": "svd33",
			"from": [ 7.5, 8.5, -6 ],
			"to": [ 8.5, 9, -5.5 ],
			"faces": {
				"down": { "uv": [ 1, 7.5, 1.25, 7.75 ], "texture": "#svd", "rotation": 270 },
				"up": { "uv": [ 1, 7.75, 1.25, 7.5 ], "texture": "#svd", "rotation": 90 },
				"north": { "uv": [ 1, 7.5, 1.25, 7.75 ], "texture": "#svd" },
				"south": { "uv": [ 1.25, 7.5, 1, 7.75 ], "texture": "#svd" },
				"west": { "uv": [ 1, 7.5, 1.25, 7.75 ], "texture": "#svd" },
				"east": { "uv": [ 1.25, 7.5, 1, 7.75 ], "texture": "#svd" }
			}
		},
		{
			"__comment": "svd34",
			"from": [ 7.5, 6, 13 ],
			"to": [ 8.5, 6.5, 13.5 ],
			"faces": {
				"down": { "uv": [ 10.5, 8.75, 10.75, 9 ], "texture": "#svd", "rotation": 270 },
				"up": { "uv": [ 10.5, 9, 10.75, 8.75 ], "texture": "#svd", "rotation": 90 },
				"north": { "uv": [ 10.5, 8.75, 10.75, 9 ], "texture": "#svd" },
				"south": { "uv": [ 10.75, 8.75, 10.5, 9 ], "texture": "#svd" },
				"west": { "uv": [ 10.5, 8.75, 10.75, 9 ], "texture": "#svd" },
				"east": { "uv": [ 10.75, 8.75, 10.5, 9 ], "texture": "#svd" }
			}
		},
		{
			"__comment": "svd35",
			"from": [ 7.5, 5.5, 12.5 ],
			"to": [ 8.5, 6, 14 ],
			"faces": {
				"down": { "uv": [ 10.25, 9, 11, 9.25 ], "texture": "#svd", "rotation": 270 },
				"up": { "uv": [ 10.25, 9.25, 11, 9 ], "texture": "#svd", "rotation": 90 },
				"north": { "uv": [ 10.25, 9, 10.5, 9.25 ], "texture": "#svd" },
				"south": { "uv": [ 11, 9, 10.75, 9.25 ], "texture": "#svd" },
				"west": { "uv": [ 10.25, 9, 11, 9.25 ], "texture": "#svd" },
				"east": { "uv": [ 11, 9, 10.25, 9.25 ], "texture": "#svd" }
			}
		},
		{
			"__comment": "svd36",
			"from": [ 7.5, 6, 12 ],
			"to": [ 8.5, 7, 12.5 ],
			"faces": {
				"down": { "uv": [ 10, 8.75, 10.25, 9 ], "texture": "#svd", "rotation": 270 },
				"up": { "uv": [ 10, 8.75, 10.25, 8.5 ], "texture": "#svd", "rotation": 90 },
				"north": { "uv": [ 10, 8.5, 10.25, 9 ], "texture": "#svd" },
				"south": { "uv": [ 10.25, 8.5, 10, 9 ], "texture": "#svd" },
				"west": { "uv": [ 10, 8.5, 10.25, 9 ], "texture": "#svd" },
				"east": { "uv": [ 10.25, 8.5, 10, 9 ], "texture": "#svd" }
			}
		},
		{
			"__comment": "svd37",
			"from": [ 7, 6, 11 ],
			"to": [ 9, 7.5, 11.5 ],
			"faces": {
				"down": { "uv": [ 9.5, 8.75, 9.75, 9 ], "texture": "#svd", "rotation": 270 },
				"up": { "uv": [ 9.5, 8.5, 9.75, 8.25 ], "texture": "#svd", "rotation": 90 },
				"north": { "uv": [ 9.5, 8.25, 9.75, 9 ], "texture": "#svd" },
				"south": { "uv": [ 9.75, 8.25, 9.5, 9 ], "texture": "#svd" },
				"west": { "uv": [ 9.5, 8.25, 9.75, 9 ], "texture": "#svd" },
				"east": { "uv": [ 9.75, 8.25, 9.5, 9 ], "texture": "#svd" }
			}
		},
		{
			"__comment": "svd42",
			"from": [ 7, 7, 9.5 ],
			"to": [ 9, 7.5, 10.5 ],
			"faces": {
				"down": { "uv": [ 8.75, 8.25, 9.25, 8.5 ], "texture": "#svd", "rotation": 270 },
				"up": { "uv": [ 8.75, 8.5, 9.25, 8.25 ], "texture": "#svd", "rotation": 90 },
				"north": { "uv": [ 8.75, 8.25, 9, 8.5 ], "texture": "#svd" },
				"south": { "uv": [ 9.25, 8.25, 9, 8.5 ], "texture": "#svd" },
				"west": { "uv": [ 8.75, 8.25, 9.25, 8.5 ], "texture": "#svd" },
				"east": { "uv": [ 9.25, 8.25, 8.75, 8.5 ], "texture": "#svd" }
			}
		},
		{
			"__comment": "svd43",
			"from": [ 7, 8.5, 9.5 ],
			"to": [ 7.5, 10, 10.5 ],
			"faces": {
				"down": { "uv": [ 8.75, 7.5, 9.25, 7.75 ], "texture": "#svd", "rotation": 270 },
				"up": { "uv": [ 8.75, 7.25, 9.25, 7 ], "texture": "#svd", "rotation": 90 },
				"north": { "uv": [ 8.75, 7, 9, 7.75 ], "texture": "#svd" },
				"south": { "uv": [ 9.25, 7, 9, 7.75 ], "texture": "#svd" },
				"west": { "uv": [ 8.75, 7, 9.25, 7.75 ], "texture": "#svd" },
				"east": { "uv": [ 9.25, 7, 8.75, 7.75 ], "texture": "#svd" }
			}
		},
		{
			"__comment": "svd44",
			"from": [ 8.5, 8.5, 9.5 ],
			"to": [ 9, 10, 10.5 ],
			"faces": {
				"down": { "uv": [ 8.75, 7.5, 9.25, 7.75 ], "texture": "#svd", "rotation": 270 },
				"up": { "uv": [ 8.75, 7.25, 9.25, 7 ], "texture": "#svd", "rotation": 90 },
				"north": { "uv": [ 8.75, 7, 9, 7.75 ], "texture": "#svd" },
				"south": { "uv": [ 9.25, 7, 9, 7.75 ], "texture": "#svd" },
				"west": { "uv": [ 8.75, 7, 9.25, 7.75 ], "texture": "#svd" },
				"east": { "uv": [ 9.25, 7, 8.75, 7.75 ], "texture": "#svd" }
			}
		},
		{
			"__comment": "svd45",
			"from": [ 7.5, 10, 6.5 ],
			"to": [ 8.5, 11, 14.5 ],
			"faces": {
				"down": { "uv": [ 7.25, 6.75, 11.25, 7 ], "texture": "#svd", "rotation": 270 },
				"up": { "uv": [ 7.25, 6.75, 11.25, 6.5 ], "texture": "#svd", "rotation": 90 },
				"north": { "uv": [ 15.75, 15.75, 16, 16 ], "texture": "#svd" },
				"south": { "uv": [ 11.25, 6.5, 11, 7 ], "texture": "#svd" },
				"west": { "uv": [ 7.25, 6.5, 11.25, 7 ], "texture": "#svd" },
				"east": { "uv": [ 11.25, 6.5, 7.25, 7 ], "texture": "#svd" }
			}
		},
		{
			"__comment": "svd46",
			"from": [ 7.5, 11, 9.5 ],
			"to": [ 8.5, 11.5, 10.5 ],
			"faces": {
				"down": { "uv": [ 8.75, 6.25, 9.25, 6.5 ], "texture": "#svd", "rotation": 270 },
				"up": { "uv": [ 8.75, 6.5, 9.25, 6.25 ], "texture": "#svd", "rotation": 90 },
				"north": { "uv": [ 8.75, 6.25, 9, 6.5 ], "texture": "#svd" },
				"south": { "uv": [ 9.25, 6.25, 9, 6.5 ], "texture": "#svd" },
				"west": { "uv": [ 8.75, 6.25, 9.25, 6.5 ], "texture": "#svd" },
				"east": { "uv": [ 9.25, 6.25, 8.75, 6.5 ], "texture": "#svd" }
			}
		},
		{
			"__comment": "svd47",
			"from": [ 7.5, 9.5, 9.5 ],
			"to": [ 8.5, 10, 10.5 ],
			"faces": {
				"down": { "uv": [ 8.75, 7, 9.25, 7.25 ], "texture": "#svd", "rotation": 270 },
				"up": { "uv": [ 8.75, 7.25, 9.25, 7 ], "texture": "#svd", "rotation": 90 },
				"north": { "uv": [ 8.75, 7, 9, 7.25 ], "texture": "#svd" },
				"south": { "uv": [ 9.25, 7, 9, 7.25 ], "texture": "#svd" },
				"west": { "uv": [ 8.75, 7, 9.25, 7.25 ], "texture": "#svd" },
				"east": { "uv": [ 9.25, 7, 8.75, 7.25 ], "texture": "#svd" }
			}
		},
		{
			"__comment": "svd48",
			"from": [ 7.5, 9.5, 11 ],
			"to": [ 8.5, 10, 12 ],
			"faces": {
				"down": { "uv": [ 9.5, 7, 10, 7.25 ], "texture": "#svd", "rotation": 270 },
				"up": { "uv": [ 9.5, 7.25, 10, 7 ], "texture": "#svd", "rotation": 90 },
				"north": { "uv": [ 9.5, 7, 9.75, 7.25 ], "texture": "#svd" },
				"south": { "uv": [ 10, 7, 9.75, 7.25 ], "texture": "#svd" },
				"west": { "uv": [ 9.5, 7, 10, 7.25 ], "texture": "#svd" },
				"east": { "uv": [ 10, 7, 9.5, 7.25 ], "texture": "#svd" }
			}
		},
		{
			"__comment": "svd49",
			"from": [ 7.5, 11, 11 ],
			"to": [ 8.5, 12, 12 ],
			"faces": {
				"down": { "uv": [ 9.5, 6.25, 10, 6.5 ], "texture": "#svd", "rotation": 270 },
				"up": { "uv": [ 9.5, 6.25, 10, 6 ], "texture": "#svd", "rotation": 90 },
				"north": { "uv": [ 9.5, 6, 9.75, 6.5 ], "texture": "#svd" },
				"south": { "uv": [ 10, 6, 9.75, 6.5 ], "texture": "#svd" },
				"west": { "uv": [ 9.5, 6, 10, 6.5 ], "texture": "#svd" },
				"east": { "uv": [ 10, 6, 9.5, 6.5 ], "texture": "#svd" }
			}
		},
		{
			"__comment": "svd50",
			"from": [ 7, 10, 11 ],
			"to": [ 7.5, 11, 12 ],
			"faces": {
				"down": { "uv": [ 9.5, 6.75, 10, 7 ], "texture": "#svd", "rotation": 270 },
				"up": { "uv": [ 9.5, 6.75, 10, 6.5 ], "texture": "#svd", "rotation": 90 },
				"north": { "uv": [ 9.5, 6.5, 9.75, 7 ], "texture": "#svd" },
				"south": { "uv": [ 10, 6.5, 9.75, 7 ], "texture": "#svd" },
				"west": { "uv": [ 9.5, 6.5, 10, 7 ], "texture": "#svd" },
				"east": { "uv": [ 10, 6.5, 9.5, 7 ], "texture": "#svd" }
			}
		},
		{
			"__comment": "svd51",
			"from": [ 8.5, 10, 11 ],
			"to": [ 9, 11, 12 ],
			"faces": {
				"down": { "uv": [ 9.5, 6.75, 10, 7 ], "texture": "#svd", "rotation": 270 },
				"up": { "uv": [ 9.5, 6.75, 10, 6.5 ], "texture": "#svd", "rotation": 90 },
				"north": { "uv": [ 9.5, 6.5, 9.75, 7 ], "texture": "#svd" },
				"south": { "uv": [ 10, 6.5, 9.75, 7 ], "texture": "#svd" },
				"west": { "uv": [ 9.5, 6.5, 10, 7 ], "texture": "#svd" },
				"east": { "uv": [ 10, 6.5, 9.5, 7 ], "texture": "#svd" }
			}
		},
		{
			"__comment": "svd52",
			"from": [ 7, 8.5, 12.5 ],
			"to": [ 7.5, 10, 13.5 ],
			"faces": {
				"down": { "uv": [ 10.25, 7.5, 10.75, 7.75 ], "texture": "#svd", "rotation": 270 },
				"up": { "uv": [ 10.25, 7.25, 10.75, 7 ], "texture": "#svd", "rotation": 90 },
				"north": { "uv": [ 10.25, 7, 10.5, 7.75 ], "texture": "#svd" },
				"south": { "uv": [ 10.75, 7, 10.5, 7.75 ], "texture": "#svd" },
				"west": { "uv": [ 10.25, 7, 10.75, 7.75 ], "texture": "#svd" },
				"east": { "uv": [ 10.75, 7, 10.25, 7.75 ], "texture": "#svd" }
			}
		},
		{
			"__comment": "svd53",
			"from": [ 8.5, 8.5, 12.5 ],
			"to": [ 9, 10, 13.5 ],
			"faces": {
				"down": { "uv": [ 10.25, 7.5, 10.75, 7.75 ], "texture": "#svd", "rotation": 270 },
				"up": { "uv": [ 10.25, 7.25, 10.75, 7 ], "texture": "#svd", "rotation": 90 },
				"north": { "uv": [ 10.25, 7, 10.5, 7.75 ], "texture": "#svd" },
				"south": { "uv": [ 10.75, 7, 10.5, 7.75 ], "texture": "#svd" },
				"west": { "uv": [ 10.25, 7, 10.75, 7.75 ], "texture": "#svd" },
				"east": { "uv": [ 10.75, 7, 10.25, 7.75 ], "texture": "#svd" }
			}
		},
		{
			"__comment": "svd54",
			"from": [ 7, 8.5, 13.5 ],
			"to": [ 9, 9, 14.5 ],
			"faces": {
				"down": { "uv": [ 10.75, 7.5, 11.25, 7.75 ], "texture": "#svd", "rotation": 270 },
				"up": { "uv": [ 10.75, 7.75, 11.25, 7.5 ], "texture": "#svd", "rotation": 90 },
				"north": { "uv": [ 10.75, 7.5, 11, 7.75 ], "texture": "#svd" },
				"south": { "uv": [ 11.25, 7.5, 11, 7.75 ], "texture": "#svd" },
				"west": { "uv": [ 10.75, 7.5, 11.25, 7.75 ], "texture": "#svd" },
				"east": { "uv": [ 11.25, 7.5, 10.75, 7.75 ], "texture": "#svd" }
			}
		},
		{
			"__comment": "svd55",
			"from": [ 7.5, 11, 14.5 ],
			"to": [ 8.5, 11.5, 17.5 ],
			"faces": {
				"down": { "uv": [ 11.25, 6.25, 12.75, 6.5 ], "texture": "#svd", "rotation": 270 },
				"up": { "uv": [ 11.25, 6.5, 12.75, 6.25 ], "texture": "#svd", "rotation": 90 },
				"north": { "uv": [ 11.25, 6.25, 11.5, 6.5 ], "texture": "#svd" },
				"south": { "uv": [ 12.75, 6.25, 12.5, 6.5 ], "texture": "#svd" },
				"west": { "uv": [ 11.25, 6.25, 12.75, 6.5 ], "texture": "#svd" },
				"east": { "uv": [ 12.75, 6.25, 11.25, 6.5 ], "texture": "#svd" }
			}
		},
		{
			"__comment": "svd56",
			"from": [ 7.5, 9.5, 14.5 ],
			"to": [ 8.5, 10, 17.5 ],
			"faces": {
				"down": { "uv": [ 11.25, 7, 12.75, 7.25 ], "texture": "#svd", "rotation": 270 },
				"up": { "uv": [ 11.25, 7.25, 12.75, 7 ], "texture": "#svd", "rotation": 90 },
				"north": { "uv": [ 11.25, 7, 11.5, 7.25 ], "texture": "#svd" },
				"south": { "uv": [ 12.75, 7, 12.5, 7.25 ], "texture": "#svd" },
				"west": { "uv": [ 11.25, 7, 12.75, 7.25 ], "texture": "#svd" },
				"east": { "uv": [ 12.75, 7, 11.25, 7.25 ], "texture": "#svd" }
			}
		},
		{
			"__comment": "svd57",
			"from": [ 7, 10, 14.5 ],
			"to": [ 7.5, 11, 17.5 ],
			"faces": {
				"down": { "uv": [ 11.25, 6.75, 12.75, 7 ], "texture": "#svd", "rotation": 270 },
				"up": { "uv": [ 11.25, 6.75, 12.75, 6.5 ], "texture": "#svd", "rotation": 90 },
				"north": { "uv": [ 11.25, 6.5, 11.5, 7 ], "texture": "#svd" },
				"south": { "uv": [ 12.75, 6.5, 12.5, 7 ], "texture": "#svd" },
				"west": { "uv": [ 11.25, 6.5, 12.75, 7 ], "texture": "#svd" },
				"east": { "uv": [ 12.75, 6.5, 11.25, 7 ], "texture": "#svd" }
			}
		},
		{
			"__comment": "svd58",
			"from": [ 8.5, 10, 14.5 ],
			"to": [ 9, 11, 17.5 ],
			"faces": {
				"down": { "uv": [ 11.25, 6.75, 12.75, 7 ], "texture": "#svd", "rotation": 270 },
				"up": { "uv": [ 11.25, 6.75, 12.75, 6.5 ], "texture": "#svd", "rotation": 90 },
				"north": { "uv": [ 11.25, 6.5, 11.5, 7 ], "texture": "#svd" },
				"south": { "uv": [ 12.75, 6.5, 12.5, 7 ], "texture": "#svd" },
				"west": { "uv": [ 11.25, 6.5, 12.75, 7 ], "texture": "#svd" },
				"east": { "uv": [ 12.75, 6.5, 11.25, 7 ], "texture": "#svd" }
			}
		},
		{
			"__comment": "svd59",
			"from": [ 7.5, 10, 16.5 ],
			"to": [ 8.5, 11, 17 ],
			"faces": {
				"down": { "uv": [ 15.75, 15.75, 16, 16 ], "texture": "#svd", "rotation": 270 },
				"up": { "uv": [ 15.75, 16, 16, 15.75 ], "texture": "#svd", "rotation": 90 },
				"north": { "uv": [ 15.75, 15.75, 16, 16 ], "texture": "#svd" },
				"south": { "uv": [ 16, 15.75, 15.75, 16 ], "texture": "#svd" },
				"west": { "uv": [ 15.75, 15.75, 16, 16 ], "texture": "#svd" },
				"east": { "uv": [ 16, 15.75, 15.75, 16 ], "texture": "#svd" }
			}
		}
	],
	"display": {
		"thirdperson_righthand": {
			"translation":  [ 0, 0.75, -3.375 ],
			"scale":  [ 0.75, 0.75, 0.75 ]
		},
		"thirdperson_lefthand": {
			"translation":  [ 0, -4.75, 8 ],
			"scale":  [ 0.75, 0.75, 0.75 ]
		},
		"firstperson_righthand": {
			"rotation":  [ 30, 0, -30 ],
			"translation":  [ -6, 3, -4.5 ]
		},
		"firstperson_lefthand": {
			"scale":  [ 0.0001, 0.0001, 0.0001 ]
		},
		"gui": {
			"rotation":  [ 30, 135, 0 ],
			"scale":  [ 0.5, 0.5, 0.5 ]
		},
		"head": {
			"scale":  [ 0.0001, 0.0001, 0.0001 ]
		},
		"ground": {
			"rotation":  [ 0, 0, 90 ],
			"scale":  [ 0.75, 0.75, 0.75 ]
		},
		"fixed": {
			"rotation":  [ 0, -90, 0 ],
			"scale":  [ 1.5, 1.5, 1.5 ]
		}
	}
}