{
	"__comment": "Designed by Optimus0812 with BDcraft Cubik PRO 0.96 Beta - http://bdcraft.net",
	"textures": {
		"trumpet": "dayz/weapon/gun/rifle/trumpet"
	},
	"elements": [ 	 
		{
			"__comment": "trumpet",
			"from": [ 7.5, 8.5, -7.5 ],
			"to": [ 8.5, 9, -7 ],
			"faces": {
				"up": { "uv": [ 0.25, 7.75, 0.5, 7.5 ], "texture": "#trumpet", "rotation": 90 },
				"north": { "uv": [ 0.25, 7.5, 0.5, 7.75 ], "texture": "#trumpet" },
				"south": { "uv": [ 0.5, 7.5, 0.25, 7.75 ], "texture": "#trumpet" },
				"west": { "uv": [ 0.25, 7.5, 0.5, 7.75 ], "texture": "#trumpet" },
				"east": { "uv": [ 0.5, 7.5, 0.25, 7.75 ], "texture": "#trumpet" }
			}
		},
		{
			"__comment": "trumpet1",
			"from": [ 7.5, 6.5, -2 ],
			"to": [ 8.5, 7.5, 2.5 ],
			"faces": {
				"down": { "uv": [ 3, 8.5, 5.25, 8.75 ], "texture": "#trumpet", "rotation": 270 },
				"north": { "uv": [ 3, 8.25, 3.25, 8.75 ], "texture": "#trumpet" },
				"west": { "uv": [ 3, 8.25, 5.25, 8.75 ], "texture": "#trumpet" },
				"east": { "uv": [ 5.25, 8.25, 3, 8.75 ], "texture": "#trumpet" }
			}
		},
		{
			"__comment": "trumpet2",
			"from": [ 7, 6, 2.5 ],
			"to": [ 9, 7.5, 7 ],
			"faces": {
				"down": { "uv": [ 5.25, 8.75, 7.5, 9 ], "texture": "#trumpet", "rotation": 270 },
				"up": { "uv": [ 5.25, 8.5, 7.5, 8.25 ], "texture": "#trumpet", "rotation": 90 },
				"north": { "uv": [ 5.25, 8.25, 5.5, 9 ], "texture": "#trumpet" },
				"south": { "uv": [ 7.5, 8.25, 7.25, 9 ], "texture": "#trumpet" },
				"west": { "uv": [ 5.25, 8.25, 7.5, 9 ], "texture": "#trumpet" },
				"east": { "uv": [ 7.5, 8.25, 5.25, 9 ], "texture": "#trumpet" }
			}
		},
		{
			"__comment": "trumpet3",
			"from": [ 7.5, 6, 7 ],
			"to": [ 8.5, 7.5, 8 ],
			"faces": {
				"down": { "uv": [ 7.5, 8.75, 8, 9 ], "texture": "#trumpet", "rotation": 270 },
				"west": { "uv": [ 7.5, 8.25, 8, 9 ], "texture": "#trumpet" },
				"east": { "uv": [ 8, 8.25, 7.5, 9 ], "texture": "#trumpet" }
			}
		},
		{
			"__comment": "trumpet4",
			"from": [ 7.5, 6, 8 ],
			"to": [ 8.5, 7.5, 9 ],
			"faces": {
				"down": { "uv": [ 8, 8.75, 8.5, 9 ], "texture": "#trumpet", "rotation": 270 },
				"south": { "uv": [ 8.5, 8.25, 8.25, 9 ], "texture": "#trumpet" },
				"west": { "uv": [ 8, 8.25, 8.5, 9 ], "texture": "#trumpet" },
				"east": { "uv": [ 8.5, 8.25, 8, 9 ], "texture": "#trumpet" }
			}
		},
		{
			"__comment": "trumpet5",
			"from": [ 7.5, 7.5, 8 ],
			"to": [ 8.5, 8.5, 9 ],
			"faces": {
				"up": { "uv": [ 8, 8, 8.5, 7.75 ], "texture": "#trumpet", "rotation": 90 },
				"west": { "uv": [ 8, 7.75, 8.5, 8.25 ], "texture": "#trumpet" },
				"east": { "uv": [ 8.5, 7.75, 8, 8.25 ], "texture": "#trumpet" }
			}
		},
		{
			"__comment": "trumpet6",
			"from": [ 7, 6.5, 9 ],
			"to": [ 9, 8, 12 ],
			"faces": {
				"up": { "uv": [ 8.5, 8.25, 10, 8 ], "texture": "#trumpet", "rotation": 90 },
				"north": { "uv": [ 8.5, 8, 8.75, 8.75 ], "texture": "#trumpet" },
				"south": { "uv": [ 10, 8, 9.75, 8.75 ], "texture": "#trumpet" },
				"west": { "uv": [ 8.5, 8, 10, 8.75 ], "texture": "#trumpet" },
				"east": { "uv": [ 10, 8, 8.5, 8.75 ], "texture": "#trumpet" }
			}
		},
		{
			"__comment": "trumpet7",
			"from": [ 7, 6, 9 ],
			"to": [ 9, 6.5, 12.5 ],
			"faces": {
				"down": { "uv": [ 8.5, 8.75, 10.25, 9 ], "texture": "#trumpet", "rotation": 270 },
				"up": { "uv": [ 8.5, 9, 10.25, 8.75 ], "texture": "#trumpet", "rotation": 90 },
				"north": { "uv": [ 8.5, 8.75, 8.75, 9 ], "texture": "#trumpet" },
				"west": { "uv": [ 8.5, 8.75, 10.25, 9 ], "texture": "#trumpet" },
				"east": { "uv": [ 10.25, 8.75, 8.5, 9 ], "texture": "#trumpet" }
			}
		},
		{
			"__comment": "trumpet8",
			"from": [ 7.5, 5.5, 9.5 ],
			"to": [ 8.5, 6, 11 ],
			"faces": {
				"down": { "uv": [ 8.75, 9, 9.5, 9.25 ], "texture": "#trumpet", "rotation": 270 },
				"north": { "uv": [ 8.75, 9, 9, 9.25 ], "texture": "#trumpet" },
				"south": { "uv": [ 9.5, 9, 9.25, 9.25 ], "texture": "#trumpet" },
				"west": { "uv": [ 8.75, 9, 9.5, 9.25 ], "texture": "#trumpet" },
				"east": { "uv": [ 9.5, 9, 8.75, 9.25 ], "texture": "#trumpet" }
			}
		},
		{
			"__comment": "trumpet9",
			"from": [ 7.5, 4.5, 10 ],
			"to": [ 8.5, 5.5, 10.5 ],
			"faces": {
				"down": { "uv": [ 9, 9.5, 9.25, 9.75 ], "texture": "#trumpet", "rotation": 270 },
				"north": { "uv": [ 9, 9.25, 9.25, 9.75 ], "texture": "#trumpet" },
				"south": { "uv": [ 9.25, 9.25, 9, 9.75 ], "texture": "#trumpet" },
				"west": { "uv": [ 9, 9.25, 9.25, 9.75 ], "texture": "#trumpet" },
				"east": { "uv": [ 9.25, 9.25, 9, 9.75 ], "texture": "#trumpet" }
			}
		},
		{
			"__comment": "trumpet10",
			"from": [ 7.5, 4, 10.5 ],
			"to": [ 8.5, 4.5, 12.5 ],
			"faces": {
				"down": { "uv": [ 9.25, 9.75, 10.25, 10 ], "texture": "#trumpet", "rotation": 270 },
				"up": { "uv": [ 9.25, 10, 10.25, 9.75 ], "texture": "#trumpet", "rotation": 90 },
				"north": { "uv": [ 9.25, 9.75, 9.5, 10 ], "texture": "#trumpet" },
				"south": { "uv": [ 10.25, 9.75, 10, 10 ], "texture": "#trumpet" },
				"west": { "uv": [ 9.25, 9.75, 10.25, 10 ], "texture": "#trumpet" },
				"east": { "uv": [ 10.25, 9.75, 9.25, 10 ], "texture": "#trumpet" }
			}
		},
		{
			"__comment": "trumpet11",
			"from": [ 7.5, 4.5, 12.5 ],
			"to": [ 8.5, 6, 13 ],
			"faces": {
				"down": { "uv": [ 10.25, 9.5, 10.5, 9.75 ], "texture": "#trumpet", "rotation": 270 },
				"north": { "uv": [ 10.25, 9, 10.5, 9.75 ], "texture": "#trumpet" },
				"south": { "uv": [ 10.5, 9, 10.25, 9.75 ], "texture": "#trumpet" },
				"west": { "uv": [ 10.25, 9, 10.5, 9.75 ], "texture": "#trumpet" },
				"east": { "uv": [ 10.5, 9, 10.25, 9.75 ], "texture": "#trumpet" }
			}
		},
		{
			"__comment": "trumpet12",
			"from": [ 7.5, 5.5, 13 ],
			"to": [ 8.5, 6, 13.5 ],
			"faces": {
				"down": { "uv": [ 10.5, 9, 10.75, 9.25 ], "texture": "#trumpet", "rotation": 270 },
				"west": { "uv": [ 10.5, 9, 10.75, 9.25 ], "texture": "#trumpet" },
				"east": { "uv": [ 10.75, 9, 10.5, 9.25 ], "texture": "#trumpet" }
			}
		},
		{
			"__comment": "trumpet13",
			"from": [ 7.5, 5.5, 11.5 ],
			"to": [ 8.5, 6, 12 ],
			"faces": {
				"down": { "uv": [ 9.75, 9, 10, 9.25 ], "texture": "#trumpet", "rotation": 270 },
				"north": { "uv": [ 9.75, 9, 10, 9.25 ], "texture": "#trumpet" },
				"west": { "uv": [ 9.75, 9, 10, 9.25 ], "texture": "#trumpet" },
				"east": { "uv": [ 10, 9, 9.75, 9.25 ], "texture": "#trumpet" }
			}
		},
		{
			"__comment": "trumpet14",
			"from": [ 7.5, 5, 12 ],
			"to": [ 8.5, 6, 12.5 ],
			"faces": {
				"down": { "uv": [ 10, 9.25, 10.25, 9.5 ], "texture": "#trumpet", "rotation": 270 },
				"north": { "uv": [ 10, 9, 10.25, 9.5 ], "texture": "#trumpet" },
				"west": { "uv": [ 10, 9, 10.25, 9.5 ], "texture": "#trumpet" },
				"east": { "uv": [ 10.25, 9, 10, 9.5 ], "texture": "#trumpet" }
			}
		},
		{
			"__comment": "trumpet15",
			"from": [ 7.5, 4.5, 11.5 ],
			"to": [ 8.5, 5, 12 ],
			"faces": {
				"up": { "uv": [ 9.75, 9.75, 10, 9.5 ], "texture": "#trumpet", "rotation": 90 },
				"north": { "uv": [ 9.75, 9.5, 10, 9.75 ], "texture": "#trumpet" },
				"south": { "uv": [ 10, 9.5, 9.75, 9.75 ], "texture": "#trumpet" },
				"west": { "uv": [ 9.75, 9.5, 10, 9.75 ], "texture": "#trumpet" },
				"east": { "uv": [ 10, 9.5, 9.75, 9.75 ], "texture": "#trumpet" }
			}
		},
		{
			"__comment": "trumpet16",
			"from": [ 7, 6, 13 ],
			"to": [ 9, 7.5, 14 ],
			"faces": {
				"down": { "uv": [ 10.5, 8.75, 11, 9 ], "texture": "#trumpet", "rotation": 270 },
				"up": { "uv": [ 10.5, 8.5, 11, 8.25 ], "texture": "#trumpet", "rotation": 90 },
				"north": { "uv": [ 10.5, 8.25, 10.75, 9 ], "texture": "#trumpet" },
				"south": { "uv": [ 11, 8.25, 10.75, 9 ], "texture": "#trumpet" },
				"west": { "uv": [ 10.5, 8.25, 11, 9 ], "texture": "#trumpet" },
				"east": { "uv": [ 11, 8.25, 10.5, 9 ], "texture": "#trumpet" }
			}
		},
		{
			"__comment": "trumpet17",
			"from": [ 7, 6, 12.5 ],
			"to": [ 9, 6.5, 13 ],
			"faces": {
				"down": { "uv": [ 10.25, 8.75, 10.5, 9 ], "texture": "#trumpet", "rotation": 270 },
				"west": { "uv": [ 10.25, 8.75, 10.5, 9 ], "texture": "#trumpet" },
				"east": { "uv": [ 10.5, 8.75, 10.25, 9 ], "texture": "#trumpet" }
			}
		},
		{
			"__comment": "trumpet18",
			"from": [ 7.5, 7.5, 13 ],
			"to": [ 8.5, 8, 14 ],
			"faces": {
				"up": { "uv": [ 10.5, 8.25, 11, 8 ], "texture": "#trumpet", "rotation": 90 },
				"south": { "uv": [ 11, 8, 10.75, 8.25 ], "texture": "#trumpet" },
				"west": { "uv": [ 10.5, 8, 11, 8.25 ], "texture": "#trumpet" },
				"east": { "uv": [ 11, 8, 10.5, 8.25 ], "texture": "#trumpet" }
			}
		},
		{
			"__comment": "trumpet19",
			"from": [ 7.5, 7, 14 ],
			"to": [ 8.5, 7.5, 15 ],
			"faces": {
				"down": { "uv": [ 11, 8.25, 11.5, 8.5 ], "texture": "#trumpet", "rotation": 270 },
				"up": { "uv": [ 11, 8.5, 11.5, 8.25 ], "texture": "#trumpet", "rotation": 90 },
				"south": { "uv": [ 11.5, 8.25, 11.25, 8.5 ], "texture": "#trumpet" },
				"west": { "uv": [ 11, 8.25, 11.5, 8.5 ], "texture": "#trumpet" },
				"east": { "uv": [ 11.5, 8.25, 11, 8.5 ], "texture": "#trumpet" }
			}
		},
		{
			"__comment": "trumpet20",
			"from": [ 7.5, 6.5, 15 ],
			"to": [ 8.5, 7, 16 ],
			"faces": {
				"down": { "uv": [ 11.5, 8.5, 12, 8.75 ], "texture": "#trumpet", "rotation": 270 },
				"up": { "uv": [ 11.5, 8.75, 12, 8.5 ], "texture": "#trumpet", "rotation": 90 },
				"south": { "uv": [ 12, 8.5, 11.75, 8.75 ], "texture": "#trumpet" },
				"west": { "uv": [ 11.5, 8.5, 12, 8.75 ], "texture": "#trumpet" },
				"east": { "uv": [ 12, 8.5, 11.5, 8.75 ], "texture": "#trumpet" }
			}
		},
		{
			"__comment": "trumpet21",
			"from": [ 7.5, 6, 16 ],
			"to": [ 8.5, 6.5, 17 ],
			"faces": {
				"up": { "uv": [ 12, 9, 12.5, 8.75 ], "texture": "#trumpet", "rotation": 90 },
				"west": { "uv": [ 12, 8.75, 12.5, 9 ], "texture": "#trumpet" },
				"east": { "uv": [ 12.5, 8.75, 12, 9 ], "texture": "#trumpet" }
			}
		},
		{
			"__comment": "trumpet22",
			"from": [ 7.5, 6.5, 17 ],
			"to": [ 8.5, 7, 19 ],
			"faces": {
				"down": { "uv": [ 12.5, 8.5, 13.5, 8.75 ], "texture": "#trumpet", "rotation": 270 },
				"up": { "uv": [ 12.5, 8.75, 13.5, 8.5 ], "texture": "#trumpet", "rotation": 90 },
				"north": { "uv": [ 12.5, 8.5, 12.75, 8.75 ], "texture": "#trumpet" },
				"south": { "uv": [ 13.5, 8.5, 13.25, 8.75 ], "texture": "#trumpet" },
				"west": { "uv": [ 12.5, 8.5, 13.5, 8.75 ], "texture": "#trumpet" },
				"east": { "uv": [ 13.5, 8.5, 12.5, 8.75 ], "texture": "#trumpet" }
			}
		},
		{
			"__comment": "trumpet23",
			"from": [ 7.5, 6, 19 ],
			"to": [ 8.5, 6.5, 21 ],
			"faces": {
				"down": { "uv": [ 13.5, 8.75, 14.5, 9 ], "texture": "#trumpet", "rotation": 270 },
				"up": { "uv": [ 13.5, 9, 14.5, 8.75 ], "texture": "#trumpet", "rotation": 90 },
				"south": { "uv": [ 14.5, 8.75, 14.25, 9 ], "texture": "#trumpet" },
				"west": { "uv": [ 13.5, 8.75, 14.5, 9 ], "texture": "#trumpet" },
				"east": { "uv": [ 14.5, 8.75, 13.5, 9 ], "texture": "#trumpet" }
			}
		},
		{
			"__comment": "trumpet24",
			"from": [ 7.5, 5.5, 21 ],
			"to": [ 8.5, 6, 23 ],
			"faces": {
				"down": { "uv": [ 14.5, 9, 15.5, 9.25 ], "texture": "#trumpet", "rotation": 270 },
				"up": { "uv": [ 14.5, 9.25, 15.5, 9 ], "texture": "#trumpet", "rotation": 90 },
				"south": { "uv": [ 15.5, 9, 15.25, 9.25 ], "texture": "#trumpet" },
				"west": { "uv": [ 14.5, 9, 15.5, 9.25 ], "texture": "#trumpet" },
				"east": { "uv": [ 15.5, 9, 14.5, 9.25 ], "texture": "#trumpet" }
			}
		},
		{
			"__comment": "trumpet25",
			"from": [ 7.5, 5, 23 ],
			"to": [ 8.5, 5.5, 24 ],
			"faces": {
				"down": { "uv": [ 15.5, 9.25, 16, 9.5 ], "texture": "#trumpet", "rotation": 270 },
				"up": { "uv": [ 15.5, 9.5, 16, 9.25 ], "texture": "#trumpet", "rotation": 90 },
				"south": { "uv": [ 16, 9.25, 15.75, 9.5 ], "texture": "#trumpet" },
				"west": { "uv": [ 15.5, 9.25, 16, 9.5 ], "texture": "#trumpet" },
				"east": { "uv": [ 16, 9.25, 15.5, 9.5 ], "texture": "#trumpet" }
			}
		},
		{
			"__comment": "trumpet26",
			"from": [ 7.5, 1.5, 23.5 ],
			"to": [ 8.5, 5, 24 ],
			"faces": {
				"south": { "uv": [ 16, 9.5, 15.75, 11.25 ], "texture": "#trumpet" },
				"west": { "uv": [ 15.75, 9.5, 16, 11.25 ], "texture": "#trumpet" },
				"east": { "uv": [ 16, 9.5, 15.75, 11.25 ], "texture": "#trumpet" }
			}
		},
		{
			"__comment": "trumpet27",
			"from": [ 7.5, 5.5, 13.5 ],
			"to": [ 8.5, 6, 14.5 ],
			"faces": {
				"down": { "uv": [ 10.75, 9, 11.25, 9.25 ], "texture": "#trumpet", "rotation": 270 },
				"up": { "uv": [ 10.75, 9.25, 11.25, 9 ], "texture": "#trumpet", "rotation": 90 },
				"west": { "uv": [ 10.75, 9, 11.25, 9.25 ], "texture": "#trumpet" },
				"east": { "uv": [ 11.25, 9, 10.75, 9.25 ], "texture": "#trumpet" }
			}
		},
		{
			"__comment": "trumpet28",
			"from": [ 7.5, 5, 14.5 ],
			"to": [ 8.5, 5.5, 15 ],
			"faces": {
				"down": { "uv": [ 11.25, 9.25, 11.5, 9.5 ], "texture": "#trumpet", "rotation": 270 },
				"north": { "uv": [ 11.25, 9.25, 11.5, 9.5 ], "texture": "#trumpet" },
				"west": { "uv": [ 11.25, 9.25, 11.5, 9.5 ], "texture": "#trumpet" },
				"east": { "uv": [ 11.5, 9.25, 11.25, 9.5 ], "texture": "#trumpet" }
			}
		},
		{
			"__comment": "trumpet29",
			"from": [ 7.5, 4.5, 15 ],
			"to": [ 8.5, 5, 15.5 ],
			"faces": {
				"down": { "uv": [ 11.5, 9.5, 11.75, 9.75 ], "texture": "#trumpet", "rotation": 270 },
				"north": { "uv": [ 11.5, 9.5, 11.75, 9.75 ], "texture": "#trumpet" },
				"west": { "uv": [ 11.5, 9.5, 11.75, 9.75 ], "texture": "#trumpet" },
				"east": { "uv": [ 11.75, 9.5, 11.5, 9.75 ], "texture": "#trumpet" }
			}
		},
		{
			"__comment": "trumpet30",
			"from": [ 7.5, 4, 15.5 ],
			"to": [ 8.5, 4.5, 16 ],
			"faces": {
				"down": { "uv": [ 11.75, 9.75, 12, 10 ], "texture": "#trumpet", "rotation": 270 },
				"north": { "uv": [ 11.75, 9.75, 12, 10 ], "texture": "#trumpet" },
				"west": { "uv": [ 11.75, 9.75, 12, 10 ], "texture": "#trumpet" },
				"east": { "uv": [ 12, 9.75, 11.75, 10 ], "texture": "#trumpet" }
			}
		},
		{
			"__comment": "trumpet31",
			"from": [ 7.5, 3.5, 16 ],
			"to": [ 8.5, 4, 17 ],
			"faces": {
				"down": { "uv": [ 12, 10, 12.5, 10.25 ], "texture": "#trumpet", "rotation": 270 },
				"north": { "uv": [ 12, 10, 12.25, 10.25 ], "texture": "#trumpet" },
				"south": { "uv": [ 12.5, 10, 12.25, 10.25 ], "texture": "#trumpet" },
				"west": { "uv": [ 12, 10, 12.5, 10.25 ], "texture": "#trumpet" },
				"east": { "uv": [ 12.5, 10, 12, 10.25 ], "texture": "#trumpet" }
			}
		},
		{
			"__comment": "trumpet32",
			"from": [ 7.5, 4, 17 ],
			"to": [ 8.5, 4.5, 18 ],
			"faces": {
				"down": { "uv": [ 12.5, 9.75, 13, 10 ], "texture": "#trumpet", "rotation": 270 },
				"west": { "uv": [ 12.5, 9.75, 13, 10 ], "texture": "#trumpet" },
				"east": { "uv": [ 13, 9.75, 12.5, 10 ], "texture": "#trumpet" }
			}
		},
		{
			"__comment": "trumpet33",
			"from": [ 7.5, 3.5, 18 ],
			"to": [ 8.5, 4, 19 ],
			"faces": {
				"down": { "uv": [ 13, 10, 13.5, 10.25 ], "texture": "#trumpet", "rotation": 270 },
				"north": { "uv": [ 13, 10, 13.25, 10.25 ], "texture": "#trumpet" },
				"west": { "uv": [ 13, 10, 13.5, 10.25 ], "texture": "#trumpet" },
				"east": { "uv": [ 13.5, 10, 13, 10.25 ], "texture": "#trumpet" }
			}
		},
		{
			"__comment": "trumpet34",
			"from": [ 7.5, 3, 19 ],
			"to": [ 8.5, 3.5, 20 ],
			"faces": {
				"down": { "uv": [ 13.5, 10.25, 14, 10.5 ], "texture": "#trumpet", "rotation": 270 },
				"north": { "uv": [ 13.5, 10.25, 13.75, 10.5 ], "texture": "#trumpet" },
				"west": { "uv": [ 13.5, 10.25, 14, 10.5 ], "texture": "#trumpet" },
				"east": { "uv": [ 14, 10.25, 13.5, 10.5 ], "texture": "#trumpet" }
			}
		},
		{
			"__comment": "trumpet35",
			"from": [ 7.5, 2.5, 20 ],
			"to": [ 8.5, 3, 21 ],
			"faces": {
				"down": { "uv": [ 14, 10.5, 14.5, 10.75 ], "texture": "#trumpet", "rotation": 270 },
				"north": { "uv": [ 14, 10.5, 14.25, 10.75 ], "texture": "#trumpet" },
				"west": { "uv": [ 14, 10.5, 14.5, 10.75 ], "texture": "#trumpet" },
				"east": { "uv": [ 14.5, 10.5, 14, 10.75 ], "texture": "#trumpet" }
			}
		},
		{
			"__comment": "trumpet36",
			"from": [ 7.5, 2, 21 ],
			"to": [ 8.5, 2.5, 22 ],
			"faces": {
				"down": { "uv": [ 14.5, 10.75, 15, 11 ], "texture": "#trumpet", "rotation": 270 },
				"north": { "uv": [ 14.5, 10.75, 14.75, 11 ], "texture": "#trumpet" },
				"west": { "uv": [ 14.5, 10.75, 15, 11 ], "texture": "#trumpet" },
				"east": { "uv": [ 15, 10.75, 14.5, 11 ], "texture": "#trumpet" }
			}
		},
		{
			"__comment": "trumpet37",
			"from": [ 7.5, 1.5, 22 ],
			"to": [ 8.5, 2, 23 ],
			"faces": {
				"down": { "uv": [ 15, 11, 15.5, 11.25 ], "texture": "#trumpet", "rotation": 270 },
				"north": { "uv": [ 15, 11, 15.25, 11.25 ], "texture": "#trumpet" },
				"west": { "uv": [ 15, 11, 15.5, 11.25 ], "texture": "#trumpet" },
				"east": { "uv": [ 15.5, 11, 15, 11.25 ], "texture": "#trumpet" }
			}
		},
		{
			"__comment": "trumpet38",
			"from": [ 7.5, 1, 23 ],
			"to": [ 8.5, 1.5, 24 ],
			"faces": {
				"down": { "uv": [ 15.5, 11.25, 16, 11.5 ], "texture": "#trumpet", "rotation": 270 },
				"up": { "uv": [ 15.5, 11.5, 16, 11.25 ], "texture": "#trumpet", "rotation": 90 },
				"north": { "uv": [ 15.5, 11.25, 15.75, 11.5 ], "texture": "#trumpet" },
				"south": { "uv": [ 16, 11.25, 15.75, 11.5 ], "texture": "#trumpet" },
				"west": { "uv": [ 15.5, 11.25, 16, 11.5 ], "texture": "#trumpet" },
				"east": { "uv": [ 16, 11.25, 15.5, 11.5 ], "texture": "#trumpet" }
			}
		},
		{
			"__comment": "trumpet39",
			"from": [ 7, 6, 14 ],
			"to": [ 9, 7, 14.5 ],
			"faces": {
				"down": { "uv": [ 11, 8.75, 11.25, 9 ], "texture": "#trumpet", "rotation": 270 },
				"up": { "uv": [ 11, 8.75, 11.25, 8.5 ], "texture": "#trumpet", "rotation": 90 },
				"west": { "uv": [ 11, 8.5, 11.25, 9 ], "texture": "#trumpet" },
				"east": { "uv": [ 11.25, 8.5, 11, 9 ], "texture": "#trumpet" }
			}
		},
		{
			"__comment": "trumpet40",
			"from": [ 7, 5.5, 14.5 ],
			"to": [ 9, 7, 15 ],
			"faces": {
				"down": { "uv": [ 11.25, 9, 11.5, 9.25 ], "texture": "#trumpet", "rotation": 270 },
				"up": { "uv": [ 11.25, 8.75, 11.5, 8.5 ], "texture": "#trumpet", "rotation": 90 },
				"north": { "uv": [ 11.25, 8.5, 11.5, 9.25 ], "texture": "#trumpet" },
				"south": { "uv": [ 11.5, 8.5, 11.25, 9.25 ], "texture": "#trumpet" },
				"west": { "uv": [ 11.25, 8.5, 11.5, 9.25 ], "texture": "#trumpet" },
				"east": { "uv": [ 11.5, 8.5, 11.25, 9.25 ], "texture": "#trumpet" }
			}
		},
		{
			"__comment": "trumpet41",
			"from": [ 7, 5, 15 ],
			"to": [ 9, 6.5, 15.5 ],
			"faces": {
				"down": { "uv": [ 11.5, 9.25, 11.75, 9.5 ], "texture": "#trumpet", "rotation": 270 },
				"up": { "uv": [ 11.5, 9, 11.75, 8.75 ], "texture": "#trumpet", "rotation": 90 },
				"north": { "uv": [ 11.5, 8.75, 11.75, 9.5 ], "texture": "#trumpet" },
				"west": { "uv": [ 11.5, 8.75, 11.75, 9.5 ], "texture": "#trumpet" },
				"east": { "uv": [ 11.75, 8.75, 11.5, 9.5 ], "texture": "#trumpet" }
			}
		},
		{
			"__comment": "trumpet42",
			"from": [ 7, 4.5, 15.5 ],
			"to": [ 9, 6.5, 16 ],
			"faces": {
				"down": { "uv": [ 11.75, 9.5, 12, 9.75 ], "texture": "#trumpet", "rotation": 270 },
				"up": { "uv": [ 11.75, 9, 12, 8.75 ], "texture": "#trumpet", "rotation": 90 },
				"north": { "uv": [ 11.75, 8.75, 12, 9.75 ], "texture": "#trumpet" },
				"south": { "uv": [ 12, 8.75, 11.75, 9.75 ], "texture": "#trumpet" },
				"west": { "uv": [ 11.75, 8.75, 12, 9.75 ], "texture": "#trumpet" },
				"east": { "uv": [ 12, 8.75, 11.75, 9.75 ], "texture": "#trumpet" }
			}
		},
		{
			"__comment": "trumpet43",
			"from": [ 7, 4, 16 ],
			"to": [ 9, 6, 17 ],
			"faces": {
				"down": { "uv": [ 12, 9.75, 12.5, 10 ], "texture": "#trumpet", "rotation": 270 },
				"up": { "uv": [ 12, 9.25, 12.5, 9 ], "texture": "#trumpet", "rotation": 90 },
				"north": { "uv": [ 12, 9, 12.25, 10 ], "texture": "#trumpet" },
				"south": { "uv": [ 12.5, 9, 12.25, 10 ], "texture": "#trumpet" },
				"west": { "uv": [ 12, 9, 12.5, 10 ], "texture": "#trumpet" },
				"east": { "uv": [ 12.5, 9, 12, 10 ], "texture": "#trumpet" }
			}
		},
		{
			"__comment": "trumpet44",
			"from": [ 7, 4.5, 17 ],
			"to": [ 9, 6.5, 18 ],
			"faces": {
				"down": { "uv": [ 12.5, 9.5, 13, 9.75 ], "texture": "#trumpet", "rotation": 270 },
				"up": { "uv": [ 12.5, 9, 13, 8.75 ], "texture": "#trumpet", "rotation": 90 },
				"north": { "uv": [ 12.5, 8.75, 12.75, 9.75 ], "texture": "#trumpet" },
				"west": { "uv": [ 12.5, 8.75, 13, 9.75 ], "texture": "#trumpet" },
				"east": { "uv": [ 13, 8.75, 12.5, 9.75 ], "texture": "#trumpet" }
			}
		},
		{
			"__comment": "trumpet45",
			"from": [ 7, 4, 18 ],
			"to": [ 9, 6.5, 19 ],
			"faces": {
				"down": { "uv": [ 13, 9.75, 13.5, 10 ], "texture": "#trumpet", "rotation": 270 },
				"up": { "uv": [ 13, 9, 13.5, 8.75 ], "texture": "#trumpet", "rotation": 90 },
				"north": { "uv": [ 13, 8.75, 13.25, 10 ], "texture": "#trumpet" },
				"south": { "uv": [ 13.5, 8.75, 13.25, 10 ], "texture": "#trumpet" },
				"west": { "uv": [ 13, 8.75, 13.5, 10 ], "texture": "#trumpet" },
				"east": { "uv": [ 13.5, 8.75, 13, 10 ], "texture": "#trumpet" }
			}
		},
		{
			"__comment": "trumpet46",
			"from": [ 7, 3.5, 19 ],
			"to": [ 9, 6, 20 ],
			"faces": {
				"down": { "uv": [ 13.5, 10, 14, 10.25 ], "texture": "#trumpet", "rotation": 270 },
				"up": { "uv": [ 13.5, 9.25, 14, 9 ], "texture": "#trumpet", "rotation": 90 },
				"north": { "uv": [ 13.5, 9, 13.75, 10.25 ], "texture": "#trumpet" },
				"west": { "uv": [ 13.5, 9, 14, 10.25 ], "texture": "#trumpet" },
				"east": { "uv": [ 14, 9, 13.5, 10.25 ], "texture": "#trumpet" }
			}
		},
		{
			"__comment": "trumpet47",
			"from": [ 7, 3, 20 ],
			"to": [ 9, 6, 21 ],
			"faces": {
				"down": { "uv": [ 14, 10.25, 14.5, 10.5 ], "texture": "#trumpet", "rotation": 270 },
				"up": { "uv": [ 14, 9.25, 14.5, 9 ], "texture": "#trumpet", "rotation": 90 },
				"north": { "uv": [ 14, 9, 14.25, 10.5 ], "texture": "#trumpet" },
				"south": { "uv": [ 14.5, 9, 14.25, 10.5 ], "texture": "#trumpet" },
				"west": { "uv": [ 14, 9, 14.5, 10.5 ], "texture": "#trumpet" },
				"east": { "uv": [ 14.5, 9, 14, 10.5 ], "texture": "#trumpet" }
			}
		},
		{
			"__comment": "trumpet48",
			"from": [ 7, 2.5, 21 ],
			"to": [ 9, 5.5, 22 ],
			"faces": {
				"down": { "uv": [ 14.5, 10.5, 15, 10.75 ], "texture": "#trumpet", "rotation": 270 },
				"up": { "uv": [ 14.5, 9.5, 15, 9.25 ], "texture": "#trumpet", "rotation": 90 },
				"north": { "uv": [ 14.5, 9.25, 14.75, 10.75 ], "texture": "#trumpet" },
				"west": { "uv": [ 14.5, 9.25, 15, 10.75 ], "texture": "#trumpet" },
				"east": { "uv": [ 15, 9.25, 14.5, 10.75 ], "texture": "#trumpet" }
			}
		},
		{
			"__comment": "trumpet49",
			"from": [ 7, 2, 22 ],
			"to": [ 9, 5.5, 23 ],
			"faces": {
				"down": { "uv": [ 15, 10.75, 15.5, 11 ], "texture": "#trumpet", "rotation": 270 },
				"up": { "uv": [ 15, 9.5, 15.5, 9.25 ], "texture": "#trumpet", "rotation": 90 },
				"north": { "uv": [ 15, 9.25, 15.25, 11 ], "texture": "#trumpet" },
				"south": { "uv": [ 15.5, 9.25, 15.25, 11 ], "texture": "#trumpet" },
				"west": { "uv": [ 15, 9.25, 15.5, 11 ], "texture": "#trumpet" },
				"east": { "uv": [ 15.5, 9.25, 15, 11 ], "texture": "#trumpet" }
			}
		},
		{
			"__comment": "trumpet50",
			"from": [ 7, 1.5, 23 ],
			"to": [ 9, 5, 23.5 ],
			"faces": {
				"down": { "uv": [ 15.5, 11, 15.75, 11.25 ], "texture": "#trumpet", "rotation": 270 },
				"up": { "uv": [ 15.5, 9.75, 15.75, 9.5 ], "texture": "#trumpet", "rotation": 90 },
				"north": { "uv": [ 15.5, 9.5, 15.75, 11.25 ], "texture": "#trumpet" },
				"south": { "uv": [ 15.75, 9.5, 15.5, 11.25 ], "texture": "#trumpet" },
				"west": { "uv": [ 15.5, 9.5, 15.75, 11.25 ], "texture": "#trumpet" },
				"east": { "uv": [ 15.75, 9.5, 15.5, 11.25 ], "texture": "#trumpet" }
			}
		},
		{
			"__comment": "trumpet51",
			"from": [ 7.5, 8.5, 4 ],
			"to": [ 8.5, 9, 8 ],
			"faces": {
				"up": { "uv": [ 6, 7.75, 8, 7.5 ], "texture": "#trumpet", "rotation": 90 },
				"north": { "uv": [ 6, 7.5, 6.25, 7.75 ], "texture": "#trumpet" },
				"south": { "uv": [ 8, 7.5, 7.75, 7.75 ], "texture": "#trumpet" },
				"west": { "uv": [ 6, 7.5, 8, 7.75 ], "texture": "#trumpet" },
				"east": { "uv": [ 8, 7.5, 6, 7.75 ], "texture": "#trumpet" }
			}
		},
		{
			"__comment": "trumpet52",
			"from": [ 7, 6.5, 12.5 ],
			"to": [ 9, 7.5, 13 ],
			"faces": {
				"up": { "uv": [ 10.25, 8.5, 10.5, 8.25 ], "texture": "#trumpet", "rotation": 90 },
				"west": { "uv": [ 10.25, 8.25, 10.5, 8.75 ], "texture": "#trumpet" },
				"east": { "uv": [ 10.5, 8.25, 10.25, 8.75 ], "texture": "#trumpet" }
			}
		},
		{
			"__comment": "trumpet53",
			"from": [ 7.5, 7.5, 12.5 ],
			"to": [ 8.5, 8, 13 ],
			"faces": {
				"up": { "uv": [ 10.25, 8.25, 10.5, 8 ], "texture": "#trumpet", "rotation": 90 },
				"west": { "uv": [ 10.25, 8, 10.5, 8.25 ], "texture": "#trumpet" },
				"east": { "uv": [ 10.5, 8, 10.25, 8.25 ], "texture": "#trumpet" }
			}
		},
		{
			"__comment": "trumpet54",
			"from": [ 7, 6.5, 12 ],
			"to": [ 9, 8, 12.5 ],
			"faces": {
				"up": { "uv": [ 10, 8.25, 10.25, 8 ], "texture": "#trumpet", "rotation": 90 },
				"south": { "uv": [ 10.25, 8, 10, 8.75 ], "texture": "#trumpet" },
				"west": { "uv": [ 10, 8, 10.25, 8.75 ], "texture": "#trumpet" },
				"east": { "uv": [ 10.25, 8, 10, 8.75 ], "texture": "#trumpet" }
			}
		},
		{
			"__comment": "trumpet55",
			"from": [ 7.5, 8, 9 ],
			"to": [ 8.5, 8.5, 12.5 ],
			"faces": {
				"up": { "uv": [ 8.5, 8, 10.25, 7.75 ], "texture": "#trumpet", "rotation": 90 },
				"south": { "uv": [ 10.25, 7.75, 10, 8 ], "texture": "#trumpet" },
				"west": { "uv": [ 8.5, 7.75, 10.25, 8 ], "texture": "#trumpet" },
				"east": { "uv": [ 10.25, 7.75, 8.5, 8 ], "texture": "#trumpet" }
			}
		},
		{
			"__comment": "trumpet",
			"from": [ 7.5, 7.5, -8 ],
			"to": [ 8.5, 8.5, 8 ],
			"faces": {
				"down": { "uv": [ 0, 8, 8, 8.25 ], "texture": "#trumpet", "rotation": 270 },
				"up": { "uv": [ 0, 8, 8, 7.75 ], "texture": "#trumpet", "rotation": 90 },
				"north": { "uv": [ 0, 7.75, 0.25, 8.25 ], "texture": "#trumpet" },
				"west": { "uv": [ 0, 7.75, 8, 8.25 ], "texture": "#trumpet" },
				"east": { "uv": [ 8, 7.75, 0, 8.25 ], "texture": "#trumpet" }
			}
		}
	],
	"display": {
		"thirdperson_righthand": {
			"translation":  [ 0, 1.5, -1.5 ],
			"scale":  [ 0.75, 0.75, 0.75 ]
		},
		"thirdperson_lefthand": {
			"translation":  [ -1.25, -4.375, 8 ],
			"scale":  [ 0.75, 0.75, 0.75 ]
		},
		"firstperson_righthand": {
			"rotation":  [ 30, 0, -30 ],
			"translation":  [ -6, 4.5, -3 ]
		},
		"firstperson_lefthand": {
			"scale":  [ 0.0001, 0.0001, 0.0001 ]
		},
		"gui": {
			"rotation":  [ 30, 135, 0 ],
			"scale":  [ 0.5, 0.5, 0.5 ]
		},
		"head": {
			"scale":  [ 0.0001, 0.0001, 0.0001 ]
		},
		"ground": {
			"rotation":  [ 0, 0, 90 ],
			"scale":  [ 0.75, 0.75, 0.75 ]
		},
		"fixed": {
			"rotation":  [ 0, -90, 0 ],
			"scale":  [ 1.5, 1.5, 1.5 ]
		}
	}
}