{
	"__comment": "Designed by Optimus0812 with Cubik Studio - https://cubik.studio",
	"textures": {
		"vss_vintorez": "dayz/weapon/gun/rifle/vss_vintorez"
	},
	"elements": [ 	 
		{
			"__comment": "vss_vintorez",
			"from": [ 7.5, 8.5, -7 ],
			"to": [ 8.5, 9, 2 ],
			"faces": {
				"down": { "uv": [ 0.25, 7.5, 4.75, 7.75 ], "texture": "#vss_vintorez", "rotation": 270 },
				"up": { "uv": [ 0.25, 7.75, 4.75, 7.5 ], "texture": "#vss_vintorez", "rotation": 90 },
				"north": { "uv": [ 0.25, 7.5, 0.5, 7.75 ], "texture": "#vss_vintorez" },
				"south": { "uv": [ 4.75, 7.5, 4.5, 7.75 ], "texture": "#vss_vintorez" },
				"west": { "uv": [ 0.25, 7.5, 4.75, 7.75 ], "texture": "#vss_vintorez" },
				"east": { "uv": [ 4.75, 7.5, 0.25, 7.75 ], "texture": "#vss_vintorez" }
			}
		},
		{
			"__comment": "vss_vintorez1",
			"from": [ 7.5, 7, -7 ],
			"to": [ 8.5, 7.5, 2 ],
			"faces": {
				"down": { "uv": [ 0.25, 8.25, 4.75, 8.5 ], "texture": "#vss_vintorez", "rotation": 270 },
				"up": { "uv": [ 0.25, 8.5, 4.75, 8.25 ], "texture": "#vss_vintorez", "rotation": 90 },
				"north": { "uv": [ 0.25, 8.25, 0.5, 8.5 ], "texture": "#vss_vintorez" },
				"south": { "uv": [ 4.75, 8.25, 4.5, 8.5 ], "texture": "#vss_vintorez" },
				"west": { "uv": [ 0.25, 8.25, 4.75, 8.5 ], "texture": "#vss_vintorez" },
				"east": { "uv": [ 4.75, 8.25, 0.25, 8.5 ], "texture": "#vss_vintorez" }
			}
		},
		{
			"__comment": "vss_vintorez2",
			"from": [ 7, 7.5, -7 ],
			"to": [ 7.5, 8.5, 2 ],
			"faces": {
				"down": { "uv": [ 0.25, 8, 4.75, 8.25 ], "texture": "#vss_vintorez", "rotation": 270 },
				"up": { "uv": [ 0.25, 8, 4.75, 7.75 ], "texture": "#vss_vintorez", "rotation": 90 },
				"north": { "uv": [ 0.25, 7.75, 0.5, 8.25 ], "texture": "#vss_vintorez" },
				"south": { "uv": [ 4.75, 7.75, 4.5, 8.25 ], "texture": "#vss_vintorez" },
				"west": { "uv": [ 0.25, 7.75, 4.75, 8.25 ], "texture": "#vss_vintorez" },
				"east": { "uv": [ 4.75, 7.75, 0.25, 8.25 ], "texture": "#vss_vintorez" }
			}
		},
		{
			"__comment": "vss_vintorez3",
			"from": [ 8.5, 7.5, -7 ],
			"to": [ 9, 8.5, 2 ],
			"faces": {
				"down": { "uv": [ 0.25, 8, 4.75, 8.25 ], "texture": "#vss_vintorez", "rotation": 270 },
				"up": { "uv": [ 0.25, 8, 4.75, 7.75 ], "texture": "#vss_vintorez", "rotation": 90 },
				"north": { "uv": [ 0.25, 7.75, 0.5, 8.25 ], "texture": "#vss_vintorez" },
				"south": { "uv": [ 4.75, 7.75, 4.5, 8.25 ], "texture": "#vss_vintorez" },
				"west": { "uv": [ 0.25, 7.75, 4.75, 8.25 ], "texture": "#vss_vintorez" },
				"east": { "uv": [ 4.75, 7.75, 0.25, 8.25 ], "texture": "#vss_vintorez" }
			}
		},
		{
			"__comment": "vss_vintorez4",
			"from": [ 7.5, 9, -7 ],
			"to": [ 8.5, 9.5, -6 ],
			"faces": {
				"down": { "uv": [ 0.25, 7.25, 0.75, 7.5 ], "texture": "#vss_vintorez", "rotation": 270 },
				"up": { "uv": [ 0.25, 7.5, 0.75, 7.25 ], "texture": "#vss_vintorez", "rotation": 90 },
				"north": { "uv": [ 0.25, 7.25, 0.5, 7.5 ], "texture": "#vss_vintorez" },
				"south": { "uv": [ 0.75, 7.25, 0.5, 7.5 ], "texture": "#vss_vintorez" },
				"west": { "uv": [ 0.25, 7.25, 0.75, 7.5 ], "texture": "#vss_vintorez" },
				"east": { "uv": [ 0.75, 7.25, 0.25, 7.5 ], "texture": "#vss_vintorez" }
			}
		},
		{
			"__comment": "vss_vintorez5",
			"from": [ 7, 7, 2 ],
			"to": [ 9, 8.5, 5 ],
			"faces": {
				"down": { "uv": [ 4.75, 8.25, 6.25, 8.5 ], "texture": "#vss_vintorez", "rotation": 270 },
				"up": { "uv": [ 4.75, 8, 6.25, 7.75 ], "texture": "#vss_vintorez", "rotation": 90 },
				"north": { "uv": [ 4.75, 7.75, 5, 8.5 ], "texture": "#vss_vintorez" },
				"south": { "uv": [ 6.25, 7.75, 6, 8.5 ], "texture": "#vss_vintorez" },
				"west": { "uv": [ 4.75, 7.75, 6.25, 8.5 ], "texture": "#vss_vintorez" },
				"east": { "uv": [ 6.25, 7.75, 4.75, 8.5 ], "texture": "#vss_vintorez" }
			}
		},
		{
			"__comment": "vss_vintorez6",
			"from": [ 7.5, 8.5, 2 ],
			"to": [ 8.5, 9, 5 ],
			"faces": {
				"down": { "uv": [ 4.75, 7.5, 6.25, 7.75 ], "texture": "#vss_vintorez", "rotation": 270 },
				"up": { "uv": [ 4.75, 7.75, 6.25, 7.5 ], "texture": "#vss_vintorez", "rotation": 90 },
				"north": { "uv": [ 4.75, 7.5, 5, 7.75 ], "texture": "#vss_vintorez" },
				"south": { "uv": [ 6.25, 7.5, 6, 7.75 ], "texture": "#vss_vintorez" },
				"west": { "uv": [ 4.75, 7.5, 6.25, 7.75 ], "texture": "#vss_vintorez" },
				"east": { "uv": [ 6.25, 7.5, 4.75, 7.75 ], "texture": "#vss_vintorez" }
			}
		},
		{
			"__comment": "vss_vintorez7",
			"from": [ 7.5, 6.5, 2 ],
			"to": [ 8.5, 7, 5 ],
			"faces": {
				"down": { "uv": [ 4.75, 8.5, 6.25, 8.75 ], "texture": "#vss_vintorez", "rotation": 270 },
				"up": { "uv": [ 4.75, 8.75, 6.25, 8.5 ], "texture": "#vss_vintorez", "rotation": 90 },
				"north": { "uv": [ 4.75, 8.5, 5, 8.75 ], "texture": "#vss_vintorez" },
				"south": { "uv": [ 6.25, 8.5, 6, 8.75 ], "texture": "#vss_vintorez" },
				"west": { "uv": [ 4.75, 8.5, 6.25, 8.75 ], "texture": "#vss_vintorez" },
				"east": { "uv": [ 6.25, 8.5, 4.75, 8.75 ], "texture": "#vss_vintorez" }
			}
		},
		{
			"__comment": "vss_vintorez8",
			"from": [ 7, 6, 5 ],
			"to": [ 9, 6.5, 9 ],
			"faces": {
				"down": { "uv": [ 6.25, 8.75, 8.25, 9 ], "texture": "#vss_vintorez", "rotation": 270 },
				"up": { "uv": [ 6.25, 9, 8.25, 8.75 ], "texture": "#vss_vintorez", "rotation": 90 },
				"north": { "uv": [ 6.25, 8.75, 6.5, 9 ], "texture": "#vss_vintorez" },
				"south": { "uv": [ 8.25, 8.75, 8, 9 ], "texture": "#vss_vintorez" },
				"west": { "uv": [ 6.25, 8.75, 8.25, 9 ], "texture": "#vss_vintorez" },
				"east": { "uv": [ 8.25, 8.75, 6.25, 9 ], "texture": "#vss_vintorez" }
			}
		},
		{
			"__comment": "vss_vintorez9",
			"from": [ 7, 5.5, 6.5 ],
			"to": [ 9, 6, 8.5 ],
			"faces": {
				"down": { "uv": [ 7, 9, 8, 9.25 ], "texture": "#vss_vintorez", "rotation": 270 },
				"up": { "uv": [ 7, 9.25, 8, 9 ], "texture": "#vss_vintorez", "rotation": 90 },
				"north": { "uv": [ 7, 9, 7.25, 9.25 ], "texture": "#vss_vintorez" },
				"south": { "uv": [ 8, 9, 7.75, 9.25 ], "texture": "#vss_vintorez" },
				"west": { "uv": [ 7, 9, 8, 9.25 ], "texture": "#vss_vintorez" },
				"east": { "uv": [ 8, 9, 7, 9.25 ], "texture": "#vss_vintorez" }
			}
		},
		{
			"__comment": "vss_vintorez10",
			"from": [ 7, 5, 8 ],
			"to": [ 9, 5.5, 11.5 ],
			"faces": {
				"down": { "uv": [ 7.75, 9.25, 9.5, 9.5 ], "texture": "#vss_vintorez", "rotation": 270 },
				"up": { "uv": [ 7.75, 9.5, 9.5, 9.25 ], "texture": "#vss_vintorez", "rotation": 90 },
				"north": { "uv": [ 7.75, 9.25, 8, 9.5 ], "texture": "#vss_vintorez" },
				"south": { "uv": [ 9.5, 9.25, 9.25, 9.5 ], "texture": "#vss_vintorez" },
				"west": { "uv": [ 7.75, 9.25, 9.5, 9.5 ], "texture": "#vss_vintorez" },
				"east": { "uv": [ 9.5, 9.25, 7.75, 9.5 ], "texture": "#vss_vintorez" }
			}
		},
		{
			"__comment": "vss_vintorez11",
			"from": [ 7.5, 6, 9.5 ],
			"to": [ 8.5, 6.5, 10.5 ],
			"faces": {
				"down": { "uv": [ 8.5, 8.75, 9, 9 ], "texture": "#vss_vintorez", "rotation": 270 },
				"up": { "uv": [ 8.5, 9, 9, 8.75 ], "texture": "#vss_vintorez", "rotation": 90 },
				"north": { "uv": [ 8.5, 8.75, 8.75, 9 ], "texture": "#vss_vintorez" },
				"south": { "uv": [ 9, 8.75, 8.75, 9 ], "texture": "#vss_vintorez" },
				"west": { "uv": [ 8.5, 8.75, 9, 9 ], "texture": "#vss_vintorez" },
				"east": { "uv": [ 9, 8.75, 8.5, 9 ], "texture": "#vss_vintorez" }
			}
		},
		{
			"__comment": "vss_vintorez12",
			"from": [ 7.5, 5.5, 10 ],
			"to": [ 8.5, 6, 10.5 ],
			"faces": {
				"down": { "uv": [ 8.75, 9, 9, 9.25 ], "texture": "#vss_vintorez", "rotation": 270 },
				"up": { "uv": [ 8.75, 9.25, 9, 9 ], "texture": "#vss_vintorez", "rotation": 90 },
				"north": { "uv": [ 8.75, 9, 9, 9.25 ], "texture": "#vss_vintorez" },
				"south": { "uv": [ 9, 9, 8.75, 9.25 ], "texture": "#vss_vintorez" },
				"west": { "uv": [ 8.75, 9, 9, 9.25 ], "texture": "#vss_vintorez" },
				"east": { "uv": [ 9, 9, 8.75, 9.25 ], "texture": "#vss_vintorez" }
			}
		},
		{
			"__comment": "vss_vintorez13",
			"from": [ 7, 5.5, 11 ],
			"to": [ 9, 6, 12 ],
			"faces": {
				"down": { "uv": [ 9.25, 9, 9.75, 9.25 ], "texture": "#vss_vintorez", "rotation": 270 },
				"up": { "uv": [ 9.25, 9.25, 9.75, 9 ], "texture": "#vss_vintorez", "rotation": 90 },
				"north": { "uv": [ 9.25, 9, 9.5, 9.25 ], "texture": "#vss_vintorez" },
				"south": { "uv": [ 9.75, 9, 9.5, 9.25 ], "texture": "#vss_vintorez" },
				"west": { "uv": [ 9.25, 9, 9.75, 9.25 ], "texture": "#vss_vintorez" },
				"east": { "uv": [ 9.75, 9, 9.25, 9.25 ], "texture": "#vss_vintorez" }
			}
		},
		{
			"__comment": "vss_vintorez14",
			"from": [ 7, 6, 11 ],
			"to": [ 9, 6.5, 14 ],
			"faces": {
				"down": { "uv": [ 9.25, 8.75, 10.75, 9 ], "texture": "#vss_vintorez", "rotation": 270 },
				"up": { "uv": [ 9.25, 9, 10.75, 8.75 ], "texture": "#vss_vintorez", "rotation": 90 },
				"north": { "uv": [ 9.25, 8.75, 9.5, 9 ], "texture": "#vss_vintorez" },
				"south": { "uv": [ 10.75, 8.75, 10.5, 9 ], "texture": "#vss_vintorez" },
				"west": { "uv": [ 9.25, 8.75, 10.75, 9 ], "texture": "#vss_vintorez" },
				"east": { "uv": [ 10.75, 8.75, 9.25, 9 ], "texture": "#vss_vintorez" }
			}
		},
		{
			"__comment": "vss_vintorez15",
			"from": [ 7, 6.5, 5 ],
			"to": [ 9, 7.5, 14 ],
			"faces": {
				"down": { "uv": [ 6.25, 8.5, 10.75, 8.75 ], "texture": "#vss_vintorez", "rotation": 270 },
				"up": { "uv": [ 6.25, 8.5, 10.75, 8.25 ], "texture": "#vss_vintorez", "rotation": 90 },
				"north": { "uv": [ 6.25, 8.25, 6.5, 8.75 ], "texture": "#vss_vintorez" },
				"south": { "uv": [ 10.75, 8.25, 10.5, 8.75 ], "texture": "#vss_vintorez" },
				"west": { "uv": [ 6.25, 8.25, 10.75, 8.75 ], "texture": "#vss_vintorez" },
				"east": { "uv": [ 10.75, 8.25, 6.25, 8.75 ], "texture": "#vss_vintorez" }
			}
		},
		{
			"__comment": "vss_vintorez16",
			"from": [ 7, 7.5, 5 ],
			"to": [ 9, 8.5, 13 ],
			"faces": {
				"down": { "uv": [ 6.25, 8, 10.25, 8.25 ], "texture": "#vss_vintorez", "rotation": 270 },
				"up": { "uv": [ 6.25, 8, 10.25, 7.75 ], "texture": "#vss_vintorez", "rotation": 90 },
				"north": { "uv": [ 6.25, 7.75, 6.5, 8.25 ], "texture": "#vss_vintorez" },
				"south": { "uv": [ 10.25, 7.75, 10, 8.25 ], "texture": "#vss_vintorez" },
				"west": { "uv": [ 6.25, 7.75, 10.25, 8.25 ], "texture": "#vss_vintorez" },
				"east": { "uv": [ 10.25, 7.75, 6.25, 8.25 ], "texture": "#vss_vintorez" }
			}
		},
		{
			"__comment": "vss_vintorez17",
			"from": [ 7.5, 8.5, 5 ],
			"to": [ 8.5, 9, 13 ],
			"faces": {
				"down": { "uv": [ 6.25, 7.5, 10.25, 7.75 ], "texture": "#vss_vintorez", "rotation": 270 },
				"up": { "uv": [ 6.25, 7.75, 10.25, 7.5 ], "texture": "#vss_vintorez", "rotation": 90 },
				"north": { "uv": [ 6.25, 7.5, 6.5, 7.75 ], "texture": "#vss_vintorez" },
				"south": { "uv": [ 10.25, 7.5, 10, 7.75 ], "texture": "#vss_vintorez" },
				"west": { "uv": [ 6.25, 7.5, 10.25, 7.75 ], "texture": "#vss_vintorez" },
				"east": { "uv": [ 10.25, 7.5, 6.25, 7.75 ], "texture": "#vss_vintorez" }
			}
		},
		{
			"__comment": "vss_vintorez18",
			"from": [ 7.5, 8, 13 ],
			"to": [ 8.5, 8.5, 13.5 ],
			"faces": {
				"down": { "uv": [ 10.25, 7.75, 10.5, 8 ], "texture": "#vss_vintorez", "rotation": 270 },
				"up": { "uv": [ 10.25, 8, 10.5, 7.75 ], "texture": "#vss_vintorez", "rotation": 90 },
				"north": { "uv": [ 10.25, 7.75, 10.5, 8 ], "texture": "#vss_vintorez" },
				"south": { "uv": [ 10.5, 7.75, 10.25, 8 ], "texture": "#vss_vintorez" },
				"west": { "uv": [ 10.25, 7.75, 10.5, 8 ], "texture": "#vss_vintorez" },
				"east": { "uv": [ 10.5, 7.75, 10.25, 8 ], "texture": "#vss_vintorez" }
			}
		},
		{
			"__comment": "vss_vintorez19",
			"from": [ 7, 7.5, 13 ],
			"to": [ 9, 8, 13.5 ],
			"faces": {
				"down": { "uv": [ 10.25, 8, 10.5, 8.25 ], "texture": "#vss_vintorez", "rotation": 270 },
				"up": { "uv": [ 10.25, 8.25, 10.5, 8 ], "texture": "#vss_vintorez", "rotation": 90 },
				"north": { "uv": [ 10.25, 8, 10.5, 8.25 ], "texture": "#vss_vintorez" },
				"south": { "uv": [ 10.5, 8, 10.25, 8.25 ], "texture": "#vss_vintorez" },
				"west": { "uv": [ 10.25, 8, 10.5, 8.25 ], "texture": "#vss_vintorez" },
				"east": { "uv": [ 10.5, 8, 10.25, 8.25 ], "texture": "#vss_vintorez" }
			}
		},
		{
			"__comment": "vss_vintorez20",
			"from": [ 7.5, 9.5, 5.5 ],
			"to": [ 8, 10.5, 7 ],
			"faces": {
				"down": { "uv": [ 6.5, 7, 7.25, 7.25 ], "texture": "#vss_vintorez", "rotation": 270 },
				"up": { "uv": [ 6.5, 7, 7.25, 6.75 ], "texture": "#vss_vintorez", "rotation": 90 },
				"north": { "uv": [ 6.5, 6.75, 6.75, 7.25 ], "texture": "#vss_vintorez" },
				"south": { "uv": [ 7.25, 6.75, 7, 7.25 ], "texture": "#vss_vintorez" },
				"west": { "uv": [ 6.5, 6.75, 7.25, 7.25 ], "texture": "#vss_vintorez" },
				"east": { "uv": [ 7.25, 6.75, 6.5, 7.25 ], "texture": "#vss_vintorez" }
			}
		},
		{
			"__comment": "vss_vintorez21",
			"from": [ 8.5, 8.5, 5.5 ],
			"to": [ 9, 9.5, 7 ],
			"faces": {
				"down": { "uv": [ 6.5, 7.5, 7.25, 7.75 ], "texture": "#vss_vintorez", "rotation": 270 },
				"up": { "uv": [ 6.5, 7.5, 7.25, 7.25 ], "texture": "#vss_vintorez", "rotation": 90 },
				"north": { "uv": [ 6.5, 7.25, 6.75, 7.75 ], "texture": "#vss_vintorez" },
				"south": { "uv": [ 7.25, 7.25, 7, 7.75 ], "texture": "#vss_vintorez" },
				"west": { "uv": [ 6.5, 7.25, 7.25, 7.75 ], "texture": "#vss_vintorez" },
				"east": { "uv": [ 7.25, 7.25, 6.5, 7.75 ], "texture": "#vss_vintorez" }
			}
		},
		{
			"__comment": "vss_vintorez22",
			"from": [ 7, 8.5, 9 ],
			"to": [ 8, 9, 12 ],
			"faces": {
				"down": { "uv": [ 8.25, 7.5, 9.75, 7.75 ], "texture": "#vss_vintorez", "rotation": 270 },
				"up": { "uv": [ 8.25, 7.75, 9.75, 7.5 ], "texture": "#vss_vintorez", "rotation": 90 },
				"north": { "uv": [ 8.25, 7.5, 8.5, 7.75 ], "texture": "#vss_vintorez" },
				"south": { "uv": [ 9.75, 7.5, 9.5, 7.75 ], "texture": "#vss_vintorez" },
				"west": { "uv": [ 8.25, 7.5, 9.75, 7.75 ], "texture": "#vss_vintorez" },
				"east": { "uv": [ 9.75, 7.5, 8.25, 7.75 ], "texture": "#vss_vintorez" }
			}
		},
		{
			"__comment": "vss_vintorez23",
			"from": [ 7, 9, 9 ],
			"to": [ 8, 9.5, 12 ],
			"faces": {
				"down": { "uv": [ 8.25, 7.25, 9.75, 7.5 ], "texture": "#vss_vintorez", "rotation": 270 },
				"up": { "uv": [ 8.25, 7.5, 9.75, 7.25 ], "texture": "#vss_vintorez", "rotation": 90 },
				"north": { "uv": [ 8.25, 7.25, 8.5, 7.5 ], "texture": "#vss_vintorez" },
				"south": { "uv": [ 9.75, 7.25, 9.5, 7.5 ], "texture": "#vss_vintorez" },
				"west": { "uv": [ 8.25, 7.25, 9.75, 7.5 ], "texture": "#vss_vintorez" },
				"east": { "uv": [ 9.75, 7.25, 8.25, 7.5 ], "texture": "#vss_vintorez" }
			}
		},
		{
			"__comment": "vss_vintorez24",
			"from": [ 7.5, 9.5, 7 ],
			"to": [ 8.5, 10, 10 ],
			"faces": {
				"down": { "uv": [ 7.25, 7, 8.75, 7.25 ], "texture": "#vss_vintorez", "rotation": 270 },
				"up": { "uv": [ 7.25, 7.25, 8.75, 7 ], "texture": "#vss_vintorez", "rotation": 90 },
				"north": { "uv": [ 7.25, 7, 7.5, 7.25 ], "texture": "#vss_vintorez" },
				"south": { "uv": [ 8.75, 7, 8.5, 7.25 ], "texture": "#vss_vintorez" },
				"west": { "uv": [ 7.25, 7, 8.75, 7.25 ], "texture": "#vss_vintorez" },
				"east": { "uv": [ 8.75, 7, 7.25, 7.25 ], "texture": "#vss_vintorez" }
			}
		},
		{
			"__comment": "vss_vintorez25",
			"from": [ 7.5, 9, 7.5 ],
			"to": [ 8.5, 9.5, 8.5 ],
			"faces": {
				"down": { "uv": [ 7.5, 7.25, 8, 7.5 ], "texture": "#vss_vintorez", "rotation": 270 },
				"up": { "uv": [ 7.5, 7.5, 8, 7.25 ], "texture": "#vss_vintorez", "rotation": 90 },
				"north": { "uv": [ 7.5, 7.25, 7.75, 7.5 ], "texture": "#vss_vintorez" },
				"south": { "uv": [ 8, 7.25, 7.75, 7.5 ], "texture": "#vss_vintorez" },
				"west": { "uv": [ 7.5, 7.25, 8, 7.5 ], "texture": "#vss_vintorez" },
				"east": { "uv": [ 8, 7.25, 7.5, 7.5 ], "texture": "#vss_vintorez" }
			}
		},
		{
			"__comment": "vss_vintorez26",
			"from": [ 8, 10, 3 ],
			"to": [ 9, 10.5, 10 ],
			"faces": {
				"down": { "uv": [ 5.25, 6.75, 8.75, 7 ], "texture": "#vss_vintorez", "rotation": 270 },
				"up": { "uv": [ 5.25, 7, 8.75, 6.75 ], "texture": "#vss_vintorez", "rotation": 90 },
				"north": { "uv": [ 5.25, 6.75, 5.5, 7 ], "texture": "#vss_vintorez" },
				"south": { "uv": [ 8.75, 6.75, 8.5, 7 ], "texture": "#vss_vintorez" },
				"west": { "uv": [ 5.25, 6.75, 8.75, 7 ], "texture": "#vss_vintorez" },
				"east": { "uv": [ 8.75, 6.75, 5.25, 7 ], "texture": "#vss_vintorez" }
			}
		},
		{
			"__comment": "vss_vintorez27",
			"from": [ 8, 11.5, 3 ],
			"to": [ 9, 12, 10 ],
			"faces": {
				"down": { "uv": [ 5.25, 6, 8.75, 6.25 ], "texture": "#vss_vintorez", "rotation": 270 },
				"up": { "uv": [ 5.25, 6.25, 8.75, 6 ], "texture": "#vss_vintorez", "rotation": 90 },
				"north": { "uv": [ 5.25, 6, 5.5, 6.25 ], "texture": "#vss_vintorez" },
				"south": { "uv": [ 8.75, 6, 8.5, 6.25 ], "texture": "#vss_vintorez" },
				"west": { "uv": [ 5.25, 6, 8.75, 6.25 ], "texture": "#vss_vintorez" },
				"east": { "uv": [ 8.75, 6, 5.25, 6.25 ], "texture": "#vss_vintorez" }
			}
		},
		{
			"__comment": "vss_vintorez28",
			"from": [ 8, 12, 7.5 ],
			"to": [ 9, 12.5, 8.5 ],
			"faces": {
				"down": { "uv": [ 7.5, 5.75, 8, 6 ], "texture": "#vss_vintorez", "rotation": 270 },
				"up": { "uv": [ 7.5, 6, 8, 5.75 ], "texture": "#vss_vintorez", "rotation": 90 },
				"north": { "uv": [ 7.5, 5.75, 7.75, 6 ], "texture": "#vss_vintorez" },
				"south": { "uv": [ 8, 5.75, 7.75, 6 ], "texture": "#vss_vintorez" },
				"west": { "uv": [ 7.5, 5.75, 8, 6 ], "texture": "#vss_vintorez" },
				"east": { "uv": [ 8, 5.75, 7.5, 6 ], "texture": "#vss_vintorez" }
			}
		},
		{
			"__comment": "vss_vintorez29",
			"from": [ 7.5, 10.5, 3 ],
			"to": [ 8, 11.5, 10 ],
			"faces": {
				"down": { "uv": [ 5.25, 6.5, 8.75, 6.75 ], "texture": "#vss_vintorez", "rotation": 270 },
				"up": { "uv": [ 5.25, 6.5, 8.75, 6.25 ], "texture": "#vss_vintorez", "rotation": 90 },
				"north": { "uv": [ 5.25, 6.25, 5.5, 6.75 ], "texture": "#vss_vintorez" },
				"south": { "uv": [ 8.75, 6.25, 8.5, 6.75 ], "texture": "#vss_vintorez" },
				"west": { "uv": [ 5.25, 6.25, 8.75, 6.75 ], "texture": "#vss_vintorez" },
				"east": { "uv": [ 8.75, 6.25, 5.25, 6.75 ], "texture": "#vss_vintorez" }
			}
		},
		{
			"__comment": "vss_vintorez30",
			"from": [ 9, 10.5, 3 ],
			"to": [ 9.5, 11.5, 10 ],
			"faces": {
				"down": { "uv": [ 5.25, 6.5, 8.75, 6.75 ], "texture": "#vss_vintorez", "rotation": 270 },
				"up": { "uv": [ 5.25, 6.5, 8.75, 6.25 ], "texture": "#vss_vintorez", "rotation": 90 },
				"north": { "uv": [ 5.25, 6.25, 5.5, 6.75 ], "texture": "#vss_vintorez" },
				"south": { "uv": [ 8.75, 6.25, 8.5, 6.75 ], "texture": "#vss_vintorez" },
				"west": { "uv": [ 5.25, 6.25, 8.75, 6.75 ], "texture": "#vss_vintorez" },
				"east": { "uv": [ 8.75, 6.25, 5.25, 6.75 ], "texture": "#vss_vintorez" }
			}
		},
		{
			"__comment": "vss_vintorez31",
			"from": [ 8, 10.5, 10 ],
			"to": [ 9, 11.5, 12 ],
			"faces": {
				"down": { "uv": [ 8.75, 6.5, 9.75, 6.75 ], "texture": "#vss_vintorez", "rotation": 270 },
				"up": { "uv": [ 8.75, 6.5, 9.75, 6.25 ], "texture": "#vss_vintorez", "rotation": 90 },
				"north": { "uv": [ 8.75, 6.25, 9, 6.75 ], "texture": "#vss_vintorez" },
				"south": { "uv": [ 9.75, 6.25, 9.5, 6.75 ], "texture": "#vss_vintorez" },
				"west": { "uv": [ 8.75, 6.25, 9.75, 6.75 ], "texture": "#vss_vintorez" },
				"east": { "uv": [ 9.75, 6.25, 8.75, 6.75 ], "texture": "#vss_vintorez" }
			}
		},
		{
			"__comment": "vss_vintorez32",
			"from": [ 8, 11.5, 12 ],
			"to": [ 9, 12, 16 ],
			"faces": {
				"down": { "uv": [ 9.75, 6, 11.75, 6.25 ], "texture": "#vss_vintorez", "rotation": 270 },
				"up": { "uv": [ 9.75, 6.25, 11.75, 6 ], "texture": "#vss_vintorez", "rotation": 90 },
				"north": { "uv": [ 9.75, 6, 10, 6.25 ], "texture": "#vss_vintorez" },
				"south": { "uv": [ 11.75, 6, 11.5, 6.25 ], "texture": "#vss_vintorez" },
				"west": { "uv": [ 9.75, 6, 11.75, 6.25 ], "texture": "#vss_vintorez" },
				"east": { "uv": [ 11.75, 6, 9.75, 6.25 ], "texture": "#vss_vintorez" }
			}
		},
		{
			"__comment": "vss_vintorez33",
			"from": [ 8, 10, 12 ],
			"to": [ 9, 10.5, 16 ],
			"faces": {
				"down": { "uv": [ 9.75, 6.75, 11.75, 7 ], "texture": "#vss_vintorez", "rotation": 270 },
				"up": { "uv": [ 9.75, 7, 11.75, 6.75 ], "texture": "#vss_vintorez", "rotation": 90 },
				"north": { "uv": [ 9.75, 6.75, 10, 7 ], "texture": "#vss_vintorez" },
				"south": { "uv": [ 11.75, 6.75, 11.5, 7 ], "texture": "#vss_vintorez" },
				"west": { "uv": [ 9.75, 6.75, 11.75, 7 ], "texture": "#vss_vintorez" },
				"east": { "uv": [ 11.75, 6.75, 9.75, 7 ], "texture": "#vss_vintorez" }
			}
		},
		{
			"__comment": "vss_vintorez34",
			"from": [ 7.5, 10.5, 12 ],
			"to": [ 8, 11.5, 16 ],
			"faces": {
				"down": { "uv": [ 9.75, 6.5, 11.75, 6.75 ], "texture": "#vss_vintorez", "rotation": 270 },
				"up": { "uv": [ 9.75, 6.5, 11.75, 6.25 ], "texture": "#vss_vintorez", "rotation": 90 },
				"north": { "uv": [ 9.75, 6.25, 10, 6.75 ], "texture": "#vss_vintorez" },
				"south": { "uv": [ 11.75, 6.25, 11.5, 6.75 ], "texture": "#vss_vintorez" },
				"west": { "uv": [ 9.75, 6.25, 11.75, 6.75 ], "texture": "#vss_vintorez" },
				"east": { "uv": [ 11.75, 6.25, 9.75, 6.75 ], "texture": "#vss_vintorez" }
			}
		},
		{
			"__comment": "vss_vintorez35",
			"from": [ 9, 10.5, 12 ],
			"to": [ 9.5, 11.5, 16 ],
			"faces": {
				"down": { "uv": [ 9.75, 6.5, 11.75, 6.75 ], "texture": "#vss_vintorez", "rotation": 270 },
				"up": { "uv": [ 9.75, 6.5, 11.75, 6.25 ], "texture": "#vss_vintorez", "rotation": 90 },
				"north": { "uv": [ 9.75, 6.25, 10, 6.75 ], "texture": "#vss_vintorez" },
				"south": { "uv": [ 11.75, 6.25, 11.5, 6.75 ], "texture": "#vss_vintorez" },
				"west": { "uv": [ 9.75, 6.25, 11.75, 6.75 ], "texture": "#vss_vintorez" },
				"east": { "uv": [ 11.75, 6.25, 9.75, 6.75 ], "texture": "#vss_vintorez" }
			}
		},
		{
			"__comment": "vss_vintorez36",
			"from": [ 6.5, 6.5, 5.5 ],
			"to": [ 7, 8.5, 7 ],
			"faces": {
				"down": { "uv": [ 6.5, 8.5, 7.25, 8.75 ], "texture": "#vss_vintorez", "rotation": 270 },
				"up": { "uv": [ 6.5, 8, 7.25, 7.75 ], "texture": "#vss_vintorez", "rotation": 90 },
				"north": { "uv": [ 6.5, 7.75, 6.75, 8.75 ], "texture": "#vss_vintorez" },
				"south": { "uv": [ 7.25, 7.75, 7, 8.75 ], "texture": "#vss_vintorez" },
				"west": { "uv": [ 6.5, 7.75, 7.25, 8.75 ], "texture": "#vss_vintorez" },
				"east": { "uv": [ 7.25, 7.75, 6.5, 8.75 ], "texture": "#vss_vintorez" }
			}
		},
		{
			"__comment": "vss_vintorez37",
			"from": [ 6.5, 6.5, 7.5 ],
			"to": [ 7, 7.5, 8.5 ],
			"faces": {
				"down": { "uv": [ 7.5, 8.5, 8, 8.75 ], "texture": "#vss_vintorez", "rotation": 270 },
				"up": { "uv": [ 7.5, 8.5, 8, 8.25 ], "texture": "#vss_vintorez", "rotation": 90 },
				"north": { "uv": [ 7.5, 8.25, 7.75, 8.75 ], "texture": "#vss_vintorez" },
				"south": { "uv": [ 8, 8.25, 7.75, 8.75 ], "texture": "#vss_vintorez" },
				"west": { "uv": [ 7.5, 8.25, 8, 8.75 ], "texture": "#vss_vintorez" },
				"east": { "uv": [ 8, 8.25, 7.5, 8.75 ], "texture": "#vss_vintorez" }
			}
		},
		{
			"__comment": "vss_vintorez38",
			"from": [ 9, 9.5, 5.5 ],
			"to": [ 9.5, 10.5, 7 ],
			"faces": {
				"down": { "uv": [ 6.5, 7, 7.25, 7.25 ], "texture": "#vss_vintorez", "rotation": 270 },
				"up": { "uv": [ 6.5, 7, 7.25, 6.75 ], "texture": "#vss_vintorez", "rotation": 90 },
				"north": { "uv": [ 6.5, 6.75, 6.75, 7.25 ], "texture": "#vss_vintorez" },
				"south": { "uv": [ 7.25, 6.75, 7, 7.25 ], "texture": "#vss_vintorez" },
				"west": { "uv": [ 6.5, 6.75, 7.25, 7.25 ], "texture": "#vss_vintorez" },
				"east": { "uv": [ 7.25, 6.75, 6.5, 7.25 ], "texture": "#vss_vintorez" }
			}
		},
		{
			"__comment": "vss_vintorez39",
			"from": [ 7, 8.5, 5.5 ],
			"to": [ 7.5, 9.5, 7 ],
			"faces": {
				"down": { "uv": [ 6.5, 7.5, 7.25, 7.75 ], "texture": "#vss_vintorez", "rotation": 270 },
				"up": { "uv": [ 6.5, 7.5, 7.25, 7.25 ], "texture": "#vss_vintorez", "rotation": 90 },
				"north": { "uv": [ 6.5, 7.25, 6.75, 7.75 ], "texture": "#vss_vintorez" },
				"south": { "uv": [ 7.25, 7.25, 7, 7.75 ], "texture": "#vss_vintorez" },
				"west": { "uv": [ 6.5, 7.25, 7.25, 7.75 ], "texture": "#vss_vintorez" },
				"east": { "uv": [ 7.25, 7.25, 6.5, 7.75 ], "texture": "#vss_vintorez" }
			}
		},
		{
			"__comment": "vss_vintorez40",
			"from": [ 8, 10.5, 3.5 ],
			"to": [ 9, 11.5, 4 ],
			"faces": {
				"down": { "uv": [ 15.75, 15.75, 16, 16 ], "texture": "#vss_vintorez", "rotation": 270 },
				"up": { "uv": [ 15.75, 16, 16, 15.75 ], "texture": "#vss_vintorez", "rotation": 90 },
				"north": { "uv": [ 15.75, 15.75, 16, 16 ], "texture": "#vss_vintorez" },
				"south": { "uv": [ 16, 15.75, 15.75, 16 ], "texture": "#vss_vintorez" },
				"west": { "uv": [ 15.75, 15.75, 16, 16 ], "texture": "#vss_vintorez" },
				"east": { "uv": [ 16, 15.75, 15.75, 16 ], "texture": "#vss_vintorez" }
			}
		},
		{
			"__comment": "vss_vintorez41",
			"from": [ 7.5, 7, 14 ],
			"to": [ 8.5, 7.5, 15 ],
			"faces": {
				"down": { "uv": [ 10.75, 8.25, 11.25, 8.5 ], "texture": "#vss_vintorez", "rotation": 270 },
				"up": { "uv": [ 10.75, 8.5, 11.25, 8.25 ], "texture": "#vss_vintorez", "rotation": 90 },
				"north": { "uv": [ 10.75, 8.25, 11, 8.5 ], "texture": "#vss_vintorez" },
				"south": { "uv": [ 11.25, 8.25, 11, 8.5 ], "texture": "#vss_vintorez" },
				"west": { "uv": [ 10.75, 8.25, 11.25, 8.5 ], "texture": "#vss_vintorez" },
				"east": { "uv": [ 11.25, 8.25, 10.75, 8.5 ], "texture": "#vss_vintorez" }
			}
		},
		{
			"__comment": "vss_vintorez42",
			"from": [ 7.5, 6.5, 15 ],
			"to": [ 8.5, 7, 24 ],
			"faces": {
				"down": { "uv": [ 11.25, 8.5, 15.75, 8.75 ], "texture": "#vss_vintorez", "rotation": 270 },
				"up": { "uv": [ 11.25, 8.75, 15.75, 8.5 ], "texture": "#vss_vintorez", "rotation": 90 },
				"north": { "uv": [ 11.25, 8.5, 11.5, 8.75 ], "texture": "#vss_vintorez" },
				"south": { "uv": [ 15.75, 8.5, 15.5, 8.75 ], "texture": "#vss_vintorez" },
				"west": { "uv": [ 11.25, 8.5, 15.75, 8.75 ], "texture": "#vss_vintorez" },
				"east": { "uv": [ 15.75, 8.5, 11.25, 8.75 ], "texture": "#vss_vintorez" }
			}
		},
		{
			"__comment": "vss_vintorez43",
			"from": [ 7.5, 6, 23.5 ],
			"to": [ 8.5, 6.5, 24 ],
			"faces": {
				"down": { "uv": [ 15.5, 8.75, 15.75, 9 ], "texture": "#vss_vintorez", "rotation": 270 },
				"up": { "uv": [ 15.5, 9, 15.75, 8.75 ], "texture": "#vss_vintorez", "rotation": 90 },
				"north": { "uv": [ 15.5, 8.75, 15.75, 9 ], "texture": "#vss_vintorez" },
				"south": { "uv": [ 15.75, 8.75, 15.5, 9 ], "texture": "#vss_vintorez" },
				"west": { "uv": [ 15.5, 8.75, 15.75, 9 ], "texture": "#vss_vintorez" },
				"east": { "uv": [ 15.75, 8.75, 15.5, 9 ], "texture": "#vss_vintorez" }
			}
		},
		{
			"__comment": "vss_vintorez44",
			"from": [ 7, 3.5, 21.5 ],
			"to": [ 9, 6, 23 ],
			"faces": {
				"down": { "uv": [ 14.5, 10, 15.25, 10.25 ], "texture": "#vss_vintorez", "rotation": 270 },
				"up": { "uv": [ 14.5, 9.25, 15.25, 9 ], "texture": "#vss_vintorez", "rotation": 90 },
				"north": { "uv": [ 14.5, 9, 14.75, 10.25 ], "texture": "#vss_vintorez" },
				"south": { "uv": [ 15.25, 9, 15, 10.25 ], "texture": "#vss_vintorez" },
				"west": { "uv": [ 14.5, 9, 15.25, 10.25 ], "texture": "#vss_vintorez" },
				"east": { "uv": [ 15.25, 9, 14.5, 10.25 ], "texture": "#vss_vintorez" }
			}
		},
		{
			"__comment": "vss_vintorez45",
			"from": [ 7.5, 2.5, 23.5 ],
			"to": [ 8.5, 3.5, 24 ],
			"faces": {
				"down": { "uv": [ 15.5, 10.5, 15.75, 10.75 ], "texture": "#vss_vintorez", "rotation": 270 },
				"up": { "uv": [ 15.5, 10.5, 15.75, 10.25 ], "texture": "#vss_vintorez", "rotation": 90 },
				"north": { "uv": [ 15.5, 10.25, 15.75, 10.75 ], "texture": "#vss_vintorez" },
				"south": { "uv": [ 15.75, 10.25, 15.5, 10.75 ], "texture": "#vss_vintorez" },
				"west": { "uv": [ 15.5, 10.25, 15.75, 10.75 ], "texture": "#vss_vintorez" },
				"east": { "uv": [ 15.75, 10.25, 15.5, 10.75 ], "texture": "#vss_vintorez" }
			}
		},
		{
			"__comment": "vss_vintorez46",
			"from": [ 7.5, 2.5, 15.5 ],
			"to": [ 8.5, 3, 23.5 ],
			"faces": {
				"down": { "uv": [ 11.5, 10.5, 15.5, 10.75 ], "texture": "#vss_vintorez", "rotation": 270 },
				"up": { "uv": [ 11.5, 10.75, 15.5, 10.5 ], "texture": "#vss_vintorez", "rotation": 90 },
				"north": { "uv": [ 11.5, 10.5, 11.75, 10.75 ], "texture": "#vss_vintorez" },
				"south": { "uv": [ 15.5, 10.5, 15.25, 10.75 ], "texture": "#vss_vintorez" },
				"west": { "uv": [ 11.5, 10.5, 15.5, 10.75 ], "texture": "#vss_vintorez" },
				"east": { "uv": [ 15.5, 10.5, 11.5, 10.75 ], "texture": "#vss_vintorez" }
			}
		},
		{
			"__comment": "vss_vintorez47",
			"from": [ 7.5, 2, 15 ],
			"to": [ 8.5, 2.5, 15.5 ],
			"faces": {
				"down": { "uv": [ 11.25, 10.75, 11.5, 11 ], "texture": "#vss_vintorez", "rotation": 270 },
				"up": { "uv": [ 11.25, 11, 11.5, 10.75 ], "texture": "#vss_vintorez", "rotation": 90 },
				"north": { "uv": [ 11.25, 10.75, 11.5, 11 ], "texture": "#vss_vintorez" },
				"south": { "uv": [ 11.5, 10.75, 11.25, 11 ], "texture": "#vss_vintorez" },
				"west": { "uv": [ 11.25, 10.75, 11.5, 11 ], "texture": "#vss_vintorez" },
				"east": { "uv": [ 11.5, 10.75, 11.25, 11 ], "texture": "#vss_vintorez" }
			}
		},
		{
			"__comment": "vss_vintorez48",
			"from": [ 7.5, 1.5, 13.5 ],
			"to": [ 8.5, 2, 15 ],
			"faces": {
				"down": { "uv": [ 10.5, 11, 11.25, 11.25 ], "texture": "#vss_vintorez", "rotation": 270 },
				"up": { "uv": [ 10.5, 11.25, 11.25, 11 ], "texture": "#vss_vintorez", "rotation": 90 },
				"north": { "uv": [ 10.5, 11, 10.75, 11.25 ], "texture": "#vss_vintorez" },
				"south": { "uv": [ 11.25, 11, 11, 11.25 ], "texture": "#vss_vintorez" },
				"west": { "uv": [ 10.5, 11, 11.25, 11.25 ], "texture": "#vss_vintorez" },
				"east": { "uv": [ 11.25, 11, 10.5, 11.25 ], "texture": "#vss_vintorez" }
			}
		},
		{
			"__comment": "vss_vintorez49",
			"from": [ 7.5, 1.5, 13 ],
			"to": [ 8.5, 3.5, 13.5 ],
			"faces": {
				"down": { "uv": [ 10.25, 11, 10.5, 11.25 ], "texture": "#vss_vintorez", "rotation": 270 },
				"up": { "uv": [ 10.25, 10.5, 10.5, 10.25 ], "texture": "#vss_vintorez", "rotation": 90 },
				"north": { "uv": [ 10.25, 10.25, 10.5, 11.25 ], "texture": "#vss_vintorez" },
				"south": { "uv": [ 10.5, 10.25, 10.25, 11.25 ], "texture": "#vss_vintorez" },
				"west": { "uv": [ 10.25, 10.25, 10.5, 11.25 ], "texture": "#vss_vintorez" },
				"east": { "uv": [ 10.5, 10.25, 10.25, 11.25 ], "texture": "#vss_vintorez" }
			}
		},
		{
			"__comment": "vss_vintorez50",
			"from": [ 7.5, 5.5, 5.5 ],
			"to": [ 8.5, 6, 6.5 ],
			"faces": {
				"down": { "uv": [ 6.5, 9, 7, 9.25 ], "texture": "#vss_vintorez", "rotation": 270 },
				"up": { "uv": [ 6.5, 9.25, 7, 9 ], "texture": "#vss_vintorez", "rotation": 90 },
				"north": { "uv": [ 6.5, 9, 6.75, 9.25 ], "texture": "#vss_vintorez" },
				"south": { "uv": [ 7, 9, 6.75, 9.25 ], "texture": "#vss_vintorez" },
				"west": { "uv": [ 6.5, 9, 7, 9.25 ], "texture": "#vss_vintorez" },
				"east": { "uv": [ 7, 9, 6.5, 9.25 ], "texture": "#vss_vintorez" }
			}
		},
		{
			"__comment": "vss_vintorez51",
			"from": [ 7.5, 5, 5.5 ],
			"to": [ 8.5, 5.5, 8 ],
			"faces": {
				"down": { "uv": [ 6.5, 9.25, 7.75, 9.5 ], "texture": "#vss_vintorez", "rotation": 270 },
				"up": { "uv": [ 6.5, 9.5, 7.75, 9.25 ], "texture": "#vss_vintorez", "rotation": 90 },
				"north": { "uv": [ 6.5, 9.25, 6.75, 9.5 ], "texture": "#vss_vintorez" },
				"south": { "uv": [ 7.75, 9.25, 7.5, 9.5 ], "texture": "#vss_vintorez" },
				"west": { "uv": [ 6.5, 9.25, 7.75, 9.5 ], "texture": "#vss_vintorez" },
				"east": { "uv": [ 7.75, 9.25, 6.5, 9.5 ], "texture": "#vss_vintorez" }
			}
		},
		{
			"__comment": "vss_vintorez52",
			"from": [ 7.5, 4.5, 5 ],
			"to": [ 8.5, 5, 8 ],
			"faces": {
				"down": { "uv": [ 6.25, 9.5, 7.75, 9.75 ], "texture": "#vss_vintorez", "rotation": 270 },
				"up": { "uv": [ 6.25, 9.75, 7.75, 9.5 ], "texture": "#vss_vintorez", "rotation": 90 },
				"north": { "uv": [ 6.25, 9.5, 6.5, 9.75 ], "texture": "#vss_vintorez" },
				"south": { "uv": [ 7.75, 9.5, 7.5, 9.75 ], "texture": "#vss_vintorez" },
				"west": { "uv": [ 6.25, 9.5, 7.75, 9.75 ], "texture": "#vss_vintorez" },
				"east": { "uv": [ 7.75, 9.5, 6.25, 9.75 ], "texture": "#vss_vintorez" }
			}
		},
		{
			"__comment": "vss_vintorez53",
			"from": [ 7.5, 4, 5 ],
			"to": [ 8.5, 4.5, 7.5 ],
			"faces": {
				"down": { "uv": [ 6.25, 9.75, 7.5, 10 ], "texture": "#vss_vintorez", "rotation": 270 },
				"up": { "uv": [ 6.25, 10, 7.5, 9.75 ], "texture": "#vss_vintorez", "rotation": 90 },
				"north": { "uv": [ 6.25, 9.75, 6.5, 10 ], "texture": "#vss_vintorez" },
				"south": { "uv": [ 7.5, 9.75, 7.25, 10 ], "texture": "#vss_vintorez" },
				"west": { "uv": [ 6.25, 9.75, 7.5, 10 ], "texture": "#vss_vintorez" },
				"east": { "uv": [ 7.5, 9.75, 6.25, 10 ], "texture": "#vss_vintorez" }
			}
		},
		{
			"__comment": "vss_vintorez54",
			"from": [ 7.5, 3.5, 4.5 ],
			"to": [ 8.5, 4, 7.5 ],
			"faces": {
				"down": { "uv": [ 6, 10, 7.5, 10.25 ], "texture": "#vss_vintorez", "rotation": 270 },
				"up": { "uv": [ 6, 10.25, 7.5, 10 ], "texture": "#vss_vintorez", "rotation": 90 },
				"north": { "uv": [ 6, 10, 6.25, 10.25 ], "texture": "#vss_vintorez" },
				"south": { "uv": [ 7.5, 10, 7.25, 10.25 ], "texture": "#vss_vintorez" },
				"west": { "uv": [ 6, 10, 7.5, 10.25 ], "texture": "#vss_vintorez" },
				"east": { "uv": [ 7.5, 10, 6, 10.25 ], "texture": "#vss_vintorez" }
			}
		},
		{
			"__comment": "vss_vintorez55",
			"from": [ 7.5, 3, 4.5 ],
			"to": [ 8.5, 3.5, 7 ],
			"faces": {
				"down": { "uv": [ 6, 10.25, 7.25, 10.5 ], "texture": "#vss_vintorez", "rotation": 270 },
				"up": { "uv": [ 6, 10.5, 7.25, 10.25 ], "texture": "#vss_vintorez", "rotation": 90 },
				"north": { "uv": [ 6, 10.25, 6.25, 10.5 ], "texture": "#vss_vintorez" },
				"south": { "uv": [ 7.25, 10.25, 7, 10.5 ], "texture": "#vss_vintorez" },
				"west": { "uv": [ 6, 10.25, 7.25, 10.5 ], "texture": "#vss_vintorez" },
				"east": { "uv": [ 7.25, 10.25, 6, 10.5 ], "texture": "#vss_vintorez" }
			}
		},
		{
			"__comment": "vss_vintorez56",
			"from": [ 7.5, 2.5, 5.5 ],
			"to": [ 8.5, 3, 7 ],
			"faces": {
				"down": { "uv": [ 6.5, 10.5, 7.25, 10.75 ], "texture": "#vss_vintorez", "rotation": 270 },
				"up": { "uv": [ 6.5, 10.75, 7.25, 10.5 ], "texture": "#vss_vintorez", "rotation": 90 },
				"north": { "uv": [ 6.5, 10.5, 6.75, 10.75 ], "texture": "#vss_vintorez" },
				"south": { "uv": [ 7.25, 10.5, 7, 10.75 ], "texture": "#vss_vintorez" },
				"west": { "uv": [ 6.5, 10.5, 7.25, 10.75 ], "texture": "#vss_vintorez" },
				"east": { "uv": [ 7.25, 10.5, 6.5, 10.75 ], "texture": "#vss_vintorez" }
			}
		},
		{
			"__comment": "vss_vintorez57",
			"from": [ 7.5, 5, 11.5 ],
			"to": [ 8.5, 5.5, 12 ],
			"faces": {
				"down": { "uv": [ 9.5, 9.25, 9.75, 9.5 ], "texture": "#vss_vintorez", "rotation": 270 },
				"up": { "uv": [ 9.5, 9.5, 9.75, 9.25 ], "texture": "#vss_vintorez", "rotation": 90 },
				"north": { "uv": [ 9.5, 9.25, 9.75, 9.5 ], "texture": "#vss_vintorez" },
				"south": { "uv": [ 9.75, 9.25, 9.5, 9.5 ], "texture": "#vss_vintorez" },
				"west": { "uv": [ 9.5, 9.25, 9.75, 9.5 ], "texture": "#vss_vintorez" },
				"east": { "uv": [ 9.75, 9.25, 9.5, 9.5 ], "texture": "#vss_vintorez" }
			}
		},
		{
			"__comment": "vss_vintorez58",
			"from": [ 7.5, 4.5, 12 ],
			"to": [ 8.5, 5, 12.5 ],
			"faces": {
				"down": { "uv": [ 9.75, 9.5, 10, 9.75 ], "texture": "#vss_vintorez", "rotation": 270 },
				"up": { "uv": [ 9.75, 9.75, 10, 9.5 ], "texture": "#vss_vintorez", "rotation": 90 },
				"north": { "uv": [ 9.75, 9.5, 10, 9.75 ], "texture": "#vss_vintorez" },
				"south": { "uv": [ 10, 9.5, 9.75, 9.75 ], "texture": "#vss_vintorez" },
				"west": { "uv": [ 9.75, 9.5, 10, 9.75 ], "texture": "#vss_vintorez" },
				"east": { "uv": [ 10, 9.5, 9.75, 9.75 ], "texture": "#vss_vintorez" }
			}
		},
		{
			"__comment": "vss_vintorez59",
			"from": [ 7.5, 3.5, 12.5 ],
			"to": [ 8.5, 4.5, 13 ],
			"faces": {
				"down": { "uv": [ 10, 10, 10.25, 10.25 ], "texture": "#vss_vintorez", "rotation": 270 },
				"up": { "uv": [ 10, 10, 10.25, 9.75 ], "texture": "#vss_vintorez", "rotation": 90 },
				"north": { "uv": [ 10, 9.75, 10.25, 10.25 ], "texture": "#vss_vintorez" },
				"south": { "uv": [ 10.25, 9.75, 10, 10.25 ], "texture": "#vss_vintorez" },
				"west": { "uv": [ 10, 9.75, 10.25, 10.25 ], "texture": "#vss_vintorez" },
				"east": { "uv": [ 10.25, 9.75, 10, 10.25 ], "texture": "#vss_vintorez" }
			}
		},
		{
			"__comment": "vss_vintorez60",
			"from": [ 7, 6.5, 14 ],
			"to": [ 9, 7, 15 ],
			"faces": {
				"down": { "uv": [ 10.75, 8.5, 11.25, 8.75 ], "texture": "#vss_vintorez", "rotation": 270 },
				"up": { "uv": [ 10.75, 8.75, 11.25, 8.5 ], "texture": "#vss_vintorez", "rotation": 90 },
				"north": { "uv": [ 10.75, 8.5, 11, 8.75 ], "texture": "#vss_vintorez" },
				"south": { "uv": [ 11.25, 8.5, 11, 8.75 ], "texture": "#vss_vintorez" },
				"west": { "uv": [ 10.75, 8.5, 11.25, 8.75 ], "texture": "#vss_vintorez" },
				"east": { "uv": [ 11.25, 8.5, 10.75, 8.75 ], "texture": "#vss_vintorez" }
			}
		},
		{
			"__comment": "vss_vintorez61",
			"from": [ 7, 6, 14 ],
			"to": [ 9, 6.5, 23.5 ],
			"faces": {
				"down": { "uv": [ 10.75, 8.75, 15.5, 9 ], "texture": "#vss_vintorez", "rotation": 270 },
				"up": { "uv": [ 10.75, 9, 15.5, 8.75 ], "texture": "#vss_vintorez", "rotation": 90 },
				"north": { "uv": [ 10.75, 8.75, 11, 9 ], "texture": "#vss_vintorez" },
				"south": { "uv": [ 15.5, 8.75, 15.25, 9 ], "texture": "#vss_vintorez" },
				"west": { "uv": [ 10.75, 8.75, 15.5, 9 ], "texture": "#vss_vintorez" },
				"east": { "uv": [ 15.5, 8.75, 10.75, 9 ], "texture": "#vss_vintorez" }
			}
		},
		{
			"__comment": "vss_vintorez62",
			"from": [ 7, 5.5, 12 ],
			"to": [ 9, 6, 14.5 ],
			"faces": {
				"down": { "uv": [ 9.75, 9, 11, 9.25 ], "texture": "#vss_vintorez", "rotation": 270 },
				"up": { "uv": [ 9.75, 9.25, 11, 9 ], "texture": "#vss_vintorez", "rotation": 90 },
				"north": { "uv": [ 9.75, 9, 10, 9.25 ], "texture": "#vss_vintorez" },
				"south": { "uv": [ 11, 9, 10.75, 9.25 ], "texture": "#vss_vintorez" },
				"west": { "uv": [ 9.75, 9, 11, 9.25 ], "texture": "#vss_vintorez" },
				"east": { "uv": [ 11, 9, 9.75, 9.25 ], "texture": "#vss_vintorez" }
			}
		},
		{
			"__comment": "vss_vintorez63",
			"from": [ 7, 5, 12 ],
			"to": [ 9, 5.5, 14 ],
			"faces": {
				"down": { "uv": [ 9.75, 9.25, 10.75, 9.5 ], "texture": "#vss_vintorez", "rotation": 270 },
				"up": { "uv": [ 9.75, 9.5, 10.75, 9.25 ], "texture": "#vss_vintorez", "rotation": 90 },
				"north": { "uv": [ 9.75, 9.25, 10, 9.5 ], "texture": "#vss_vintorez" },
				"south": { "uv": [ 10.75, 9.25, 10.5, 9.5 ], "texture": "#vss_vintorez" },
				"west": { "uv": [ 9.75, 9.25, 10.75, 9.5 ], "texture": "#vss_vintorez" },
				"east": { "uv": [ 10.75, 9.25, 9.75, 9.5 ], "texture": "#vss_vintorez" }
			}
		},
		{
			"__comment": "vss_vintorez64",
			"from": [ 7, 4.5, 12.5 ],
			"to": [ 9, 5, 14 ],
			"faces": {
				"down": { "uv": [ 10, 9.5, 10.75, 9.75 ], "texture": "#vss_vintorez", "rotation": 270 },
				"up": { "uv": [ 10, 9.75, 10.75, 9.5 ], "texture": "#vss_vintorez", "rotation": 90 },
				"north": { "uv": [ 10, 9.5, 10.25, 9.75 ], "texture": "#vss_vintorez" },
				"south": { "uv": [ 10.75, 9.5, 10.5, 9.75 ], "texture": "#vss_vintorez" },
				"west": { "uv": [ 10, 9.5, 10.75, 9.75 ], "texture": "#vss_vintorez" },
				"east": { "uv": [ 10.75, 9.5, 10, 9.75 ], "texture": "#vss_vintorez" }
			}
		},
		{
			"__comment": "vss_vintorez65",
			"from": [ 7, 4, 13 ],
			"to": [ 9, 4.5, 14 ],
			"faces": {
				"down": { "uv": [ 10.25, 9.75, 10.75, 10 ], "texture": "#vss_vintorez", "rotation": 270 },
				"up": { "uv": [ 10.25, 10, 10.75, 9.75 ], "texture": "#vss_vintorez", "rotation": 90 },
				"north": { "uv": [ 10.25, 9.75, 10.5, 10 ], "texture": "#vss_vintorez" },
				"south": { "uv": [ 10.75, 9.75, 10.5, 10 ], "texture": "#vss_vintorez" },
				"west": { "uv": [ 10.25, 9.75, 10.75, 10 ], "texture": "#vss_vintorez" },
				"east": { "uv": [ 10.75, 9.75, 10.25, 10 ], "texture": "#vss_vintorez" }
			}
		},
		{
			"__comment": "vss_vintorez66",
			"from": [ 7, 3.5, 13 ],
			"to": [ 9, 4, 14.5 ],
			"faces": {
				"down": { "uv": [ 10.25, 10, 11, 10.25 ], "texture": "#vss_vintorez", "rotation": 270 },
				"up": { "uv": [ 10.25, 10.25, 11, 10 ], "texture": "#vss_vintorez", "rotation": 90 },
				"north": { "uv": [ 10.25, 10, 10.5, 10.25 ], "texture": "#vss_vintorez" },
				"south": { "uv": [ 11, 10, 10.75, 10.25 ], "texture": "#vss_vintorez" },
				"west": { "uv": [ 10.25, 10, 11, 10.25 ], "texture": "#vss_vintorez" },
				"east": { "uv": [ 11, 10, 10.25, 10.25 ], "texture": "#vss_vintorez" }
			}
		},
		{
			"__comment": "vss_vintorez67",
			"from": [ 7, 2, 13.5 ],
			"to": [ 9, 2.5, 15 ],
			"faces": {
				"down": { "uv": [ 10.5, 10.75, 11.25, 11 ], "texture": "#vss_vintorez", "rotation": 270 },
				"up": { "uv": [ 10.5, 11, 11.25, 10.75 ], "texture": "#vss_vintorez", "rotation": 90 },
				"north": { "uv": [ 10.5, 10.75, 10.75, 11 ], "texture": "#vss_vintorez" },
				"south": { "uv": [ 11.25, 10.75, 11, 11 ], "texture": "#vss_vintorez" },
				"west": { "uv": [ 10.5, 10.75, 11.25, 11 ], "texture": "#vss_vintorez" },
				"east": { "uv": [ 11.25, 10.75, 10.5, 11 ], "texture": "#vss_vintorez" }
			}
		},
		{
			"__comment": "vss_vintorez68",
			"from": [ 7, 2.5, 13.5 ],
			"to": [ 9, 3, 15.5 ],
			"faces": {
				"down": { "uv": [ 10.5, 10.5, 11.5, 10.75 ], "texture": "#vss_vintorez", "rotation": 270 },
				"up": { "uv": [ 10.5, 10.75, 11.5, 10.5 ], "texture": "#vss_vintorez", "rotation": 90 },
				"north": { "uv": [ 10.5, 10.5, 10.75, 10.75 ], "texture": "#vss_vintorez" },
				"south": { "uv": [ 11.5, 10.5, 11.25, 10.75 ], "texture": "#vss_vintorez" },
				"west": { "uv": [ 10.5, 10.5, 11.5, 10.75 ], "texture": "#vss_vintorez" },
				"east": { "uv": [ 11.5, 10.5, 10.5, 10.75 ], "texture": "#vss_vintorez" }
			}
		},
		{
			"__comment": "vss_vintorez69",
			"from": [ 7, 3, 13.5 ],
			"to": [ 9, 3.5, 23.5 ],
			"faces": {
				"down": { "uv": [ 10.5, 10.25, 15.5, 10.5 ], "texture": "#vss_vintorez", "rotation": 270 },
				"up": { "uv": [ 10.5, 10.5, 15.5, 10.25 ], "texture": "#vss_vintorez", "rotation": 90 },
				"north": { "uv": [ 10.5, 10.25, 10.75, 10.5 ], "texture": "#vss_vintorez" },
				"south": { "uv": [ 15.5, 10.25, 15.25, 10.5 ], "texture": "#vss_vintorez" },
				"west": { "uv": [ 10.5, 10.25, 15.5, 10.5 ], "texture": "#vss_vintorez" },
				"east": { "uv": [ 15.5, 10.25, 10.5, 10.5 ], "texture": "#vss_vintorez" }
			}
		},
		{
			"__comment": "vss_vintorez70",
			"from": [ 7.5, 4, 16.5 ],
			"to": [ 8.5, 5.5, 18 ],
			"faces": {
				"down": { "uv": [ 12, 9.75, 12.75, 10 ], "texture": "#vss_vintorez", "rotation": 270 },
				"up": { "uv": [ 12, 9.5, 12.75, 9.25 ], "texture": "#vss_vintorez", "rotation": 90 },
				"north": { "uv": [ 12, 9.25, 12.25, 10 ], "texture": "#vss_vintorez" },
				"south": { "uv": [ 12.75, 9.25, 12.5, 10 ], "texture": "#vss_vintorez" },
				"west": { "uv": [ 12, 9.25, 12.75, 10 ], "texture": "#vss_vintorez" },
				"east": { "uv": [ 12.75, 9.25, 12, 10 ], "texture": "#vss_vintorez" }
			}
		},
		{
			"__comment": "vss_vintorez71",
			"from": [ 7, 3.5, 21 ],
			"to": [ 9, 4, 21.5 ],
			"faces": {
				"down": { "uv": [ 14.25, 10, 14.5, 10.25 ], "texture": "#vss_vintorez", "rotation": 270 },
				"up": { "uv": [ 14.25, 10.25, 14.5, 10 ], "texture": "#vss_vintorez", "rotation": 90 },
				"north": { "uv": [ 14.25, 10, 14.5, 10.25 ], "texture": "#vss_vintorez" },
				"south": { "uv": [ 14.5, 10, 14.25, 10.25 ], "texture": "#vss_vintorez" },
				"west": { "uv": [ 14.25, 10, 14.5, 10.25 ], "texture": "#vss_vintorez" },
				"east": { "uv": [ 14.5, 10, 14.25, 10.25 ], "texture": "#vss_vintorez" }
			}
		},
		{
			"__comment": "vss_vintorez72",
			"from": [ 7, 5.5, 21 ],
			"to": [ 9, 6, 21.5 ],
			"faces": {
				"down": { "uv": [ 14.25, 9, 14.5, 9.25 ], "texture": "#vss_vintorez", "rotation": 270 },
				"up": { "uv": [ 14.25, 9.25, 14.5, 9 ], "texture": "#vss_vintorez", "rotation": 90 },
				"north": { "uv": [ 14.25, 9, 14.5, 9.25 ], "texture": "#vss_vintorez" },
				"south": { "uv": [ 14.5, 9, 14.25, 9.25 ], "texture": "#vss_vintorez" },
				"west": { "uv": [ 14.25, 9, 14.5, 9.25 ], "texture": "#vss_vintorez" },
				"east": { "uv": [ 14.5, 9, 14.25, 9.25 ], "texture": "#vss_vintorez" }
			}
		},
		{
			"__comment": "vss_vintorez73",
			"from": [ 7.5, 3.5, 16 ],
			"to": [ 8.5, 4, 18.5 ],
			"faces": {
				"down": { "uv": [ 11.75, 10, 13, 10.25 ], "texture": "#vss_vintorez", "rotation": 270 },
				"up": { "uv": [ 11.75, 10.25, 13, 10 ], "texture": "#vss_vintorez", "rotation": 90 },
				"north": { "uv": [ 11.75, 10, 12, 10.25 ], "texture": "#vss_vintorez" },
				"south": { "uv": [ 13, 10, 12.75, 10.25 ], "texture": "#vss_vintorez" },
				"west": { "uv": [ 11.75, 10, 13, 10.25 ], "texture": "#vss_vintorez" },
				"east": { "uv": [ 13, 10, 11.75, 10.25 ], "texture": "#vss_vintorez" }
			}
		},
		{
			"__comment": "vss_vintorez74",
			"from": [ 7.5, 5.5, 16 ],
			"to": [ 8.5, 6, 18.5 ],
			"faces": {
				"down": { "uv": [ 11.75, 9, 13, 9.25 ], "texture": "#vss_vintorez", "rotation": 270 },
				"up": { "uv": [ 11.75, 9.25, 13, 9 ], "texture": "#vss_vintorez", "rotation": 90 },
				"north": { "uv": [ 11.75, 9, 12, 9.25 ], "texture": "#vss_vintorez" },
				"south": { "uv": [ 13, 9, 12.75, 9.25 ], "texture": "#vss_vintorez" },
				"west": { "uv": [ 11.75, 9, 13, 9.25 ], "texture": "#vss_vintorez" },
				"east": { "uv": [ 13, 9, 11.75, 9.25 ], "texture": "#vss_vintorez" }
			}
		},
		{
			"__comment": "vss_vintorez75",
			"from": [ 7.5, 3.5, 23 ],
			"to": [ 8.5, 6, 23.5 ],
			"faces": {
				"down": { "uv": [ 15.25, 10, 15.5, 10.25 ], "texture": "#vss_vintorez", "rotation": 270 },
				"up": { "uv": [ 15.25, 9.25, 15.5, 9 ], "texture": "#vss_vintorez", "rotation": 90 },
				"north": { "uv": [ 15.25, 9, 15.5, 10.25 ], "texture": "#vss_vintorez" },
				"south": { "uv": [ 15.5, 9, 15.25, 10.25 ], "texture": "#vss_vintorez" },
				"west": { "uv": [ 15.25, 9, 15.5, 10.25 ], "texture": "#vss_vintorez" },
				"east": { "uv": [ 15.5, 9, 15.25, 10.25 ], "texture": "#vss_vintorez" }
			}
		},
		{
			"__comment": "vss_vintorez40",
			"from": [ 8, 10.5, 15 ],
			"to": [ 9, 11.5, 15.5 ],
			"faces": {
				"down": { "uv": [ 15.75, 15.75, 16, 16 ], "texture": "#vss_vintorez", "rotation": 270 },
				"up": { "uv": [ 15.75, 16, 16, 15.75 ], "texture": "#vss_vintorez", "rotation": 90 },
				"north": { "uv": [ 15.75, 15.75, 16, 16 ], "texture": "#vss_vintorez" },
				"south": { "uv": [ 16, 15.75, 15.75, 16 ], "texture": "#vss_vintorez" },
				"west": { "uv": [ 15.75, 15.75, 16, 16 ], "texture": "#vss_vintorez" },
				"east": { "uv": [ 16, 15.75, 15.75, 16 ], "texture": "#vss_vintorez" }
			}
		}
	],
	"display": {
		"thirdperson_righthand": {
			"translation":  [ 0, 0.75, -0.25 ],
			"scale":  [ 0.5, 0.5, 0.5 ]
		},
		"thirdperson_lefthand": {
			"rotation":  [ 0, 0, 90 ],
			"translation":  [ -1.5, -4.5, 10 ],
			"scale":  [ 0.5, 0.5, 0.5 ]
		},
		"firstperson_righthand": {
			"translation":  [ -6, 3, -3 ]
		},
		"firstperson_lefthand": {
			"scale":  [ 0.0001, 0.0001, 0.0001 ]
		},
		"gui": {
			"rotation":  [ 30, 135, 0 ],
			"scale":  [ 0.5, 0.5, 0.5 ]
		},
		"head": {
			"scale":  [ 0.0001, 0.0001, 0.0001 ]
		},
		"ground": {
			"rotation":  [ 0, 0, 90 ],
			"scale":  [ 0.5, 0.5, 0.5 ]
		},
		"fixed": {
			"rotation":  [ 0, -90, 0 ]
		}
	}
}