{
	"__comment": "Designed by Optimus0812 with Cubik Studio - https://cubik.studio",
	"textures": {
		"amphibia_s": "dayz/weapon/gun/handgun/amphibia_s"
	},
	"elements": [ 	 
		{
			"__comment": "amphibia_s1",
			"from": [ 7.5, 11, 0 ],
			"to": [ 8.5, 11.5, 15.5 ],
			"faces": {
				"down": { "uv": [ 0, 4.5, 15.5, 5 ], "texture": "#amphibia_s", "rotation": 270 },
				"up": { "uv": [ 0, 5, 15.5, 4.5 ], "texture": "#amphibia_s", "rotation": 90 },
				"north": { "uv": [ 0, 4.5, 0.5, 5 ], "texture": "#amphibia_s" },
				"south": { "uv": [ 15.5, 4.5, 15, 5 ], "texture": "#amphibia_s" },
				"west": { "uv": [ 0, 4.5, 15.5, 5 ], "texture": "#amphibia_s" },
				"east": { "uv": [ 15.5, 4.5, 0, 5 ], "texture": "#amphibia_s" }
			}
		},
		{
			"__comment": "amphibia_s2",
			"from": [ 7.5, 12.5, 0 ],
			"to": [ 8.5, 13, 15.5 ],
			"faces": {
				"down": { "uv": [ 0, 3, 15.5, 3.5 ], "texture": "#amphibia_s", "rotation": 270 },
				"up": { "uv": [ 0, 3.5, 15.5, 3 ], "texture": "#amphibia_s", "rotation": 90 },
				"north": { "uv": [ 0, 3, 0.5, 3.5 ], "texture": "#amphibia_s" },
				"south": { "uv": [ 15.5, 3, 15, 3.5 ], "texture": "#amphibia_s" },
				"west": { "uv": [ 0, 3, 15.5, 3.5 ], "texture": "#amphibia_s" },
				"east": { "uv": [ 15.5, 3, 0, 3.5 ], "texture": "#amphibia_s" }
			}
		},
		{
			"__comment": "amphibia_s3",
			"from": [ 7, 11.5, 0 ],
			"to": [ 7.5, 12.5, 15.5 ],
			"faces": {
				"down": { "uv": [ 0, 4, 15.5, 4.5 ], "texture": "#amphibia_s", "rotation": 270 },
				"up": { "uv": [ 0, 4, 15.5, 3.5 ], "texture": "#amphibia_s", "rotation": 90 },
				"north": { "uv": [ 0, 3.5, 0.5, 4.5 ], "texture": "#amphibia_s" },
				"south": { "uv": [ 15.5, 3.5, 15, 4.5 ], "texture": "#amphibia_s" },
				"west": { "uv": [ 0, 3.5, 15.5, 4.5 ], "texture": "#amphibia_s" },
				"east": { "uv": [ 15.5, 3.5, 0, 4.5 ], "texture": "#amphibia_s" }
			}
		},
		{
			"__comment": "amphibia_s4",
			"from": [ 8.5, 11.5, 0 ],
			"to": [ 9, 12.5, 15.5 ],
			"faces": {
				"down": { "uv": [ 0, 4, 15.5, 4.5 ], "texture": "#amphibia_s", "rotation": 270 },
				"up": { "uv": [ 0, 4, 15.5, 3.5 ], "texture": "#amphibia_s", "rotation": 90 },
				"north": { "uv": [ 0, 3.5, 0.5, 4.5 ], "texture": "#amphibia_s" },
				"south": { "uv": [ 15.5, 3.5, 15, 4.5 ], "texture": "#amphibia_s" },
				"west": { "uv": [ 0, 3.5, 15.5, 4.5 ], "texture": "#amphibia_s" },
				"east": { "uv": [ 15.5, 3.5, 0, 4.5 ], "texture": "#amphibia_s" }
			}
		},
		{
			"__comment": "amphibia_s5",
			"from": [ 7.5, 11.5, 15.5 ],
			"to": [ 8.5, 12.5, 16 ],
			"faces": {
				"down": { "uv": [ 15.5, 4, 16, 4.5 ], "texture": "#amphibia_s", "rotation": 270 },
				"up": { "uv": [ 15.5, 4, 16, 3.5 ], "texture": "#amphibia_s", "rotation": 90 },
				"north": { "uv": [ 15.5, 3.5, 16, 4.5 ], "texture": "#amphibia_s" },
				"south": { "uv": [ 16, 3.5, 15.5, 4.5 ], "texture": "#amphibia_s" },
				"west": { "uv": [ 15.5, 3.5, 16, 4.5 ], "texture": "#amphibia_s" },
				"east": { "uv": [ 16, 3.5, 15.5, 4.5 ], "texture": "#amphibia_s" }
			}
		},
		{
			"__comment": "amphibia_s6",
			"from": [ 7.5, 13, 12 ],
			"to": [ 8.5, 13.5, 14 ],
			"faces": {
				"down": { "uv": [ 12, 2.5, 14, 3 ], "texture": "#amphibia_s", "rotation": 270 },
				"up": { "uv": [ 12, 3, 14, 2.5 ], "texture": "#amphibia_s", "rotation": 90 },
				"north": { "uv": [ 12, 2.5, 12.5, 3 ], "texture": "#amphibia_s" },
				"south": { "uv": [ 14, 2.5, 13.5, 3 ], "texture": "#amphibia_s" },
				"west": { "uv": [ 12, 2.5, 14, 3 ], "texture": "#amphibia_s" },
				"east": { "uv": [ 14, 2.5, 12, 3 ], "texture": "#amphibia_s" }
			}
		},
		{
			"__comment": "amphibia_s7",
			"from": [ 7.5, 13, 0 ],
			"to": [ 8.5, 13.5, 2 ],
			"faces": {
				"down": { "uv": [ 0, 2.5, 2, 3 ], "texture": "#amphibia_s", "rotation": 270 },
				"up": { "uv": [ 0, 3, 2, 2.5 ], "texture": "#amphibia_s", "rotation": 90 },
				"north": { "uv": [ 0, 2.5, 0.5, 3 ], "texture": "#amphibia_s" },
				"south": { "uv": [ 2, 2.5, 1.5, 3 ], "texture": "#amphibia_s" },
				"west": { "uv": [ 0, 2.5, 2, 3 ], "texture": "#amphibia_s" },
				"east": { "uv": [ 2, 2.5, 0, 3 ], "texture": "#amphibia_s" }
			}
		},
		{
			"__comment": "amphibia_s8",
			"from": [ 7.5, 13.5, 0 ],
			"to": [ 8.5, 14, 0.5 ],
			"faces": {
				"down": { "uv": [ 0, 2, 0.5, 2.5 ], "texture": "#amphibia_s", "rotation": 270 },
				"up": { "uv": [ 0, 2.5, 0.5, 2 ], "texture": "#amphibia_s", "rotation": 90 },
				"north": { "uv": [ 0, 2, 0.5, 2.5 ], "texture": "#amphibia_s" },
				"south": { "uv": [ 0.5, 2, 0, 2.5 ], "texture": "#amphibia_s" },
				"west": { "uv": [ 0, 2, 0.5, 2.5 ], "texture": "#amphibia_s" },
				"east": { "uv": [ 0.5, 2, 0, 2.5 ], "texture": "#amphibia_s" }
			}
		},
		{
			"__comment": "amphibia_s9",
			"from": [ 7.5, 10.5, 6 ],
			"to": [ 8.5, 11, 9 ],
			"faces": {
				"down": { "uv": [ 6, 5, 9, 5.5 ], "texture": "#amphibia_s", "rotation": 270 },
				"up": { "uv": [ 6, 5.5, 9, 5 ], "texture": "#amphibia_s", "rotation": 90 },
				"north": { "uv": [ 6, 5, 6.5, 5.5 ], "texture": "#amphibia_s" },
				"south": { "uv": [ 9, 5, 8.5, 5.5 ], "texture": "#amphibia_s" },
				"west": { "uv": [ 6, 5, 9, 5.5 ], "texture": "#amphibia_s" },
				"east": { "uv": [ 9, 5, 6, 5.5 ], "texture": "#amphibia_s" }
			}
		},
		{
			"__comment": "amphibia_s10",
			"from": [ 7.5, 10, 12 ],
			"to": [ 8.5, 10.5, 15.5 ],
			"faces": {
				"down": { "uv": [ 12, 5.5, 15.5, 6 ], "texture": "#amphibia_s", "rotation": 270 },
				"up": { "uv": [ 12, 6, 15.5, 5.5 ], "texture": "#amphibia_s", "rotation": 90 },
				"north": { "uv": [ 12, 5.5, 12.5, 6 ], "texture": "#amphibia_s" },
				"south": { "uv": [ 15.5, 5.5, 15, 6 ], "texture": "#amphibia_s" },
				"west": { "uv": [ 12, 5.5, 15.5, 6 ], "texture": "#amphibia_s" },
				"east": { "uv": [ 15.5, 5.5, 12, 6 ], "texture": "#amphibia_s" }
			}
		},
		{
			"__comment": "amphibia_s11",
			"from": [ 7.5, 9.5, 12.5 ],
			"to": [ 8.5, 10, 15 ],
			"faces": {
				"down": { "uv": [ 12.5, 6, 15, 6.5 ], "texture": "#amphibia_s", "rotation": 270 },
				"up": { "uv": [ 12.5, 6.5, 15, 6 ], "texture": "#amphibia_s", "rotation": 90 },
				"north": { "uv": [ 12.5, 6, 13, 6.5 ], "texture": "#amphibia_s" },
				"south": { "uv": [ 15, 6, 14.5, 6.5 ], "texture": "#amphibia_s" },
				"west": { "uv": [ 12.5, 6, 15, 6.5 ], "texture": "#amphibia_s" },
				"east": { "uv": [ 15, 6, 12.5, 6.5 ], "texture": "#amphibia_s" }
			}
		},
		{
			"__comment": "amphibia_s12",
			"from": [ 7.5, 9, 12.5 ],
			"to": [ 8.5, 9.5, 14 ],
			"faces": {
				"down": { "uv": [ 12.5, 6.5, 14, 7 ], "texture": "#amphibia_s", "rotation": 270 },
				"up": { "uv": [ 12.5, 7, 14, 6.5 ], "texture": "#amphibia_s", "rotation": 90 },
				"north": { "uv": [ 12.5, 6.5, 13, 7 ], "texture": "#amphibia_s" },
				"south": { "uv": [ 14, 6.5, 13.5, 7 ], "texture": "#amphibia_s" },
				"west": { "uv": [ 12.5, 6.5, 14, 7 ], "texture": "#amphibia_s" },
				"east": { "uv": [ 14, 6.5, 12.5, 7 ], "texture": "#amphibia_s" }
			}
		},
		{
			"__comment": "amphibia_s13",
			"from": [ 7.5, 10, 6 ],
			"to": [ 8.5, 10.5, 9 ],
			"faces": {
				"down": { "uv": [ 6, 5.5, 9, 6 ], "texture": "#amphibia_s", "rotation": 270 },
				"up": { "uv": [ 6, 6, 9, 5.5 ], "texture": "#amphibia_s", "rotation": 90 },
				"north": { "uv": [ 6, 5.5, 6.5, 6 ], "texture": "#amphibia_s" },
				"south": { "uv": [ 9, 5.5, 8.5, 6 ], "texture": "#amphibia_s" },
				"west": { "uv": [ 6, 5.5, 9, 6 ], "texture": "#amphibia_s" },
				"east": { "uv": [ 9, 5.5, 6, 6 ], "texture": "#amphibia_s" }
			}
		},
		{
			"__comment": "amphibia_s14",
			"from": [ 7.5, 9.5, 6 ],
			"to": [ 8.5, 10, 9.5 ],
			"faces": {
				"down": { "uv": [ 6, 6, 9.5, 6.5 ], "texture": "#amphibia_s", "rotation": 270 },
				"up": { "uv": [ 6, 6.5, 9.5, 6 ], "texture": "#amphibia_s", "rotation": 90 },
				"north": { "uv": [ 6, 6, 6.5, 6.5 ], "texture": "#amphibia_s" },
				"south": { "uv": [ 9.5, 6, 9, 6.5 ], "texture": "#amphibia_s" },
				"west": { "uv": [ 6, 6, 9.5, 6.5 ], "texture": "#amphibia_s" },
				"east": { "uv": [ 9.5, 6, 6, 6.5 ], "texture": "#amphibia_s" }
			}
		},
		{
			"__comment": "amphibia_s15",
			"from": [ 7.5, 9, 8 ],
			"to": [ 8.5, 9.5, 9.5 ],
			"faces": {
				"down": { "uv": [ 8, 6.5, 9.5, 7 ], "texture": "#amphibia_s", "rotation": 270 },
				"up": { "uv": [ 8, 7, 9.5, 6.5 ], "texture": "#amphibia_s", "rotation": 90 },
				"north": { "uv": [ 8, 6.5, 8.5, 7 ], "texture": "#amphibia_s" },
				"south": { "uv": [ 9.5, 6.5, 9, 7 ], "texture": "#amphibia_s" },
				"west": { "uv": [ 8, 6.5, 9.5, 7 ], "texture": "#amphibia_s" },
				"east": { "uv": [ 9.5, 6.5, 8, 7 ], "texture": "#amphibia_s" }
			}
		},
		{
			"__comment": "amphibia_s16",
			"from": [ 7.5, 8, 8.5 ],
			"to": [ 8.5, 9, 9 ],
			"faces": {
				"down": { "uv": [ 8.5, 7.5, 9, 8 ], "texture": "#amphibia_s", "rotation": 270 },
				"up": { "uv": [ 8.5, 7.5, 9, 7 ], "texture": "#amphibia_s", "rotation": 90 },
				"north": { "uv": [ 8.5, 7, 9, 8 ], "texture": "#amphibia_s" },
				"south": { "uv": [ 9, 7, 8.5, 8 ], "texture": "#amphibia_s" },
				"west": { "uv": [ 8.5, 7, 9, 8 ], "texture": "#amphibia_s" },
				"east": { "uv": [ 9, 7, 8.5, 8 ], "texture": "#amphibia_s" }
			}
		},
		{
			"__comment": "amphibia_s17",
			"from": [ 7.5, 7.5, 8 ],
			"to": [ 8.5, 8, 8.5 ],
			"faces": {
				"down": { "uv": [ 8, 8, 8.5, 8.5 ], "texture": "#amphibia_s", "rotation": 270 },
				"up": { "uv": [ 8, 8.5, 8.5, 8 ], "texture": "#amphibia_s", "rotation": 90 },
				"north": { "uv": [ 8, 8, 8.5, 8.5 ], "texture": "#amphibia_s" },
				"south": { "uv": [ 8.5, 8, 8, 8.5 ], "texture": "#amphibia_s" },
				"west": { "uv": [ 8, 8, 8.5, 8.5 ], "texture": "#amphibia_s" },
				"east": { "uv": [ 8.5, 8, 8, 8.5 ], "texture": "#amphibia_s" }
			}
		},
		{
			"__comment": "amphibia_s18",
			"from": [ 7.5, 7.5, 7 ],
			"to": [ 8.5, 9.5, 7.5 ],
			"faces": {
				"down": { "uv": [ 7, 8, 7.5, 8.5 ], "texture": "#amphibia_s", "rotation": 270 },
				"up": { "uv": [ 7, 7, 7.5, 6.5 ], "texture": "#amphibia_s", "rotation": 90 },
				"north": { "uv": [ 7, 6.5, 7.5, 8.5 ], "texture": "#amphibia_s" },
				"south": { "uv": [ 7.5, 6.5, 7, 8.5 ], "texture": "#amphibia_s" },
				"west": { "uv": [ 7, 6.5, 7.5, 8.5 ], "texture": "#amphibia_s" },
				"east": { "uv": [ 7.5, 6.5, 7, 8.5 ], "texture": "#amphibia_s" }
			}
		},
		{
			"__comment": "amphibia_s19",
			"from": [ 7.5, 7, 7.5 ],
			"to": [ 8.5, 7.5, 9.5 ],
			"faces": {
				"down": { "uv": [ 7.5, 8.5, 9.5, 9 ], "texture": "#amphibia_s", "rotation": 270 },
				"up": { "uv": [ 7.5, 9, 9.5, 8.5 ], "texture": "#amphibia_s", "rotation": 90 },
				"north": { "uv": [ 7.5, 8.5, 8, 9 ], "texture": "#amphibia_s" },
				"south": { "uv": [ 9.5, 8.5, 9, 9 ], "texture": "#amphibia_s" },
				"west": { "uv": [ 7.5, 8.5, 9.5, 9 ], "texture": "#amphibia_s" },
				"east": { "uv": [ 9.5, 8.5, 7.5, 9 ], "texture": "#amphibia_s" }
			}
		},
		{
			"__comment": "amphibia_s20",
			"from": [ 7.5, 7, 9.5 ],
			"to": [ 8.5, 9, 10 ],
			"faces": {
				"down": { "uv": [ 9.5, 8.5, 10, 9 ], "texture": "#amphibia_s", "rotation": 270 },
				"up": { "uv": [ 9.5, 7.5, 10, 7 ], "texture": "#amphibia_s", "rotation": 90 },
				"north": { "uv": [ 9.5, 7, 10, 9 ], "texture": "#amphibia_s" },
				"south": { "uv": [ 10, 7, 9.5, 9 ], "texture": "#amphibia_s" },
				"west": { "uv": [ 9.5, 7, 10, 9 ], "texture": "#amphibia_s" },
				"east": { "uv": [ 10, 7, 9.5, 9 ], "texture": "#amphibia_s" }
			}
		},
		{
			"__comment": "amphibia_s21",
			"from": [ 7.5, 7, 10 ],
			"to": [ 8.5, 8, 10.5 ],
			"faces": {
				"down": { "uv": [ 10, 8.5, 10.5, 9 ], "texture": "#amphibia_s", "rotation": 270 },
				"up": { "uv": [ 10, 8.5, 10.5, 8 ], "texture": "#amphibia_s", "rotation": 90 },
				"north": { "uv": [ 10, 8, 10.5, 9 ], "texture": "#amphibia_s" },
				"south": { "uv": [ 10.5, 8, 10, 9 ], "texture": "#amphibia_s" },
				"west": { "uv": [ 10, 8, 10.5, 9 ], "texture": "#amphibia_s" },
				"east": { "uv": [ 10.5, 8, 10, 9 ], "texture": "#amphibia_s" }
			}
		},
		{
			"__comment": "amphibia_s22",
			"from": [ 7.5, 6, 10.5 ],
			"to": [ 8.5, 7, 11 ],
			"faces": {
				"down": { "uv": [ 10.5, 9.5, 11, 10 ], "texture": "#amphibia_s", "rotation": 270 },
				"up": { "uv": [ 10.5, 9.5, 11, 9 ], "texture": "#amphibia_s", "rotation": 90 },
				"north": { "uv": [ 10.5, 9, 11, 10 ], "texture": "#amphibia_s" },
				"south": { "uv": [ 11, 9, 10.5, 10 ], "texture": "#amphibia_s" },
				"west": { "uv": [ 10.5, 9, 11, 10 ], "texture": "#amphibia_s" },
				"east": { "uv": [ 11, 9, 10.5, 10 ], "texture": "#amphibia_s" }
			}
		},
		{
			"__comment": "amphibia_s23",
			"from": [ 7.5, 5, 11 ],
			"to": [ 8.5, 6, 11.5 ],
			"faces": {
				"down": { "uv": [ 11, 10.5, 11.5, 11 ], "texture": "#amphibia_s", "rotation": 270 },
				"up": { "uv": [ 11, 10.5, 11.5, 10 ], "texture": "#amphibia_s", "rotation": 90 },
				"north": { "uv": [ 11, 10, 11.5, 11 ], "texture": "#amphibia_s" },
				"south": { "uv": [ 11.5, 10, 11, 11 ], "texture": "#amphibia_s" },
				"west": { "uv": [ 11, 10, 11.5, 11 ], "texture": "#amphibia_s" },
				"east": { "uv": [ 11.5, 10, 11, 11 ], "texture": "#amphibia_s" }
			}
		},
		{
			"__comment": "amphibia_s24",
			"from": [ 7.5, 4, 11.5 ],
			"to": [ 8.5, 5, 12 ],
			"faces": {
				"down": { "uv": [ 11.5, 11.5, 12, 12 ], "texture": "#amphibia_s", "rotation": 270 },
				"up": { "uv": [ 11.5, 11.5, 12, 11 ], "texture": "#amphibia_s", "rotation": 90 },
				"north": { "uv": [ 11.5, 11, 12, 12 ], "texture": "#amphibia_s" },
				"south": { "uv": [ 12, 11, 11.5, 12 ], "texture": "#amphibia_s" },
				"west": { "uv": [ 11.5, 11, 12, 12 ], "texture": "#amphibia_s" },
				"east": { "uv": [ 12, 11, 11.5, 12 ], "texture": "#amphibia_s" }
			}
		},
		{
			"__comment": "amphibia_s25",
			"from": [ 7.5, 3, 12 ],
			"to": [ 8.5, 4, 12.5 ],
			"faces": {
				"down": { "uv": [ 12, 12.5, 12.5, 13 ], "texture": "#amphibia_s", "rotation": 270 },
				"up": { "uv": [ 12, 12.5, 12.5, 12 ], "texture": "#amphibia_s", "rotation": 90 },
				"north": { "uv": [ 12, 12, 12.5, 13 ], "texture": "#amphibia_s" },
				"south": { "uv": [ 12.5, 12, 12, 13 ], "texture": "#amphibia_s" },
				"west": { "uv": [ 12, 12, 12.5, 13 ], "texture": "#amphibia_s" },
				"east": { "uv": [ 12.5, 12, 12, 13 ], "texture": "#amphibia_s" }
			}
		},
		{
			"__comment": "amphibia_s26",
			"from": [ 7.5, 1.5, 12 ],
			"to": [ 8.5, 2, 13.5 ],
			"faces": {
				"down": { "uv": [ 12, 14, 13.5, 14.5 ], "texture": "#amphibia_s", "rotation": 270 },
				"up": { "uv": [ 12, 14.5, 13.5, 14 ], "texture": "#amphibia_s", "rotation": 90 },
				"north": { "uv": [ 12, 14, 12.5, 14.5 ], "texture": "#amphibia_s" },
				"south": { "uv": [ 13.5, 14, 13, 14.5 ], "texture": "#amphibia_s" },
				"west": { "uv": [ 12, 14, 13.5, 14.5 ], "texture": "#amphibia_s" },
				"east": { "uv": [ 13.5, 14, 12, 14.5 ], "texture": "#amphibia_s" }
			}
		},
		{
			"__comment": "amphibia_s27",
			"from": [ 7.5, 2, 11.5 ],
			"to": [ 8.5, 3, 12 ],
			"faces": {
				"down": { "uv": [ 11.5, 13.5, 12, 14 ], "texture": "#amphibia_s", "rotation": 270 },
				"up": { "uv": [ 11.5, 13.5, 12, 13 ], "texture": "#amphibia_s", "rotation": 90 },
				"north": { "uv": [ 11.5, 13, 12, 14 ], "texture": "#amphibia_s" },
				"south": { "uv": [ 12, 13, 11.5, 14 ], "texture": "#amphibia_s" },
				"west": { "uv": [ 11.5, 13, 12, 14 ], "texture": "#amphibia_s" },
				"east": { "uv": [ 12, 13, 11.5, 14 ], "texture": "#amphibia_s" }
			}
		},
		{
			"__comment": "amphibia_s28",
			"from": [ 7.5, 2, 13.5 ],
			"to": [ 8.5, 2.5, 14.5 ],
			"faces": {
				"down": { "uv": [ 13.5, 13.5, 14.5, 14 ], "texture": "#amphibia_s", "rotation": 270 },
				"up": { "uv": [ 13.5, 14, 14.5, 13.5 ], "texture": "#amphibia_s", "rotation": 90 },
				"north": { "uv": [ 13.5, 13.5, 14, 14 ], "texture": "#amphibia_s" },
				"south": { "uv": [ 14.5, 13.5, 14, 14 ], "texture": "#amphibia_s" },
				"west": { "uv": [ 13.5, 13.5, 14.5, 14 ], "texture": "#amphibia_s" },
				"east": { "uv": [ 14.5, 13.5, 13.5, 14 ], "texture": "#amphibia_s" }
			}
		},
		{
			"__comment": "amphibia_s29",
			"from": [ 7.5, 2.5, 14.5 ],
			"to": [ 8.5, 3, 15.5 ],
			"faces": {
				"down": { "uv": [ 14.5, 13, 15.5, 13.5 ], "texture": "#amphibia_s", "rotation": 270 },
				"up": { "uv": [ 14.5, 13.5, 15.5, 13 ], "texture": "#amphibia_s", "rotation": 90 },
				"north": { "uv": [ 14.5, 13, 15, 13.5 ], "texture": "#amphibia_s" },
				"south": { "uv": [ 15.5, 13, 15, 13.5 ], "texture": "#amphibia_s" },
				"west": { "uv": [ 14.5, 13, 15.5, 13.5 ], "texture": "#amphibia_s" },
				"east": { "uv": [ 15.5, 13, 14.5, 13.5 ], "texture": "#amphibia_s" }
			}
		},
		{
			"__comment": "amphibia_s30",
			"from": [ 7.5, 3, 15.5 ],
			"to": [ 8.5, 4, 16 ],
			"faces": {
				"down": { "uv": [ 15.5, 12.5, 16, 13 ], "texture": "#amphibia_s", "rotation": 270 },
				"up": { "uv": [ 15.5, 12.5, 16, 12 ], "texture": "#amphibia_s", "rotation": 90 },
				"north": { "uv": [ 15.5, 12, 16, 13 ], "texture": "#amphibia_s" },
				"south": { "uv": [ 16, 12, 15.5, 13 ], "texture": "#amphibia_s" },
				"west": { "uv": [ 15.5, 12, 16, 13 ], "texture": "#amphibia_s" },
				"east": { "uv": [ 16, 12, 15.5, 13 ], "texture": "#amphibia_s" }
			}
		},
		{
			"__comment": "amphibia_s31",
			"from": [ 7.5, 4, 15 ],
			"to": [ 8.5, 5, 15.5 ],
			"faces": {
				"down": { "uv": [ 15, 11.5, 15.5, 12 ], "texture": "#amphibia_s", "rotation": 270 },
				"up": { "uv": [ 15, 11.5, 15.5, 11 ], "texture": "#amphibia_s", "rotation": 90 },
				"north": { "uv": [ 15, 11, 15.5, 12 ], "texture": "#amphibia_s" },
				"south": { "uv": [ 15.5, 11, 15, 12 ], "texture": "#amphibia_s" },
				"west": { "uv": [ 15, 11, 15.5, 12 ], "texture": "#amphibia_s" },
				"east": { "uv": [ 15.5, 11, 15, 12 ], "texture": "#amphibia_s" }
			}
		},
		{
			"__comment": "amphibia_s32",
			"from": [ 7.5, 5, 14.5 ],
			"to": [ 8.5, 6, 15 ],
			"faces": {
				"down": { "uv": [ 14.5, 10.5, 15, 11 ], "texture": "#amphibia_s", "rotation": 270 },
				"up": { "uv": [ 14.5, 10.5, 15, 10 ], "texture": "#amphibia_s", "rotation": 90 },
				"north": { "uv": [ 14.5, 10, 15, 11 ], "texture": "#amphibia_s" },
				"south": { "uv": [ 15, 10, 14.5, 11 ], "texture": "#amphibia_s" },
				"west": { "uv": [ 14.5, 10, 15, 11 ], "texture": "#amphibia_s" },
				"east": { "uv": [ 15, 10, 14.5, 11 ], "texture": "#amphibia_s" }
			}
		},
		{
			"__comment": "amphibia_s33",
			"from": [ 7.5, 6, 14 ],
			"to": [ 8.5, 7, 14.5 ],
			"faces": {
				"down": { "uv": [ 14, 9.5, 14.5, 10 ], "texture": "#amphibia_s", "rotation": 270 },
				"up": { "uv": [ 14, 9.5, 14.5, 9 ], "texture": "#amphibia_s", "rotation": 90 },
				"north": { "uv": [ 14, 9, 14.5, 10 ], "texture": "#amphibia_s" },
				"south": { "uv": [ 14.5, 9, 14, 10 ], "texture": "#amphibia_s" },
				"west": { "uv": [ 14, 9, 14.5, 10 ], "texture": "#amphibia_s" },
				"east": { "uv": [ 14.5, 9, 14, 10 ], "texture": "#amphibia_s" }
			}
		},
		{
			"__comment": "amphibia_s34",
			"from": [ 7.5, 7, 13.5 ],
			"to": [ 8.5, 8, 14 ],
			"faces": {
				"down": { "uv": [ 13.5, 8.5, 14, 9 ], "texture": "#amphibia_s", "rotation": 270 },
				"up": { "uv": [ 13.5, 8.5, 14, 8 ], "texture": "#amphibia_s", "rotation": 90 },
				"north": { "uv": [ 13.5, 8, 14, 9 ], "texture": "#amphibia_s" },
				"south": { "uv": [ 14, 8, 13.5, 9 ], "texture": "#amphibia_s" },
				"west": { "uv": [ 13.5, 8, 14, 9 ], "texture": "#amphibia_s" },
				"east": { "uv": [ 14, 8, 13.5, 9 ], "texture": "#amphibia_s" }
			}
		},
		{
			"__comment": "amphibia_s35",
			"from": [ 7.5, 8, 13 ],
			"to": [ 8.5, 9, 13.5 ],
			"faces": {
				"down": { "uv": [ 13, 7.5, 13.5, 8 ], "texture": "#amphibia_s", "rotation": 270 },
				"up": { "uv": [ 13, 7.5, 13.5, 7 ], "texture": "#amphibia_s", "rotation": 90 },
				"north": { "uv": [ 13, 7, 13.5, 8 ], "texture": "#amphibia_s" },
				"south": { "uv": [ 13.5, 7, 13, 8 ], "texture": "#amphibia_s" },
				"west": { "uv": [ 13, 7, 13.5, 8 ], "texture": "#amphibia_s" },
				"east": { "uv": [ 13.5, 7, 13, 8 ], "texture": "#amphibia_s" }
			}
		},
		{
			"__comment": "amphibia_s36",
			"from": [ 7, 10, 9 ],
			"to": [ 9, 11, 12 ],
			"faces": {
				"down": { "uv": [ 9, 5.5, 12, 6 ], "texture": "#amphibia_s", "rotation": 270 },
				"up": { "uv": [ 9, 5.5, 12, 5 ], "texture": "#amphibia_s", "rotation": 90 },
				"north": { "uv": [ 9, 5, 9.5, 6 ], "texture": "#amphibia_s" },
				"south": { "uv": [ 12, 5, 11.5, 6 ], "texture": "#amphibia_s" },
				"west": { "uv": [ 9, 5, 12, 6 ], "texture": "#amphibia_s" },
				"east": { "uv": [ 12, 5, 9, 6 ], "texture": "#amphibia_s" }
			}
		},
		{
			"__comment": "amphibia_s37",
			"from": [ 7, 9, 9.5 ],
			"to": [ 9, 10, 12.5 ],
			"faces": {
				"down": { "uv": [ 9.5, 6.5, 12.5, 7 ], "texture": "#amphibia_s", "rotation": 270 },
				"up": { "uv": [ 9.5, 6.5, 12.5, 6 ], "texture": "#amphibia_s", "rotation": 90 },
				"north": { "uv": [ 9.5, 6, 10, 7 ], "texture": "#amphibia_s" },
				"south": { "uv": [ 12.5, 6, 12, 7 ], "texture": "#amphibia_s" },
				"west": { "uv": [ 9.5, 6, 12.5, 7 ], "texture": "#amphibia_s" },
				"east": { "uv": [ 12.5, 6, 9.5, 7 ], "texture": "#amphibia_s" }
			}
		},
		{
			"__comment": "amphibia_s38",
			"from": [ 7, 8, 10 ],
			"to": [ 9, 9, 13 ],
			"faces": {
				"down": { "uv": [ 10, 7.5, 13, 8 ], "texture": "#amphibia_s", "rotation": 270 },
				"up": { "uv": [ 10, 7.5, 13, 7 ], "texture": "#amphibia_s", "rotation": 90 },
				"north": { "uv": [ 10, 7, 10.5, 8 ], "texture": "#amphibia_s" },
				"south": { "uv": [ 13, 7, 12.5, 8 ], "texture": "#amphibia_s" },
				"west": { "uv": [ 10, 7, 13, 8 ], "texture": "#amphibia_s" },
				"east": { "uv": [ 13, 7, 10, 8 ], "texture": "#amphibia_s" }
			}
		},
		{
			"__comment": "amphibia_s39",
			"from": [ 7, 7, 10.5 ],
			"to": [ 9, 8, 13.5 ],
			"faces": {
				"down": { "uv": [ 10.5, 8.5, 13.5, 9 ], "texture": "#amphibia_s", "rotation": 270 },
				"up": { "uv": [ 10.5, 8.5, 13.5, 8 ], "texture": "#amphibia_s", "rotation": 90 },
				"north": { "uv": [ 10.5, 8, 11, 9 ], "texture": "#amphibia_s" },
				"south": { "uv": [ 13.5, 8, 13, 9 ], "texture": "#amphibia_s" },
				"west": { "uv": [ 10.5, 8, 13.5, 9 ], "texture": "#amphibia_s" },
				"east": { "uv": [ 13.5, 8, 10.5, 9 ], "texture": "#amphibia_s" }
			}
		},
		{
			"__comment": "amphibia_s40",
			"from": [ 7, 5, 11.5 ],
			"to": [ 9, 6, 14.5 ],
			"faces": {
				"down": { "uv": [ 11.5, 10.5, 14.5, 11 ], "texture": "#amphibia_s", "rotation": 270 },
				"up": { "uv": [ 11.5, 10.5, 14.5, 10 ], "texture": "#amphibia_s", "rotation": 90 },
				"north": { "uv": [ 11.5, 10, 12, 11 ], "texture": "#amphibia_s" },
				"south": { "uv": [ 14.5, 10, 14, 11 ], "texture": "#amphibia_s" },
				"west": { "uv": [ 11.5, 10, 14.5, 11 ], "texture": "#amphibia_s" },
				"east": { "uv": [ 14.5, 10, 11.5, 11 ], "texture": "#amphibia_s" }
			}
		},
		{
			"__comment": "amphibia_s41",
			"from": [ 7, 6, 11 ],
			"to": [ 9, 7, 14 ],
			"faces": {
				"down": { "uv": [ 11, 9.5, 14, 10 ], "texture": "#amphibia_s", "rotation": 270 },
				"up": { "uv": [ 11, 9.5, 14, 9 ], "texture": "#amphibia_s", "rotation": 90 },
				"north": { "uv": [ 11, 9, 11.5, 10 ], "texture": "#amphibia_s" },
				"south": { "uv": [ 14, 9, 13.5, 10 ], "texture": "#amphibia_s" },
				"west": { "uv": [ 11, 9, 14, 10 ], "texture": "#amphibia_s" },
				"east": { "uv": [ 14, 9, 11, 10 ], "texture": "#amphibia_s" }
			}
		},
		{
			"__comment": "amphibia_s42",
			"from": [ 7, 4, 12 ],
			"to": [ 9, 5, 15 ],
			"faces": {
				"down": { "uv": [ 12, 11.5, 15, 12 ], "texture": "#amphibia_s", "rotation": 270 },
				"up": { "uv": [ 12, 11.5, 15, 11 ], "texture": "#amphibia_s", "rotation": 90 },
				"north": { "uv": [ 12, 11, 12.5, 12 ], "texture": "#amphibia_s" },
				"south": { "uv": [ 15, 11, 14.5, 12 ], "texture": "#amphibia_s" },
				"west": { "uv": [ 12, 11, 15, 12 ], "texture": "#amphibia_s" },
				"east": { "uv": [ 15, 11, 12, 12 ], "texture": "#amphibia_s" }
			}
		},
		{
			"__comment": "amphibia_s43",
			"from": [ 7, 3, 12.5 ],
			"to": [ 9, 4, 15.5 ],
			"faces": {
				"down": { "uv": [ 12.5, 12.5, 15.5, 13 ], "texture": "#amphibia_s", "rotation": 270 },
				"up": { "uv": [ 12.5, 12.5, 15.5, 12 ], "texture": "#amphibia_s", "rotation": 90 },
				"north": { "uv": [ 12.5, 12, 13, 13 ], "texture": "#amphibia_s" },
				"south": { "uv": [ 15.5, 12, 15, 13 ], "texture": "#amphibia_s" },
				"west": { "uv": [ 12.5, 12, 15.5, 13 ], "texture": "#amphibia_s" },
				"east": { "uv": [ 15.5, 12, 12.5, 13 ], "texture": "#amphibia_s" }
			}
		},
		{
			"__comment": "amphibia_s44",
			"from": [ 7, 2.5, 12 ],
			"to": [ 9, 3, 14.5 ],
			"faces": {
				"down": { "uv": [ 12, 13, 14.5, 13.5 ], "texture": "#amphibia_s", "rotation": 270 },
				"up": { "uv": [ 12, 13.5, 14.5, 13 ], "texture": "#amphibia_s", "rotation": 90 },
				"north": { "uv": [ 12, 13, 12.5, 13.5 ], "texture": "#amphibia_s" },
				"south": { "uv": [ 14.5, 13, 14, 13.5 ], "texture": "#amphibia_s" },
				"west": { "uv": [ 12, 13, 14.5, 13.5 ], "texture": "#amphibia_s" },
				"east": { "uv": [ 14.5, 13, 12, 13.5 ], "texture": "#amphibia_s" }
			}
		},
		{
			"__comment": "amphibia_s45",
			"from": [ 7, 2, 12 ],
			"to": [ 9, 2.5, 13.5 ],
			"faces": {
				"down": { "uv": [ 12, 13.5, 13.5, 14 ], "texture": "#amphibia_s", "rotation": 270 },
				"up": { "uv": [ 12, 14, 13.5, 13.5 ], "texture": "#amphibia_s", "rotation": 90 },
				"north": { "uv": [ 12, 13.5, 12.5, 14 ], "texture": "#amphibia_s" },
				"south": { "uv": [ 13.5, 13.5, 13, 14 ], "texture": "#amphibia_s" },
				"west": { "uv": [ 12, 13.5, 13.5, 14 ], "texture": "#amphibia_s" },
				"east": { "uv": [ 13.5, 13.5, 12, 14 ], "texture": "#amphibia_s" }
			}
		},
		{
			"__comment": "amphibia_s",
			"from": [ 7.5, 10.5, 12 ],
			"to": [ 8.5, 11, 15.5 ],
			"faces": {
				"down": { "uv": [ 12, 5, 15.5, 5.5 ], "texture": "#amphibia_s", "rotation": 270 },
				"up": { "uv": [ 12, 5.5, 15.5, 5 ], "texture": "#amphibia_s", "rotation": 90 },
				"north": { "uv": [ 12, 5, 12.5, 5.5 ], "texture": "#amphibia_s" },
				"south": { "uv": [ 15.5, 5, 15, 5.5 ], "texture": "#amphibia_s" },
				"west": { "uv": [ 12, 5, 15.5, 5.5 ], "texture": "#amphibia_s" },
				"east": { "uv": [ 15.5, 5, 12, 5.5 ], "texture": "#amphibia_s" }
			}
		}
	],
	"display": {
		"thirdperson_righthand": {
			"translation":  [ 0, -1, -0.25 ],
			"scale":  [ 0.5, 0.5, 0.5 ]
		},
		"thirdperson_lefthand": {
			"rotation":  [ -45, 0, 0 ],
			"translation":  [ -10, -3, 0 ],
			"scale":  [ 0.5, 0.5, 0.5 ]
		},
		"firstperson_righthand": {
			"rotation":  [ 15, 0, -45 ],
			"translation":  [ -6, -3, -12 ]
		},
		"firstperson_lefthand": {
			"scale":  [ 0.0001, 0.0001, 0.0001 ]
		},
		"gui": {
			"rotation":  [ 30, 135, 0 ],
			"scale":  [ 0.625, 0.625, 0.625 ]
		},
		"head": {
			"scale":  [ 0.0001, 0.0001, 0.0001 ]
		},
		"ground": {
			"rotation":  [ 0, 0, 90 ],
			"scale":  [ 0.5, 0.5, 0.5 ]
		},
		"fixed": {
			"rotation":  [ 0, -90, 0 ]
		}
	}
}