{
	"__comment": "Designed by Optimus0812 with Cubik Studio - https://cubik.studio",
	"textures": {
		"colt_1911": "dayz/weapon/gun/handgun/colt_1911_engraved"
	},
	"elements": [ 	 
		{
			"__comment": "colt_1911",
			"from": [ 7.5, 1.5, 14.5 ],
			"to": [ 8.5, 2.5, 15 ],
			"faces": {
				"down": { "uv": [ 14.5, 14, 15, 14.5 ], "texture": "#colt_1911", "rotation": 270 },
				"up": { "uv": [ 14.5, 14, 15, 13.5 ], "texture": "#colt_1911", "rotation": 90 },
				"north": { "uv": [ 14.5, 13.5, 15, 14.5 ], "texture": "#colt_1911" },
				"south": { "uv": [ 15, 13.5, 14.5, 14.5 ], "texture": "#colt_1911" },
				"west": { "uv": [ 14.5, 13.5, 15, 14.5 ], "texture": "#colt_1911" },
				"east": { "uv": [ 15, 13.5, 14.5, 14.5 ], "texture": "#colt_1911" }
			}
		},
		{
			"__comment": "colt_1911",
			"from": [ 7.5, 10.5, 0.5 ],
			"to": [ 8.5, 11.5, 3 ],
			"faces": {
				"down": { "uv": [ 0.5, 5, 3, 5.5 ], "texture": "#colt_1911", "rotation": 270 },
				"up": { "uv": [ 0.5, 5, 3, 4.5 ], "texture": "#colt_1911", "rotation": 90 },
				"north": { "uv": [ 0.5, 4.5, 1, 5.5 ], "texture": "#colt_1911" },
				"south": { "uv": [ 3, 4.5, 2.5, 5.5 ], "texture": "#colt_1911" },
				"west": { "uv": [ 0.5, 4.5, 3, 5.5 ], "texture": "#colt_1911" },
				"east": { "uv": [ 3, 4.5, 0.5, 5.5 ], "texture": "#colt_1911" }
			}
		},
		{
			"__comment": "colt_1911",
			"from": [ 7.5, 9, 9.5 ],
			"to": [ 8.5, 9.5, 10 ],
			"faces": {
				"down": { "uv": [ 9.5, 6.5, 10, 7 ], "texture": "#colt_1911", "rotation": 270 },
				"up": { "uv": [ 9.5, 7, 10, 6.5 ], "texture": "#colt_1911", "rotation": 90 },
				"north": { "uv": [ 9.5, 6.5, 10, 7 ], "texture": "#colt_1911" },
				"south": { "uv": [ 10, 6.5, 9.5, 7 ], "texture": "#colt_1911" },
				"west": { "uv": [ 9.5, 6.5, 10, 7 ], "texture": "#colt_1911" },
				"east": { "uv": [ 10, 6.5, 9.5, 7 ], "texture": "#colt_1911" }
			}
		},
		{
			"__comment": "colt_1911",
			"from": [ 7.5, 12.5, 13.5 ],
			"to": [ 8.5, 13, 14 ],
			"faces": {
				"down": { "uv": [ 13.5, 3, 14, 3.5 ], "texture": "#colt_1911", "rotation": 270 },
				"up": { "uv": [ 13.5, 3.5, 14, 3 ], "texture": "#colt_1911", "rotation": 90 },
				"north": { "uv": [ 13.5, 3, 14, 3.5 ], "texture": "#colt_1911" },
				"south": { "uv": [ 14, 3, 13.5, 3.5 ], "texture": "#colt_1911" },
				"west": { "uv": [ 13.5, 3, 14, 3.5 ], "texture": "#colt_1911" },
				"east": { "uv": [ 14, 3, 13.5, 3.5 ], "texture": "#colt_1911" }
			}
		},
		{
			"__comment": "colt_1911",
			"from": [ 7.5, 12.5, 15 ],
			"to": [ 8.5, 13, 16 ],
			"faces": {
				"down": { "uv": [ 15, 3, 16, 3.5 ], "texture": "#colt_1911", "rotation": 270 },
				"up": { "uv": [ 15, 3.5, 16, 3 ], "texture": "#colt_1911", "rotation": 90 },
				"north": { "uv": [ 15, 3, 15.5, 3.5 ], "texture": "#colt_1911" },
				"south": { "uv": [ 16, 3, 15.5, 3.5 ], "texture": "#colt_1911" },
				"west": { "uv": [ 15, 3, 16, 3.5 ], "texture": "#colt_1911" },
				"east": { "uv": [ 16, 3, 15, 3.5 ], "texture": "#colt_1911" }
			}
		},
		{
			"__comment": "colt_1911",
			"from": [ 6.5, 11.5, 0.5 ],
			"to": [ 9.5, 12, 14.5 ],
			"faces": {
				"down": { "uv": [ 0.5, 4, 14.5, 4.5 ], "texture": "#colt_1911", "rotation": 270 },
				"up": { "uv": [ 0.5, 4.5, 14.5, 4 ], "texture": "#colt_1911", "rotation": 90 },
				"north": { "uv": [ 0.5, 4, 1, 4.5 ], "texture": "#colt_1911" },
				"south": { "uv": [ 14.5, 4, 14, 4.5 ], "texture": "#colt_1911" },
				"west": { "uv": [ 0.5, 4, 14.5, 4.5 ], "texture": "#colt_1911" },
				"east": { "uv": [ 14.5, 4, 0.5, 4.5 ], "texture": "#colt_1911" }
			}
		},
		{
			"__comment": "colt_1911",
			"from": [ 7.5, 11.5, 0 ],
			"to": [ 8.5, 13, 0.5 ],
			"faces": {
				"down": { "uv": [ 0, 4, 0.5, 4.5 ], "texture": "#colt_1911", "rotation": 270 },
				"up": { "uv": [ 0, 3.5, 0.5, 3 ], "texture": "#colt_1911", "rotation": 90 },
				"north": { "uv": [ 0, 3, 0.5, 4.5 ], "texture": "#colt_1911" },
				"south": { "uv": [ 0.5, 3, 0, 4.5 ], "texture": "#colt_1911" },
				"west": { "uv": [ 0, 3, 0.5, 4.5 ], "texture": "#colt_1911" },
				"east": { "uv": [ 0.5, 3, 0, 4.5 ], "texture": "#colt_1911" }
			}
		},
		{
			"__comment": "colt_1911",
			"from": [ 7.5, 11, 15.5 ],
			"to": [ 8.5, 11.5, 16 ],
			"faces": {
				"down": { "uv": [ 15.5, 4.5, 16, 5 ], "texture": "#colt_1911", "rotation": 270 },
				"up": { "uv": [ 15.5, 5, 16, 4.5 ], "texture": "#colt_1911", "rotation": 90 },
				"north": { "uv": [ 15.5, 4.5, 16, 5 ], "texture": "#colt_1911" },
				"south": { "uv": [ 16, 4.5, 15.5, 5 ], "texture": "#colt_1911" },
				"west": { "uv": [ 15.5, 4.5, 16, 5 ], "texture": "#colt_1911" },
				"east": { "uv": [ 16, 4.5, 15.5, 5 ], "texture": "#colt_1911" }
			}
		},
		{
			"__comment": "colt_1911",
			"from": [ 7.5, 10, 3 ],
			"to": [ 8.5, 10.5, 3.5 ],
			"faces": {
				"down": { "uv": [ 3, 5.5, 3.5, 6 ], "texture": "#colt_1911", "rotation": 270 },
				"up": { "uv": [ 3, 6, 3.5, 5.5 ], "texture": "#colt_1911", "rotation": 90 },
				"north": { "uv": [ 3, 5.5, 3.5, 6 ], "texture": "#colt_1911" },
				"south": { "uv": [ 3.5, 5.5, 3, 6 ], "texture": "#colt_1911" },
				"west": { "uv": [ 3, 5.5, 3.5, 6 ], "texture": "#colt_1911" },
				"east": { "uv": [ 3.5, 5.5, 3, 6 ], "texture": "#colt_1911" }
			}
		},
		{
			"__comment": "colt_1911",
			"from": [ 7.5, 10, 4 ],
			"to": [ 8.5, 10.5, 4.5 ],
			"faces": {
				"down": { "uv": [ 4, 5.5, 4.5, 6 ], "texture": "#colt_1911", "rotation": 270 },
				"up": { "uv": [ 4, 6, 4.5, 5.5 ], "texture": "#colt_1911", "rotation": 90 },
				"north": { "uv": [ 4, 5.5, 4.5, 6 ], "texture": "#colt_1911" },
				"south": { "uv": [ 4.5, 5.5, 4, 6 ], "texture": "#colt_1911" },
				"west": { "uv": [ 4, 5.5, 4.5, 6 ], "texture": "#colt_1911" },
				"east": { "uv": [ 4.5, 5.5, 4, 6 ], "texture": "#colt_1911" }
			}
		},
		{
			"__comment": "colt_1911",
			"from": [ 7.5, 10, 5 ],
			"to": [ 8.5, 10.5, 5.5 ],
			"faces": {
				"down": { "uv": [ 5, 5.5, 5.5, 6 ], "texture": "#colt_1911", "rotation": 270 },
				"up": { "uv": [ 5, 6, 5.5, 5.5 ], "texture": "#colt_1911", "rotation": 90 },
				"north": { "uv": [ 5, 5.5, 5.5, 6 ], "texture": "#colt_1911" },
				"south": { "uv": [ 5.5, 5.5, 5, 6 ], "texture": "#colt_1911" },
				"west": { "uv": [ 5, 5.5, 5.5, 6 ], "texture": "#colt_1911" },
				"east": { "uv": [ 5.5, 5.5, 5, 6 ], "texture": "#colt_1911" }
			}
		},
		{
			"__comment": "colt_1911",
			"from": [ 7.5, 11.5, 14.5 ],
			"to": [ 8.5, 12, 15 ],
			"faces": {
				"down": { "uv": [ 14.5, 4, 15, 4.5 ], "texture": "#colt_1911", "rotation": 270 },
				"up": { "uv": [ 14.5, 4.5, 15, 4 ], "texture": "#colt_1911", "rotation": 90 },
				"north": { "uv": [ 14.5, 4, 15, 4.5 ], "texture": "#colt_1911" },
				"south": { "uv": [ 15, 4, 14.5, 4.5 ], "texture": "#colt_1911" },
				"west": { "uv": [ 14.5, 4, 15, 4.5 ], "texture": "#colt_1911" },
				"east": { "uv": [ 15, 4, 14.5, 4.5 ], "texture": "#colt_1911" }
			}
		},
		{
			"__comment": "colt_1911",
			"from": [ 7.5, 12, 14 ],
			"to": [ 8.5, 12.5, 15.5 ],
			"faces": {
				"down": { "uv": [ 14, 3.5, 15.5, 4 ], "texture": "#colt_1911", "rotation": 270 },
				"up": { "uv": [ 14, 4, 15.5, 3.5 ], "texture": "#colt_1911", "rotation": 90 },
				"north": { "uv": [ 14, 3.5, 14.5, 4 ], "texture": "#colt_1911" },
				"south": { "uv": [ 15.5, 3.5, 15, 4 ], "texture": "#colt_1911" },
				"west": { "uv": [ 14, 3.5, 15.5, 4 ], "texture": "#colt_1911" },
				"east": { "uv": [ 15.5, 3.5, 14, 4 ], "texture": "#colt_1911" }
			}
		},
		{
			"__comment": "colt_1911",
			"from": [ 6.5, 2.5, 12.5 ],
			"to": [ 9.5, 3, 14 ],
			"faces": {
				"down": { "uv": [ 12.5, 13, 14, 13.5 ], "texture": "#colt_1911", "rotation": 270 },
				"up": { "uv": [ 12.5, 13.5, 14, 13 ], "texture": "#colt_1911", "rotation": 90 },
				"north": { "uv": [ 12.5, 13, 13, 13.5 ], "texture": "#colt_1911" },
				"south": { "uv": [ 14, 13, 13.5, 13.5 ], "texture": "#colt_1911" },
				"west": { "uv": [ 12.5, 13, 14, 13.5 ], "texture": "#colt_1911" },
				"east": { "uv": [ 14, 13, 12.5, 13.5 ], "texture": "#colt_1911" }
			}
		},
		{
			"__comment": "colt_1911",
			"from": [ 7, 12.5, 0.5 ],
			"to": [ 9, 13, 13.5 ],
			"faces": {
				"down": { "uv": [ 0.5, 3, 13.5, 3.5 ], "texture": "#colt_1911", "rotation": 270 },
				"up": { "uv": [ 0.5, 3.5, 13.5, 3 ], "texture": "#colt_1911", "rotation": 90 },
				"north": { "uv": [ 0.5, 3, 1, 3.5 ], "texture": "#colt_1911" },
				"south": { "uv": [ 13.5, 3, 13, 3.5 ], "texture": "#colt_1911" },
				"west": { "uv": [ 0.5, 3, 13.5, 3.5 ], "texture": "#colt_1911" },
				"east": { "uv": [ 13.5, 3, 0.5, 3.5 ], "texture": "#colt_1911" }
			}
		},
		{
			"__comment": "colt_1911",
			"from": [ 7, 8, 8.5 ],
			"to": [ 9, 8.5, 10 ],
			"faces": {
				"down": { "uv": [ 8.5, 7.5, 10, 8 ], "texture": "#colt_1911", "rotation": 270 },
				"up": { "uv": [ 8.5, 8, 10, 7.5 ], "texture": "#colt_1911", "rotation": 90 },
				"north": { "uv": [ 8.5, 7.5, 9, 8 ], "texture": "#colt_1911" },
				"south": { "uv": [ 10, 7.5, 9.5, 8 ], "texture": "#colt_1911" },
				"west": { "uv": [ 8.5, 7.5, 10, 8 ], "texture": "#colt_1911" },
				"east": { "uv": [ 10, 7.5, 8.5, 8 ], "texture": "#colt_1911" }
			}
		},
		{
			"__comment": "colt_1911",
			"from": [ 7.5, 13, 0.5 ],
			"to": [ 8.5, 13.5, 13.5 ],
			"faces": {
				"down": { "uv": [ 0.5, 2.5, 13.5, 3 ], "texture": "#colt_1911", "rotation": 270 },
				"up": { "uv": [ 0.5, 3, 13.5, 2.5 ], "texture": "#colt_1911", "rotation": 90 },
				"north": { "uv": [ 0.5, 2.5, 1, 3 ], "texture": "#colt_1911" },
				"south": { "uv": [ 13.5, 2.5, 13, 3 ], "texture": "#colt_1911" },
				"west": { "uv": [ 0.5, 2.5, 13.5, 3 ], "texture": "#colt_1911" },
				"east": { "uv": [ 13.5, 2.5, 0.5, 3 ], "texture": "#colt_1911" }
			}
		},
		{
			"__comment": "colt_1911",
			"from": [ 7.5, 10.5, 14.5 ],
			"to": [ 8.5, 11, 15.5 ],
			"faces": {
				"down": { "uv": [ 14.5, 5, 15.5, 5.5 ], "texture": "#colt_1911", "rotation": 270 },
				"up": { "uv": [ 14.5, 5.5, 15.5, 5 ], "texture": "#colt_1911", "rotation": 90 },
				"north": { "uv": [ 14.5, 5, 15, 5.5 ], "texture": "#colt_1911" },
				"south": { "uv": [ 15.5, 5, 15, 5.5 ], "texture": "#colt_1911" },
				"west": { "uv": [ 14.5, 5, 15.5, 5.5 ], "texture": "#colt_1911" },
				"east": { "uv": [ 15.5, 5, 14.5, 5.5 ], "texture": "#colt_1911" }
			}
		},
		{
			"__comment": "colt_1911",
			"from": [ 7, 10.5, 3 ],
			"to": [ 9, 11.5, 14.5 ],
			"faces": {
				"down": { "uv": [ 3, 5, 14.5, 5.5 ], "texture": "#colt_1911", "rotation": 270 },
				"up": { "uv": [ 3, 5, 14.5, 4.5 ], "texture": "#colt_1911", "rotation": 90 },
				"north": { "uv": [ 3, 4.5, 3.5, 5.5 ], "texture": "#colt_1911" },
				"south": { "uv": [ 14.5, 4.5, 14, 5.5 ], "texture": "#colt_1911" },
				"west": { "uv": [ 3, 4.5, 14.5, 5.5 ], "texture": "#colt_1911" },
				"east": { "uv": [ 14.5, 4.5, 3, 5.5 ], "texture": "#colt_1911" }
			}
		},
		{
			"__comment": "colt_1911",
			"from": [ 7, 10, 6.5 ],
			"to": [ 9, 10.5, 14.5 ],
			"faces": {
				"down": { "uv": [ 6.5, 5.5, 14.5, 6 ], "texture": "#colt_1911", "rotation": 270 },
				"up": { "uv": [ 6.5, 6, 14.5, 5.5 ], "texture": "#colt_1911", "rotation": 90 },
				"north": { "uv": [ 6.5, 5.5, 7, 6 ], "texture": "#colt_1911" },
				"south": { "uv": [ 14.5, 5.5, 14, 6 ], "texture": "#colt_1911" },
				"west": { "uv": [ 6.5, 5.5, 14.5, 6 ], "texture": "#colt_1911" },
				"east": { "uv": [ 14.5, 5.5, 6.5, 6 ], "texture": "#colt_1911" }
			}
		},
		{
			"__comment": "colt_1911",
			"from": [ 7, 8, 13 ],
			"to": [ 9, 10, 14 ],
			"faces": {
				"down": { "uv": [ 13, 7.5, 14, 8 ], "texture": "#colt_1911", "rotation": 270 },
				"up": { "uv": [ 13, 6.5, 14, 6 ], "texture": "#colt_1911", "rotation": 90 },
				"north": { "uv": [ 13, 6, 13.5, 8 ], "texture": "#colt_1911" },
				"south": { "uv": [ 14, 6, 13.5, 8 ], "texture": "#colt_1911" },
				"west": { "uv": [ 13, 6, 14, 8 ], "texture": "#colt_1911" },
				"east": { "uv": [ 14, 6, 13, 8 ], "texture": "#colt_1911" }
			}
		},
		{
			"__comment": "colt_1911",
			"from": [ 7, 8.5, 8 ],
			"to": [ 9, 9.5, 8.5 ],
			"faces": {
				"down": { "uv": [ 8, 7, 8.5, 7.5 ], "texture": "#colt_1911", "rotation": 270 },
				"up": { "uv": [ 8, 7, 8.5, 6.5 ], "texture": "#colt_1911", "rotation": 90 },
				"north": { "uv": [ 8, 6.5, 8.5, 7.5 ], "texture": "#colt_1911" },
				"south": { "uv": [ 8.5, 6.5, 8, 7.5 ], "texture": "#colt_1911" },
				"west": { "uv": [ 8, 6.5, 8.5, 7.5 ], "texture": "#colt_1911" },
				"east": { "uv": [ 8.5, 6.5, 8, 7.5 ], "texture": "#colt_1911" }
			}
		},
		{
			"__comment": "colt_1911",
			"from": [ 7.5, 13.5, 2 ],
			"to": [ 8.5, 14, 2.5 ],
			"faces": {
				"down": { "uv": [ 2, 2, 2.5, 2.5 ], "texture": "#colt_1911", "rotation": 270 },
				"up": { "uv": [ 2, 2.5, 2.5, 2 ], "texture": "#colt_1911", "rotation": 90 },
				"north": { "uv": [ 2, 2, 2.5, 2.5 ], "texture": "#colt_1911" },
				"south": { "uv": [ 2.5, 2, 2, 2.5 ], "texture": "#colt_1911" },
				"west": { "uv": [ 2, 2, 2.5, 2.5 ], "texture": "#colt_1911" },
				"east": { "uv": [ 2.5, 2, 2, 2.5 ], "texture": "#colt_1911" }
			}
		},
		{
			"__comment": "colt_1911",
			"from": [ 7.5, 9.5, 9 ],
			"to": [ 8.5, 10, 9.5 ],
			"faces": {
				"down": { "uv": [ 9, 6, 9.5, 6.5 ], "texture": "#colt_1911", "rotation": 270 },
				"up": { "uv": [ 9, 6.5, 9.5, 6 ], "texture": "#colt_1911", "rotation": 90 },
				"north": { "uv": [ 9, 6, 9.5, 6.5 ], "texture": "#colt_1911" },
				"south": { "uv": [ 9.5, 6, 9, 6.5 ], "texture": "#colt_1911" },
				"west": { "uv": [ 9, 6, 9.5, 6.5 ], "texture": "#colt_1911" },
				"east": { "uv": [ 9.5, 6, 9, 6.5 ], "texture": "#colt_1911" }
			}
		},
		{
			"__comment": "colt_1911",
			"from": [ 7.5, 8.5, 9 ],
			"to": [ 8.5, 9, 10 ],
			"faces": {
				"down": { "uv": [ 9, 7, 10, 7.5 ], "texture": "#colt_1911", "rotation": 270 },
				"up": { "uv": [ 9, 7.5, 10, 7 ], "texture": "#colt_1911", "rotation": 90 },
				"north": { "uv": [ 9, 7, 9.5, 7.5 ], "texture": "#colt_1911" },
				"south": { "uv": [ 10, 7, 9.5, 7.5 ], "texture": "#colt_1911" },
				"west": { "uv": [ 9, 7, 10, 7.5 ], "texture": "#colt_1911" },
				"east": { "uv": [ 10, 7, 9, 7.5 ], "texture": "#colt_1911" }
			}
		},
		{
			"__comment": "colt_1911",
			"from": [ 7, 9.5, 7.5 ],
			"to": [ 9, 10, 9 ],
			"faces": {
				"down": { "uv": [ 7.5, 6, 9, 6.5 ], "texture": "#colt_1911", "rotation": 270 },
				"up": { "uv": [ 7.5, 6.5, 9, 6 ], "texture": "#colt_1911", "rotation": 90 },
				"north": { "uv": [ 7.5, 6, 8, 6.5 ], "texture": "#colt_1911" },
				"south": { "uv": [ 9, 6, 8.5, 6.5 ], "texture": "#colt_1911" },
				"west": { "uv": [ 7.5, 6, 9, 6.5 ], "texture": "#colt_1911" },
				"east": { "uv": [ 9, 6, 7.5, 6.5 ], "texture": "#colt_1911" }
			}
		},
		{
			"__comment": "colt_1911",
			"from": [ 7, 7, 13.5 ],
			"to": [ 9, 8, 14 ],
			"faces": {
				"down": { "uv": [ 13.5, 8.5, 14, 9 ], "texture": "#colt_1911", "rotation": 270 },
				"up": { "uv": [ 13.5, 8.5, 14, 8 ], "texture": "#colt_1911", "rotation": 90 },
				"north": { "uv": [ 13.5, 8, 14, 9 ], "texture": "#colt_1911" },
				"south": { "uv": [ 14, 8, 13.5, 9 ], "texture": "#colt_1911" },
				"west": { "uv": [ 13.5, 8, 14, 9 ], "texture": "#colt_1911" },
				"east": { "uv": [ 14, 8, 13.5, 9 ], "texture": "#colt_1911" }
			}
		},
		{
			"__comment": "colt_1911",
			"from": [ 7, 9.5, 9.5 ],
			"to": [ 9, 10, 10.5 ],
			"faces": {
				"down": { "uv": [ 9.5, 6, 10.5, 6.5 ], "texture": "#colt_1911", "rotation": 270 },
				"up": { "uv": [ 9.5, 6.5, 10.5, 6 ], "texture": "#colt_1911", "rotation": 90 },
				"north": { "uv": [ 9.5, 6, 10, 6.5 ], "texture": "#colt_1911" },
				"south": { "uv": [ 10.5, 6, 10, 6.5 ], "texture": "#colt_1911" },
				"west": { "uv": [ 9.5, 6, 10.5, 6.5 ], "texture": "#colt_1911" },
				"east": { "uv": [ 10.5, 6, 9.5, 6.5 ], "texture": "#colt_1911" }
			}
		},
		{
			"__comment": "colt_1911",
			"from": [ 7, 7.5, 10 ],
			"to": [ 9, 9.5, 10.5 ],
			"faces": {
				"down": { "uv": [ 10, 8, 10.5, 8.5 ], "texture": "#colt_1911", "rotation": 270 },
				"up": { "uv": [ 10, 7, 10.5, 6.5 ], "texture": "#colt_1911", "rotation": 90 },
				"north": { "uv": [ 10, 6.5, 10.5, 8.5 ], "texture": "#colt_1911" },
				"south": { "uv": [ 10.5, 6.5, 10, 8.5 ], "texture": "#colt_1911" },
				"west": { "uv": [ 10, 6.5, 10.5, 8.5 ], "texture": "#colt_1911" },
				"east": { "uv": [ 10.5, 6.5, 10, 8.5 ], "texture": "#colt_1911" }
			}
		},
		{
			"__comment": "colt_1911",
			"from": [ 7, 7, 10.5 ],
			"to": [ 9, 8, 11 ],
			"faces": {
				"down": { "uv": [ 10.5, 8.5, 11, 9 ], "texture": "#colt_1911", "rotation": 270 },
				"up": { "uv": [ 10.5, 8.5, 11, 8 ], "texture": "#colt_1911", "rotation": 90 },
				"north": { "uv": [ 10.5, 8, 11, 9 ], "texture": "#colt_1911" },
				"south": { "uv": [ 11, 8, 10.5, 9 ], "texture": "#colt_1911" },
				"west": { "uv": [ 10.5, 8, 11, 9 ], "texture": "#colt_1911" },
				"east": { "uv": [ 11, 8, 10.5, 9 ], "texture": "#colt_1911" }
			}
		},
		{
			"__comment": "colt_1911",
			"from": [ 7, 5.5, 11 ],
			"to": [ 9, 7, 11.5 ],
			"faces": {
				"down": { "uv": [ 11, 10, 11.5, 10.5 ], "texture": "#colt_1911", "rotation": 270 },
				"up": { "uv": [ 11, 9.5, 11.5, 9 ], "texture": "#colt_1911", "rotation": 90 },
				"north": { "uv": [ 11, 9, 11.5, 10.5 ], "texture": "#colt_1911" },
				"south": { "uv": [ 11.5, 9, 11, 10.5 ], "texture": "#colt_1911" },
				"west": { "uv": [ 11, 9, 11.5, 10.5 ], "texture": "#colt_1911" },
				"east": { "uv": [ 11.5, 9, 11, 10.5 ], "texture": "#colt_1911" }
			}
		},
		{
			"__comment": "colt_1911",
			"from": [ 7, 4, 11.5 ],
			"to": [ 9, 5.5, 12 ],
			"faces": {
				"down": { "uv": [ 11.5, 11.5, 12, 12 ], "texture": "#colt_1911", "rotation": 270 },
				"up": { "uv": [ 11.5, 11, 12, 10.5 ], "texture": "#colt_1911", "rotation": 90 },
				"north": { "uv": [ 11.5, 10.5, 12, 12 ], "texture": "#colt_1911" },
				"south": { "uv": [ 12, 10.5, 11.5, 12 ], "texture": "#colt_1911" },
				"west": { "uv": [ 11.5, 10.5, 12, 12 ], "texture": "#colt_1911" },
				"east": { "uv": [ 12, 10.5, 11.5, 12 ], "texture": "#colt_1911" }
			}
		},
		{
			"__comment": "colt_1911",
			"from": [ 7, 2, 12 ],
			"to": [ 9, 4, 12.5 ],
			"faces": {
				"down": { "uv": [ 12, 13.5, 12.5, 14 ], "texture": "#colt_1911", "rotation": 270 },
				"up": { "uv": [ 12, 12.5, 12.5, 12 ], "texture": "#colt_1911", "rotation": 90 },
				"north": { "uv": [ 12, 12, 12.5, 14 ], "texture": "#colt_1911" },
				"south": { "uv": [ 12.5, 12, 12, 14 ], "texture": "#colt_1911" },
				"west": { "uv": [ 12, 12, 12.5, 14 ], "texture": "#colt_1911" },
				"east": { "uv": [ 12.5, 12, 12, 14 ], "texture": "#colt_1911" }
			}
		},
		{
			"__comment": "colt_1911",
			"from": [ 7, 2, 12.5 ],
			"to": [ 9, 2.5, 14 ],
			"faces": {
				"down": { "uv": [ 12.5, 13.5, 14, 14 ], "texture": "#colt_1911", "rotation": 270 },
				"up": { "uv": [ 12.5, 14, 14, 13.5 ], "texture": "#colt_1911", "rotation": 90 },
				"north": { "uv": [ 12.5, 13.5, 13, 14 ], "texture": "#colt_1911" },
				"south": { "uv": [ 14, 13.5, 13.5, 14 ], "texture": "#colt_1911" },
				"west": { "uv": [ 12.5, 13.5, 14, 14 ], "texture": "#colt_1911" },
				"east": { "uv": [ 14, 13.5, 12.5, 14 ], "texture": "#colt_1911" }
			}
		},
		{
			"__comment": "colt_1911",
			"from": [ 7, 2.5, 14 ],
			"to": [ 9, 3, 15 ],
			"faces": {
				"down": { "uv": [ 14, 13, 15, 13.5 ], "texture": "#colt_1911", "rotation": 270 },
				"up": { "uv": [ 14, 13.5, 15, 13 ], "texture": "#colt_1911", "rotation": 90 },
				"north": { "uv": [ 14, 13, 14.5, 13.5 ], "texture": "#colt_1911" },
				"south": { "uv": [ 15, 13, 14.5, 13.5 ], "texture": "#colt_1911" },
				"west": { "uv": [ 14, 13, 15, 13.5 ], "texture": "#colt_1911" },
				"east": { "uv": [ 15, 13, 14, 13.5 ], "texture": "#colt_1911" }
			}
		},
		{
			"__comment": "colt_1911",
			"from": [ 7, 2.5, 15 ],
			"to": [ 9, 4, 15.5 ],
			"faces": {
				"down": { "uv": [ 15, 13, 15.5, 13.5 ], "texture": "#colt_1911", "rotation": 270 },
				"up": { "uv": [ 15, 12.5, 15.5, 12 ], "texture": "#colt_1911", "rotation": 90 },
				"north": { "uv": [ 15, 12, 15.5, 13.5 ], "texture": "#colt_1911" },
				"south": { "uv": [ 15.5, 12, 15, 13.5 ], "texture": "#colt_1911" },
				"west": { "uv": [ 15, 12, 15.5, 13.5 ], "texture": "#colt_1911" },
				"east": { "uv": [ 15.5, 12, 15, 13.5 ], "texture": "#colt_1911" }
			}
		},
		{
			"__comment": "colt_1911",
			"from": [ 7, 4, 14.5 ],
			"to": [ 9, 5.5, 15 ],
			"faces": {
				"down": { "uv": [ 14.5, 11.5, 15, 12 ], "texture": "#colt_1911", "rotation": 270 },
				"up": { "uv": [ 14.5, 11, 15, 10.5 ], "texture": "#colt_1911", "rotation": 90 },
				"north": { "uv": [ 14.5, 10.5, 15, 12 ], "texture": "#colt_1911" },
				"south": { "uv": [ 15, 10.5, 14.5, 12 ], "texture": "#colt_1911" },
				"west": { "uv": [ 14.5, 10.5, 15, 12 ], "texture": "#colt_1911" },
				"east": { "uv": [ 15, 10.5, 14.5, 12 ], "texture": "#colt_1911" }
			}
		},
		{
			"__comment": "colt_1911",
			"from": [ 7, 5.5, 14 ],
			"to": [ 9, 7, 14.5 ],
			"faces": {
				"down": { "uv": [ 14, 10, 14.5, 10.5 ], "texture": "#colt_1911", "rotation": 270 },
				"up": { "uv": [ 14, 9.5, 14.5, 9 ], "texture": "#colt_1911", "rotation": 90 },
				"north": { "uv": [ 14, 9, 14.5, 10.5 ], "texture": "#colt_1911" },
				"south": { "uv": [ 14.5, 9, 14, 10.5 ], "texture": "#colt_1911" },
				"west": { "uv": [ 14, 9, 14.5, 10.5 ], "texture": "#colt_1911" },
				"east": { "uv": [ 14.5, 9, 14, 10.5 ], "texture": "#colt_1911" }
			}
		},
		{
			"__comment": "colt_1911",
			"from": [ 7.5, 13.5, 12 ],
			"to": [ 8.5, 14, 13 ],
			"faces": {
				"down": { "uv": [ 12, 2, 13, 2.5 ], "texture": "#colt_1911", "rotation": 270 },
				"up": { "uv": [ 12, 2.5, 13, 2 ], "texture": "#colt_1911", "rotation": 90 },
				"north": { "uv": [ 12, 2, 12.5, 2.5 ], "texture": "#colt_1911" },
				"south": { "uv": [ 13, 2, 12.5, 2.5 ], "texture": "#colt_1911" },
				"west": { "uv": [ 12, 2, 13, 2.5 ], "texture": "#colt_1911" },
				"east": { "uv": [ 13, 2, 12, 2.5 ], "texture": "#colt_1911" }
			}
		},
		{
			"__comment": "colt_1911",
			"from": [ 7.5, 7.5, 14 ],
			"to": [ 8.5, 8.5, 14.5 ],
			"faces": {
				"down": { "uv": [ 14, 8, 14.5, 8.5 ], "texture": "#colt_1911", "rotation": 270 },
				"up": { "uv": [ 14, 8, 14.5, 7.5 ], "texture": "#colt_1911", "rotation": 90 },
				"north": { "uv": [ 14, 7.5, 14.5, 8.5 ], "texture": "#colt_1911" },
				"south": { "uv": [ 14.5, 7.5, 14, 8.5 ], "texture": "#colt_1911" },
				"west": { "uv": [ 14, 7.5, 14.5, 8.5 ], "texture": "#colt_1911" },
				"east": { "uv": [ 14.5, 7.5, 14, 8.5 ], "texture": "#colt_1911" }
			}
		},
		{
			"__comment": "colt_1911",
			"from": [ 6.5, 12, 0.5 ],
			"to": [ 9.5, 12.5, 14 ],
			"faces": {
				"down": { "uv": [ 0.5, 3.5, 14, 4 ], "texture": "#colt_1911", "rotation": 270 },
				"up": { "uv": [ 0.5, 4, 14, 3.5 ], "texture": "#colt_1911", "rotation": 90 },
				"north": { "uv": [ 0.5, 3.5, 1, 4 ], "texture": "#colt_1911" },
				"south": { "uv": [ 14, 3.5, 13.5, 4 ], "texture": "#colt_1911" },
				"west": { "uv": [ 0.5, 3.5, 14, 4 ], "texture": "#colt_1911" },
				"east": { "uv": [ 14, 3.5, 0.5, 4 ], "texture": "#colt_1911" }
			}
		},
		{
			"__comment": "colt_1911",
			"from": [ 6.5, 8, 10.5 ],
			"to": [ 9.5, 10, 13 ],
			"faces": {
				"down": { "uv": [ 10.5, 7.5, 13, 8 ], "texture": "#colt_1911", "rotation": 270 },
				"up": { "uv": [ 10.5, 6.5, 13, 6 ], "texture": "#colt_1911", "rotation": 90 },
				"north": { "uv": [ 10.5, 6, 11, 8 ], "texture": "#colt_1911" },
				"south": { "uv": [ 13, 6, 12.5, 8 ], "texture": "#colt_1911" },
				"west": { "uv": [ 10.5, 6, 13, 8 ], "texture": "#colt_1911" },
				"east": { "uv": [ 13, 6, 10.5, 8 ], "texture": "#colt_1911" }
			}
		},
		{
			"__comment": "colt_1911",
			"from": [ 6.5, 7, 11 ],
			"to": [ 9.5, 8, 13.5 ],
			"faces": {
				"down": { "uv": [ 11, 8.5, 13.5, 9 ], "texture": "#colt_1911", "rotation": 270 },
				"up": { "uv": [ 11, 8.5, 13.5, 8 ], "texture": "#colt_1911", "rotation": 90 },
				"north": { "uv": [ 11, 8, 11.5, 9 ], "texture": "#colt_1911" },
				"south": { "uv": [ 13.5, 8, 13, 9 ], "texture": "#colt_1911" },
				"west": { "uv": [ 11, 8, 13.5, 9 ], "texture": "#colt_1911" },
				"east": { "uv": [ 13.5, 8, 11, 9 ], "texture": "#colt_1911" }
			}
		},
		{
			"__comment": "colt_1911",
			"from": [ 6.5, 5.5, 11.5 ],
			"to": [ 9.5, 7, 14 ],
			"faces": {
				"down": { "uv": [ 11.5, 10, 14, 10.5 ], "texture": "#colt_1911", "rotation": 270 },
				"up": { "uv": [ 11.5, 9.5, 14, 9 ], "texture": "#colt_1911", "rotation": 90 },
				"north": { "uv": [ 11.5, 9, 12, 10.5 ], "texture": "#colt_1911" },
				"south": { "uv": [ 14, 9, 13.5, 10.5 ], "texture": "#colt_1911" },
				"west": { "uv": [ 11.5, 9, 14, 10.5 ], "texture": "#colt_1911" },
				"east": { "uv": [ 14, 9, 11.5, 10.5 ], "texture": "#colt_1911" }
			}
		},
		{
			"__comment": "colt_1911",
			"from": [ 6.5, 4, 12 ],
			"to": [ 9.5, 5.5, 14.5 ],
			"faces": {
				"down": { "uv": [ 12, 11.5, 14.5, 12 ], "texture": "#colt_1911", "rotation": 270 },
				"up": { "uv": [ 12, 11, 14.5, 10.5 ], "texture": "#colt_1911", "rotation": 90 },
				"north": { "uv": [ 12, 10.5, 12.5, 12 ], "texture": "#colt_1911" },
				"south": { "uv": [ 14.5, 10.5, 14, 12 ], "texture": "#colt_1911" },
				"west": { "uv": [ 12, 10.5, 14.5, 12 ], "texture": "#colt_1911" },
				"east": { "uv": [ 14.5, 10.5, 12, 12 ], "texture": "#colt_1911" }
			}
		},
		{
			"__comment": "colt_1911",
			"from": [ 6.5, 3, 12.5 ],
			"to": [ 9.5, 4, 15 ],
			"faces": {
				"down": { "uv": [ 12.5, 12.5, 15, 13 ], "texture": "#colt_1911", "rotation": 270 },
				"up": { "uv": [ 12.5, 12.5, 15, 12 ], "texture": "#colt_1911", "rotation": 90 },
				"north": { "uv": [ 12.5, 12, 13, 13 ], "texture": "#colt_1911" },
				"south": { "uv": [ 15, 12, 14.5, 13 ], "texture": "#colt_1911" },
				"west": { "uv": [ 12.5, 12, 15, 13 ], "texture": "#colt_1911" },
				"east": { "uv": [ 15, 12, 12.5, 13 ], "texture": "#colt_1911" }
			}
		}
	],
	"display": {
		"thirdperson_righthand": {
			"translation":  [ 0, -1, -0.25 ],
			"scale":  [ 0.5, 0.5, 0.5 ]
		},
		"thirdperson_lefthand": {
			"rotation":  [ -45, 0, 0 ],
			"translation":  [ -10, -3, 0 ],
			"scale":  [ 0.5, 0.5, 0.5 ]
		},
		"firstperson_righthand": {
			"rotation":  [ 15, 0, -45 ],
			"translation":  [ -6, -3, -12 ]
		},
		"firstperson_lefthand": {
			"scale":  [ 0.0001, 0.0001, 0.0001 ]
		},
		"gui": {
			"rotation":  [ 30, 135, 0 ],
			"scale":  [ 0.625, 0.625, 0.625 ]
		},
		"head": {
			"scale":  [ 0.0001, 0.0001, 0.0001 ]
		},
		"ground": {
			"rotation":  [ 0, 0, 90 ],
			"scale":  [ 0.5, 0.5, 0.5 ]
		},
		"fixed": {
			"rotation":  [ 0, -90, 0 ]
		}
	}
}