{
	"__comment": "Designed by Optimus0812 with Cubik Studio - https://cubik.studio",
	"textures": {
		"cr75": "dayz/weapon/gun/handgun/cr75"
	},
	"elements": [ 	 
		{
			"__comment": "cr75",
			"from": [ 7.5, 12.5, 0 ],
			"to": [ 8.5, 13.5, 1 ],
			"faces": {
				"down": { "uv": [ 0, 3, 1, 3.5 ], "texture": "#cr75", "rotation": 270 },
				"up": { "uv": [ 0, 3, 1, 2.5 ], "texture": "#cr75", "rotation": 90 },
				"north": { "uv": [ 0, 2.5, 0.5, 3.5 ], "texture": "#cr75" },
				"south": { "uv": [ 1, 2.5, 0.5, 3.5 ], "texture": "#cr75" },
				"west": { "uv": [ 0, 2.5, 1, 3.5 ], "texture": "#cr75" },
				"east": { "uv": [ 1, 2.5, 0, 3.5 ], "texture": "#cr75" }
			}
		},
		{
			"__comment": "cr751",
			"from": [ 7.5, 13.5, 1 ],
			"to": [ 8.5, 14, 14 ],
			"faces": {
				"down": { "uv": [ 1, 2, 14, 2.5 ], "texture": "#cr75", "rotation": 270 },
				"up": { "uv": [ 1, 2.5, 14, 2 ], "texture": "#cr75", "rotation": 90 },
				"north": { "uv": [ 1, 2, 1.5, 2.5 ], "texture": "#cr75" },
				"south": { "uv": [ 14, 2, 13.5, 2.5 ], "texture": "#cr75" },
				"west": { "uv": [ 1, 2, 14, 2.5 ], "texture": "#cr75" },
				"east": { "uv": [ 14, 2, 1, 2.5 ], "texture": "#cr75" }
			}
		},
		{
			"__comment": "cr752",
			"from": [ 7, 11.5, 1 ],
			"to": [ 9, 13.5, 14 ],
			"faces": {
				"down": { "uv": [ 1, 4, 14, 4.5 ], "texture": "#cr75", "rotation": 270 },
				"up": { "uv": [ 1, 3, 14, 2.5 ], "texture": "#cr75", "rotation": 90 },
				"north": { "uv": [ 1, 2.5, 1.5, 4.5 ], "texture": "#cr75" },
				"south": { "uv": [ 14, 2.5, 13.5, 4.5 ], "texture": "#cr75" },
				"west": { "uv": [ 1, 2.5, 14, 4.5 ], "texture": "#cr75" },
				"east": { "uv": [ 14, 2.5, 1, 4.5 ], "texture": "#cr75" }
			}
		},
		{
			"__comment": "cr753",
			"from": [ 7.5, 10.5, 14 ],
			"to": [ 8.5, 13.5, 14.5 ],
			"faces": {
				"down": { "uv": [ 14, 5, 14.5, 5.5 ], "texture": "#cr75", "rotation": 270 },
				"up": { "uv": [ 14, 3, 14.5, 2.5 ], "texture": "#cr75", "rotation": 90 },
				"north": { "uv": [ 14, 2.5, 14.5, 5.5 ], "texture": "#cr75" },
				"south": { "uv": [ 14.5, 2.5, 14, 5.5 ], "texture": "#cr75" },
				"west": { "uv": [ 14, 2.5, 14.5, 5.5 ], "texture": "#cr75" },
				"east": { "uv": [ 14.5, 2.5, 14, 5.5 ], "texture": "#cr75" }
			}
		},
		{
			"__comment": "cr754",
			"from": [ 7.5, 10.5, 1 ],
			"to": [ 8.5, 11, 1.5 ],
			"faces": {
				"down": { "uv": [ 1, 5, 1.5, 5.5 ], "texture": "#cr75", "rotation": 270 },
				"up": { "uv": [ 1, 5.5, 1.5, 5 ], "texture": "#cr75", "rotation": 90 },
				"north": { "uv": [ 1, 5, 1.5, 5.5 ], "texture": "#cr75" },
				"south": { "uv": [ 1.5, 5, 1, 5.5 ], "texture": "#cr75" },
				"west": { "uv": [ 1, 5, 1.5, 5.5 ], "texture": "#cr75" },
				"east": { "uv": [ 1.5, 5, 1, 5.5 ], "texture": "#cr75" }
			}
		},
		{
			"__comment": "cr755",
			"from": [ 7.5, 10.5, 2 ],
			"to": [ 8.5, 11, 2.5 ],
			"faces": {
				"down": { "uv": [ 2, 5, 2.5, 5.5 ], "texture": "#cr75", "rotation": 270 },
				"up": { "uv": [ 2, 5.5, 2.5, 5 ], "texture": "#cr75", "rotation": 90 },
				"north": { "uv": [ 2, 5, 2.5, 5.5 ], "texture": "#cr75" },
				"south": { "uv": [ 2.5, 5, 2, 5.5 ], "texture": "#cr75" },
				"west": { "uv": [ 2, 5, 2.5, 5.5 ], "texture": "#cr75" },
				"east": { "uv": [ 2.5, 5, 2, 5.5 ], "texture": "#cr75" }
			}
		},
		{
			"__comment": "cr756",
			"from": [ 7.5, 10.5, 3 ],
			"to": [ 8.5, 11, 3.5 ],
			"faces": {
				"down": { "uv": [ 3, 5, 3.5, 5.5 ], "texture": "#cr75", "rotation": 270 },
				"up": { "uv": [ 3, 5.5, 3.5, 5 ], "texture": "#cr75", "rotation": 90 },
				"north": { "uv": [ 3, 5, 3.5, 5.5 ], "texture": "#cr75" },
				"south": { "uv": [ 3.5, 5, 3, 5.5 ], "texture": "#cr75" },
				"west": { "uv": [ 3, 5, 3.5, 5.5 ], "texture": "#cr75" },
				"east": { "uv": [ 3.5, 5, 3, 5.5 ], "texture": "#cr75" }
			}
		},
		{
			"__comment": "cr757",
			"from": [ 7.5, 10.5, 4 ],
			"to": [ 8.5, 11, 10.5 ],
			"faces": {
				"down": { "uv": [ 4, 5, 10.5, 5.5 ], "texture": "#cr75", "rotation": 270 },
				"up": { "uv": [ 4, 5.5, 10.5, 5 ], "texture": "#cr75", "rotation": 90 },
				"north": { "uv": [ 4, 5, 4.5, 5.5 ], "texture": "#cr75" },
				"south": { "uv": [ 10.5, 5, 10, 5.5 ], "texture": "#cr75" },
				"west": { "uv": [ 4, 5, 10.5, 5.5 ], "texture": "#cr75" },
				"east": { "uv": [ 10.5, 5, 4, 5.5 ], "texture": "#cr75" }
			}
		},
		{
			"__comment": "cr758",
			"from": [ 7.5, 11, 5.5 ],
			"to": [ 8.5, 11.5, 10 ],
			"faces": {
				"down": { "uv": [ 5.5, 4.5, 10, 5 ], "texture": "#cr75", "rotation": 270 },
				"up": { "uv": [ 5.5, 5, 10, 4.5 ], "texture": "#cr75", "rotation": 90 },
				"north": { "uv": [ 5.5, 4.5, 6, 5 ], "texture": "#cr75" },
				"south": { "uv": [ 10, 4.5, 9.5, 5 ], "texture": "#cr75" },
				"west": { "uv": [ 5.5, 4.5, 10, 5 ], "texture": "#cr75" },
				"east": { "uv": [ 10, 4.5, 5.5, 5 ], "texture": "#cr75" }
			}
		},
		{
			"__comment": "cr759",
			"from": [ 7, 11, 1 ],
			"to": [ 9, 11.5, 5.5 ],
			"faces": {
				"down": { "uv": [ 1, 4.5, 5.5, 5 ], "texture": "#cr75", "rotation": 270 },
				"up": { "uv": [ 1, 5, 5.5, 4.5 ], "texture": "#cr75", "rotation": 90 },
				"north": { "uv": [ 1, 4.5, 1.5, 5 ], "texture": "#cr75" },
				"south": { "uv": [ 5.5, 4.5, 5, 5 ], "texture": "#cr75" },
				"west": { "uv": [ 1, 4.5, 5.5, 5 ], "texture": "#cr75" },
				"east": { "uv": [ 5.5, 4.5, 1, 5 ], "texture": "#cr75" }
			}
		},
		{
			"__comment": "cr7510",
			"from": [ 7, 11, 10 ],
			"to": [ 9, 11.5, 14 ],
			"faces": {
				"down": { "uv": [ 10, 4.5, 14, 5 ], "texture": "#cr75", "rotation": 270 },
				"up": { "uv": [ 10, 5, 14, 4.5 ], "texture": "#cr75", "rotation": 90 },
				"north": { "uv": [ 10, 4.5, 10.5, 5 ], "texture": "#cr75" },
				"south": { "uv": [ 14, 4.5, 13.5, 5 ], "texture": "#cr75" },
				"west": { "uv": [ 10, 4.5, 14, 5 ], "texture": "#cr75" },
				"east": { "uv": [ 14, 4.5, 10, 5 ], "texture": "#cr75" }
			}
		},
		{
			"__comment": "cr7511",
			"from": [ 7.5, 10, 9.5 ],
			"to": [ 8.5, 10.5, 10.5 ],
			"faces": {
				"down": { "uv": [ 9.5, 5.5, 10.5, 6 ], "texture": "#cr75", "rotation": 270 },
				"up": { "uv": [ 9.5, 6, 10.5, 5.5 ], "texture": "#cr75", "rotation": 90 },
				"north": { "uv": [ 9.5, 5.5, 10, 6 ], "texture": "#cr75" },
				"south": { "uv": [ 10.5, 5.5, 10, 6 ], "texture": "#cr75" },
				"west": { "uv": [ 9.5, 5.5, 10.5, 6 ], "texture": "#cr75" },
				"east": { "uv": [ 10.5, 5.5, 9.5, 6 ], "texture": "#cr75" }
			}
		},
		{
			"__comment": "cr7512",
			"from": [ 7.5, 8, 10 ],
			"to": [ 8.5, 10, 10.5 ],
			"faces": {
				"down": { "uv": [ 10, 7.5, 10.5, 8 ], "texture": "#cr75", "rotation": 270 },
				"up": { "uv": [ 10, 6.5, 10.5, 6 ], "texture": "#cr75", "rotation": 90 },
				"north": { "uv": [ 10, 6, 10.5, 8 ], "texture": "#cr75" },
				"south": { "uv": [ 10.5, 6, 10, 8 ], "texture": "#cr75" },
				"west": { "uv": [ 10, 6, 10.5, 8 ], "texture": "#cr75" },
				"east": { "uv": [ 10.5, 6, 10, 8 ], "texture": "#cr75" }
			}
		},
		{
			"__comment": "cr7513",
			"from": [ 7.5, 8, 9.5 ],
			"to": [ 8.5, 9, 10 ],
			"faces": {
				"down": { "uv": [ 9.5, 7.5, 10, 8 ], "texture": "#cr75", "rotation": 270 },
				"up": { "uv": [ 9.5, 7.5, 10, 7 ], "texture": "#cr75", "rotation": 90 },
				"north": { "uv": [ 9.5, 7, 10, 8 ], "texture": "#cr75" },
				"south": { "uv": [ 10, 7, 9.5, 8 ], "texture": "#cr75" },
				"west": { "uv": [ 9.5, 7, 10, 8 ], "texture": "#cr75" },
				"east": { "uv": [ 10, 7, 9.5, 8 ], "texture": "#cr75" }
			}
		},
		{
			"__comment": "cr7514",
			"from": [ 7.5, 8, 7.5 ],
			"to": [ 8.5, 8.5, 9.5 ],
			"faces": {
				"down": { "uv": [ 7.5, 7.5, 9.5, 8 ], "texture": "#cr75", "rotation": 270 },
				"up": { "uv": [ 7.5, 8, 9.5, 7.5 ], "texture": "#cr75", "rotation": 90 },
				"north": { "uv": [ 7.5, 7.5, 8, 8 ], "texture": "#cr75" },
				"south": { "uv": [ 9.5, 7.5, 9, 8 ], "texture": "#cr75" },
				"west": { "uv": [ 7.5, 7.5, 9.5, 8 ], "texture": "#cr75" },
				"east": { "uv": [ 9.5, 7.5, 7.5, 8 ], "texture": "#cr75" }
			}
		},
		{
			"__comment": "cr7515",
			"from": [ 7.5, 8.5, 7 ],
			"to": [ 8.5, 10, 7.5 ],
			"faces": {
				"down": { "uv": [ 7, 7, 7.5, 7.5 ], "texture": "#cr75", "rotation": 270 },
				"up": { "uv": [ 7, 6.5, 7.5, 6 ], "texture": "#cr75", "rotation": 90 },
				"north": { "uv": [ 7, 6, 7.5, 7.5 ], "texture": "#cr75" },
				"south": { "uv": [ 7.5, 6, 7, 7.5 ], "texture": "#cr75" },
				"west": { "uv": [ 7, 6, 7.5, 7.5 ], "texture": "#cr75" },
				"east": { "uv": [ 7.5, 6, 7, 7.5 ], "texture": "#cr75" }
			}
		},
		{
			"__comment": "cr7516",
			"from": [ 7.5, 10, 6.5 ],
			"to": [ 8.5, 10.5, 8 ],
			"faces": {
				"down": { "uv": [ 6.5, 5.5, 8, 6 ], "texture": "#cr75", "rotation": 270 },
				"up": { "uv": [ 6.5, 6, 8, 5.5 ], "texture": "#cr75", "rotation": 90 },
				"north": { "uv": [ 6.5, 5.5, 7, 6 ], "texture": "#cr75" },
				"south": { "uv": [ 8, 5.5, 7.5, 6 ], "texture": "#cr75" },
				"west": { "uv": [ 6.5, 5.5, 8, 6 ], "texture": "#cr75" },
				"east": { "uv": [ 8, 5.5, 6.5, 6 ], "texture": "#cr75" }
			}
		},
		{
			"__comment": "cr7517",
			"from": [ 7.5, 10, 8.5 ],
			"to": [ 8.5, 10.5, 9.5 ],
			"faces": {
				"down": { "uv": [ 8.5, 5.5, 9.5, 6 ], "texture": "#cr75", "rotation": 270 },
				"up": { "uv": [ 8.5, 6, 9.5, 5.5 ], "texture": "#cr75", "rotation": 90 },
				"north": { "uv": [ 8.5, 5.5, 9, 6 ], "texture": "#cr75" },
				"south": { "uv": [ 9.5, 5.5, 9, 6 ], "texture": "#cr75" },
				"west": { "uv": [ 8.5, 5.5, 9.5, 6 ], "texture": "#cr75" },
				"east": { "uv": [ 9.5, 5.5, 8.5, 6 ], "texture": "#cr75" }
			}
		},
		{
			"__comment": "cr7518",
			"from": [ 7.5, 9, 9 ],
			"to": [ 8.5, 10, 9.5 ],
			"faces": {
				"down": { "uv": [ 9, 6.5, 9.5, 7 ], "texture": "#cr75", "rotation": 270 },
				"up": { "uv": [ 9, 6.5, 9.5, 6 ], "texture": "#cr75", "rotation": 90 },
				"north": { "uv": [ 9, 6, 9.5, 7 ], "texture": "#cr75" },
				"south": { "uv": [ 9.5, 6, 9, 7 ], "texture": "#cr75" },
				"west": { "uv": [ 9, 6, 9.5, 7 ], "texture": "#cr75" },
				"east": { "uv": [ 9.5, 6, 9, 7 ], "texture": "#cr75" }
			}
		},
		{
			"__comment": "cr7519",
			"from": [ 7.5, 8.5, 8.5 ],
			"to": [ 8.5, 9, 9 ],
			"faces": {
				"down": { "uv": [ 8.5, 7, 9, 7.5 ], "texture": "#cr75", "rotation": 270 },
				"up": { "uv": [ 8.5, 7.5, 9, 7 ], "texture": "#cr75", "rotation": 90 },
				"north": { "uv": [ 8.5, 7, 9, 7.5 ], "texture": "#cr75" },
				"south": { "uv": [ 9, 7, 8.5, 7.5 ], "texture": "#cr75" },
				"west": { "uv": [ 8.5, 7, 9, 7.5 ], "texture": "#cr75" },
				"east": { "uv": [ 9, 7, 8.5, 7.5 ], "texture": "#cr75" }
			}
		},
		{
			"__comment": "cr7520",
			"from": [ 7, 7.5, 10.5 ],
			"to": [ 9, 10.5, 11 ],
			"faces": {
				"down": { "uv": [ 10.5, 8, 11, 8.5 ], "texture": "#cr75", "rotation": 270 },
				"up": { "uv": [ 10.5, 6, 11, 5.5 ], "texture": "#cr75", "rotation": 90 },
				"north": { "uv": [ 10.5, 5.5, 11, 8.5 ], "texture": "#cr75" },
				"south": { "uv": [ 11, 5.5, 10.5, 8.5 ], "texture": "#cr75" },
				"west": { "uv": [ 10.5, 5.5, 11, 8.5 ], "texture": "#cr75" },
				"east": { "uv": [ 11, 5.5, 10.5, 8.5 ], "texture": "#cr75" }
			}
		},
		{
			"__comment": "cr7521",
			"from": [ 7, 6, 11 ],
			"to": [ 9, 7.5, 11.5 ],
			"faces": {
				"down": { "uv": [ 11, 9.5, 11.5, 10 ], "texture": "#cr75", "rotation": 270 },
				"up": { "uv": [ 11, 9, 11.5, 8.5 ], "texture": "#cr75", "rotation": 90 },
				"north": { "uv": [ 11, 8.5, 11.5, 10 ], "texture": "#cr75" },
				"south": { "uv": [ 11.5, 8.5, 11, 10 ], "texture": "#cr75" },
				"west": { "uv": [ 11, 8.5, 11.5, 10 ], "texture": "#cr75" },
				"east": { "uv": [ 11.5, 8.5, 11, 10 ], "texture": "#cr75" }
			}
		},
		{
			"__comment": "cr7522",
			"from": [ 7, 4.5, 11.5 ],
			"to": [ 9, 6, 12 ],
			"faces": {
				"down": { "uv": [ 11.5, 11, 12, 11.5 ], "texture": "#cr75", "rotation": 270 },
				"up": { "uv": [ 11.5, 10.5, 12, 10 ], "texture": "#cr75", "rotation": 90 },
				"north": { "uv": [ 11.5, 10, 12, 11.5 ], "texture": "#cr75" },
				"south": { "uv": [ 12, 10, 11.5, 11.5 ], "texture": "#cr75" },
				"west": { "uv": [ 11.5, 10, 12, 11.5 ], "texture": "#cr75" },
				"east": { "uv": [ 12, 10, 11.5, 11.5 ], "texture": "#cr75" }
			}
		},
		{
			"__comment": "cr7523",
			"from": [ 7, 2, 12 ],
			"to": [ 9, 4.5, 12.5 ],
			"faces": {
				"down": { "uv": [ 12, 13.5, 12.5, 14 ], "texture": "#cr75", "rotation": 270 },
				"up": { "uv": [ 12, 12, 12.5, 11.5 ], "texture": "#cr75", "rotation": 90 },
				"north": { "uv": [ 12, 11.5, 12.5, 14 ], "texture": "#cr75" },
				"south": { "uv": [ 12.5, 11.5, 12, 14 ], "texture": "#cr75" },
				"west": { "uv": [ 12, 11.5, 12.5, 14 ], "texture": "#cr75" },
				"east": { "uv": [ 12.5, 11.5, 12, 14 ], "texture": "#cr75" }
			}
		},
		{
			"__comment": "cr7524",
			"from": [ 7, 1, 11.5 ],
			"to": [ 9, 2, 15.5 ],
			"faces": {
				"down": { "uv": [ 11.5, 14.5, 15.5, 15 ], "texture": "#cr75", "rotation": 270 },
				"up": { "uv": [ 11.5, 14.5, 15.5, 14 ], "texture": "#cr75", "rotation": 90 },
				"north": { "uv": [ 11.5, 14, 12, 15 ], "texture": "#cr75" },
				"south": { "uv": [ 15.5, 14, 15, 15 ], "texture": "#cr75" },
				"west": { "uv": [ 11.5, 14, 15.5, 15 ], "texture": "#cr75" },
				"east": { "uv": [ 15.5, 14, 11.5, 15 ], "texture": "#cr75" }
			}
		},
		{
			"__comment": "cr7525",
			"from": [ 7, 2, 12.5 ],
			"to": [ 9, 2.5, 15 ],
			"faces": {
				"down": { "uv": [ 12.5, 13.5, 15, 14 ], "texture": "#cr75", "rotation": 270 },
				"up": { "uv": [ 12.5, 14, 15, 13.5 ], "texture": "#cr75", "rotation": 90 },
				"north": { "uv": [ 12.5, 13.5, 13, 14 ], "texture": "#cr75" },
				"south": { "uv": [ 15, 13.5, 14.5, 14 ], "texture": "#cr75" },
				"west": { "uv": [ 12.5, 13.5, 15, 14 ], "texture": "#cr75" },
				"east": { "uv": [ 15, 13.5, 12.5, 14 ], "texture": "#cr75" }
			}
		},
		{
			"__comment": "cr7526",
			"from": [ 7, 2.5, 15 ],
			"to": [ 9, 5.5, 15.5 ],
			"faces": {
				"down": { "uv": [ 15, 13, 15.5, 13.5 ], "texture": "#cr75", "rotation": 270 },
				"up": { "uv": [ 15, 11, 15.5, 10.5 ], "texture": "#cr75", "rotation": 90 },
				"north": { "uv": [ 15, 10.5, 15.5, 13.5 ], "texture": "#cr75" },
				"south": { "uv": [ 15.5, 10.5, 15, 13.5 ], "texture": "#cr75" },
				"west": { "uv": [ 15, 10.5, 15.5, 13.5 ], "texture": "#cr75" },
				"east": { "uv": [ 15.5, 10.5, 15, 13.5 ], "texture": "#cr75" }
			}
		},
		{
			"__comment": "cr7527",
			"from": [ 7, 5.5, 14.5 ],
			"to": [ 9, 7.5, 15 ],
			"faces": {
				"down": { "uv": [ 14.5, 10, 15, 10.5 ], "texture": "#cr75", "rotation": 270 },
				"up": { "uv": [ 14.5, 9, 15, 8.5 ], "texture": "#cr75", "rotation": 90 },
				"north": { "uv": [ 14.5, 8.5, 15, 10.5 ], "texture": "#cr75" },
				"south": { "uv": [ 15, 8.5, 14.5, 10.5 ], "texture": "#cr75" },
				"west": { "uv": [ 14.5, 8.5, 15, 10.5 ], "texture": "#cr75" },
				"east": { "uv": [ 15, 8.5, 14.5, 10.5 ], "texture": "#cr75" }
			}
		},
		{
			"__comment": "cr7528",
			"from": [ 7, 7.5, 14 ],
			"to": [ 9, 9, 14.5 ],
			"faces": {
				"down": { "uv": [ 14, 8, 14.5, 8.5 ], "texture": "#cr75", "rotation": 270 },
				"up": { "uv": [ 14, 7.5, 14.5, 7 ], "texture": "#cr75", "rotation": 90 },
				"north": { "uv": [ 14, 7, 14.5, 8.5 ], "texture": "#cr75" },
				"south": { "uv": [ 14.5, 7, 14, 8.5 ], "texture": "#cr75" },
				"west": { "uv": [ 14, 7, 14.5, 8.5 ], "texture": "#cr75" },
				"east": { "uv": [ 14.5, 7, 14, 8.5 ], "texture": "#cr75" }
			}
		},
		{
			"__comment": "cr7529",
			"from": [ 7, 9, 13.5 ],
			"to": [ 9, 10.5, 14 ],
			"faces": {
				"down": { "uv": [ 13.5, 6.5, 14, 7 ], "texture": "#cr75", "rotation": 270 },
				"up": { "uv": [ 13.5, 6, 14, 5.5 ], "texture": "#cr75", "rotation": 90 },
				"north": { "uv": [ 13.5, 5.5, 14, 7 ], "texture": "#cr75" },
				"south": { "uv": [ 14, 5.5, 13.5, 7 ], "texture": "#cr75" },
				"west": { "uv": [ 13.5, 5.5, 14, 7 ], "texture": "#cr75" },
				"east": { "uv": [ 14, 5.5, 13.5, 7 ], "texture": "#cr75" }
			}
		},
		{
			"__comment": "cr7530",
			"from": [ 7.5, 10.5, 14.5 ],
			"to": [ 8.5, 11.5, 15 ],
			"faces": {
				"down": { "uv": [ 14.5, 5, 15, 5.5 ], "texture": "#cr75", "rotation": 270 },
				"up": { "uv": [ 14.5, 5, 15, 4.5 ], "texture": "#cr75", "rotation": 90 },
				"north": { "uv": [ 14.5, 4.5, 15, 5.5 ], "texture": "#cr75" },
				"south": { "uv": [ 15, 4.5, 14.5, 5.5 ], "texture": "#cr75" },
				"west": { "uv": [ 14.5, 4.5, 15, 5.5 ], "texture": "#cr75" },
				"east": { "uv": [ 15, 4.5, 14.5, 5.5 ], "texture": "#cr75" }
			}
		},
		{
			"__comment": "cr7531",
			"from": [ 7.5, 10.5, 15 ],
			"to": [ 8.5, 11, 16 ],
			"faces": {
				"down": { "uv": [ 15, 5, 16, 5.5 ], "texture": "#cr75", "rotation": 270 },
				"up": { "uv": [ 15, 5.5, 16, 5 ], "texture": "#cr75", "rotation": 90 },
				"north": { "uv": [ 15, 5, 15.5, 5.5 ], "texture": "#cr75" },
				"south": { "uv": [ 16, 5, 15.5, 5.5 ], "texture": "#cr75" },
				"west": { "uv": [ 15, 5, 16, 5.5 ], "texture": "#cr75" },
				"east": { "uv": [ 16, 5, 15, 5.5 ], "texture": "#cr75" }
			}
		},
		{
			"__comment": "cr7532",
			"from": [ 7.5, 11.5, 14.5 ],
			"to": [ 8.5, 12, 16 ],
			"faces": {
				"down": { "uv": [ 14.5, 4, 16, 4.5 ], "texture": "#cr75", "rotation": 270 },
				"up": { "uv": [ 14.5, 4.5, 16, 4 ], "texture": "#cr75", "rotation": 90 },
				"north": { "uv": [ 14.5, 4, 15, 4.5 ], "texture": "#cr75" },
				"south": { "uv": [ 16, 4, 15.5, 4.5 ], "texture": "#cr75" },
				"west": { "uv": [ 14.5, 4, 16, 4.5 ], "texture": "#cr75" },
				"east": { "uv": [ 16, 4, 14.5, 4.5 ], "texture": "#cr75" }
			}
		},
		{
			"__comment": "cr7533",
			"from": [ 7, 10.5, 10.5 ],
			"to": [ 9, 11, 14 ],
			"faces": {
				"down": { "uv": [ 10.5, 5, 14, 5.5 ], "texture": "#cr75", "rotation": 270 },
				"up": { "uv": [ 10.5, 5.5, 14, 5 ], "texture": "#cr75", "rotation": 90 },
				"north": { "uv": [ 10.5, 5, 11, 5.5 ], "texture": "#cr75" },
				"south": { "uv": [ 14, 5, 13.5, 5.5 ], "texture": "#cr75" },
				"west": { "uv": [ 10.5, 5, 14, 5.5 ], "texture": "#cr75" },
				"east": { "uv": [ 14, 5, 10.5, 5.5 ], "texture": "#cr75" }
			}
		},
		{
			"__comment": "cr7534",
			"from": [ 6.5, 7.5, 11 ],
			"to": [ 9.5, 10.5, 11.5 ],
			"faces": {
				"down": { "uv": [ 11, 8, 11.5, 8.5 ], "texture": "#cr75", "rotation": 270 },
				"up": { "uv": [ 11, 6, 11.5, 5.5 ], "texture": "#cr75", "rotation": 90 },
				"north": { "uv": [ 11, 5.5, 11.5, 8.5 ], "texture": "#cr75" },
				"south": { "uv": [ 11.5, 5.5, 11, 8.5 ], "texture": "#cr75" },
				"west": { "uv": [ 11, 5.5, 11.5, 8.5 ], "texture": "#cr75" },
				"east": { "uv": [ 11.5, 5.5, 11, 8.5 ], "texture": "#cr75" }
			}
		},
		{
			"__comment": "cr7535",
			"from": [ 6.5, 6, 11.5 ],
			"to": [ 9.5, 10.5, 12 ],
			"faces": {
				"down": { "uv": [ 11.5, 9.5, 12, 10 ], "texture": "#cr75", "rotation": 270 },
				"up": { "uv": [ 11.5, 6, 12, 5.5 ], "texture": "#cr75", "rotation": 90 },
				"north": { "uv": [ 11.5, 5.5, 12, 10 ], "texture": "#cr75" },
				"south": { "uv": [ 12, 5.5, 11.5, 10 ], "texture": "#cr75" },
				"west": { "uv": [ 11.5, 5.5, 12, 10 ], "texture": "#cr75" },
				"east": { "uv": [ 12, 5.5, 11.5, 10 ], "texture": "#cr75" }
			}
		},
		{
			"__comment": "cr7536",
			"from": [ 6.5, 4.5, 12 ],
			"to": [ 9.5, 10.5, 12.5 ],
			"faces": {
				"down": { "uv": [ 12, 11, 12.5, 11.5 ], "texture": "#cr75", "rotation": 270 },
				"up": { "uv": [ 12, 6, 12.5, 5.5 ], "texture": "#cr75", "rotation": 90 },
				"north": { "uv": [ 12, 5.5, 12.5, 11.5 ], "texture": "#cr75" },
				"south": { "uv": [ 12.5, 5.5, 12, 11.5 ], "texture": "#cr75" },
				"west": { "uv": [ 12, 5.5, 12.5, 11.5 ], "texture": "#cr75" },
				"east": { "uv": [ 12.5, 5.5, 12, 11.5 ], "texture": "#cr75" }
			}
		},
		{
			"__comment": "cr7537",
			"from": [ 6.5, 2.5, 12.5 ],
			"to": [ 9.5, 10.5, 13.5 ],
			"faces": {
				"down": { "uv": [ 12.5, 13, 13.5, 13.5 ], "texture": "#cr75", "rotation": 270 },
				"up": { "uv": [ 12.5, 6, 13.5, 5.5 ], "texture": "#cr75", "rotation": 90 },
				"north": { "uv": [ 12.5, 5.5, 13, 13.5 ], "texture": "#cr75" },
				"south": { "uv": [ 13.5, 5.5, 13, 13.5 ], "texture": "#cr75" },
				"west": { "uv": [ 12.5, 5.5, 13.5, 13.5 ], "texture": "#cr75" },
				"east": { "uv": [ 13.5, 5.5, 12.5, 13.5 ], "texture": "#cr75" }
			}
		},
		{
			"__comment": "cr7538",
			"from": [ 6.5, 2.5, 13.5 ],
			"to": [ 9.5, 9, 14 ],
			"faces": {
				"down": { "uv": [ 13.5, 13, 14, 13.5 ], "texture": "#cr75", "rotation": 270 },
				"up": { "uv": [ 13.5, 7.5, 14, 7 ], "texture": "#cr75", "rotation": 90 },
				"north": { "uv": [ 13.5, 7, 14, 13.5 ], "texture": "#cr75" },
				"south": { "uv": [ 14, 7, 13.5, 13.5 ], "texture": "#cr75" },
				"west": { "uv": [ 13.5, 7, 14, 13.5 ], "texture": "#cr75" },
				"east": { "uv": [ 14, 7, 13.5, 13.5 ], "texture": "#cr75" }
			}
		},
		{
			"__comment": "cr7539",
			"from": [ 6.5, 2.5, 14 ],
			"to": [ 9.5, 7.5, 14.5 ],
			"faces": {
				"down": { "uv": [ 14, 13, 14.5, 13.5 ], "texture": "#cr75", "rotation": 270 },
				"up": { "uv": [ 14, 9, 14.5, 8.5 ], "texture": "#cr75", "rotation": 90 },
				"north": { "uv": [ 14, 8.5, 14.5, 13.5 ], "texture": "#cr75" },
				"south": { "uv": [ 14.5, 8.5, 14, 13.5 ], "texture": "#cr75" },
				"west": { "uv": [ 14, 8.5, 14.5, 13.5 ], "texture": "#cr75" },
				"east": { "uv": [ 14.5, 8.5, 14, 13.5 ], "texture": "#cr75" }
			}
		},
		{
			"__comment": "cr7540",
			"from": [ 6.5, 2.5, 14.5 ],
			"to": [ 9.5, 5.5, 15 ],
			"faces": {
				"down": { "uv": [ 14.5, 13, 15, 13.5 ], "texture": "#cr75", "rotation": 270 },
				"up": { "uv": [ 14.5, 11, 15, 10.5 ], "texture": "#cr75", "rotation": 90 },
				"north": { "uv": [ 14.5, 10.5, 15, 13.5 ], "texture": "#cr75" },
				"south": { "uv": [ 15, 10.5, 14.5, 13.5 ], "texture": "#cr75" },
				"west": { "uv": [ 14.5, 10.5, 15, 13.5 ], "texture": "#cr75" },
				"east": { "uv": [ 15, 10.5, 14.5, 13.5 ], "texture": "#cr75" }
			}
		},
		{
			"__comment": "cr7541",
			"from": [ 6.5, 11.5, 11.5 ],
			"to": [ 9.5, 12.5, 13.5 ],
			"faces": {
				"down": { "uv": [ 11.5, 4, 13.5, 4.5 ], "texture": "#cr75", "rotation": 270 },
				"up": { "uv": [ 11.5, 4, 13.5, 3.5 ], "texture": "#cr75", "rotation": 90 },
				"north": { "uv": [ 11.5, 3.5, 12, 4.5 ], "texture": "#cr75" },
				"south": { "uv": [ 13.5, 3.5, 13, 4.5 ], "texture": "#cr75" },
				"west": { "uv": [ 11.5, 3.5, 13.5, 4.5 ], "texture": "#cr75" },
				"east": { "uv": [ 13.5, 3.5, 11.5, 4.5 ], "texture": "#cr75" }
			}
		},
		{
			"__comment": "cr7542",
			"from": [ 6.5, 11, 11.5 ],
			"to": [ 9.5, 11.5, 12.5 ],
			"faces": {
				"down": { "uv": [ 11.5, 4.5, 12.5, 5 ], "texture": "#cr75", "rotation": 270 },
				"up": { "uv": [ 11.5, 5, 12.5, 4.5 ], "texture": "#cr75", "rotation": 90 },
				"north": { "uv": [ 11.5, 4.5, 12, 5 ], "texture": "#cr75" },
				"south": { "uv": [ 12.5, 4.5, 12, 5 ], "texture": "#cr75" },
				"west": { "uv": [ 11.5, 4.5, 12.5, 5 ], "texture": "#cr75" },
				"east": { "uv": [ 12.5, 4.5, 11.5, 5 ], "texture": "#cr75" }
			}
		},
		{
			"__comment": "cr7543",
			"from": [ 7.5, 14, 1.5 ],
			"to": [ 8.5, 14.5, 2.5 ],
			"faces": {
				"down": { "uv": [ 1.5, 1.5, 2.5, 2 ], "texture": "#cr75", "rotation": 270 },
				"up": { "uv": [ 1.5, 2, 2.5, 1.5 ], "texture": "#cr75", "rotation": 90 },
				"north": { "uv": [ 1.5, 1.5, 2, 2 ], "texture": "#cr75" },
				"south": { "uv": [ 2.5, 1.5, 2, 2 ], "texture": "#cr75" },
				"west": { "uv": [ 1.5, 1.5, 2.5, 2 ], "texture": "#cr75" },
				"east": { "uv": [ 2.5, 1.5, 1.5, 2 ], "texture": "#cr75" }
			}
		},
		{
			"__comment": "cr7544",
			"from": [ 7.5, 14, 12 ],
			"to": [ 8.5, 14.5, 13.5 ],
			"faces": {
				"down": { "uv": [ 12, 1.5, 13.5, 2 ], "texture": "#cr75", "rotation": 270 },
				"up": { "uv": [ 12, 2, 13.5, 1.5 ], "texture": "#cr75", "rotation": 90 },
				"north": { "uv": [ 12, 1.5, 12.5, 2 ], "texture": "#cr75" },
				"south": { "uv": [ 13.5, 1.5, 13, 2 ], "texture": "#cr75" },
				"west": { "uv": [ 12, 1.5, 13.5, 2 ], "texture": "#cr75" },
				"east": { "uv": [ 13.5, 1.5, 12, 2 ], "texture": "#cr75" }
			}
		},
		{
			"__comment": "cr7545",
			"from": [ 6.5, 11.5, 10.5 ],
			"to": [ 9.5, 12.5, 11 ],
			"faces": {
				"down": { "uv": [ 10.5, 4, 11, 4.5 ], "texture": "#cr75", "rotation": 270 },
				"up": { "uv": [ 10.5, 4, 11, 3.5 ], "texture": "#cr75", "rotation": 90 },
				"north": { "uv": [ 10.5, 3.5, 11, 4.5 ], "texture": "#cr75" },
				"south": { "uv": [ 11, 3.5, 10.5, 4.5 ], "texture": "#cr75" },
				"west": { "uv": [ 10.5, 3.5, 11, 4.5 ], "texture": "#cr75" },
				"east": { "uv": [ 11, 3.5, 10.5, 4.5 ], "texture": "#cr75" }
			}
		},
		{
			"__comment": "cr7546",
			"from": [ 6.5, 12, 9 ],
			"to": [ 9.5, 12.5, 10.5 ],
			"faces": {
				"down": { "uv": [ 9, 3.5, 10.5, 4 ], "texture": "#cr75", "rotation": 270 },
				"up": { "uv": [ 9, 4, 10.5, 3.5 ], "texture": "#cr75", "rotation": 90 },
				"north": { "uv": [ 9, 3.5, 9.5, 4 ], "texture": "#cr75" },
				"south": { "uv": [ 10.5, 3.5, 10, 4 ], "texture": "#cr75" },
				"west": { "uv": [ 9, 3.5, 10.5, 4 ], "texture": "#cr75" },
				"east": { "uv": [ 10.5, 3.5, 9, 4 ], "texture": "#cr75" }
			}
		}
	],
	"display": {
		"thirdperson_righthand": {
			"translation":  [ 0, -1.25, -0.5 ],
			"scale":  [ 0.5, 0.5, 0.5 ]
		},
		"thirdperson_lefthand": {
			"rotation":  [ -45, 0, 0 ],
			"translation":  [ -10, -3, 0 ],
			"scale":  [ 0.5, 0.5, 0.5 ]
		},
		"firstperson_righthand": {
			"translation":  [ -6, -3, -12 ]
		},
		"firstperson_lefthand": {
			"scale":  [ 0.0001, 0.0001, 0.0001 ]
		},
		"gui": {
			"rotation":  [ 30, 135, 0 ],
			"scale":  [ 0.625, 0.625, 0.625 ]
		},
		"head": {
			"scale":  [ 0.0001, 0.0001, 0.0001 ]
		},
		"ground": {
			"rotation":  [ 0, 0, 90 ],
			"scale":  [ 0.5, 0.5, 0.5 ]
		},
		"fixed": {
			"rotation":  [ 0, -90, 0 ]
		}
	}
}