{
	"__comment": "Designed by Optimus0812 with Cubik Studio - https://cubik.studio",
	"textures": {
		"dart_gun": "dayz/weapon/gun/handgun/dart_gun"
	},
	"elements": [ 	 
		{
			"__comment": "dart_gun",
			"from": [ 7.5, 11, 0 ],
			"to": [ 8.5, 11.5, 6 ],
			"faces": {
				"down": { "uv": [ 0, 4.5, 6, 5 ], "texture": "#dart_gun", "rotation": 270 },
				"up": { "uv": [ 0, 5, 6, 4.5 ], "texture": "#dart_gun", "rotation": 90 },
				"north": { "uv": [ 0, 4.5, 0.5, 5 ], "texture": "#dart_gun" },
				"south": { "uv": [ 6, 4.5, 5.5, 5 ], "texture": "#dart_gun" },
				"west": { "uv": [ 0, 4.5, 6, 5 ], "texture": "#dart_gun" },
				"east": { "uv": [ 6, 4.5, 0, 5 ], "texture": "#dart_gun" }
			}
		},
		{
			"__comment": "dart_gun",
			"from": [ 7, 10, 13.5 ],
			"to": [ 9, 11, 14 ],
			"faces": {
				"down": { "uv": [ 13.5, 5.5, 14, 6 ], "texture": "#dart_gun", "rotation": 270 },
				"up": { "uv": [ 13.5, 5.5, 14, 5 ], "texture": "#dart_gun", "rotation": 90 },
				"north": { "uv": [ 13.5, 5, 14, 6 ], "texture": "#dart_gun" },
				"south": { "uv": [ 14, 5, 13.5, 6 ], "texture": "#dart_gun" },
				"west": { "uv": [ 13.5, 5, 14, 6 ], "texture": "#dart_gun" },
				"east": { "uv": [ 14, 5, 13.5, 6 ], "texture": "#dart_gun" }
			}
		},
		{
			"__comment": "dart_gun",
			"from": [ 7.5, 8.5, 13.5 ],
			"to": [ 8.5, 9, 15.5 ],
			"faces": {
				"down": { "uv": [ 13.5, 7, 15.5, 7.5 ], "texture": "#dart_gun", "rotation": 270 },
				"up": { "uv": [ 13.5, 7.5, 15.5, 7 ], "texture": "#dart_gun", "rotation": 90 },
				"north": { "uv": [ 13.5, 7, 14, 7.5 ], "texture": "#dart_gun" },
				"south": { "uv": [ 15.5, 7, 15, 7.5 ], "texture": "#dart_gun" },
				"west": { "uv": [ 13.5, 7, 15.5, 7.5 ], "texture": "#dart_gun" },
				"east": { "uv": [ 15.5, 7, 13.5, 7.5 ], "texture": "#dart_gun" }
			}
		},
		{
			"__comment": "dart_gun",
			"from": [ 7, 9.5, 6.5 ],
			"to": [ 9, 10, 13.5 ],
			"faces": {
				"down": { "uv": [ 6.5, 6, 13.5, 6.5 ], "texture": "#dart_gun", "rotation": 270 },
				"up": { "uv": [ 6.5, 6.5, 13.5, 6 ], "texture": "#dart_gun", "rotation": 90 },
				"north": { "uv": [ 6.5, 6, 7, 6.5 ], "texture": "#dart_gun" },
				"south": { "uv": [ 13.5, 6, 13, 6.5 ], "texture": "#dart_gun" },
				"west": { "uv": [ 6.5, 6, 13.5, 6.5 ], "texture": "#dart_gun" },
				"east": { "uv": [ 13.5, 6, 6.5, 6.5 ], "texture": "#dart_gun" }
			}
		},
		{
			"__comment": "dart_gun",
			"from": [ 7, 11, 13 ],
			"to": [ 9, 11.5, 13.5 ],
			"faces": {
				"down": { "uv": [ 13, 4.5, 13.5, 5 ], "texture": "#dart_gun", "rotation": 270 },
				"up": { "uv": [ 13, 5, 13.5, 4.5 ], "texture": "#dart_gun", "rotation": 90 },
				"north": { "uv": [ 13, 4.5, 13.5, 5 ], "texture": "#dart_gun" },
				"south": { "uv": [ 13.5, 4.5, 13, 5 ], "texture": "#dart_gun" },
				"west": { "uv": [ 13, 4.5, 13.5, 5 ], "texture": "#dart_gun" },
				"east": { "uv": [ 13.5, 4.5, 13, 5 ], "texture": "#dart_gun" }
			}
		},
		{
			"__comment": "dart_gun",
			"from": [ 7, 11, 5.5 ],
			"to": [ 9, 11.5, 13 ],
			"faces": {
				"down": { "uv": [ 5.5, 4.5, 13, 5 ], "texture": "#dart_gun", "rotation": 270 },
				"up": { "uv": [ 5.5, 5, 13, 4.5 ], "texture": "#dart_gun", "rotation": 90 },
				"north": { "uv": [ 5.5, 4.5, 6, 5 ], "texture": "#dart_gun" },
				"south": { "uv": [ 13, 4.5, 12.5, 5 ], "texture": "#dart_gun" },
				"west": { "uv": [ 5.5, 4.5, 13, 5 ], "texture": "#dart_gun" },
				"east": { "uv": [ 13, 4.5, 5.5, 5 ], "texture": "#dart_gun" }
			}
		},
		{
			"__comment": "dart_gun",
			"from": [ 7, 10.5, 6 ],
			"to": [ 9, 11, 13.5 ],
			"faces": {
				"down": { "uv": [ 6, 5, 13.5, 5.5 ], "texture": "#dart_gun", "rotation": 270 },
				"up": { "uv": [ 6, 5.5, 13.5, 5 ], "texture": "#dart_gun", "rotation": 90 },
				"north": { "uv": [ 6, 5, 6.5, 5.5 ], "texture": "#dart_gun" },
				"south": { "uv": [ 13.5, 5, 13, 5.5 ], "texture": "#dart_gun" },
				"west": { "uv": [ 6, 5, 13.5, 5.5 ], "texture": "#dart_gun" },
				"east": { "uv": [ 13.5, 5, 6, 5.5 ], "texture": "#dart_gun" }
			}
		},
		{
			"__comment": "dart_gun",
			"from": [ 7, 10, 6.5 ],
			"to": [ 9, 10.5, 13.5 ],
			"faces": {
				"down": { "uv": [ 6.5, 5.5, 13.5, 6 ], "texture": "#dart_gun", "rotation": 270 },
				"up": { "uv": [ 6.5, 6, 13.5, 5.5 ], "texture": "#dart_gun", "rotation": 90 },
				"north": { "uv": [ 6.5, 5.5, 7, 6 ], "texture": "#dart_gun" },
				"south": { "uv": [ 13.5, 5.5, 13, 6 ], "texture": "#dart_gun" },
				"west": { "uv": [ 6.5, 5.5, 13.5, 6 ], "texture": "#dart_gun" },
				"east": { "uv": [ 13.5, 5.5, 6.5, 6 ], "texture": "#dart_gun" }
			}
		},
		{
			"__comment": "dart_gun",
			"from": [ 7.5, 11.5, 5.5 ],
			"to": [ 8.5, 12, 13 ],
			"faces": {
				"down": { "uv": [ 5.5, 4, 13, 4.5 ], "texture": "#dart_gun", "rotation": 270 },
				"up": { "uv": [ 5.5, 4.5, 13, 4 ], "texture": "#dart_gun", "rotation": 90 },
				"north": { "uv": [ 5.5, 4, 6, 4.5 ], "texture": "#dart_gun" },
				"south": { "uv": [ 13, 4, 12.5, 4.5 ], "texture": "#dart_gun" },
				"west": { "uv": [ 5.5, 4, 13, 4.5 ], "texture": "#dart_gun" },
				"east": { "uv": [ 13, 4, 5.5, 4.5 ], "texture": "#dart_gun" }
			}
		},
		{
			"__comment": "dart_gun",
			"from": [ 7.5, 7, 9 ],
			"to": [ 8.5, 8, 9.5 ],
			"faces": {
				"down": { "uv": [ 9, 8.5, 9.5, 9 ], "texture": "#dart_gun", "rotation": 270 },
				"up": { "uv": [ 9, 8.5, 9.5, 8 ], "texture": "#dart_gun", "rotation": 90 },
				"north": { "uv": [ 9, 8, 9.5, 9 ], "texture": "#dart_gun" },
				"south": { "uv": [ 9.5, 8, 9, 9 ], "texture": "#dart_gun" },
				"west": { "uv": [ 9, 8, 9.5, 9 ], "texture": "#dart_gun" },
				"east": { "uv": [ 9.5, 8, 9, 9 ], "texture": "#dart_gun" }
			}
		},
		{
			"__comment": "dart_gun",
			"from": [ 7.5, 9, 15.5 ],
			"to": [ 8.5, 10, 16 ],
			"faces": {
				"down": { "uv": [ 15.5, 6.5, 16, 7 ], "texture": "#dart_gun", "rotation": 270 },
				"up": { "uv": [ 15.5, 6.5, 16, 6 ], "texture": "#dart_gun", "rotation": 90 },
				"north": { "uv": [ 15.5, 6, 16, 7 ], "texture": "#dart_gun" },
				"south": { "uv": [ 16, 6, 15.5, 7 ], "texture": "#dart_gun" },
				"west": { "uv": [ 15.5, 6, 16, 7 ], "texture": "#dart_gun" },
				"east": { "uv": [ 16, 6, 15.5, 7 ], "texture": "#dart_gun" }
			}
		},
		{
			"__comment": "dart_gun",
			"from": [ 7.5, 10, 14 ],
			"to": [ 8.5, 10.5, 15.5 ],
			"faces": {
				"down": { "uv": [ 14, 5.5, 15.5, 6 ], "texture": "#dart_gun", "rotation": 270 },
				"up": { "uv": [ 14, 6, 15.5, 5.5 ], "texture": "#dart_gun", "rotation": 90 },
				"north": { "uv": [ 14, 5.5, 14.5, 6 ], "texture": "#dart_gun" },
				"south": { "uv": [ 15.5, 5.5, 15, 6 ], "texture": "#dart_gun" },
				"west": { "uv": [ 14, 5.5, 15.5, 6 ], "texture": "#dart_gun" },
				"east": { "uv": [ 15.5, 5.5, 14, 6 ], "texture": "#dart_gun" }
			}
		},
		{
			"__comment": "dart_gun",
			"from": [ 7, 9, 13.5 ],
			"to": [ 9, 10, 15.5 ],
			"faces": {
				"down": { "uv": [ 13.5, 6.5, 15.5, 7 ], "texture": "#dart_gun", "rotation": 270 },
				"up": { "uv": [ 13.5, 6.5, 15.5, 6 ], "texture": "#dart_gun", "rotation": 90 },
				"north": { "uv": [ 13.5, 6, 14, 7 ], "texture": "#dart_gun" },
				"south": { "uv": [ 15.5, 6, 15, 7 ], "texture": "#dart_gun" },
				"west": { "uv": [ 13.5, 6, 15.5, 7 ], "texture": "#dart_gun" },
				"east": { "uv": [ 15.5, 6, 13.5, 7 ], "texture": "#dart_gun" }
			}
		},
		{
			"__comment": "dart_gun",
			"from": [ 6.5, 10.5, 12.5 ],
			"to": [ 9.5, 11, 13 ],
			"faces": {
				"down": { "uv": [ 12.5, 5, 13, 5.5 ], "texture": "#dart_gun", "rotation": 270 },
				"up": { "uv": [ 12.5, 5.5, 13, 5 ], "texture": "#dart_gun", "rotation": 90 },
				"north": { "uv": [ 12.5, 5, 13, 5.5 ], "texture": "#dart_gun" },
				"south": { "uv": [ 13, 5, 12.5, 5.5 ], "texture": "#dart_gun" },
				"west": { "uv": [ 12.5, 5, 13, 5.5 ], "texture": "#dart_gun" },
				"east": { "uv": [ 13, 5, 12.5, 5.5 ], "texture": "#dart_gun" }
			}
		},
		{
			"__comment": "dart_gun",
			"from": [ 7, 1.5, 11.5 ],
			"to": [ 9, 2, 13 ],
			"faces": {
				"down": { "uv": [ 11.5, 14, 13, 14.5 ], "texture": "#dart_gun", "rotation": 270 },
				"up": { "uv": [ 11.5, 14.5, 13, 14 ], "texture": "#dart_gun", "rotation": 90 },
				"north": { "uv": [ 11.5, 14, 12, 14.5 ], "texture": "#dart_gun" },
				"south": { "uv": [ 13, 14, 12.5, 14.5 ], "texture": "#dart_gun" },
				"west": { "uv": [ 11.5, 14, 13, 14.5 ], "texture": "#dart_gun" },
				"east": { "uv": [ 13, 14, 11.5, 14.5 ], "texture": "#dart_gun" }
			}
		},
		{
			"__comment": "dart_gun",
			"from": [ 7, 8.5, 6.5 ],
			"to": [ 9, 9, 13.5 ],
			"faces": {
				"down": { "uv": [ 6.5, 7, 13.5, 7.5 ], "texture": "#dart_gun", "rotation": 270 },
				"up": { "uv": [ 6.5, 7.5, 13.5, 7 ], "texture": "#dart_gun", "rotation": 90 },
				"north": { "uv": [ 6.5, 7, 7, 7.5 ], "texture": "#dart_gun" },
				"south": { "uv": [ 13.5, 7, 13, 7.5 ], "texture": "#dart_gun" },
				"west": { "uv": [ 6.5, 7, 13.5, 7.5 ], "texture": "#dart_gun" },
				"east": { "uv": [ 13.5, 7, 6.5, 7.5 ], "texture": "#dart_gun" }
			}
		},
		{
			"__comment": "dart_gun",
			"from": [ 7, 8, 7.5 ],
			"to": [ 9, 8.5, 12 ],
			"faces": {
				"down": { "uv": [ 7.5, 7.5, 12, 8 ], "texture": "#dart_gun", "rotation": 270 },
				"up": { "uv": [ 7.5, 8, 12, 7.5 ], "texture": "#dart_gun", "rotation": 90 },
				"north": { "uv": [ 7.5, 7.5, 8, 8 ], "texture": "#dart_gun" },
				"south": { "uv": [ 12, 7.5, 11.5, 8 ], "texture": "#dart_gun" },
				"west": { "uv": [ 7.5, 7.5, 12, 8 ], "texture": "#dart_gun" },
				"east": { "uv": [ 12, 7.5, 7.5, 8 ], "texture": "#dart_gun" }
			}
		},
		{
			"__comment": "dart_gun",
			"from": [ 7, 6.5, 7.5 ],
			"to": [ 9, 8, 8 ],
			"faces": {
				"down": { "uv": [ 7.5, 9, 8, 9.5 ], "texture": "#dart_gun", "rotation": 270 },
				"up": { "uv": [ 7.5, 8.5, 8, 8 ], "texture": "#dart_gun", "rotation": 90 },
				"north": { "uv": [ 7.5, 8, 8, 9.5 ], "texture": "#dart_gun" },
				"south": { "uv": [ 8, 8, 7.5, 9.5 ], "texture": "#dart_gun" },
				"west": { "uv": [ 7.5, 8, 8, 9.5 ], "texture": "#dart_gun" },
				"east": { "uv": [ 8, 8, 7.5, 9.5 ], "texture": "#dart_gun" }
			}
		},
		{
			"__comment": "dart_gun",
			"from": [ 7, 6, 8 ],
			"to": [ 9, 6.5, 10 ],
			"faces": {
				"down": { "uv": [ 8, 9.5, 10, 10 ], "texture": "#dart_gun", "rotation": 270 },
				"up": { "uv": [ 8, 10, 10, 9.5 ], "texture": "#dart_gun", "rotation": 90 },
				"north": { "uv": [ 8, 9.5, 8.5, 10 ], "texture": "#dart_gun" },
				"south": { "uv": [ 10, 9.5, 9.5, 10 ], "texture": "#dart_gun" },
				"west": { "uv": [ 8, 9.5, 10, 10 ], "texture": "#dart_gun" },
				"east": { "uv": [ 10, 9.5, 8, 10 ], "texture": "#dart_gun" }
			}
		},
		{
			"__comment": "dart_gun",
			"from": [ 7.5, 9, 4 ],
			"to": [ 8.5, 10, 6.5 ],
			"faces": {
				"down": { "uv": [ 4, 6.5, 6.5, 7 ], "texture": "#dart_gun", "rotation": 270 },
				"up": { "uv": [ 4, 6.5, 6.5, 6 ], "texture": "#dart_gun", "rotation": 90 },
				"north": { "uv": [ 4, 6, 4.5, 7 ], "texture": "#dart_gun" },
				"south": { "uv": [ 6.5, 6, 6, 7 ], "texture": "#dart_gun" },
				"west": { "uv": [ 4, 6, 6.5, 7 ], "texture": "#dart_gun" },
				"east": { "uv": [ 6.5, 6, 4, 7 ], "texture": "#dart_gun" }
			}
		},
		{
			"__comment": "dart_gun",
			"from": [ 7.5, 7.5, 8.5 ],
			"to": [ 8.5, 8, 9 ],
			"faces": {
				"down": { "uv": [ 8.5, 8, 9, 8.5 ], "texture": "#dart_gun", "rotation": 270 },
				"up": { "uv": [ 8.5, 8.5, 9, 8 ], "texture": "#dart_gun", "rotation": 90 },
				"north": { "uv": [ 8.5, 8, 9, 8.5 ], "texture": "#dart_gun" },
				"south": { "uv": [ 9, 8, 8.5, 8.5 ], "texture": "#dart_gun" },
				"west": { "uv": [ 8.5, 8, 9, 8.5 ], "texture": "#dart_gun" },
				"east": { "uv": [ 9, 8, 8.5, 8.5 ], "texture": "#dart_gun" }
			}
		},
		{
			"__comment": "dart_gun",
			"from": [ 7.5, 5.5, 10.5 ],
			"to": [ 8.5, 6.5, 11 ],
			"faces": {
				"down": { "uv": [ 10.5, 10, 11, 10.5 ], "texture": "#dart_gun", "rotation": 270 },
				"up": { "uv": [ 10.5, 10, 11, 9.5 ], "texture": "#dart_gun", "rotation": 90 },
				"north": { "uv": [ 10.5, 9.5, 11, 10.5 ], "texture": "#dart_gun" },
				"south": { "uv": [ 11, 9.5, 10.5, 10.5 ], "texture": "#dart_gun" },
				"west": { "uv": [ 10.5, 9.5, 11, 10.5 ], "texture": "#dart_gun" },
				"east": { "uv": [ 11, 9.5, 10.5, 10.5 ], "texture": "#dart_gun" }
			}
		},
		{
			"__comment": "dart_gun",
			"from": [ 7.5, 11.5, 0 ],
			"to": [ 8.5, 12, 5.5 ],
			"faces": {
				"down": { "uv": [ 0, 4, 5.5, 4.5 ], "texture": "#dart_gun", "rotation": 270 },
				"up": { "uv": [ 0, 4.5, 5.5, 4 ], "texture": "#dart_gun", "rotation": 90 },
				"north": { "uv": [ 0, 4, 0.5, 4.5 ], "texture": "#dart_gun" },
				"south": { "uv": [ 5.5, 4, 5, 4.5 ], "texture": "#dart_gun" },
				"west": { "uv": [ 0, 4, 5.5, 4.5 ], "texture": "#dart_gun" },
				"east": { "uv": [ 5.5, 4, 0, 4.5 ], "texture": "#dart_gun" }
			}
		},
		{
			"__comment": "dart_gun",
			"from": [ 7.5, 6.5, 8.5 ],
			"to": [ 8.5, 7, 9 ],
			"faces": {
				"down": { "uv": [ 8.5, 9, 9, 9.5 ], "texture": "#dart_gun", "rotation": 270 },
				"up": { "uv": [ 8.5, 9.5, 9, 9 ], "texture": "#dart_gun", "rotation": 90 },
				"north": { "uv": [ 8.5, 9, 9, 9.5 ], "texture": "#dart_gun" },
				"south": { "uv": [ 9, 9, 8.5, 9.5 ], "texture": "#dart_gun" },
				"west": { "uv": [ 8.5, 9, 9, 9.5 ], "texture": "#dart_gun" },
				"east": { "uv": [ 9, 9, 8.5, 9.5 ], "texture": "#dart_gun" }
			}
		},
		{
			"__comment": "dart_gun",
			"from": [ 7.5, 6, 10 ],
			"to": [ 8.5, 6.5, 10.5 ],
			"faces": {
				"down": { "uv": [ 10, 9.5, 10.5, 10 ], "texture": "#dart_gun", "rotation": 270 },
				"up": { "uv": [ 10, 10, 10.5, 9.5 ], "texture": "#dart_gun", "rotation": 90 },
				"north": { "uv": [ 10, 9.5, 10.5, 10 ], "texture": "#dart_gun" },
				"south": { "uv": [ 10.5, 9.5, 10, 10 ], "texture": "#dart_gun" },
				"west": { "uv": [ 10, 9.5, 10.5, 10 ], "texture": "#dart_gun" },
				"east": { "uv": [ 10.5, 9.5, 10, 10 ], "texture": "#dart_gun" }
			}
		},
		{
			"__comment": "dart_gun",
			"from": [ 7.5, 4.5, 10.5 ],
			"to": [ 8.5, 5, 11 ],
			"faces": {
				"down": { "uv": [ 10.5, 11, 11, 11.5 ], "texture": "#dart_gun", "rotation": 270 },
				"up": { "uv": [ 10.5, 11.5, 11, 11 ], "texture": "#dart_gun", "rotation": 90 },
				"north": { "uv": [ 10.5, 11, 11, 11.5 ], "texture": "#dart_gun" },
				"south": { "uv": [ 11, 11, 10.5, 11.5 ], "texture": "#dart_gun" },
				"west": { "uv": [ 10.5, 11, 11, 11.5 ], "texture": "#dart_gun" },
				"east": { "uv": [ 11, 11, 10.5, 11.5 ], "texture": "#dart_gun" }
			}
		},
		{
			"__comment": "dart_gun",
			"from": [ 7.5, 3, 11 ],
			"to": [ 8.5, 3.5, 11.5 ],
			"faces": {
				"down": { "uv": [ 11, 12.5, 11.5, 13 ], "texture": "#dart_gun", "rotation": 270 },
				"up": { "uv": [ 11, 13, 11.5, 12.5 ], "texture": "#dart_gun", "rotation": 90 },
				"north": { "uv": [ 11, 12.5, 11.5, 13 ], "texture": "#dart_gun" },
				"south": { "uv": [ 11.5, 12.5, 11, 13 ], "texture": "#dart_gun" },
				"west": { "uv": [ 11, 12.5, 11.5, 13 ], "texture": "#dart_gun" },
				"east": { "uv": [ 11.5, 12.5, 11, 13 ], "texture": "#dart_gun" }
			}
		},
		{
			"__comment": "dart_gun",
			"from": [ 7.5, 2.5, 11.5 ],
			"to": [ 8.5, 3.5, 12 ],
			"faces": {
				"down": { "uv": [ 11.5, 13, 12, 13.5 ], "texture": "#dart_gun", "rotation": 270 },
				"up": { "uv": [ 11.5, 13, 12, 12.5 ], "texture": "#dart_gun", "rotation": 90 },
				"north": { "uv": [ 11.5, 12.5, 12, 13.5 ], "texture": "#dart_gun" },
				"south": { "uv": [ 12, 12.5, 11.5, 13.5 ], "texture": "#dart_gun" },
				"west": { "uv": [ 11.5, 12.5, 12, 13.5 ], "texture": "#dart_gun" },
				"east": { "uv": [ 12, 12.5, 11.5, 13.5 ], "texture": "#dart_gun" }
			}
		},
		{
			"__comment": "dart_gun",
			"from": [ 7.5, 4, 11 ],
			"to": [ 8.5, 5, 11.5 ],
			"faces": {
				"down": { "uv": [ 11, 11.5, 11.5, 12 ], "texture": "#dart_gun", "rotation": 270 },
				"up": { "uv": [ 11, 11.5, 11.5, 11 ], "texture": "#dart_gun", "rotation": 90 },
				"north": { "uv": [ 11, 11, 11.5, 12 ], "texture": "#dart_gun" },
				"south": { "uv": [ 11.5, 11, 11, 12 ], "texture": "#dart_gun" },
				"west": { "uv": [ 11, 11, 11.5, 12 ], "texture": "#dart_gun" },
				"east": { "uv": [ 11.5, 11, 11, 12 ], "texture": "#dart_gun" }
			}
		},
		{
			"__comment": "dart_gun",
			"from": [ 7, 7, 9.5 ],
			"to": [ 9, 8, 12 ],
			"faces": {
				"down": { "uv": [ 9.5, 8.5, 12, 9 ], "texture": "#dart_gun", "rotation": 270 },
				"up": { "uv": [ 9.5, 8.5, 12, 8 ], "texture": "#dart_gun", "rotation": 90 },
				"north": { "uv": [ 9.5, 8, 10, 9 ], "texture": "#dart_gun" },
				"south": { "uv": [ 12, 8, 11.5, 9 ], "texture": "#dart_gun" },
				"west": { "uv": [ 9.5, 8, 12, 9 ], "texture": "#dart_gun" },
				"east": { "uv": [ 12, 8, 9.5, 9 ], "texture": "#dart_gun" }
			}
		},
		{
			"__comment": "dart_gun",
			"from": [ 7, 6.5, 9.5 ],
			"to": [ 9, 7, 12.5 ],
			"faces": {
				"down": { "uv": [ 9.5, 9, 12.5, 9.5 ], "texture": "#dart_gun", "rotation": 270 },
				"up": { "uv": [ 9.5, 9.5, 12.5, 9 ], "texture": "#dart_gun", "rotation": 90 },
				"north": { "uv": [ 9.5, 9, 10, 9.5 ], "texture": "#dart_gun" },
				"south": { "uv": [ 12.5, 9, 12, 9.5 ], "texture": "#dart_gun" },
				"west": { "uv": [ 9.5, 9, 12.5, 9.5 ], "texture": "#dart_gun" },
				"east": { "uv": [ 12.5, 9, 9.5, 9.5 ], "texture": "#dart_gun" }
			}
		},
		{
			"__comment": "dart_gun",
			"from": [ 7, 6, 11 ],
			"to": [ 9, 6.5, 12.5 ],
			"faces": {
				"down": { "uv": [ 11, 9.5, 12.5, 10 ], "texture": "#dart_gun", "rotation": 270 },
				"up": { "uv": [ 11, 10, 12.5, 9.5 ], "texture": "#dart_gun", "rotation": 90 },
				"north": { "uv": [ 11, 9.5, 11.5, 10 ], "texture": "#dart_gun" },
				"south": { "uv": [ 12.5, 9.5, 12, 10 ], "texture": "#dart_gun" },
				"west": { "uv": [ 11, 9.5, 12.5, 10 ], "texture": "#dart_gun" },
				"east": { "uv": [ 12.5, 9.5, 11, 10 ], "texture": "#dart_gun" }
			}
		},
		{
			"__comment": "dart_gun",
			"from": [ 7, 5.5, 11 ],
			"to": [ 9, 6, 13 ],
			"faces": {
				"down": { "uv": [ 11, 10, 13, 10.5 ], "texture": "#dart_gun", "rotation": 270 },
				"up": { "uv": [ 11, 10.5, 13, 10 ], "texture": "#dart_gun", "rotation": 90 },
				"north": { "uv": [ 11, 10, 11.5, 10.5 ], "texture": "#dart_gun" },
				"south": { "uv": [ 13, 10, 12.5, 10.5 ], "texture": "#dart_gun" },
				"west": { "uv": [ 11, 10, 13, 10.5 ], "texture": "#dart_gun" },
				"east": { "uv": [ 13, 10, 11, 10.5 ], "texture": "#dart_gun" }
			}
		},
		{
			"__comment": "dart_gun",
			"from": [ 7, 5, 10.5 ],
			"to": [ 9, 5.5, 13 ],
			"faces": {
				"down": { "uv": [ 10.5, 10.5, 13, 11 ], "texture": "#dart_gun", "rotation": 270 },
				"up": { "uv": [ 10.5, 11, 13, 10.5 ], "texture": "#dart_gun", "rotation": 90 },
				"north": { "uv": [ 10.5, 10.5, 11, 11 ], "texture": "#dart_gun" },
				"south": { "uv": [ 13, 10.5, 12.5, 11 ], "texture": "#dart_gun" },
				"west": { "uv": [ 10.5, 10.5, 13, 11 ], "texture": "#dart_gun" },
				"east": { "uv": [ 13, 10.5, 10.5, 11 ], "texture": "#dart_gun" }
			}
		},
		{
			"__comment": "dart_gun",
			"from": [ 7, 4.5, 11.5 ],
			"to": [ 9, 5, 13.5 ],
			"faces": {
				"down": { "uv": [ 11.5, 11, 13.5, 11.5 ], "texture": "#dart_gun", "rotation": 270 },
				"up": { "uv": [ 11.5, 11.5, 13.5, 11 ], "texture": "#dart_gun", "rotation": 90 },
				"north": { "uv": [ 11.5, 11, 12, 11.5 ], "texture": "#dart_gun" },
				"south": { "uv": [ 13.5, 11, 13, 11.5 ], "texture": "#dart_gun" },
				"west": { "uv": [ 11.5, 11, 13.5, 11.5 ], "texture": "#dart_gun" },
				"east": { "uv": [ 13.5, 11, 11.5, 11.5 ], "texture": "#dart_gun" }
			}
		},
		{
			"__comment": "dart_gun",
			"from": [ 7, 4, 11.5 ],
			"to": [ 9, 4.5, 13.5 ],
			"faces": {
				"down": { "uv": [ 11.5, 11.5, 13.5, 12 ], "texture": "#dart_gun", "rotation": 270 },
				"up": { "uv": [ 11.5, 12, 13.5, 11.5 ], "texture": "#dart_gun", "rotation": 90 },
				"north": { "uv": [ 11.5, 11.5, 12, 12 ], "texture": "#dart_gun" },
				"south": { "uv": [ 13.5, 11.5, 13, 12 ], "texture": "#dart_gun" },
				"west": { "uv": [ 11.5, 11.5, 13.5, 12 ], "texture": "#dart_gun" },
				"east": { "uv": [ 13.5, 11.5, 11.5, 12 ], "texture": "#dart_gun" }
			}
		},
		{
			"__comment": "dart_gun",
			"from": [ 7, 3.5, 11 ],
			"to": [ 9, 4, 14 ],
			"faces": {
				"down": { "uv": [ 11, 12, 14, 12.5 ], "texture": "#dart_gun", "rotation": 270 },
				"up": { "uv": [ 11, 12.5, 14, 12 ], "texture": "#dart_gun", "rotation": 90 },
				"north": { "uv": [ 11, 12, 11.5, 12.5 ], "texture": "#dart_gun" },
				"south": { "uv": [ 14, 12, 13.5, 12.5 ], "texture": "#dart_gun" },
				"west": { "uv": [ 11, 12, 14, 12.5 ], "texture": "#dart_gun" },
				"east": { "uv": [ 14, 12, 11, 12.5 ], "texture": "#dart_gun" }
			}
		},
		{
			"__comment": "dart_gun",
			"from": [ 7, 3, 12 ],
			"to": [ 9, 3.5, 14 ],
			"faces": {
				"down": { "uv": [ 12, 12.5, 14, 13 ], "texture": "#dart_gun", "rotation": 270 },
				"up": { "uv": [ 12, 13, 14, 12.5 ], "texture": "#dart_gun", "rotation": 90 },
				"north": { "uv": [ 12, 12.5, 12.5, 13 ], "texture": "#dart_gun" },
				"south": { "uv": [ 14, 12.5, 13.5, 13 ], "texture": "#dart_gun" },
				"west": { "uv": [ 12, 12.5, 14, 13 ], "texture": "#dart_gun" },
				"east": { "uv": [ 14, 12.5, 12, 13 ], "texture": "#dart_gun" }
			}
		},
		{
			"__comment": "dart_gun",
			"from": [ 7, 2.5, 12 ],
			"to": [ 9, 3, 14.5 ],
			"faces": {
				"down": { "uv": [ 12, 13, 14.5, 13.5 ], "texture": "#dart_gun", "rotation": 270 },
				"up": { "uv": [ 12, 13.5, 14.5, 13 ], "texture": "#dart_gun", "rotation": 90 },
				"north": { "uv": [ 12, 13, 12.5, 13.5 ], "texture": "#dart_gun" },
				"south": { "uv": [ 14.5, 13, 14, 13.5 ], "texture": "#dart_gun" },
				"west": { "uv": [ 12, 13, 14.5, 13.5 ], "texture": "#dart_gun" },
				"east": { "uv": [ 14.5, 13, 12, 13.5 ], "texture": "#dart_gun" }
			}
		},
		{
			"__comment": "dart_gun",
			"from": [ 7, 2, 11.5 ],
			"to": [ 9, 2.5, 14 ],
			"faces": {
				"down": { "uv": [ 11.5, 13.5, 14, 14 ], "texture": "#dart_gun", "rotation": 270 },
				"up": { "uv": [ 11.5, 14, 14, 13.5 ], "texture": "#dart_gun", "rotation": 90 },
				"north": { "uv": [ 11.5, 13.5, 12, 14 ], "texture": "#dart_gun" },
				"south": { "uv": [ 14, 13.5, 13.5, 14 ], "texture": "#dart_gun" },
				"west": { "uv": [ 11.5, 13.5, 14, 14 ], "texture": "#dart_gun" },
				"east": { "uv": [ 14, 13.5, 11.5, 14 ], "texture": "#dart_gun" }
			}
		},
		{
			"__comment": "dart_gun",
			"from": [ 6.5, 8, 9 ],
			"to": [ 9.5, 9, 10.5 ],
			"faces": {
				"down": { "uv": [ 9, 7.5, 10.5, 8 ], "texture": "#dart_gun", "rotation": 270 },
				"up": { "uv": [ 9, 7.5, 10.5, 7 ], "texture": "#dart_gun", "rotation": 90 },
				"north": { "uv": [ 9, 7, 9.5, 8 ], "texture": "#dart_gun" },
				"south": { "uv": [ 10.5, 7, 10, 8 ], "texture": "#dart_gun" },
				"west": { "uv": [ 9, 7, 10.5, 8 ], "texture": "#dart_gun" },
				"east": { "uv": [ 10.5, 7, 9, 8 ], "texture": "#dart_gun" }
			}
		},
		{
			"__comment": "dart_gun",
			"from": [ 6.5, 9, 8 ],
			"to": [ 9.5, 10, 9 ],
			"faces": {
				"down": { "uv": [ 8, 6.5, 9, 7 ], "texture": "#dart_gun", "rotation": 270 },
				"up": { "uv": [ 8, 6.5, 9, 6 ], "texture": "#dart_gun", "rotation": 90 },
				"north": { "uv": [ 8, 6, 8.5, 7 ], "texture": "#dart_gun" },
				"south": { "uv": [ 9, 6, 8.5, 7 ], "texture": "#dart_gun" },
				"west": { "uv": [ 8, 6, 9, 7 ], "texture": "#dart_gun" },
				"east": { "uv": [ 9, 6, 8, 7 ], "texture": "#dart_gun" }
			}
		},
		{
			"__comment": "dart_gun",
			"from": [ 7, 9, 6 ],
			"to": [ 9, 9.5, 13.5 ],
			"faces": {
				"down": { "uv": [ 6, 6.5, 13.5, 7 ], "texture": "#dart_gun", "rotation": 270 },
				"up": { "uv": [ 6, 7, 13.5, 6.5 ], "texture": "#dart_gun", "rotation": 90 },
				"north": { "uv": [ 6, 6.5, 6.5, 7 ], "texture": "#dart_gun" },
				"south": { "uv": [ 13.5, 6.5, 13, 7 ], "texture": "#dart_gun" },
				"west": { "uv": [ 6, 6.5, 13.5, 7 ], "texture": "#dart_gun" },
				"east": { "uv": [ 13.5, 6.5, 6, 7 ], "texture": "#dart_gun" }
			}
		}
	],
	"display": {
		"thirdperson_righthand": {
			"scale":  [ 0.5, 0.5, 0.5 ]
		},
		"thirdperson_lefthand": {
			"rotation":  [ -45, 0, 0 ],
			"translation":  [ -10, -3, 0 ],
			"scale":  [ 0.5, 0.5, 0.5 ]
		},
		"firstperson_righthand": {
			"rotation":  [ 15, 0, -45 ],
			"translation":  [ -6, -3, -12 ]
		},
		"firstperson_lefthand": {
			"scale":  [ 0.0001, 0.0001, 0.0001 ]
		},
		"gui": {
			"rotation":  [ 30, 135, 0 ],
			"scale":  [ 0.625, 0.625, 0.625 ]
		},
		"head": {
			"scale":  [ 0.0001, 0.0001, 0.0001 ]
		},
		"ground": {
			"rotation":  [ 0, 0, 90 ],
			"scale":  [ 0.5, 0.5, 0.5 ]
		},
		"fixed": {
			"rotation":  [ 0, -90, 0 ]
		}
	}
}