{
	"__comment": "Designed by Optimus0812 with Cubik Studio - https://cubik.studio",
	"textures": {
		"derringer": "dayz/weapon/gun/handgun/derringer"
	},
	"elements": [ 	 
		{
			"__comment": "derringer",
			"from": [ 7.5, 13, 0 ],
			"to": [ 8.5, 13.5, 9 ],
			"faces": {
				"down": { "uv": [ 0, 2.5, 9, 3 ], "texture": "#derringer", "rotation": 270 },
				"up": { "uv": [ 0, 3, 9, 2.5 ], "texture": "#derringer", "rotation": 90 },
				"north": { "uv": [ 0, 2.5, 0.5, 3 ], "texture": "#derringer" },
				"south": { "uv": [ 9, 2.5, 8.5, 3 ], "texture": "#derringer" },
				"west": { "uv": [ 0, 2.5, 9, 3 ], "texture": "#derringer" },
				"east": { "uv": [ 9, 2.5, 0, 3 ], "texture": "#derringer" }
			}
		},
		{
			"__comment": "derringer1",
			"from": [ 7, 12, 0 ],
			"to": [ 7.5, 13, 10 ],
			"faces": {
				"down": { "uv": [ 0, 3.5, 10, 4 ], "texture": "#derringer", "rotation": 270 },
				"up": { "uv": [ 0, 3.5, 10, 3 ], "texture": "#derringer", "rotation": 90 },
				"north": { "uv": [ 0, 3, 0.5, 4 ], "texture": "#derringer" },
				"south": { "uv": [ 10, 3, 9.5, 4 ], "texture": "#derringer" },
				"west": { "uv": [ 0, 3, 10, 4 ], "texture": "#derringer" },
				"east": { "uv": [ 10, 3, 0, 4 ], "texture": "#derringer" }
			}
		},
		{
			"__comment": "derringer2",
			"from": [ 8.5, 12, 0 ],
			"to": [ 9, 13, 10 ],
			"faces": {
				"down": { "uv": [ 0, 3.5, 10, 4 ], "texture": "#derringer", "rotation": 270 },
				"up": { "uv": [ 0, 3.5, 10, 3 ], "texture": "#derringer", "rotation": 90 },
				"north": { "uv": [ 0, 3, 0.5, 4 ], "texture": "#derringer" },
				"south": { "uv": [ 10, 3, 9.5, 4 ], "texture": "#derringer" },
				"west": { "uv": [ 0, 3, 10, 4 ], "texture": "#derringer" },
				"east": { "uv": [ 10, 3, 0, 4 ], "texture": "#derringer" }
			}
		},
		{
			"__comment": "derringer3",
			"from": [ 7.5, 11.5, 0 ],
			"to": [ 8.5, 12, 9.5 ],
			"faces": {
				"down": { "uv": [ 0, 4, 9.5, 4.5 ], "texture": "#derringer", "rotation": 270 },
				"up": { "uv": [ 0, 4.5, 9.5, 4 ], "texture": "#derringer", "rotation": 90 },
				"north": { "uv": [ 0, 3.5, 0.5, 4 ], "texture": "#derringer" },
				"south": { "uv": [ 9.5, 4, 9, 4.5 ], "texture": "#derringer" },
				"west": { "uv": [ 0, 4, 9.5, 4.5 ], "texture": "#derringer" },
				"east": { "uv": [ 9.5, 4, 0, 4.5 ], "texture": "#derringer" }
			}
		},
		{
			"__comment": "derringer4",
			"from": [ 7, 11, 0 ],
			"to": [ 7.5, 11.5, 9 ],
			"faces": {
				"down": { "uv": [ 0, 4.5, 9, 5 ], "texture": "#derringer", "rotation": 270 },
				"up": { "uv": [ 0, 5, 9, 4.5 ], "texture": "#derringer", "rotation": 90 },
				"north": { "uv": [ 0, 4.5, 0.5, 5 ], "texture": "#derringer" },
				"south": { "uv": [ 9, 4.5, 8.5, 5 ], "texture": "#derringer" },
				"west": { "uv": [ 0, 4.5, 9, 5 ], "texture": "#derringer" },
				"east": { "uv": [ 9, 4.5, 0, 5 ], "texture": "#derringer" }
			}
		},
		{
			"__comment": "derringer5",
			"from": [ 8.5, 11, 0 ],
			"to": [ 9, 11.5, 9 ],
			"faces": {
				"down": { "uv": [ 0, 4.5, 9, 5 ], "texture": "#derringer", "rotation": 270 },
				"up": { "uv": [ 0, 5, 9, 4.5 ], "texture": "#derringer", "rotation": 90 },
				"north": { "uv": [ 0, 4.5, 0.5, 5 ], "texture": "#derringer" },
				"south": { "uv": [ 9, 4.5, 8.5, 5 ], "texture": "#derringer" },
				"west": { "uv": [ 0, 4.5, 9, 5 ], "texture": "#derringer" },
				"east": { "uv": [ 9, 4.5, 0, 5 ], "texture": "#derringer" }
			}
		},
		{
			"__comment": "derringer6",
			"from": [ 7, 10.5, 0 ],
			"to": [ 7.5, 11, 6.5 ],
			"faces": {
				"down": { "uv": [ 0, 5, 6.5, 5.5 ], "texture": "#derringer", "rotation": 270 },
				"up": { "uv": [ 0, 5.5, 6.5, 5 ], "texture": "#derringer", "rotation": 90 },
				"north": { "uv": [ 0, 5, 0.5, 5.5 ], "texture": "#derringer" },
				"south": { "uv": [ 6.5, 5, 6, 5.5 ], "texture": "#derringer" },
				"west": { "uv": [ 0, 5, 6.5, 5.5 ], "texture": "#derringer" },
				"east": { "uv": [ 6.5, 5, 0, 5.5 ], "texture": "#derringer" }
			}
		},
		{
			"__comment": "derringer7",
			"from": [ 8.5, 10.5, 0 ],
			"to": [ 9, 11, 6.5 ],
			"faces": {
				"down": { "uv": [ 0, 5, 6.5, 5.5 ], "texture": "#derringer", "rotation": 270 },
				"up": { "uv": [ 0, 5.5, 6.5, 5 ], "texture": "#derringer", "rotation": 90 },
				"north": { "uv": [ 0, 5, 0.5, 5.5 ], "texture": "#derringer" },
				"south": { "uv": [ 6.5, 5, 6, 5.5 ], "texture": "#derringer" },
				"west": { "uv": [ 0, 5, 6.5, 5.5 ], "texture": "#derringer" },
				"east": { "uv": [ 6.5, 5, 0, 5.5 ], "texture": "#derringer" }
			}
		},
		{
			"__comment": "derringer8",
			"from": [ 7.5, 10, 0 ],
			"to": [ 8.5, 10.5, 6 ],
			"faces": {
				"down": { "uv": [ 0, 5.5, 6, 6 ], "texture": "#derringer", "rotation": 270 },
				"up": { "uv": [ 0, 6, 6, 5.5 ], "texture": "#derringer", "rotation": 90 },
				"north": { "uv": [ 0, 5.5, 0.5, 6 ], "texture": "#derringer" },
				"south": { "uv": [ 6, 5.5, 5.5, 6 ], "texture": "#derringer" },
				"west": { "uv": [ 0, 5.5, 6, 6 ], "texture": "#derringer" },
				"east": { "uv": [ 6, 5.5, 0, 6 ], "texture": "#derringer" }
			}
		},
		{
			"__comment": "derringer9",
			"from": [ 7.5, 13, 9 ],
			"to": [ 8.5, 14, 10 ],
			"faces": {
				"down": { "uv": [ 9, 2.5, 10, 3 ], "texture": "#derringer", "rotation": 270 },
				"up": { "uv": [ 9, 2.5, 10, 2 ], "texture": "#derringer", "rotation": 90 },
				"north": { "uv": [ 9, 2, 9.5, 3 ], "texture": "#derringer" },
				"south": { "uv": [ 10, 2, 9.5, 3 ], "texture": "#derringer" },
				"west": { "uv": [ 9, 2, 10, 3 ], "texture": "#derringer" },
				"east": { "uv": [ 10, 2, 9, 3 ], "texture": "#derringer" }
			}
		},
		{
			"__comment": "derringer10",
			"from": [ 7, 13, 10 ],
			"to": [ 9, 13.5, 10.5 ],
			"faces": {
				"down": { "uv": [ 10, 2.5, 10.5, 3 ], "texture": "#derringer", "rotation": 270 },
				"up": { "uv": [ 10, 3, 10.5, 2.5 ], "texture": "#derringer", "rotation": 90 },
				"north": { "uv": [ 10, 2.5, 10.5, 3 ], "texture": "#derringer" },
				"south": { "uv": [ 10.5, 2.5, 10, 3 ], "texture": "#derringer" },
				"west": { "uv": [ 10, 2.5, 10.5, 3 ], "texture": "#derringer" },
				"east": { "uv": [ 10.5, 2.5, 10, 3 ], "texture": "#derringer" }
			}
		},
		{
			"__comment": "derringer11",
			"from": [ 7, 12.5, 10.5 ],
			"to": [ 9, 13, 11 ],
			"faces": {
				"down": { "uv": [ 10.5, 3, 11, 3.5 ], "texture": "#derringer", "rotation": 270 },
				"up": { "uv": [ 10.5, 3.5, 11, 3 ], "texture": "#derringer", "rotation": 90 },
				"north": { "uv": [ 10.5, 3, 11, 3.5 ], "texture": "#derringer" },
				"south": { "uv": [ 11, 3, 10.5, 3.5 ], "texture": "#derringer" },
				"west": { "uv": [ 10.5, 3, 11, 3.5 ], "texture": "#derringer" },
				"east": { "uv": [ 11, 3, 10.5, 3.5 ], "texture": "#derringer" }
			}
		},
		{
			"__comment": "derringer12",
			"from": [ 7, 9, 12 ],
			"to": [ 9, 12, 12.5 ],
			"faces": {
				"down": { "uv": [ 12, 6.5, 12.5, 7 ], "texture": "#derringer", "rotation": 270 },
				"up": { "uv": [ 12, 4.5, 12.5, 4 ], "texture": "#derringer", "rotation": 90 },
				"north": { "uv": [ 12, 4, 12.5, 7 ], "texture": "#derringer" },
				"south": { "uv": [ 12.5, 4, 12, 7 ], "texture": "#derringer" },
				"west": { "uv": [ 12, 4, 12.5, 7 ], "texture": "#derringer" },
				"east": { "uv": [ 12.5, 4, 12, 7 ], "texture": "#derringer" }
			}
		},
		{
			"__comment": "derringer13",
			"from": [ 7, 9.5, 12.5 ],
			"to": [ 9, 11.5, 13.5 ],
			"faces": {
				"down": { "uv": [ 12.5, 6, 13.5, 6.5 ], "texture": "#derringer", "rotation": 270 },
				"up": { "uv": [ 12.5, 5, 13.5, 4.5 ], "texture": "#derringer", "rotation": 90 },
				"north": { "uv": [ 12.5, 4.5, 13, 6.5 ], "texture": "#derringer" },
				"south": { "uv": [ 13.5, 4.5, 13, 6.5 ], "texture": "#derringer" },
				"west": { "uv": [ 12.5, 4.5, 13.5, 6.5 ], "texture": "#derringer" },
				"east": { "uv": [ 13.5, 4.5, 12.5, 6.5 ], "texture": "#derringer" }
			}
		},
		{
			"__comment": "derringer14",
			"from": [ 7, 9.5, 13.5 ],
			"to": [ 9, 11, 14 ],
			"faces": {
				"down": { "uv": [ 13.5, 6, 14, 6.5 ], "texture": "#derringer", "rotation": 270 },
				"up": { "uv": [ 13.5, 5.5, 14, 5 ], "texture": "#derringer", "rotation": 90 },
				"north": { "uv": [ 13.5, 5, 14, 6.5 ], "texture": "#derringer" },
				"south": { "uv": [ 14, 5, 13.5, 6.5 ], "texture": "#derringer" },
				"west": { "uv": [ 13.5, 5, 14, 6.5 ], "texture": "#derringer" },
				"east": { "uv": [ 14, 5, 13.5, 6.5 ], "texture": "#derringer" }
			}
		},
		{
			"__comment": "derringer15",
			"from": [ 7, 9, 14 ],
			"to": [ 9, 10.5, 14.5 ],
			"faces": {
				"down": { "uv": [ 14, 6.5, 14.5, 7 ], "texture": "#derringer", "rotation": 270 },
				"up": { "uv": [ 14, 6, 14.5, 5.5 ], "texture": "#derringer", "rotation": 90 },
				"north": { "uv": [ 14, 5.5, 14.5, 7 ], "texture": "#derringer" },
				"south": { "uv": [ 14.5, 5.5, 14, 7 ], "texture": "#derringer" },
				"west": { "uv": [ 14, 5.5, 14.5, 7 ], "texture": "#derringer" },
				"east": { "uv": [ 14.5, 5.5, 14, 7 ], "texture": "#derringer" }
			}
		},
		{
			"__comment": "derringer16",
			"from": [ 7, 8.5, 14.5 ],
			"to": [ 9, 9.5, 15 ],
			"faces": {
				"down": { "uv": [ 14.5, 7, 15, 7.5 ], "texture": "#derringer", "rotation": 270 },
				"up": { "uv": [ 14.5, 7, 15, 6.5 ], "texture": "#derringer", "rotation": 90 },
				"north": { "uv": [ 14.5, 6.5, 15, 7.5 ], "texture": "#derringer" },
				"south": { "uv": [ 15, 6.5, 14.5, 7.5 ], "texture": "#derringer" },
				"west": { "uv": [ 14.5, 6.5, 15, 7.5 ], "texture": "#derringer" },
				"east": { "uv": [ 15, 6.5, 14.5, 7.5 ], "texture": "#derringer" }
			}
		},
		{
			"__comment": "derringer17",
			"from": [ 7, 7, 15 ],
			"to": [ 9, 8.5, 15.5 ],
			"faces": {
				"down": { "uv": [ 15, 8.5, 15.5, 9 ], "texture": "#derringer", "rotation": 270 },
				"up": { "uv": [ 15, 8, 15.5, 7.5 ], "texture": "#derringer", "rotation": 90 },
				"north": { "uv": [ 15, 7.5, 15.5, 9 ], "texture": "#derringer" },
				"south": { "uv": [ 15.5, 7.5, 15, 9 ], "texture": "#derringer" },
				"west": { "uv": [ 15, 7.5, 15.5, 9 ], "texture": "#derringer" },
				"east": { "uv": [ 15.5, 7.5, 15, 9 ], "texture": "#derringer" }
			}
		},
		{
			"__comment": "derringer18",
			"from": [ 7, 5, 15.5 ],
			"to": [ 9, 7, 16 ],
			"faces": {
				"down": { "uv": [ 15.5, 10.5, 16, 11 ], "texture": "#derringer", "rotation": 270 },
				"up": { "uv": [ 15.5, 9.5, 16, 9 ], "texture": "#derringer", "rotation": 90 },
				"north": { "uv": [ 15.5, 9, 16, 11 ], "texture": "#derringer" },
				"south": { "uv": [ 16, 9, 15.5, 11 ], "texture": "#derringer" },
				"west": { "uv": [ 15.5, 9, 16, 11 ], "texture": "#derringer" },
				"east": { "uv": [ 16, 9, 15.5, 11 ], "texture": "#derringer" }
			}
		},
		{
			"__comment": "derringer19",
			"from": [ 7, 4, 15 ],
			"to": [ 9, 5, 15.5 ],
			"faces": {
				"down": { "uv": [ 15, 11.5, 15.5, 12 ], "texture": "#derringer", "rotation": 270 },
				"up": { "uv": [ 15, 11.5, 15.5, 11 ], "texture": "#derringer", "rotation": 90 },
				"north": { "uv": [ 15, 11, 15.5, 12 ], "texture": "#derringer" },
				"south": { "uv": [ 15.5, 11, 15, 12 ], "texture": "#derringer" },
				"west": { "uv": [ 15, 11, 15.5, 12 ], "texture": "#derringer" },
				"east": { "uv": [ 15.5, 11, 15, 12 ], "texture": "#derringer" }
			}
		},
		{
			"__comment": "derringer20",
			"from": [ 7, 3.5, 14.5 ],
			"to": [ 9, 4, 15 ],
			"faces": {
				"down": { "uv": [ 14.5, 12, 15, 12.5 ], "texture": "#derringer", "rotation": 270 },
				"up": { "uv": [ 14.5, 12.5, 15, 12 ], "texture": "#derringer", "rotation": 90 },
				"north": { "uv": [ 14.5, 12, 15, 12.5 ], "texture": "#derringer" },
				"south": { "uv": [ 15, 12, 14.5, 12.5 ], "texture": "#derringer" },
				"west": { "uv": [ 14.5, 12, 15, 12.5 ], "texture": "#derringer" },
				"east": { "uv": [ 15, 12, 14.5, 12.5 ], "texture": "#derringer" }
			}
		},
		{
			"__comment": "derringer21",
			"from": [ 7, 3, 13.5 ],
			"to": [ 9, 3.5, 14.5 ],
			"faces": {
				"down": { "uv": [ 13.5, 12.5, 14.5, 13 ], "texture": "#derringer", "rotation": 270 },
				"up": { "uv": [ 13.5, 13, 14.5, 12.5 ], "texture": "#derringer", "rotation": 90 },
				"north": { "uv": [ 13.5, 12.5, 14, 13 ], "texture": "#derringer" },
				"south": { "uv": [ 14.5, 12.5, 14, 13 ], "texture": "#derringer" },
				"west": { "uv": [ 13.5, 12.5, 14.5, 13 ], "texture": "#derringer" },
				"east": { "uv": [ 14.5, 12.5, 13.5, 13 ], "texture": "#derringer" }
			}
		},
		{
			"__comment": "derringer22",
			"from": [ 7, 2.5, 11.5 ],
			"to": [ 9, 3, 13.5 ],
			"faces": {
				"down": { "uv": [ 11.5, 13, 13.5, 13.5 ], "texture": "#derringer", "rotation": 270 },
				"up": { "uv": [ 11.5, 13.5, 13.5, 13 ], "texture": "#derringer", "rotation": 90 },
				"north": { "uv": [ 11.5, 13, 12, 13.5 ], "texture": "#derringer" },
				"south": { "uv": [ 13.5, 13, 13, 13.5 ], "texture": "#derringer" },
				"west": { "uv": [ 11.5, 13, 13.5, 13.5 ], "texture": "#derringer" },
				"east": { "uv": [ 13.5, 13, 11.5, 13.5 ], "texture": "#derringer" }
			}
		},
		{
			"__comment": "derringer23",
			"from": [ 7, 3, 10.5 ],
			"to": [ 9, 3.5, 11.5 ],
			"faces": {
				"down": { "uv": [ 10.5, 12.5, 11.5, 13 ], "texture": "#derringer", "rotation": 270 },
				"up": { "uv": [ 10.5, 13, 11.5, 12.5 ], "texture": "#derringer", "rotation": 90 },
				"north": { "uv": [ 10.5, 12.5, 11, 13 ], "texture": "#derringer" },
				"south": { "uv": [ 11.5, 12.5, 11, 13 ], "texture": "#derringer" },
				"west": { "uv": [ 10.5, 12.5, 11.5, 13 ], "texture": "#derringer" },
				"east": { "uv": [ 11.5, 12.5, 10.5, 13 ], "texture": "#derringer" }
			}
		},
		{
			"__comment": "derringer24",
			"from": [ 7, 3.5, 10 ],
			"to": [ 9, 4.5, 10.5 ],
			"faces": {
				"down": { "uv": [ 10, 12, 10.5, 12.5 ], "texture": "#derringer", "rotation": 270 },
				"up": { "uv": [ 10, 12, 10.5, 11.5 ], "texture": "#derringer", "rotation": 90 },
				"north": { "uv": [ 10, 11.5, 10.5, 12.5 ], "texture": "#derringer" },
				"south": { "uv": [ 10.5, 11.5, 10, 12.5 ], "texture": "#derringer" },
				"west": { "uv": [ 10, 11.5, 10.5, 12.5 ], "texture": "#derringer" },
				"east": { "uv": [ 10.5, 11.5, 10, 12.5 ], "texture": "#derringer" }
			}
		},
		{
			"__comment": "derringer25",
			"from": [ 7, 4.5, 10.5 ],
			"to": [ 9, 5, 11 ],
			"faces": {
				"down": { "uv": [ 10.5, 11, 11, 11.5 ], "texture": "#derringer", "rotation": 270 },
				"up": { "uv": [ 10.5, 11.5, 11, 11 ], "texture": "#derringer", "rotation": 90 },
				"north": { "uv": [ 10.5, 11, 11, 11.5 ], "texture": "#derringer" },
				"south": { "uv": [ 11, 11, 10.5, 11.5 ], "texture": "#derringer" },
				"west": { "uv": [ 10.5, 11, 11, 11.5 ], "texture": "#derringer" },
				"east": { "uv": [ 11, 11, 10.5, 11.5 ], "texture": "#derringer" }
			}
		},
		{
			"__comment": "derringer26",
			"from": [ 7, 5, 11 ],
			"to": [ 9, 8, 11.5 ],
			"faces": {
				"down": { "uv": [ 11, 10.5, 11.5, 11 ], "texture": "#derringer", "rotation": 270 },
				"up": { "uv": [ 11, 8.5, 11.5, 8 ], "texture": "#derringer", "rotation": 90 },
				"north": { "uv": [ 11, 8, 11.5, 11 ], "texture": "#derringer" },
				"south": { "uv": [ 11.5, 8, 11, 11 ], "texture": "#derringer" },
				"west": { "uv": [ 11, 8, 11.5, 11 ], "texture": "#derringer" },
				"east": { "uv": [ 11.5, 8, 11, 11 ], "texture": "#derringer" }
			}
		},
		{
			"__comment": "derringer27",
			"from": [ 6.5, 3.5, 10.5 ],
			"to": [ 9.5, 4, 14.5 ],
			"faces": {
				"down": { "uv": [ 10.5, 12, 14.5, 12.5 ], "texture": "#derringer", "rotation": 270 },
				"up": { "uv": [ 10.5, 12.5, 14.5, 12 ], "texture": "#derringer", "rotation": 90 },
				"north": { "uv": [ 10.5, 12, 11, 12.5 ], "texture": "#derringer" },
				"south": { "uv": [ 14.5, 12, 14, 12.5 ], "texture": "#derringer" },
				"west": { "uv": [ 10.5, 12, 14.5, 12.5 ], "texture": "#derringer" },
				"east": { "uv": [ 14.5, 12, 10.5, 12.5 ], "texture": "#derringer" }
			}
		},
		{
			"__comment": "derringer28",
			"from": [ 6.5, 3, 11.5 ],
			"to": [ 9.5, 3.5, 13.5 ],
			"faces": {
				"down": { "uv": [ 11.5, 12.5, 13.5, 13 ], "texture": "#derringer", "rotation": 270 },
				"up": { "uv": [ 11.5, 13, 13.5, 12.5 ], "texture": "#derringer", "rotation": 90 },
				"north": { "uv": [ 11.5, 12.5, 12, 13 ], "texture": "#derringer" },
				"south": { "uv": [ 13.5, 12.5, 13, 13 ], "texture": "#derringer" },
				"west": { "uv": [ 11.5, 12.5, 13.5, 13 ], "texture": "#derringer" },
				"east": { "uv": [ 13.5, 12.5, 11.5, 13 ], "texture": "#derringer" }
			}
		},
		{
			"__comment": "derringer29",
			"from": [ 6.5, 4, 10.5 ],
			"to": [ 9.5, 4.5, 15 ],
			"faces": {
				"down": { "uv": [ 10.5, 11.5, 15, 12 ], "texture": "#derringer", "rotation": 270 },
				"up": { "uv": [ 10.5, 12, 15, 11.5 ], "texture": "#derringer", "rotation": 90 },
				"north": { "uv": [ 10.5, 11.5, 11, 12 ], "texture": "#derringer" },
				"south": { "uv": [ 15, 11.5, 14.5, 12 ], "texture": "#derringer" },
				"west": { "uv": [ 10.5, 11.5, 15, 12 ], "texture": "#derringer" },
				"east": { "uv": [ 15, 11.5, 10.5, 12 ], "texture": "#derringer" }
			}
		},
		{
			"__comment": "derringer30",
			"from": [ 6.5, 4.5, 11 ],
			"to": [ 9.5, 5, 15 ],
			"faces": {
				"down": { "uv": [ 11, 11, 15, 11.5 ], "texture": "#derringer", "rotation": 270 },
				"up": { "uv": [ 11, 11.5, 15, 11 ], "texture": "#derringer", "rotation": 90 },
				"north": { "uv": [ 11, 11, 11.5, 11.5 ], "texture": "#derringer" },
				"south": { "uv": [ 15, 11, 14.5, 11.5 ], "texture": "#derringer" },
				"west": { "uv": [ 11, 11, 15, 11.5 ], "texture": "#derringer" },
				"east": { "uv": [ 15, 11, 11, 11.5 ], "texture": "#derringer" }
			}
		},
		{
			"__comment": "derringer31",
			"from": [ 6.5, 5, 11.5 ],
			"to": [ 9.5, 7, 15.5 ],
			"faces": {
				"down": { "uv": [ 11.5, 10.5, 15.5, 11 ], "texture": "#derringer", "rotation": 270 },
				"up": { "uv": [ 11.5, 9.5, 15.5, 9 ], "texture": "#derringer", "rotation": 90 },
				"north": { "uv": [ 11.5, 9, 12, 11 ], "texture": "#derringer" },
				"south": { "uv": [ 15.5, 9, 15, 11 ], "texture": "#derringer" },
				"west": { "uv": [ 11.5, 9, 15.5, 11 ], "texture": "#derringer" },
				"east": { "uv": [ 15.5, 9, 11.5, 11 ], "texture": "#derringer" }
			}
		},
		{
			"__comment": "derringer32",
			"from": [ 6.5, 7, 11.5 ],
			"to": [ 9.5, 8.5, 15 ],
			"faces": {
				"down": { "uv": [ 11.5, 8.5, 15, 9 ], "texture": "#derringer", "rotation": 270 },
				"up": { "uv": [ 11.5, 8, 15, 7.5 ], "texture": "#derringer", "rotation": 90 },
				"north": { "uv": [ 11.5, 7.5, 12, 9 ], "texture": "#derringer" },
				"south": { "uv": [ 15, 7.5, 14.5, 9 ], "texture": "#derringer" },
				"west": { "uv": [ 11.5, 7.5, 15, 9 ], "texture": "#derringer" },
				"east": { "uv": [ 15, 7.5, 11.5, 9 ], "texture": "#derringer" }
			}
		},
		{
			"__comment": "derringer33",
			"from": [ 6.5, 8.5, 12 ],
			"to": [ 9.5, 9, 14.5 ],
			"faces": {
				"down": { "uv": [ 12, 7, 14.5, 7.5 ], "texture": "#derringer", "rotation": 270 },
				"up": { "uv": [ 12, 7.5, 14.5, 7 ], "texture": "#derringer", "rotation": 90 },
				"north": { "uv": [ 12, 7, 12.5, 7.5 ], "texture": "#derringer" },
				"south": { "uv": [ 14.5, 7, 14, 7.5 ], "texture": "#derringer" },
				"west": { "uv": [ 12, 7, 14.5, 7.5 ], "texture": "#derringer" },
				"east": { "uv": [ 14.5, 7, 12, 7.5 ], "texture": "#derringer" }
			}
		},
		{
			"__comment": "derringer34",
			"from": [ 6.5, 9, 12.5 ],
			"to": [ 9.5, 9.5, 14 ],
			"faces": {
				"down": { "uv": [ 12.5, 6.5, 14, 7 ], "texture": "#derringer", "rotation": 270 },
				"up": { "uv": [ 12.5, 7, 14, 6.5 ], "texture": "#derringer", "rotation": 90 },
				"north": { "uv": [ 12.5, 6.5, 13, 7 ], "texture": "#derringer" },
				"south": { "uv": [ 14, 6.5, 13.5, 7 ], "texture": "#derringer" },
				"west": { "uv": [ 12.5, 6.5, 14, 7 ], "texture": "#derringer" },
				"east": { "uv": [ 14, 6.5, 12.5, 7 ], "texture": "#derringer" }
			}
		},
		{
			"__comment": "derringer35",
			"from": [ 6.5, 9.5, 11 ],
			"to": [ 9.5, 12, 11.5 ],
			"faces": {
				"down": { "uv": [ 11, 6, 11.5, 6.5 ], "texture": "#derringer", "rotation": 270 },
				"up": { "uv": [ 11, 4.5, 11.5, 4 ], "texture": "#derringer", "rotation": 90 },
				"north": { "uv": [ 11, 4, 11.5, 6.5 ], "texture": "#derringer" },
				"south": { "uv": [ 11.5, 4, 11, 6.5 ], "texture": "#derringer" },
				"west": { "uv": [ 11, 4, 11.5, 6.5 ], "texture": "#derringer" },
				"east": { "uv": [ 11.5, 4, 11, 6.5 ], "texture": "#derringer" }
			}
		},
		{
			"__comment": "derringer36",
			"from": [ 7, 12, 11 ],
			"to": [ 9, 12.5, 11.5 ],
			"faces": {
				"down": { "uv": [ 11, 3.5, 11.5, 4 ], "texture": "#derringer", "rotation": 270 },
				"up": { "uv": [ 11, 4, 11.5, 3.5 ], "texture": "#derringer", "rotation": 90 },
				"north": { "uv": [ 11, 3.5, 11.5, 4 ], "texture": "#derringer" },
				"south": { "uv": [ 11.5, 3.5, 11, 4 ], "texture": "#derringer" },
				"west": { "uv": [ 11, 3.5, 11.5, 4 ], "texture": "#derringer" },
				"east": { "uv": [ 11.5, 3.5, 11, 4 ], "texture": "#derringer" }
			}
		},
		{
			"__comment": "derringer37",
			"from": [ 6.5, 9.5, 10.5 ],
			"to": [ 9.5, 12.5, 11 ],
			"faces": {
				"down": { "uv": [ 10.5, 6, 11, 6.5 ], "texture": "#derringer", "rotation": 270 },
				"up": { "uv": [ 10.5, 4, 11, 3.5 ], "texture": "#derringer", "rotation": 90 },
				"north": { "uv": [ 10.5, 3.5, 11, 6.5 ], "texture": "#derringer" },
				"south": { "uv": [ 11, 3.5, 10.5, 6.5 ], "texture": "#derringer" },
				"west": { "uv": [ 10.5, 3.5, 11, 6.5 ], "texture": "#derringer" },
				"east": { "uv": [ 11, 3.5, 10.5, 6.5 ], "texture": "#derringer" }
			}
		},
		{
			"__comment": "derringer38",
			"from": [ 6.5, 9.5, 10 ],
			"to": [ 9.5, 13, 10.5 ],
			"faces": {
				"down": { "uv": [ 10, 6, 10.5, 6.5 ], "texture": "#derringer", "rotation": 270 },
				"up": { "uv": [ 10, 3.5, 10.5, 3 ], "texture": "#derringer", "rotation": 90 },
				"north": { "uv": [ 10, 3, 10.5, 6.5 ], "texture": "#derringer" },
				"south": { "uv": [ 10.5, 3, 10, 6.5 ], "texture": "#derringer" },
				"west": { "uv": [ 10, 3, 10.5, 6.5 ], "texture": "#derringer" },
				"east": { "uv": [ 10.5, 3, 10, 6.5 ], "texture": "#derringer" }
			}
		},
		{
			"__comment": "derringer39",
			"from": [ 6.5, 9.5, 9.5 ],
			"to": [ 9.5, 12, 10 ],
			"faces": {
				"down": { "uv": [ 9.5, 6, 10, 6.5 ], "texture": "#derringer", "rotation": 270 },
				"up": { "uv": [ 9.5, 4.5, 10, 4 ], "texture": "#derringer", "rotation": 90 },
				"north": { "uv": [ 9.5, 4, 10, 6.5 ], "texture": "#derringer" },
				"south": { "uv": [ 10, 4, 9.5, 6.5 ], "texture": "#derringer" },
				"west": { "uv": [ 9.5, 4, 10, 6.5 ], "texture": "#derringer" },
				"east": { "uv": [ 10, 4, 9.5, 6.5 ], "texture": "#derringer" }
			}
		},
		{
			"__comment": "derringer40",
			"from": [ 6.5, 9.5, 9 ],
			"to": [ 9.5, 11.5, 9.5 ],
			"faces": {
				"down": { "uv": [ 9, 6, 9.5, 6.5 ], "texture": "#derringer", "rotation": 270 },
				"up": { "uv": [ 9, 5, 9.5, 4.5 ], "texture": "#derringer", "rotation": 90 },
				"north": { "uv": [ 9, 4.5, 9.5, 6.5 ], "texture": "#derringer" },
				"south": { "uv": [ 9.5, 4.5, 9, 6.5 ], "texture": "#derringer" },
				"west": { "uv": [ 9, 4.5, 9.5, 6.5 ], "texture": "#derringer" },
				"east": { "uv": [ 9.5, 4.5, 9, 6.5 ], "texture": "#derringer" }
			}
		},
		{
			"__comment": "derringer41",
			"from": [ 6.5, 10.5, 6.5 ],
			"to": [ 9.5, 11, 9 ],
			"faces": {
				"down": { "uv": [ 6.5, 5, 9, 5.5 ], "texture": "#derringer", "rotation": 270 },
				"up": { "uv": [ 6.5, 5.5, 9, 5 ], "texture": "#derringer", "rotation": 90 },
				"north": { "uv": [ 6.5, 5, 7, 5.5 ], "texture": "#derringer" },
				"south": { "uv": [ 9, 5, 8.5, 5.5 ], "texture": "#derringer" },
				"west": { "uv": [ 6.5, 5, 9, 5.5 ], "texture": "#derringer" },
				"east": { "uv": [ 9, 5, 6.5, 5.5 ], "texture": "#derringer" }
			}
		},
		{
			"__comment": "derringer42",
			"from": [ 6.5, 9.5, 6 ],
			"to": [ 9.5, 10.5, 9 ],
			"faces": {
				"down": { "uv": [ 6, 6, 9, 6.5 ], "texture": "#derringer", "rotation": 270 },
				"up": { "uv": [ 6, 6, 9, 5.5 ], "texture": "#derringer", "rotation": 90 },
				"north": { "uv": [ 6, 5.5, 6.5, 6.5 ], "texture": "#derringer" },
				"south": { "uv": [ 9, 5.5, 8.5, 6.5 ], "texture": "#derringer" },
				"west": { "uv": [ 6, 5.5, 9, 6.5 ], "texture": "#derringer" },
				"east": { "uv": [ 9, 5.5, 6, 6.5 ], "texture": "#derringer" }
			}
		},
		{
			"__comment": "derringer43",
			"from": [ 7, 9, 6 ],
			"to": [ 9, 9.5, 8 ],
			"faces": {
				"down": { "uv": [ 6, 6.5, 8, 7 ], "texture": "#derringer", "rotation": 270 },
				"up": { "uv": [ 6, 7, 8, 6.5 ], "texture": "#derringer", "rotation": 90 },
				"north": { "uv": [ 6, 6.5, 6.5, 7 ], "texture": "#derringer" },
				"south": { "uv": [ 8, 6.5, 7.5, 7 ], "texture": "#derringer" },
				"west": { "uv": [ 6, 6.5, 8, 7 ], "texture": "#derringer" },
				"east": { "uv": [ 8, 6.5, 6, 7 ], "texture": "#derringer" }
			}
		},
		{
			"__comment": "derringer44",
			"from": [ 7, 8.5, 8 ],
			"to": [ 9, 9.5, 10 ],
			"faces": {
				"down": { "uv": [ 8, 7, 10, 7.5 ], "texture": "#derringer", "rotation": 270 },
				"up": { "uv": [ 8, 7, 10, 6.5 ], "texture": "#derringer", "rotation": 90 },
				"north": { "uv": [ 8, 6.5, 8.5, 7.5 ], "texture": "#derringer" },
				"south": { "uv": [ 10, 6.5, 9.5, 7.5 ], "texture": "#derringer" },
				"west": { "uv": [ 8, 6.5, 10, 7.5 ], "texture": "#derringer" },
				"east": { "uv": [ 10, 6.5, 8, 7.5 ], "texture": "#derringer" }
			}
		},
		{
			"__comment": "derringer45",
			"from": [ 7, 9, 10 ],
			"to": [ 9, 9.5, 11 ],
			"faces": {
				"down": { "uv": [ 10, 6.5, 11, 7 ], "texture": "#derringer", "rotation": 270 },
				"up": { "uv": [ 10, 7, 11, 6.5 ], "texture": "#derringer", "rotation": 90 },
				"north": { "uv": [ 10, 6.5, 10.5, 7 ], "texture": "#derringer" },
				"south": { "uv": [ 11, 6.5, 10.5, 7 ], "texture": "#derringer" },
				"west": { "uv": [ 10, 6.5, 11, 7 ], "texture": "#derringer" },
				"east": { "uv": [ 11, 6.5, 10, 7 ], "texture": "#derringer" }
			}
		},
		{
			"__comment": "derringer46",
			"from": [ 7, 8.5, 11.5 ],
			"to": [ 9, 12, 12 ],
			"faces": {
				"down": { "uv": [ 11.5, 7, 12, 7.5 ], "texture": "#derringer", "rotation": 270 },
				"up": { "uv": [ 11.5, 4.5, 12, 4 ], "texture": "#derringer", "rotation": 90 },
				"north": { "uv": [ 11.5, 4, 12, 7.5 ], "texture": "#derringer" },
				"south": { "uv": [ 12, 4, 11.5, 7.5 ], "texture": "#derringer" },
				"west": { "uv": [ 11.5, 4, 12, 7.5 ], "texture": "#derringer" },
				"east": { "uv": [ 12, 4, 11.5, 7.5 ], "texture": "#derringer" }
			}
		},
		{
			"__comment": "derringer47",
			"from": [ 7, 8, 11 ],
			"to": [ 9, 9.5, 11.5 ],
			"faces": {
				"down": { "uv": [ 11, 7.5, 11.5, 8 ], "texture": "#derringer", "rotation": 270 },
				"up": { "uv": [ 11, 7, 11.5, 6.5 ], "texture": "#derringer", "rotation": 90 },
				"north": { "uv": [ 11, 6.5, 11.5, 8 ], "texture": "#derringer" },
				"south": { "uv": [ 11.5, 6.5, 11, 8 ], "texture": "#derringer" },
				"west": { "uv": [ 11, 6.5, 11.5, 8 ], "texture": "#derringer" },
				"east": { "uv": [ 11.5, 6.5, 11, 8 ], "texture": "#derringer" }
			}
		},
		{
			"__comment": "derringer48",
			"from": [ 7.5, 7.5, 10.5 ],
			"to": [ 8.5, 9, 11 ],
			"faces": {
				"down": { "uv": [ 10.5, 8, 11, 8.5 ], "texture": "#derringer", "rotation": 270 },
				"up": { "uv": [ 10.5, 7.5, 11, 7 ], "texture": "#derringer", "rotation": 90 },
				"north": { "uv": [ 10.5, 7, 11, 8.5 ], "texture": "#derringer" },
				"south": { "uv": [ 11, 7, 10.5, 8.5 ], "texture": "#derringer" },
				"west": { "uv": [ 10.5, 7, 11, 8.5 ], "texture": "#derringer" },
				"east": { "uv": [ 11, 7, 10.5, 8.5 ], "texture": "#derringer" }
			}
		},
		{
			"__comment": "derringer49",
			"from": [ 7.5, 8, 10 ],
			"to": [ 8.5, 9, 10.5 ],
			"faces": {
				"down": { "uv": [ 10, 7.5, 10.5, 8 ], "texture": "#derringer", "rotation": 270 },
				"up": { "uv": [ 10, 7.5, 10.5, 7 ], "texture": "#derringer", "rotation": 90 },
				"north": { "uv": [ 10, 7, 10.5, 8 ], "texture": "#derringer" },
				"south": { "uv": [ 10.5, 7, 10, 8 ], "texture": "#derringer" },
				"west": { "uv": [ 10, 7, 10.5, 8 ], "texture": "#derringer" },
				"east": { "uv": [ 10.5, 7, 10, 8 ], "texture": "#derringer" }
			}
		},
		{
			"__comment": "derringer50",
			"from": [ 7.5, 8, 8.5 ],
			"to": [ 8.5, 8.5, 10 ],
			"faces": {
				"down": { "uv": [ 8.5, 7.5, 10, 8 ], "texture": "#derringer", "rotation": 270 },
				"up": { "uv": [ 8.5, 8, 10, 7.5 ], "texture": "#derringer", "rotation": 90 },
				"north": { "uv": [ 8.5, 7.5, 9, 8 ], "texture": "#derringer" },
				"south": { "uv": [ 10, 7.5, 9.5, 8 ], "texture": "#derringer" },
				"west": { "uv": [ 8.5, 7.5, 10, 8 ], "texture": "#derringer" },
				"east": { "uv": [ 10, 7.5, 8.5, 8 ], "texture": "#derringer" }
			}
		},
		{
			"__comment": "derringer51",
			"from": [ 7.5, 7.5, 8 ],
			"to": [ 8.5, 8, 9.5 ],
			"faces": {
				"down": { "uv": [ 8, 8, 9.5, 8.5 ], "texture": "#derringer", "rotation": 270 },
				"up": { "uv": [ 8, 8.5, 9.5, 8 ], "texture": "#derringer", "rotation": 90 },
				"north": { "uv": [ 8, 8, 8.5, 8.5 ], "texture": "#derringer" },
				"south": { "uv": [ 9.5, 8, 9, 8.5 ], "texture": "#derringer" },
				"west": { "uv": [ 8, 8, 9.5, 8.5 ], "texture": "#derringer" },
				"east": { "uv": [ 9.5, 8, 8, 8.5 ], "texture": "#derringer" }
			}
		},
		{
			"__comment": "derringer52",
			"from": [ 7.5, 7, 7.5 ],
			"to": [ 8.5, 7.5, 9 ],
			"faces": {
				"down": { "uv": [ 7.5, 8.5, 9, 9 ], "texture": "#derringer", "rotation": 270 },
				"up": { "uv": [ 7.5, 9, 9, 8.5 ], "texture": "#derringer", "rotation": 90 },
				"north": { "uv": [ 7.5, 8.5, 8, 9 ], "texture": "#derringer" },
				"south": { "uv": [ 9, 8.5, 8.5, 9 ], "texture": "#derringer" },
				"west": { "uv": [ 7.5, 8.5, 9, 9 ], "texture": "#derringer" },
				"east": { "uv": [ 9, 8.5, 7.5, 9 ], "texture": "#derringer" }
			}
		},
		{
			"__comment": "derringer53",
			"from": [ 7.5, 6.5, 7.5 ],
			"to": [ 8.5, 7, 8.5 ],
			"faces": {
				"down": { "uv": [ 7.5, 9, 8.5, 9.5 ], "texture": "#derringer", "rotation": 270 },
				"up": { "uv": [ 7.5, 9.5, 8.5, 9 ], "texture": "#derringer", "rotation": 90 },
				"north": { "uv": [ 7.5, 9, 8, 9.5 ], "texture": "#derringer" },
				"south": { "uv": [ 8.5, 9, 8, 9.5 ], "texture": "#derringer" },
				"west": { "uv": [ 7.5, 9, 8.5, 9.5 ], "texture": "#derringer" },
				"east": { "uv": [ 8.5, 9, 7.5, 9.5 ], "texture": "#derringer" }
			}
		},
		{
			"__comment": "derringer51",
			"from": [ 7.5, 10.5, 14 ],
			"to": [ 8.5, 11, 14.5 ],
			"faces": {
				"down": { "uv": [ 14, 5, 14.5, 5.5 ], "texture": "#derringer", "rotation": 270 },
				"up": { "uv": [ 14, 5.5, 14.5, 5 ], "texture": "#derringer", "rotation": 90 },
				"north": { "uv": [ 14, 5, 14.5, 5.5 ], "texture": "#derringer" },
				"south": { "uv": [ 14.5, 5, 14, 5.5 ], "texture": "#derringer" },
				"west": { "uv": [ 14, 5, 14.5, 5.5 ], "texture": "#derringer" },
				"east": { "uv": [ 14.5, 5, 14, 5.5 ], "texture": "#derringer" }
			}
		},
		{
			"__comment": "derringer51",
			"from": [ 7.5, 11, 13.5 ],
			"to": [ 8.5, 11.5, 15 ],
			"faces": {
				"down": { "uv": [ 13.5, 4.5, 15, 5 ], "texture": "#derringer", "rotation": 270 },
				"up": { "uv": [ 13.5, 5, 15, 4.5 ], "texture": "#derringer", "rotation": 90 },
				"north": { "uv": [ 13.5, 4.5, 14, 5 ], "texture": "#derringer" },
				"south": { "uv": [ 15, 4.5, 14.5, 5 ], "texture": "#derringer" },
				"west": { "uv": [ 13.5, 4.5, 15, 5 ], "texture": "#derringer" },
				"east": { "uv": [ 15, 4.5, 13.5, 5 ], "texture": "#derringer" }
			}
		},
		{
			"__comment": "derringer51",
			"from": [ 7.5, 11.5, 13 ],
			"to": [ 8.5, 12, 15 ],
			"faces": {
				"down": { "uv": [ 13, 4, 15, 4.5 ], "texture": "#derringer", "rotation": 270 },
				"up": { "uv": [ 13, 4.5, 15, 4 ], "texture": "#derringer", "rotation": 90 },
				"north": { "uv": [ 13, 4, 13.5, 4.5 ], "texture": "#derringer" },
				"south": { "uv": [ 15, 4, 14.5, 4.5 ], "texture": "#derringer" },
				"west": { "uv": [ 13, 4, 15, 4.5 ], "texture": "#derringer" },
				"east": { "uv": [ 15, 4, 13, 4.5 ], "texture": "#derringer" }
			}
		},
		{
			"__comment": "derringer51",
			"from": [ 7.5, 12, 14 ],
			"to": [ 8.5, 12.5, 15.5 ],
			"faces": {
				"down": { "uv": [ 14, 3.5, 15.5, 4 ], "texture": "#derringer", "rotation": 270 },
				"up": { "uv": [ 14, 4, 15.5, 3.5 ], "texture": "#derringer", "rotation": 90 },
				"north": { "uv": [ 14, 3.5, 14.5, 4 ], "texture": "#derringer" },
				"south": { "uv": [ 15.5, 3.5, 15, 4 ], "texture": "#derringer" },
				"west": { "uv": [ 14, 3.5, 15.5, 4 ], "texture": "#derringer" },
				"east": { "uv": [ 15.5, 3.5, 14, 4 ], "texture": "#derringer" }
			}
		},
		{
			"__comment": "derringer41",
			"from": [ 6.5, 11, 7.5 ],
			"to": [ 9.5, 12, 8.5 ],
			"faces": {
				"down": { "uv": [ 7.5, 4.5, 8.5, 5 ], "texture": "#derringer", "rotation": 270 },
				"up": { "uv": [ 7.5, 4.5, 8.5, 4 ], "texture": "#derringer", "rotation": 90 },
				"north": { "uv": [ 7.5, 4, 8, 5 ], "texture": "#derringer" },
				"south": { "uv": [ 8.5, 4, 8, 5 ], "texture": "#derringer" },
				"west": { "uv": [ 7.5, 4, 8.5, 5 ], "texture": "#derringer" },
				"east": { "uv": [ 8.5, 4, 7.5, 5 ], "texture": "#derringer" }
			}
		}
	],
	"display": {
		"thirdperson_righthand": {
			"translation":  [ 0, -0.5, 0 ],
			"scale":  [ 0.5, 0.5, 0.5 ]
		},
		"thirdperson_lefthand": {
			"rotation":  [ -45, 0, 0 ],
			"translation":  [ -10, -3, 0 ],
			"scale":  [ 0.5, 0.5, 0.5 ]
		},
		"firstperson_righthand": {
			"rotation":  [ 15, 0, -45 ],
			"translation":  [ -6, -3, -12 ]
		},
		"firstperson_lefthand": {
			"scale":  [ 0.0001, 0.0001, 0.0001 ]
		},
		"gui": {
			"rotation":  [ 30, 135, 0 ],
			"scale":  [ 0.625, 0.625, 0.625 ]
		},
		"head": {
			"scale":  [ 0.0001, 0.0001, 0.0001 ]
		},
		"ground": {
			"rotation":  [ 0, 0, 90 ],
			"scale":  [ 0.5, 0.5, 0.5 ]
		},
		"fixed": {
			"rotation":  [ 0, -90, 0 ]
		}
	}
}