{
	"__comment": "Designed by Optimus0812 with Cubik Studio - https://cubik.studio",
	"textures": {
		"magnum": "dayz/weapon/gun/handgun/magnum"
	},
	"elements": [ 	 
		{
			"__comment": "magnum",
			"from": [ 7.5, 12, 7 ],
			"to": [ 8.5, 12.5, 11.5 ],
			"faces": {
				"down": { "uv": [ 7, 4, 11.5, 4.5 ], "texture": "#magnum", "rotation": 270 },
				"up": { "uv": [ 7, 4.5, 11.5, 4 ], "texture": "#magnum", "rotation": 90 },
				"north": { "uv": [ 7, 4, 7.5, 4.5 ], "texture": "#magnum" },
				"south": { "uv": [ 11.5, 4, 11, 4.5 ], "texture": "#magnum" },
				"west": { "uv": [ 7, 4, 11.5, 4.5 ], "texture": "#magnum" },
				"east": { "uv": [ 11.5, 4, 7, 4.5 ], "texture": "#magnum" }
			}
		},
		{
			"__comment": "magnum",
			"from": [ 7.5, 12.5, 11 ],
			"to": [ 8.5, 13, 11.5 ],
			"faces": {
				"down": { "uv": [ 11, 3.5, 11.5, 4 ], "texture": "#magnum", "rotation": 270 },
				"up": { "uv": [ 11, 4, 11.5, 3.5 ], "texture": "#magnum", "rotation": 90 },
				"north": { "uv": [ 11, 3.5, 11.5, 4 ], "texture": "#magnum" },
				"south": { "uv": [ 11.5, 3.5, 11, 4 ], "texture": "#magnum" },
				"west": { "uv": [ 11, 3.5, 11.5, 4 ], "texture": "#magnum" },
				"east": { "uv": [ 11.5, 3.5, 11, 4 ], "texture": "#magnum" }
			}
		},
		{
			"__comment": "magnum",
			"from": [ 7, 8.5, 8 ],
			"to": [ 9, 9, 12 ],
			"faces": {
				"down": { "uv": [ 8, 7.5, 12, 8 ], "texture": "#magnum", "rotation": 270 },
				"up": { "uv": [ 8, 8, 12, 7.5 ], "texture": "#magnum", "rotation": 90 },
				"north": { "uv": [ 8, 7.5, 8.5, 8 ], "texture": "#magnum" },
				"south": { "uv": [ 12, 7.5, 11.5, 8 ], "texture": "#magnum" },
				"west": { "uv": [ 8, 7.5, 12, 8 ], "texture": "#magnum" },
				"east": { "uv": [ 12, 7.5, 8, 8 ], "texture": "#magnum" }
			}
		},
		{
			"__comment": "magnum",
			"from": [ 7, 9, 8 ],
			"to": [ 9, 9.5, 12.5 ],
			"faces": {
				"down": { "uv": [ 8, 7, 12.5, 7.5 ], "texture": "#magnum", "rotation": 270 },
				"up": { "uv": [ 8, 7.5, 12.5, 7 ], "texture": "#magnum", "rotation": 90 },
				"north": { "uv": [ 8, 7, 8.5, 7.5 ], "texture": "#magnum" },
				"south": { "uv": [ 12.5, 7, 12, 7.5 ], "texture": "#magnum" },
				"west": { "uv": [ 8, 7, 12.5, 7.5 ], "texture": "#magnum" },
				"east": { "uv": [ 12.5, 7, 8, 7.5 ], "texture": "#magnum" }
			}
		},
		{
			"__comment": "magnum",
			"from": [ 7.5, 11.5, 13.5 ],
			"to": [ 8.5, 12, 14.5 ],
			"faces": {
				"down": { "uv": [ 13.5, 4.5, 14.5, 5 ], "texture": "#magnum", "rotation": 270 },
				"up": { "uv": [ 13.5, 5, 14.5, 4.5 ], "texture": "#magnum", "rotation": 90 },
				"north": { "uv": [ 13.5, 4.5, 14, 5 ], "texture": "#magnum" },
				"south": { "uv": [ 14.5, 4.5, 14, 5 ], "texture": "#magnum" },
				"west": { "uv": [ 13.5, 4.5, 14.5, 5 ], "texture": "#magnum" },
				"east": { "uv": [ 14.5, 4.5, 13.5, 5 ], "texture": "#magnum" }
			}
		},
		{
			"__comment": "magnum",
			"from": [ 7.5, 10, 13 ],
			"to": [ 8.5, 10.5, 13.5 ],
			"faces": {
				"down": { "uv": [ 13, 6, 13.5, 6.5 ], "texture": "#magnum", "rotation": 270 },
				"up": { "uv": [ 13, 6.5, 13.5, 6 ], "texture": "#magnum", "rotation": 90 },
				"north": { "uv": [ 13, 6, 13.5, 6.5 ], "texture": "#magnum" },
				"south": { "uv": [ 13.5, 6, 13, 6.5 ], "texture": "#magnum" },
				"west": { "uv": [ 13, 6, 13.5, 6.5 ], "texture": "#magnum" },
				"east": { "uv": [ 13.5, 6, 13, 6.5 ], "texture": "#magnum" }
			}
		},
		{
			"__comment": "magnum",
			"from": [ 7, 9.5, 11.5 ],
			"to": [ 9, 12, 12 ],
			"faces": {
				"down": { "uv": [ 11.5, 6.5, 12.5, 7 ], "texture": "#magnum", "rotation": 270 },
				"up": { "uv": [ 11.5, 5, 12.5, 4.5 ], "texture": "#magnum", "rotation": 90 },
				"north": { "uv": [ 11.5, 4.5, 12, 7 ], "texture": "#magnum" },
				"south": { "uv": [ 12.5, 4.5, 12, 7 ], "texture": "#magnum" },
				"west": { "uv": [ 11.5, 4.5, 12, 7 ], "texture": "#magnum" },
				"east": { "uv": [ 12.5, 4.5, 11.5, 7 ], "texture": "#magnum" }
			}
		},
		{
			"__comment": "magnum",
			"from": [ 7, 9.5, 12.5 ],
			"to": [ 9, 10.5, 13 ],
			"faces": {
				"down": { "uv": [ 12.5, 6.5, 13, 7 ], "texture": "#magnum", "rotation": 270 },
				"up": { "uv": [ 12.5, 6.5, 13, 6 ], "texture": "#magnum", "rotation": 90 },
				"north": { "uv": [ 12.5, 6, 13, 7 ], "texture": "#magnum" },
				"south": { "uv": [ 13, 6, 12.5, 7 ], "texture": "#magnum" },
				"west": { "uv": [ 12.5, 6, 13, 7 ], "texture": "#magnum" },
				"east": { "uv": [ 13, 6, 12.5, 7 ], "texture": "#magnum" }
			}
		},
		{
			"__comment": "magnum",
			"from": [ 7.5, 10.5, 0 ],
			"to": [ 8.5, 12.5, 7 ],
			"faces": {
				"down": { "uv": [ 0, 5.5, 7, 6 ], "texture": "#magnum", "rotation": 270 },
				"up": { "uv": [ 0, 4.5, 7, 4 ], "texture": "#magnum", "rotation": 90 },
				"north": { "uv": [ 0, 4, 0.5, 6 ], "texture": "#magnum" },
				"south": { "uv": [ 7, 4, 6.5, 6 ], "texture": "#magnum" },
				"west": { "uv": [ 0, 4, 7, 6 ], "texture": "#magnum" },
				"east": { "uv": [ 7, 4, 0, 6 ], "texture": "#magnum" }
			}
		},
		{
			"__comment": "magnum",
			"from": [ 7.5, 10.5, 12.5 ],
			"to": [ 8.5, 11.5, 13 ],
			"faces": {
				"down": { "uv": [ 12.5, 5.5, 13, 6 ], "texture": "#magnum", "rotation": 270 },
				"up": { "uv": [ 12.5, 5.5, 13, 5 ], "texture": "#magnum", "rotation": 90 },
				"north": { "uv": [ 12.5, 5, 13, 6 ], "texture": "#magnum" },
				"south": { "uv": [ 13, 5, 12.5, 6 ], "texture": "#magnum" },
				"west": { "uv": [ 12.5, 5, 13, 6 ], "texture": "#magnum" },
				"east": { "uv": [ 13, 5, 12.5, 6 ], "texture": "#magnum" }
			}
		},
		{
			"__comment": "magnum",
			"from": [ 7.5, 11, 13 ],
			"to": [ 8.5, 12, 13.5 ],
			"faces": {
				"down": { "uv": [ 13, 5, 13.5, 5.5 ], "texture": "#magnum", "rotation": 270 },
				"up": { "uv": [ 13, 5, 13.5, 4.5 ], "texture": "#magnum", "rotation": 90 },
				"north": { "uv": [ 13, 4.5, 13.5, 5.5 ], "texture": "#magnum" },
				"south": { "uv": [ 13.5, 4.5, 13, 5.5 ], "texture": "#magnum" },
				"west": { "uv": [ 13, 4.5, 13.5, 5.5 ], "texture": "#magnum" },
				"east": { "uv": [ 13.5, 4.5, 13, 5.5 ], "texture": "#magnum" }
			}
		},
		{
			"__comment": "magnum",
			"from": [ 7, 9.5, 7.5 ],
			"to": [ 9, 12, 8.5 ],
			"faces": {
				"down": { "uv": [ 7.5, 6.5, 8.5, 7 ], "texture": "#magnum", "rotation": 270 },
				"up": { "uv": [ 7.5, 5, 8.5, 4.5 ], "texture": "#magnum", "rotation": 90 },
				"north": { "uv": [ 7.5, 4.5, 8, 7 ], "texture": "#magnum" },
				"south": { "uv": [ 8.5, 4.5, 8, 7 ], "texture": "#magnum" },
				"west": { "uv": [ 7.5, 4.5, 8.5, 7 ], "texture": "#magnum" },
				"east": { "uv": [ 8.5, 4.5, 7.5, 7 ], "texture": "#magnum" }
			}
		},
		{
			"__comment": "magnum",
			"from": [ 7.5, 3, 13 ],
			"to": [ 8.5, 3.5, 16 ],
			"faces": {
				"down": { "uv": [ 13, 13, 16, 13.5 ], "texture": "#magnum", "rotation": 270 },
				"up": { "uv": [ 13, 13.5, 16, 13 ], "texture": "#magnum", "rotation": 90 },
				"north": { "uv": [ 13, 13, 13.5, 13.5 ], "texture": "#magnum" },
				"south": { "uv": [ 16, 13, 15.5, 13.5 ], "texture": "#magnum" },
				"west": { "uv": [ 13, 13, 16, 13.5 ], "texture": "#magnum" },
				"east": { "uv": [ 16, 13, 13, 13.5 ], "texture": "#magnum" }
			}
		},
		{
			"__comment": "magnum",
			"from": [ 7.5, 9.5, 13 ],
			"to": [ 8.5, 10, 14.5 ],
			"faces": {
				"down": { "uv": [ 13, 6.5, 14.5, 7 ], "texture": "#magnum", "rotation": 270 },
				"up": { "uv": [ 13, 7, 14.5, 6.5 ], "texture": "#magnum", "rotation": 90 },
				"north": { "uv": [ 13, 6.5, 13.5, 7 ], "texture": "#magnum" },
				"south": { "uv": [ 14.5, 6.5, 14, 7 ], "texture": "#magnum" },
				"west": { "uv": [ 13, 6.5, 14.5, 7 ], "texture": "#magnum" },
				"east": { "uv": [ 14.5, 6.5, 13, 7 ], "texture": "#magnum" }
			}
		},
		{
			"__comment": "magnum",
			"from": [ 7.5, 9, 12.5 ],
			"to": [ 8.5, 9.5, 15 ],
			"faces": {
				"down": { "uv": [ 12.5, 7, 15, 7.5 ], "texture": "#magnum", "rotation": 270 },
				"up": { "uv": [ 12.5, 7.5, 15, 7 ], "texture": "#magnum", "rotation": 90 },
				"north": { "uv": [ 12.5, 7, 13, 7.5 ], "texture": "#magnum" },
				"south": { "uv": [ 15, 7, 14.5, 7.5 ], "texture": "#magnum" },
				"west": { "uv": [ 12.5, 7, 15, 7.5 ], "texture": "#magnum" },
				"east": { "uv": [ 15, 7, 12.5, 7.5 ], "texture": "#magnum" }
			}
		},
		{
			"__comment": "magnum",
			"from": [ 7.5, 8.5, 12 ],
			"to": [ 8.5, 9, 15 ],
			"faces": {
				"down": { "uv": [ 12, 7.5, 15, 8 ], "texture": "#magnum", "rotation": 270 },
				"up": { "uv": [ 12, 8, 15, 7.5 ], "texture": "#magnum", "rotation": 90 },
				"north": { "uv": [ 12, 7.5, 12.5, 8 ], "texture": "#magnum" },
				"south": { "uv": [ 15, 7.5, 14.5, 8 ], "texture": "#magnum" },
				"west": { "uv": [ 12, 7.5, 15, 8 ], "texture": "#magnum" },
				"east": { "uv": [ 15, 7.5, 12, 8 ], "texture": "#magnum" }
			}
		},
		{
			"__comment": "magnum",
			"from": [ 7.5, 7.5, 12 ],
			"to": [ 8.5, 8.5, 15.5 ],
			"faces": {
				"down": { "uv": [ 12, 8.5, 15.5, 9 ], "texture": "#magnum", "rotation": 270 },
				"up": { "uv": [ 12, 8.5, 15.5, 8 ], "texture": "#magnum", "rotation": 90 },
				"north": { "uv": [ 12, 8, 12.5, 9 ], "texture": "#magnum" },
				"south": { "uv": [ 15.5, 8, 15, 9 ], "texture": "#magnum" },
				"west": { "uv": [ 12, 8, 15.5, 9 ], "texture": "#magnum" },
				"east": { "uv": [ 15.5, 8, 12, 9 ], "texture": "#magnum" }
			}
		},
		{
			"__comment": "magnum",
			"from": [ 7.5, 7, 12.5 ],
			"to": [ 8.5, 7.5, 16 ],
			"faces": {
				"down": { "uv": [ 12.5, 9, 16, 9.5 ], "texture": "#magnum", "rotation": 270 },
				"up": { "uv": [ 12.5, 9.5, 16, 9 ], "texture": "#magnum", "rotation": 90 },
				"north": { "uv": [ 12.5, 9, 13, 9.5 ], "texture": "#magnum" },
				"south": { "uv": [ 16, 9, 15.5, 9.5 ], "texture": "#magnum" },
				"west": { "uv": [ 12.5, 9, 16, 9.5 ], "texture": "#magnum" },
				"east": { "uv": [ 16, 9, 12.5, 9.5 ], "texture": "#magnum" }
			}
		},
		{
			"__comment": "magnum",
			"from": [ 7.5, 6, 13 ],
			"to": [ 8.5, 7, 16 ],
			"faces": {
				"down": { "uv": [ 13, 10, 16, 10.5 ], "texture": "#magnum", "rotation": 270 },
				"up": { "uv": [ 13, 10, 16, 9.5 ], "texture": "#magnum", "rotation": 90 },
				"north": { "uv": [ 13, 9.5, 13.5, 10.5 ], "texture": "#magnum" },
				"south": { "uv": [ 16, 9.5, 15.5, 10.5 ], "texture": "#magnum" },
				"west": { "uv": [ 13, 9.5, 16, 10.5 ], "texture": "#magnum" },
				"east": { "uv": [ 16, 9.5, 13, 10.5 ], "texture": "#magnum" }
			}
		},
		{
			"__comment": "magnum",
			"from": [ 7.5, 3.5, 13.5 ],
			"to": [ 8.5, 6, 16 ],
			"faces": {
				"down": { "uv": [ 13.5, 12.5, 16, 13 ], "texture": "#magnum", "rotation": 270 },
				"up": { "uv": [ 13.5, 11, 16, 10.5 ], "texture": "#magnum", "rotation": 90 },
				"north": { "uv": [ 13.5, 10.5, 14, 13 ], "texture": "#magnum" },
				"south": { "uv": [ 16, 10.5, 15.5, 13 ], "texture": "#magnum" },
				"west": { "uv": [ 13.5, 10.5, 16, 13 ], "texture": "#magnum" },
				"east": { "uv": [ 16, 10.5, 13.5, 13 ], "texture": "#magnum" }
			}
		},
		{
			"__comment": "magnum",
			"from": [ 7, 7.5, 11.5 ],
			"to": [ 9, 8.5, 12 ],
			"faces": {
				"down": { "uv": [ 11.5, 8.5, 12, 9 ], "texture": "#magnum", "rotation": 270 },
				"up": { "uv": [ 11.5, 8.5, 12, 8 ], "texture": "#magnum", "rotation": 90 },
				"north": { "uv": [ 11.5, 8, 12, 9 ], "texture": "#magnum" },
				"south": { "uv": [ 12, 8, 11.5, 9 ], "texture": "#magnum" },
				"west": { "uv": [ 11.5, 8, 12, 9 ], "texture": "#magnum" },
				"east": { "uv": [ 12, 8, 11.5, 9 ], "texture": "#magnum" }
			}
		},
		{
			"__comment": "magnum",
			"from": [ 7.5, 8, 8.5 ],
			"to": [ 8.5, 8.5, 9 ],
			"faces": {
				"down": { "uv": [ 8.5, 8, 9, 8.5 ], "texture": "#magnum", "rotation": 270 },
				"up": { "uv": [ 8.5, 8.5, 9, 8 ], "texture": "#magnum", "rotation": 90 },
				"north": { "uv": [ 8.5, 8, 9, 8.5 ], "texture": "#magnum" },
				"south": { "uv": [ 9, 8, 8.5, 8.5 ], "texture": "#magnum" },
				"west": { "uv": [ 8.5, 8, 9, 8.5 ], "texture": "#magnum" },
				"east": { "uv": [ 9, 8, 8.5, 8.5 ], "texture": "#magnum" }
			}
		},
		{
			"__comment": "magnum",
			"from": [ 8, 7, 10 ],
			"to": [ 8.001, 7.5, 10.5 ],
			"faces": {
				"down": { "uv": [ 10, 9, 10.5, 9.5 ], "texture": "#magnum", "rotation": 270 },
				"up": { "uv": [ 10, 9.5, 10.5, 9 ], "texture": "#magnum", "rotation": 90 },
				"north": { "uv": [ 10, 9, 10.5, 9.5 ], "texture": "#magnum" },
				"south": { "uv": [ 10.5, 9, 10, 9.5 ], "texture": "#magnum" },
				"west": { "uv": [ 10, 9, 10.5, 9.5 ], "texture": "#magnum" },
				"east": { "uv": [ 10.5, 9, 10, 9.5 ], "texture": "#magnum" }
			}
		},
		{
			"__comment": "magnum",
			"from": [ 7.5, 6.5, 9.5 ],
			"to": [ 8.5, 7, 11.5 ],
			"faces": {
				"down": { "uv": [ 9.5, 9.5, 11.5, 10 ], "texture": "#magnum", "rotation": 270 },
				"up": { "uv": [ 9.5, 10, 11.5, 9.5 ], "texture": "#magnum", "rotation": 90 },
				"north": { "uv": [ 9.5, 9.5, 10, 10 ], "texture": "#magnum" },
				"south": { "uv": [ 11.5, 9.5, 11, 10 ], "texture": "#magnum" },
				"west": { "uv": [ 9.5, 9.5, 11.5, 10 ], "texture": "#magnum" },
				"east": { "uv": [ 11.5, 9.5, 9.5, 10 ], "texture": "#magnum" }
			}
		},
		{
			"__comment": "magnum",
			"from": [ 8, 8, 10 ],
			"to": [ 8.001, 8.5, 11.5 ],
			"faces": {
				"down": { "uv": [ 10.25, 8, 11.75, 8.5 ], "texture": "#magnum", "rotation": 270 },
				"up": { "uv": [ 10, 8.5, 11.5, 8 ], "texture": "#magnum", "rotation": 90 },
				"north": { "uv": [ 10, 8, 10.5, 8.5 ], "texture": "#magnum" },
				"south": { "uv": [ 11.5, 8, 11, 8.5 ], "texture": "#magnum" },
				"west": { "uv": [ 10, 8, 11.5, 8.5 ], "texture": "#magnum" },
				"east": { "uv": [ 11.5, 8, 10, 8.5 ], "texture": "#magnum" }
			}
		},
		{
			"__comment": "magnum",
			"from": [ 8, 7.5, 10.5 ],
			"to": [ 8.001, 8, 11 ],
			"faces": {
				"down": { "uv": [ 10.5, 8.5, 11, 9 ], "texture": "#magnum", "rotation": 270 },
				"up": { "uv": [ 10.5, 9, 11, 8.5 ], "texture": "#magnum", "rotation": 90 },
				"north": { "uv": [ 10.5, 8.5, 11, 9 ], "texture": "#magnum" },
				"south": { "uv": [ 11, 8.5, 10.5, 9 ], "texture": "#magnum" },
				"west": { "uv": [ 10.5, 8.5, 11, 9 ], "texture": "#magnum" },
				"east": { "uv": [ 11, 8.5, 10.5, 9 ], "texture": "#magnum" }
			}
		},
		{
			"__comment": "magnum",
			"from": [ 7.5, 7, 9 ],
			"to": [ 8.5, 8, 9.5 ],
			"faces": {
				"down": { "uv": [ 9, 9, 9.5, 9.5 ], "texture": "#magnum", "rotation": 270 },
				"up": { "uv": [ 9, 9, 9.5, 8.5 ], "texture": "#magnum", "rotation": 90 },
				"north": { "uv": [ 9, 8.5, 9.5, 9.5 ], "texture": "#magnum" },
				"south": { "uv": [ 9.5, 8.5, 9, 9.5 ], "texture": "#magnum" },
				"west": { "uv": [ 9, 8.5, 9.5, 9.5 ], "texture": "#magnum" },
				"east": { "uv": [ 9.5, 8.5, 9, 9.5 ], "texture": "#magnum" }
			}
		},
		{
			"__comment": "magnum",
			"from": [ 6.5, 10.5, 11.5 ],
			"to": [ 9.5, 11, 12 ],
			"faces": {
				"down": { "uv": [ 11.5, 5.5, 12, 6 ], "texture": "#magnum", "rotation": 270 },
				"up": { "uv": [ 11.5, 6, 12, 5.5 ], "texture": "#magnum", "rotation": 90 },
				"north": { "uv": [ 11.5, 5.5, 12, 6 ], "texture": "#magnum" },
				"south": { "uv": [ 12, 5.5, 11.5, 6 ], "texture": "#magnum" },
				"west": { "uv": [ 11.5, 5.5, 12, 6 ], "texture": "#magnum" },
				"east": { "uv": [ 12, 5.5, 11.5, 6 ], "texture": "#magnum" }
			}
		},
		{
			"__comment": "magnum",
			"from": [ 7, 9.5, 13 ],
			"to": [ 9, 10, 13.5 ],
			"faces": {
				"down": { "uv": [ 13, 6.5, 13.5, 7 ], "texture": "#magnum", "rotation": 270 },
				"up": { "uv": [ 13, 7, 13.5, 6.5 ], "texture": "#magnum", "rotation": 90 },
				"north": { "uv": [ 13, 6.5, 13.5, 7 ], "texture": "#magnum" },
				"south": { "uv": [ 13.5, 6.5, 13, 7 ], "texture": "#magnum" },
				"west": { "uv": [ 13, 6.5, 13.5, 7 ], "texture": "#magnum" },
				"east": { "uv": [ 13.5, 6.5, 13, 7 ], "texture": "#magnum" }
			}
		},
		{
			"__comment": "magnum",
			"from": [ 7, 9, 12.5 ],
			"to": [ 9, 9.5, 14.5 ],
			"faces": {
				"down": { "uv": [ 12.5, 7, 14.5, 7.5 ], "texture": "#magnum", "rotation": 270 },
				"up": { "uv": [ 12.5, 7.5, 14.5, 7 ], "texture": "#magnum", "rotation": 90 },
				"north": { "uv": [ 12.5, 7, 13, 7.5 ], "texture": "#magnum" },
				"south": { "uv": [ 14.5, 7, 14, 7.5 ], "texture": "#magnum" },
				"west": { "uv": [ 12.5, 7, 14.5, 7.5 ], "texture": "#magnum" },
				"east": { "uv": [ 14.5, 7, 12.5, 7.5 ], "texture": "#magnum" }
			}
		},
		{
			"__comment": "magnum",
			"from": [ 7, 8.5, 12 ],
			"to": [ 9, 9, 14.5 ],
			"faces": {
				"down": { "uv": [ 12, 7.5, 14.5, 8 ], "texture": "#magnum", "rotation": 270 },
				"up": { "uv": [ 12, 8, 14.5, 7.5 ], "texture": "#magnum", "rotation": 90 },
				"north": { "uv": [ 12, 7.5, 12.5, 8 ], "texture": "#magnum" },
				"south": { "uv": [ 14.5, 7.5, 14, 8 ], "texture": "#magnum" },
				"west": { "uv": [ 12, 7.5, 14.5, 8 ], "texture": "#magnum" },
				"east": { "uv": [ 14.5, 7.5, 12, 8 ], "texture": "#magnum" }
			}
		},
		{
			"__comment": "magnum",
			"from": [ 7, 8, 12 ],
			"to": [ 9, 8.5, 15 ],
			"faces": {
				"down": { "uv": [ 12, 8, 15, 8.5 ], "texture": "#magnum", "rotation": 270 },
				"up": { "uv": [ 12, 8.5, 15, 8 ], "texture": "#magnum", "rotation": 90 },
				"north": { "uv": [ 12, 8, 12.5, 8.5 ], "texture": "#magnum" },
				"south": { "uv": [ 15, 8, 14.5, 8.5 ], "texture": "#magnum" },
				"west": { "uv": [ 12, 8, 15, 8.5 ], "texture": "#magnum" },
				"east": { "uv": [ 15, 8, 12, 8.5 ], "texture": "#magnum" }
			}
		},
		{
			"__comment": "magnum",
			"from": [ 7, 7.5, 12 ],
			"to": [ 9, 8, 15 ],
			"faces": {
				"down": { "uv": [ 12, 8.5, 15, 9 ], "texture": "#magnum", "rotation": 270 },
				"up": { "uv": [ 12, 9, 15, 8.5 ], "texture": "#magnum", "rotation": 90 },
				"north": { "uv": [ 12, 8.5, 12.5, 9 ], "texture": "#magnum" },
				"south": { "uv": [ 15, 8.5, 14.5, 9 ], "texture": "#magnum" },
				"west": { "uv": [ 12, 8.5, 15, 9 ], "texture": "#magnum" },
				"east": { "uv": [ 15, 8.5, 12, 9 ], "texture": "#magnum" }
			}
		},
		{
			"__comment": "magnum",
			"from": [ 7, 7, 13 ],
			"to": [ 9, 7.5, 15.5 ],
			"faces": {
				"down": { "uv": [ 13, 9, 15.5, 9.5 ], "texture": "#magnum", "rotation": 270 },
				"up": { "uv": [ 13, 9.5, 15.5, 9 ], "texture": "#magnum", "rotation": 90 },
				"north": { "uv": [ 13, 9, 13.5, 9.5 ], "texture": "#magnum" },
				"south": { "uv": [ 15.5, 9, 15, 9.5 ], "texture": "#magnum" },
				"west": { "uv": [ 13, 9, 15.5, 9.5 ], "texture": "#magnum" },
				"east": { "uv": [ 15.5, 9, 13, 9.5 ], "texture": "#magnum" }
			}
		},
		{
			"__comment": "magnum",
			"from": [ 7, 6, 13.5 ],
			"to": [ 9, 7, 15.5 ],
			"faces": {
				"down": { "uv": [ 13.5, 10, 15.5, 10.5 ], "texture": "#magnum", "rotation": 270 },
				"up": { "uv": [ 13.5, 10, 15.5, 9.5 ], "texture": "#magnum", "rotation": 90 },
				"north": { "uv": [ 13.5, 9.5, 14, 10.5 ], "texture": "#magnum" },
				"south": { "uv": [ 15.5, 9.5, 15, 10.5 ], "texture": "#magnum" },
				"west": { "uv": [ 13.5, 9.5, 15.5, 10.5 ], "texture": "#magnum" },
				"east": { "uv": [ 15.5, 9.5, 13.5, 10.5 ], "texture": "#magnum" }
			}
		},
		{
			"__comment": "magnum",
			"from": [ 7, 3.5, 14 ],
			"to": [ 9, 6.5, 15.5 ],
			"faces": {
				"down": { "uv": [ 14, 12.5, 15.5, 13 ], "texture": "#magnum", "rotation": 270 },
				"up": { "uv": [ 14, 10.5, 15.5, 10 ], "texture": "#magnum", "rotation": 90 },
				"north": { "uv": [ 14, 10, 14.5, 13 ], "texture": "#magnum" },
				"south": { "uv": [ 15.5, 10, 15, 13 ], "texture": "#magnum" },
				"west": { "uv": [ 14, 10, 15.5, 13 ], "texture": "#magnum" },
				"east": { "uv": [ 15.5, 10, 14, 13 ], "texture": "#magnum" }
			}
		},
		{
			"__comment": "magnum",
			"from": [ 7, 9.5, 12 ],
			"to": [ 9, 11.5, 12.5 ],
			"faces": {
				"down": { "uv": [ 12, 6.5, 12.5, 7 ], "texture": "#magnum", "rotation": 270 },
				"up": { "uv": [ 12, 5.5, 12.5, 5 ], "texture": "#magnum", "rotation": 90 },
				"north": { "uv": [ 12, 5, 12.5, 7 ], "texture": "#magnum" },
				"south": { "uv": [ 12.5, 5, 12, 7 ], "texture": "#magnum" },
				"west": { "uv": [ 12, 5, 12.5, 7 ], "texture": "#magnum" },
				"east": { "uv": [ 12.5, 5, 12, 7 ], "texture": "#magnum" }
			}
		},
		{
			"__comment": "magnum",
			"from": [ 7.5, 11.5, 12 ],
			"to": [ 8.5, 12, 12.5 ],
			"faces": {
				"down": { "uv": [ 12, 4.5, 12.5, 5 ], "texture": "#magnum", "rotation": 270 },
				"up": { "uv": [ 12, 5, 12.5, 4.5 ], "texture": "#magnum", "rotation": 90 },
				"north": { "uv": [ 12, 4.5, 12.5, 5 ], "texture": "#magnum" },
				"south": { "uv": [ 12.5, 4.5, 12, 5 ], "texture": "#magnum" },
				"west": { "uv": [ 12, 4.5, 12.5, 5 ], "texture": "#magnum" },
				"east": { "uv": [ 12.5, 4.5, 12, 5 ], "texture": "#magnum" }
			}
		},
		{
			"__comment": "magnum",
			"from": [ 7.5, 9.5, 7 ],
			"to": [ 8.5, 12, 7.5 ],
			"faces": {
				"down": { "uv": [ 7, 6.5, 7.5, 7 ], "texture": "#magnum", "rotation": 270 },
				"up": { "uv": [ 7, 5, 7.5, 4.5 ], "texture": "#magnum", "rotation": 90 },
				"north": { "uv": [ 7, 4.5, 7.5, 7 ], "texture": "#magnum" },
				"south": { "uv": [ 7.5, 4.5, 7, 7 ], "texture": "#magnum" },
				"west": { "uv": [ 7, 4.5, 7.5, 7 ], "texture": "#magnum" },
				"east": { "uv": [ 7.5, 4.5, 7, 7 ], "texture": "#magnum" }
			}
		},
		{
			"__comment": "magnum",
			"from": [ 7.5, 8.5, 7.5 ],
			"to": [ 8.5, 9.5, 8 ],
			"faces": {
				"down": { "uv": [ 7.5, 7.5, 8, 8 ], "texture": "#magnum", "rotation": 270 },
				"up": { "uv": [ 7.5, 7.5, 8, 7 ], "texture": "#magnum", "rotation": 90 },
				"north": { "uv": [ 7.5, 7, 8, 8 ], "texture": "#magnum" },
				"south": { "uv": [ 8, 7, 7.5, 8 ], "texture": "#magnum" },
				"west": { "uv": [ 7.5, 7, 8, 8 ], "texture": "#magnum" },
				"east": { "uv": [ 8, 7, 7.5, 8 ], "texture": "#magnum" }
			}
		},
		{
			"__comment": "magnum",
			"from": [ 7.5, 7, 11.5 ],
			"to": [ 8.5, 7.5, 12 ],
			"faces": {
				"down": { "uv": [ 11.5, 9, 12, 9.5 ], "texture": "#magnum", "rotation": 270 },
				"up": { "uv": [ 11.5, 9.5, 12, 9 ], "texture": "#magnum", "rotation": 90 },
				"north": { "uv": [ 11.5, 9, 12, 9.5 ], "texture": "#magnum" },
				"south": { "uv": [ 12, 9, 11.5, 9.5 ], "texture": "#magnum" },
				"west": { "uv": [ 11.5, 9, 12, 9.5 ], "texture": "#magnum" },
				"east": { "uv": [ 12, 9, 11.5, 9.5 ], "texture": "#magnum" }
			}
		},
		{
			"__comment": "magnum",
			"from": [ 6.5, 10, 11 ],
			"to": [ 9.5, 11.5, 11.5 ],
			"faces": {
				"down": { "uv": [ 11, 6, 11.5, 6.5 ], "texture": "#magnum", "rotation": 270 },
				"up": { "uv": [ 11, 5.5, 11.5, 5 ], "texture": "#magnum", "rotation": 90 },
				"north": { "uv": [ 11, 5, 11.5, 6.5 ], "texture": "#magnum" },
				"south": { "uv": [ 11.5, 5, 11, 6.5 ], "texture": "#magnum" },
				"west": { "uv": [ 11, 5, 11.5, 6.5 ], "texture": "#magnum" },
				"east": { "uv": [ 11.5, 5, 11, 6.5 ], "texture": "#magnum" }
			}
		},
		{
			"__comment": "magnum",
			"from": [ 7, 11.5, 11 ],
			"to": [ 9, 12, 11.5 ],
			"faces": {
				"down": { "uv": [ 11, 4.5, 11.5, 5 ], "texture": "#magnum", "rotation": 270 },
				"up": { "uv": [ 11, 5, 11.5, 4.5 ], "texture": "#magnum", "rotation": 90 },
				"north": { "uv": [ 11, 4.5, 11.5, 5 ], "texture": "#magnum" },
				"south": { "uv": [ 11.5, 4.5, 11, 5 ], "texture": "#magnum" },
				"west": { "uv": [ 11, 4.5, 11.5, 5 ], "texture": "#magnum" },
				"east": { "uv": [ 11.5, 4.5, 11, 5 ], "texture": "#magnum" }
			}
		},
		{
			"__comment": "magnum",
			"from": [ 7, 9.5, 11 ],
			"to": [ 9, 10, 11.5 ],
			"faces": {
				"down": { "uv": [ 11, 6.5, 11.5, 7 ], "texture": "#magnum", "rotation": 270 },
				"up": { "uv": [ 11, 7, 11.5, 6.5 ], "texture": "#magnum", "rotation": 90 },
				"north": { "uv": [ 11, 6.5, 11.5, 7 ], "texture": "#magnum" },
				"south": { "uv": [ 11.5, 6.5, 11, 7 ], "texture": "#magnum" },
				"west": { "uv": [ 11, 6.5, 11.5, 7 ], "texture": "#magnum" },
				"east": { "uv": [ 11.5, 6.5, 11, 7 ], "texture": "#magnum" }
			}
		},
		{
			"__comment": "magnum",
			"from": [ 4.5, 8, 8.5 ],
			"to": [ 7, 9.5, 11 ],
			"rotation": { "origin": [ 7, 9.5, 8.5 ], "axis": "z", "angle": -45 },
			"faces": {
				"down": { "uv": [ 2.5, 13.5, 5, 11 ], "texture": "#magnum", "rotation": 270 },
				"up": { "uv": [ 5, 13.5, 2.5, 11 ], "texture": "#magnum", "rotation": 90 },
				"north": { "uv": [ 5, 15.5, 2.5, 14 ], "texture": "#magnum" },
				"south": { "uv": [ 2.5, 15.5, 5, 14 ], "texture": "#magnum" },
				"west": { "uv": [ 0, 14, 2.5, 15.5 ], "texture": "#magnum", "rotation": 180 },
				"east": { "uv": [ 2.5, 14, 0, 15.5 ], "texture": "#magnum", "rotation": 180 }
			}
		},
		{
			"__comment": "magnum",
			"from": [ 5, 7.5, 8.5 ],
			"to": [ 6.5, 8, 11 ],
			"rotation": { "origin": [ 7, 9.5, 8.5 ], "axis": "z", "angle": -45 },
			"faces": {
				"down": { "uv": [ 2.5, 11, 5, 13.5 ], "texture": "#magnum", "rotation": 270 },
				"up": { "uv": [ 5, 13.5, 2.5, 11 ], "texture": "#magnum", "rotation": 90 },
				"north": { "uv": [ 4.5, 14, 3, 13.5 ], "texture": "#magnum" },
				"south": { "uv": [ 3, 14, 4.5, 13.5 ], "texture": "#magnum" },
				"west": { "uv": [ 0, 13.5, 2.5, 14 ], "texture": "#magnum", "rotation": 180 },
				"east": { "uv": [ 2.5, 13.5, 0, 14 ], "texture": "#magnum", "rotation": 180 }
			}
		},
		{
			"__comment": "magnum",
			"from": [ 5, 9.5, 8.5 ],
			"to": [ 6.5, 10, 11 ],
			"rotation": { "origin": [ 7, 9.5, 8.5 ], "axis": "z", "angle": -45 },
			"faces": {
				"down": { "uv": [ 2.5, 11, 5, 13.5 ], "texture": "#magnum", "rotation": 270 },
				"up": { "uv": [ 5, 13.5, 2.5, 11 ], "texture": "#magnum", "rotation": 90 },
				"north": { "uv": [ 4.5, 16, 3, 15.5 ], "texture": "#magnum" },
				"south": { "uv": [ 3, 16, 4.5, 15.5 ], "texture": "#magnum" },
				"west": { "uv": [ 0, 15.5, 2.5, 16 ], "texture": "#magnum", "rotation": 180 },
				"east": { "uv": [ 2.5, 15.5, 0, 16 ], "texture": "#magnum", "rotation": 180 }
			}
		}
	],
	"display": {
		"thirdperson_righthand": {
			"translation":  [ 0, 0, -0.5 ],
			"scale":  [ 0.5, 0.5, 0.5 ]
		},
		"thirdperson_lefthand": {
			"rotation":  [ -45, 0, 0 ],
			"translation":  [ -10, -3, 0 ],
			"scale":  [ 0.5, 0.5, 0.5 ]
		},
		"firstperson_righthand": {
			"rotation":  [ 15, 0, -45 ],
			"translation":  [ -6, -3, -12 ]
		},
		"firstperson_lefthand": {
			"scale":  [ 0.0001, 0.0001, 0.0001 ]
		},
		"gui": {
			"rotation":  [ 30, 135, 0 ],
			"scale":  [ 0.625, 0.625, 0.625 ]
		},
		"head": {
			"scale":  [ 0.0001, 0.0001, 0.0001 ]
		},
		"ground": {
			"rotation":  [ 0, 0, 90 ],
			"scale":  [ 0.5, 0.5, 0.5 ]
		},
		"fixed": {
			"rotation":  [ 0, -90, 0 ]
		}
	}
}