{
	"__comment": "Designed by Optimus0812 with Cubik Studio - https://cubik.studio",
	"textures": {
		"makarov_ij70": "dayz/weapon/gun/handgun/makarov_ij70"
	},
	"elements": [ 	 
		{
			"__comment": "makarov_ij70",
			"from": [ 7.5, 12, 0 ],
			"to": [ 8.5, 13.5, 0.5 ],
			"faces": {
				"down": { "uv": [ 0, 3.5, 0.5, 4 ], "texture": "#makarov_ij70", "rotation": 270 },
				"up": { "uv": [ 0, 3, 0.5, 2.5 ], "texture": "#makarov_ij70", "rotation": 90 },
				"north": { "uv": [ 0, 2.5, 0.5, 4 ], "texture": "#makarov_ij70" },
				"south": { "uv": [ 0.5, 2.5, 0, 4 ], "texture": "#makarov_ij70" },
				"west": { "uv": [ 0, 2.5, 0.5, 4 ], "texture": "#makarov_ij70" },
				"east": { "uv": [ 0.5, 2.5, 0, 4 ], "texture": "#makarov_ij70" }
			}
		},
		{
			"__comment": "makarov_ij701",
			"from": [ 7, 13.5, 0.5 ],
			"to": [ 9, 14, 14 ],
			"faces": {
				"down": { "uv": [ 0.5, 2, 14, 2.5 ], "texture": "#makarov_ij70", "rotation": 270 },
				"up": { "uv": [ 0.5, 2.5, 14, 2 ], "texture": "#makarov_ij70", "rotation": 90 },
				"north": { "uv": [ 0.5, 2, 1, 2.5 ], "texture": "#makarov_ij70" },
				"south": { "uv": [ 14, 2, 13.5, 2.5 ], "texture": "#makarov_ij70" },
				"west": { "uv": [ 0.5, 2, 14, 2.5 ], "texture": "#makarov_ij70" },
				"east": { "uv": [ 14, 2, 0.5, 2.5 ], "texture": "#makarov_ij70" }
			}
		},
		{
			"__comment": "makarov_ij702",
			"from": [ 7, 13, 0.5 ],
			"to": [ 9, 13.5, 14.5 ],
			"faces": {
				"down": { "uv": [ 0.5, 2.5, 14.5, 3 ], "texture": "#makarov_ij70", "rotation": 270 },
				"up": { "uv": [ 0.5, 3, 14.5, 2.5 ], "texture": "#makarov_ij70", "rotation": 90 },
				"north": { "uv": [ 0.5, 2.5, 1, 3 ], "texture": "#makarov_ij70" },
				"south": { "uv": [ 14.5, 2.5, 14, 3 ], "texture": "#makarov_ij70" },
				"west": { "uv": [ 0.5, 2.5, 14.5, 3 ], "texture": "#makarov_ij70" },
				"east": { "uv": [ 14.5, 2.5, 0.5, 3 ], "texture": "#makarov_ij70" }
			}
		},
		{
			"__comment": "makarov_ij703",
			"from": [ 6.5, 11.5, 0.5 ],
			"to": [ 9.5, 13, 14.5 ],
			"faces": {
				"down": { "uv": [ 0.5, 4, 14.5, 4.5 ], "texture": "#makarov_ij70", "rotation": 270 },
				"up": { "uv": [ 0.5, 3.5, 14.5, 3 ], "texture": "#makarov_ij70", "rotation": 90 },
				"north": { "uv": [ 0.5, 3, 1, 4.5 ], "texture": "#makarov_ij70" },
				"south": { "uv": [ 14.5, 3, 14, 4.5 ], "texture": "#makarov_ij70" },
				"west": { "uv": [ 0.5, 3, 14.5, 4.5 ], "texture": "#makarov_ij70" },
				"east": { "uv": [ 14.5, 3, 0.5, 4.5 ], "texture": "#makarov_ij70" }
			}
		},
		{
			"__comment": "makarov_ij704",
			"from": [ 7, 11, 0.5 ],
			"to": [ 9, 11.5, 3.5 ],
			"faces": {
				"down": { "uv": [ 0.5, 4.5, 3.5, 5 ], "texture": "#makarov_ij70", "rotation": 270 },
				"up": { "uv": [ 0.5, 5, 3.5, 4.5 ], "texture": "#makarov_ij70", "rotation": 90 },
				"north": { "uv": [ 0.5, 4.5, 1, 5 ], "texture": "#makarov_ij70" },
				"south": { "uv": [ 3.5, 4.5, 3, 5 ], "texture": "#makarov_ij70" },
				"west": { "uv": [ 0.5, 4.5, 3.5, 5 ], "texture": "#makarov_ij70" },
				"east": { "uv": [ 3.5, 4.5, 0.5, 5 ], "texture": "#makarov_ij70" }
			}
		},
		{
			"__comment": "makarov_ij705",
			"from": [ 7.5, 10.5, 3.5 ],
			"to": [ 8.5, 11, 4.5 ],
			"faces": {
				"down": { "uv": [ 3.5, 5, 4.5, 5.5 ], "texture": "#makarov_ij70", "rotation": 270 },
				"up": { "uv": [ 3.5, 5.5, 4.5, 5 ], "texture": "#makarov_ij70", "rotation": 90 },
				"north": { "uv": [ 3.5, 5, 4, 5.5 ], "texture": "#makarov_ij70" },
				"south": { "uv": [ 4.5, 5, 4, 5.5 ], "texture": "#makarov_ij70" },
				"west": { "uv": [ 3.5, 5, 4.5, 5.5 ], "texture": "#makarov_ij70" },
				"east": { "uv": [ 4.5, 5, 3.5, 5.5 ], "texture": "#makarov_ij70" }
			}
		},
		{
			"__comment": "makarov_ij706",
			"from": [ 7.5, 10, 4.5 ],
			"to": [ 8.5, 10.5, 6.5 ],
			"faces": {
				"down": { "uv": [ 4.5, 5.5, 6.5, 6 ], "texture": "#makarov_ij70", "rotation": 270 },
				"up": { "uv": [ 4.5, 6, 6.5, 5.5 ], "texture": "#makarov_ij70", "rotation": 90 },
				"north": { "uv": [ 4.5, 5.5, 5, 6 ], "texture": "#makarov_ij70" },
				"south": { "uv": [ 6.5, 5.5, 6, 6 ], "texture": "#makarov_ij70" },
				"west": { "uv": [ 4.5, 5.5, 6.5, 6 ], "texture": "#makarov_ij70" },
				"east": { "uv": [ 6.5, 5.5, 4.5, 6 ], "texture": "#makarov_ij70" }
			}
		},
		{
			"__comment": "makarov_ij707",
			"from": [ 7.5, 9.5, 6.5 ],
			"to": [ 8.5, 10, 8 ],
			"faces": {
				"down": { "uv": [ 6.5, 6, 8, 6.5 ], "texture": "#makarov_ij70", "rotation": 270 },
				"up": { "uv": [ 6.5, 6.5, 8, 6 ], "texture": "#makarov_ij70", "rotation": 90 },
				"north": { "uv": [ 6.5, 6, 7, 6.5 ], "texture": "#makarov_ij70" },
				"south": { "uv": [ 8, 6, 7.5, 6.5 ], "texture": "#makarov_ij70" },
				"west": { "uv": [ 6.5, 6, 8, 6.5 ], "texture": "#makarov_ij70" },
				"east": { "uv": [ 8, 6, 6.5, 6.5 ], "texture": "#makarov_ij70" }
			}
		},
		{
			"__comment": "makarov_ij708",
			"from": [ 7.5, 8, 8 ],
			"to": [ 8.5, 9.5, 8.5 ],
			"faces": {
				"down": { "uv": [ 8, 7.5, 8.5, 8 ], "texture": "#makarov_ij70", "rotation": 270 },
				"up": { "uv": [ 8, 7, 8.5, 6.5 ], "texture": "#makarov_ij70", "rotation": 90 },
				"north": { "uv": [ 8, 6.5, 8.5, 8 ], "texture": "#makarov_ij70" },
				"south": { "uv": [ 8.5, 6.5, 8, 8 ], "texture": "#makarov_ij70" },
				"west": { "uv": [ 8, 6.5, 8.5, 8 ], "texture": "#makarov_ij70" },
				"east": { "uv": [ 8.5, 6.5, 8, 8 ], "texture": "#makarov_ij70" }
			}
		},
		{
			"__comment": "makarov_ij709",
			"from": [ 7.5, 6, 8.5 ],
			"to": [ 8.5, 8, 9 ],
			"faces": {
				"down": { "uv": [ 8.5, 9.5, 9, 10 ], "texture": "#makarov_ij70", "rotation": 270 },
				"up": { "uv": [ 8.5, 8.5, 9, 8 ], "texture": "#makarov_ij70", "rotation": 90 },
				"north": { "uv": [ 8.5, 8, 9, 10 ], "texture": "#makarov_ij70" },
				"south": { "uv": [ 9, 8, 8.5, 10 ], "texture": "#makarov_ij70" },
				"west": { "uv": [ 8.5, 8, 9, 10 ], "texture": "#makarov_ij70" },
				"east": { "uv": [ 9, 8, 8.5, 10 ], "texture": "#makarov_ij70" }
			}
		},
		{
			"__comment": "makarov_ij7010",
			"from": [ 7, 4, 9.5 ],
			"to": [ 9, 6, 10 ],
			"faces": {
				"down": { "uv": [ 9.5, 11.5, 10, 12 ], "texture": "#makarov_ij70", "rotation": 270 },
				"up": { "uv": [ 9.5, 10.5, 10, 10 ], "texture": "#makarov_ij70", "rotation": 90 },
				"north": { "uv": [ 9.5, 10, 10, 12 ], "texture": "#makarov_ij70" },
				"south": { "uv": [ 10, 10, 9.5, 12 ], "texture": "#makarov_ij70" },
				"west": { "uv": [ 9.5, 10, 10, 12 ], "texture": "#makarov_ij70" },
				"east": { "uv": [ 10, 10, 9.5, 12 ], "texture": "#makarov_ij70" }
			}
		},
		{
			"__comment": "makarov_ij7011",
			"from": [ 7, 2, 10 ],
			"to": [ 9, 4, 10.5 ],
			"faces": {
				"down": { "uv": [ 7, 5.5, 9, 6 ], "texture": "#makarov_ij70" },
				"up": { "uv": [ 7, 10, 9, 10.5 ], "texture": "#makarov_ij70" },
				"north": { "uv": [ 7, 12, 9, 14 ], "texture": "#makarov_ij70" },
				"south": { "uv": [ 7, 12, 9, 14 ], "texture": "#makarov_ij70" },
				"west": { "uv": [ 10, 12, 10.5, 14 ], "texture": "#makarov_ij70" },
				"east": { "uv": [ 5.5, 12, 6, 14 ], "texture": "#makarov_ij70" }
			}
		},
		{
			"__comment": "makarov_ij7012",
			"from": [ 7, 1.5, 10.5 ],
			"to": [ 9, 2, 14.5 ],
			"faces": {
				"down": { "uv": [ 10.5, 14, 14.5, 14.5 ], "texture": "#makarov_ij70", "rotation": 270 },
				"up": { "uv": [ 10.5, 14.5, 14.5, 14 ], "texture": "#makarov_ij70", "rotation": 90 },
				"north": { "uv": [ 10.5, 14, 11, 14.5 ], "texture": "#makarov_ij70" },
				"south": { "uv": [ 14.5, 14, 14, 14.5 ], "texture": "#makarov_ij70" },
				"west": { "uv": [ 10.5, 14, 14.5, 14.5 ], "texture": "#makarov_ij70" },
				"east": { "uv": [ 14.5, 14, 10.5, 14.5 ], "texture": "#makarov_ij70" }
			}
		},
		{
			"__comment": "makarov_ij7013",
			"from": [ 7, 2, 14.5 ],
			"to": [ 9, 4, 15 ],
			"faces": {
				"down": { "uv": [ 14.5, 13.5, 15, 14 ], "texture": "#makarov_ij70", "rotation": 270 },
				"up": { "uv": [ 14.5, 12.5, 15, 12 ], "texture": "#makarov_ij70", "rotation": 90 },
				"north": { "uv": [ 14.5, 12, 15, 14 ], "texture": "#makarov_ij70" },
				"south": { "uv": [ 15, 12, 14.5, 14 ], "texture": "#makarov_ij70" },
				"west": { "uv": [ 14.5, 12, 15, 14 ], "texture": "#makarov_ij70" },
				"east": { "uv": [ 15, 12, 14.5, 14 ], "texture": "#makarov_ij70" }
			}
		},
		{
			"__comment": "makarov_ij7014",
			"from": [ 7, 4, 14 ],
			"to": [ 9, 6, 14.5 ],
			"faces": {
				"down": { "uv": [ 14, 11.5, 14.5, 12 ], "texture": "#makarov_ij70", "rotation": 270 },
				"up": { "uv": [ 14, 10.5, 14.5, 10 ], "texture": "#makarov_ij70", "rotation": 90 },
				"north": { "uv": [ 14, 10, 14.5, 12 ], "texture": "#makarov_ij70" },
				"south": { "uv": [ 14.5, 10, 14, 12 ], "texture": "#makarov_ij70" },
				"west": { "uv": [ 14, 10, 14.5, 12 ], "texture": "#makarov_ij70" },
				"east": { "uv": [ 14.5, 10, 14, 12 ], "texture": "#makarov_ij70" }
			}
		},
		{
			"__comment": "makarov_ij7015",
			"from": [ 7, 6, 13.5 ],
			"to": [ 9, 7.5, 14 ],
			"faces": {
				"down": { "uv": [ 13.5, 9.5, 14, 10 ], "texture": "#makarov_ij70", "rotation": 270 },
				"up": { "uv": [ 13.5, 9, 14, 8.5 ], "texture": "#makarov_ij70", "rotation": 90 },
				"north": { "uv": [ 13.5, 8.5, 14, 10 ], "texture": "#makarov_ij70" },
				"south": { "uv": [ 14, 8.5, 13.5, 10 ], "texture": "#makarov_ij70" },
				"west": { "uv": [ 13.5, 8.5, 14, 10 ], "texture": "#makarov_ij70" },
				"east": { "uv": [ 14, 8.5, 13.5, 10 ], "texture": "#makarov_ij70" }
			}
		},
		{
			"__comment": "makarov_ij7016",
			"from": [ 7, 7.5, 13 ],
			"to": [ 9, 8.5, 13.5 ],
			"faces": {
				"down": { "uv": [ 13, 8, 13.5, 8.5 ], "texture": "#makarov_ij70", "rotation": 270 },
				"up": { "uv": [ 13, 8, 13.5, 7.5 ], "texture": "#makarov_ij70", "rotation": 90 },
				"north": { "uv": [ 13, 7.5, 13.5, 8.5 ], "texture": "#makarov_ij70" },
				"south": { "uv": [ 13.5, 7.5, 13, 8.5 ], "texture": "#makarov_ij70" },
				"west": { "uv": [ 13, 7.5, 13.5, 8.5 ], "texture": "#makarov_ij70" },
				"east": { "uv": [ 13.5, 7.5, 13, 8.5 ], "texture": "#makarov_ij70" }
			}
		},
		{
			"__comment": "makarov_ij7017",
			"from": [ 7.5, 9, 12.5 ],
			"to": [ 8.5, 9.5, 13 ],
			"faces": {
				"down": { "uv": [ 12.5, 6.5, 13, 7 ], "texture": "#makarov_ij70", "rotation": 270 },
				"up": { "uv": [ 12.5, 7, 13, 6.5 ], "texture": "#makarov_ij70", "rotation": 90 },
				"north": { "uv": [ 12.5, 6.5, 13, 7 ], "texture": "#makarov_ij70" },
				"south": { "uv": [ 13, 6.5, 12.5, 7 ], "texture": "#makarov_ij70" },
				"west": { "uv": [ 12.5, 6.5, 13, 7 ], "texture": "#makarov_ij70" },
				"east": { "uv": [ 13, 6.5, 12.5, 7 ], "texture": "#makarov_ij70" }
			}
		},
		{
			"__comment": "makarov_ij7018",
			"from": [ 7.5, 9.5, 13 ],
			"to": [ 8.5, 10, 13.5 ],
			"faces": {
				"down": { "uv": [ 13, 6, 13.5, 6.5 ], "texture": "#makarov_ij70", "rotation": 270 },
				"up": { "uv": [ 13, 6.5, 13.5, 6 ], "texture": "#makarov_ij70", "rotation": 90 },
				"north": { "uv": [ 13, 6, 13.5, 6.5 ], "texture": "#makarov_ij70" },
				"south": { "uv": [ 13.5, 6, 13, 6.5 ], "texture": "#makarov_ij70" },
				"west": { "uv": [ 13, 6, 13.5, 6.5 ], "texture": "#makarov_ij70" },
				"east": { "uv": [ 13.5, 6, 13, 6.5 ], "texture": "#makarov_ij70" }
			}
		},
		{
			"__comment": "makarov_ij7019",
			"from": [ 7.5, 10, 13.5 ],
			"to": [ 8.5, 10.5, 14 ],
			"faces": {
				"down": { "uv": [ 13.5, 5.5, 14, 6 ], "texture": "#makarov_ij70", "rotation": 270 },
				"up": { "uv": [ 13.5, 6, 14, 5.5 ], "texture": "#makarov_ij70", "rotation": 90 },
				"north": { "uv": [ 13.5, 5.5, 14, 6 ], "texture": "#makarov_ij70" },
				"south": { "uv": [ 14, 5.5, 13.5, 6 ], "texture": "#makarov_ij70" },
				"west": { "uv": [ 13.5, 5.5, 14, 6 ], "texture": "#makarov_ij70" },
				"east": { "uv": [ 14, 5.5, 13.5, 6 ], "texture": "#makarov_ij70" }
			}
		},
		{
			"__comment": "makarov_ij7020",
			"from": [ 6.5, 11, 3.5 ],
			"to": [ 9.5, 11.5, 15 ],
			"faces": {
				"down": { "uv": [ 3.5, 4.5, 15, 5 ], "texture": "#makarov_ij70", "rotation": 270 },
				"up": { "uv": [ 3.5, 5, 15, 4.5 ], "texture": "#makarov_ij70", "rotation": 90 },
				"north": { "uv": [ 3.5, 4.5, 4, 5 ], "texture": "#makarov_ij70" },
				"south": { "uv": [ 15, 4.5, 14.5, 5 ], "texture": "#makarov_ij70" },
				"west": { "uv": [ 3.5, 4.5, 15, 5 ], "texture": "#makarov_ij70" },
				"east": { "uv": [ 15, 4.5, 3.5, 5 ], "texture": "#makarov_ij70" }
			}
		},
		{
			"__comment": "makarov_ij7021",
			"from": [ 7.5, 6, 7 ],
			"to": [ 8.5, 6.5, 8.5 ],
			"faces": {
				"down": { "uv": [ 7, 9.5, 8.5, 10 ], "texture": "#makarov_ij70", "rotation": 270 },
				"up": { "uv": [ 7, 10, 8.5, 9.5 ], "texture": "#makarov_ij70", "rotation": 90 },
				"north": { "uv": [ 7, 9.5, 7.5, 10 ], "texture": "#makarov_ij70" },
				"south": { "uv": [ 8.5, 9.5, 8, 10 ], "texture": "#makarov_ij70" },
				"west": { "uv": [ 7, 9.5, 8.5, 10 ], "texture": "#makarov_ij70" },
				"east": { "uv": [ 8.5, 9.5, 7, 10 ], "texture": "#makarov_ij70" }
			}
		},
		{
			"__comment": "makarov_ij7022",
			"from": [ 7, 10.5, 4.5 ],
			"to": [ 9, 11, 15.5 ],
			"faces": {
				"down": { "uv": [ 4.5, 5, 15.5, 5.5 ], "texture": "#makarov_ij70", "rotation": 270 },
				"up": { "uv": [ 4.5, 5.5, 15.5, 5 ], "texture": "#makarov_ij70", "rotation": 90 },
				"north": { "uv": [ 4.5, 5, 5, 5.5 ], "texture": "#makarov_ij70" },
				"south": { "uv": [ 15.5, 5, 15, 5.5 ], "texture": "#makarov_ij70" },
				"west": { "uv": [ 4.5, 5, 15.5, 5.5 ], "texture": "#makarov_ij70" },
				"east": { "uv": [ 15.5, 5, 4.5, 5.5 ], "texture": "#makarov_ij70" }
			}
		},
		{
			"__comment": "makarov_ij7023",
			"from": [ 7, 10, 6.5 ],
			"to": [ 9, 10.5, 13.5 ],
			"faces": {
				"down": { "uv": [ 6.5, 5.5, 13.5, 6 ], "texture": "#makarov_ij70", "rotation": 270 },
				"up": { "uv": [ 6.5, 6, 13.5, 5.5 ], "texture": "#makarov_ij70", "rotation": 90 },
				"north": { "uv": [ 6.5, 5.5, 7, 6 ], "texture": "#makarov_ij70" },
				"south": { "uv": [ 13.5, 5.5, 13, 6 ], "texture": "#makarov_ij70" },
				"west": { "uv": [ 6.5, 5.5, 13.5, 6 ], "texture": "#makarov_ij70" },
				"east": { "uv": [ 13.5, 5.5, 6.5, 6 ], "texture": "#makarov_ij70" }
			}
		},
		{
			"__comment": "makarov_ij7024",
			"from": [ 7, 9.5, 8 ],
			"to": [ 9, 10, 13 ],
			"faces": {
				"down": { "uv": [ 8, 6, 13, 6.5 ], "texture": "#makarov_ij70", "rotation": 270 },
				"up": { "uv": [ 8, 6.5, 13, 6 ], "texture": "#makarov_ij70", "rotation": 90 },
				"north": { "uv": [ 8, 6, 8.5, 6.5 ], "texture": "#makarov_ij70" },
				"south": { "uv": [ 13, 6, 12.5, 6.5 ], "texture": "#makarov_ij70" },
				"west": { "uv": [ 8, 6, 13, 6.5 ], "texture": "#makarov_ij70" },
				"east": { "uv": [ 13, 6, 8, 6.5 ], "texture": "#makarov_ij70" }
			}
		},
		{
			"__comment": "makarov_ij7025",
			"from": [ 7, 9, 9 ],
			"to": [ 9, 9.5, 10 ],
			"faces": {
				"down": { "uv": [ 9, 6.5, 10, 7 ], "texture": "#makarov_ij70", "rotation": 270 },
				"up": { "uv": [ 9, 7, 10, 6.5 ], "texture": "#makarov_ij70", "rotation": 90 },
				"north": { "uv": [ 9, 6.5, 9.5, 7 ], "texture": "#makarov_ij70" },
				"south": { "uv": [ 10, 6.5, 9.5, 7 ], "texture": "#makarov_ij70" },
				"west": { "uv": [ 9, 6.5, 10, 7 ], "texture": "#makarov_ij70" },
				"east": { "uv": [ 10, 6.5, 9, 7 ], "texture": "#makarov_ij70" }
			}
		},
		{
			"__comment": "makarov_ij7026",
			"from": [ 7, 9, 12 ],
			"to": [ 9, 9.5, 12.5 ],
			"faces": {
				"down": { "uv": [ 12, 6.5, 12.5, 7 ], "texture": "#makarov_ij70", "rotation": 270 },
				"up": { "uv": [ 12, 7, 12.5, 6.5 ], "texture": "#makarov_ij70", "rotation": 90 },
				"north": { "uv": [ 12, 6.5, 12.5, 7 ], "texture": "#makarov_ij70" },
				"south": { "uv": [ 12.5, 6.5, 12, 7 ], "texture": "#makarov_ij70" },
				"west": { "uv": [ 12, 6.5, 12.5, 7 ], "texture": "#makarov_ij70" },
				"east": { "uv": [ 12.5, 6.5, 12, 7 ], "texture": "#makarov_ij70" }
			}
		},
		{
			"__comment": "makarov_ij7027",
			"from": [ 6.5, 9, 10 ],
			"to": [ 9.5, 9.5, 12 ],
			"faces": {
				"down": { "uv": [ 10, 6.5, 12, 7 ], "texture": "#makarov_ij70", "rotation": 270 },
				"up": { "uv": [ 10, 7, 12, 6.5 ], "texture": "#makarov_ij70", "rotation": 90 },
				"north": { "uv": [ 10, 6.5, 10.5, 7 ], "texture": "#makarov_ij70" },
				"south": { "uv": [ 12, 6.5, 11.5, 7 ], "texture": "#makarov_ij70" },
				"west": { "uv": [ 10, 6.5, 12, 7 ], "texture": "#makarov_ij70" },
				"east": { "uv": [ 12, 6.5, 10, 7 ], "texture": "#makarov_ij70" }
			}
		},
		{
			"__comment": "makarov_ij7028",
			"from": [ 6.5, 8, 9 ],
			"to": [ 9.5, 8.5, 13 ],
			"faces": {
				"down": { "uv": [ 9, 7.5, 13, 8 ], "texture": "#makarov_ij70", "rotation": 270 },
				"up": { "uv": [ 9, 8, 13, 7.5 ], "texture": "#makarov_ij70", "rotation": 90 },
				"north": { "uv": [ 9, 7.5, 9.5, 8 ], "texture": "#makarov_ij70" },
				"south": { "uv": [ 13, 7.5, 12.5, 8 ], "texture": "#makarov_ij70" },
				"west": { "uv": [ 9, 7.5, 13, 8 ], "texture": "#makarov_ij70" },
				"east": { "uv": [ 13, 7.5, 9, 8 ], "texture": "#makarov_ij70" }
			}
		},
		{
			"__comment": "makarov_ij7029",
			"from": [ 6.5, 8.5, 9 ],
			"to": [ 9.5, 9, 12.5 ],
			"faces": {
				"down": { "uv": [ 9, 7, 12.5, 7.5 ], "texture": "#makarov_ij70", "rotation": 270 },
				"up": { "uv": [ 9, 7.5, 12.5, 7 ], "texture": "#makarov_ij70", "rotation": 90 },
				"north": { "uv": [ 9, 7, 9.5, 7.5 ], "texture": "#makarov_ij70" },
				"south": { "uv": [ 12.5, 7, 12, 7.5 ], "texture": "#makarov_ij70" },
				"west": { "uv": [ 9, 7, 12.5, 7.5 ], "texture": "#makarov_ij70" },
				"east": { "uv": [ 12.5, 7, 9, 7.5 ], "texture": "#makarov_ij70" }
			}
		},
		{
			"__comment": "makarov_ij7030",
			"from": [ 6.5, 7.5, 9.5 ],
			"to": [ 9.5, 8, 13 ],
			"faces": {
				"down": { "uv": [ 9.5, 8, 13, 8.5 ], "texture": "#makarov_ij70", "rotation": 270 },
				"up": { "uv": [ 9.5, 8.5, 13, 8 ], "texture": "#makarov_ij70", "rotation": 90 },
				"north": { "uv": [ 9.5, 8, 10, 8.5 ], "texture": "#makarov_ij70" },
				"south": { "uv": [ 13, 8, 12.5, 8.5 ], "texture": "#makarov_ij70" },
				"west": { "uv": [ 9.5, 8, 13, 8.5 ], "texture": "#makarov_ij70" },
				"east": { "uv": [ 13, 8, 9.5, 8.5 ], "texture": "#makarov_ij70" }
			}
		},
		{
			"__comment": "makarov_ij7031",
			"from": [ 6.5, 4, 10 ],
			"to": [ 9.5, 6, 14 ],
			"faces": {
				"down": { "uv": [ 10, 11.5, 14, 12 ], "texture": "#makarov_ij70", "rotation": 270 },
				"up": { "uv": [ 10, 10.5, 14, 10 ], "texture": "#makarov_ij70", "rotation": 90 },
				"north": { "uv": [ 10, 10, 10.5, 12 ], "texture": "#makarov_ij70" },
				"south": { "uv": [ 14, 10, 13.5, 12 ], "texture": "#makarov_ij70" },
				"west": { "uv": [ 10, 10, 14, 12 ], "texture": "#makarov_ij70" },
				"east": { "uv": [ 14, 10, 10, 12 ], "texture": "#makarov_ij70" }
			}
		},
		{
			"__comment": "makarov_ij7032",
			"from": [ 6.5, 2, 10.5 ],
			"to": [ 9.5, 4, 14.5 ],
			"faces": {
				"down": { "uv": [ 10.5, 13.5, 14.5, 14 ], "texture": "#makarov_ij70", "rotation": 270 },
				"up": { "uv": [ 10.5, 12.5, 14.5, 12 ], "texture": "#makarov_ij70", "rotation": 90 },
				"north": { "uv": [ 10.5, 12, 11, 14 ], "texture": "#makarov_ij70" },
				"south": { "uv": [ 14.5, 12, 14, 14 ], "texture": "#makarov_ij70" },
				"west": { "uv": [ 10.5, 12, 14.5, 14 ], "texture": "#makarov_ij70" },
				"east": { "uv": [ 14.5, 12, 10.5, 14 ], "texture": "#makarov_ij70" }
			}
		},
		{
			"__comment": "makarov_ij7033",
			"from": [ 6.5, 6, 9.5 ],
			"to": [ 9.5, 7.5, 13.5 ],
			"faces": {
				"down": { "uv": [ 9.5, 9.5, 13.5, 10 ], "texture": "#makarov_ij70", "rotation": 270 },
				"up": { "uv": [ 9.5, 9, 13.5, 8.5 ], "texture": "#makarov_ij70", "rotation": 90 },
				"north": { "uv": [ 9.5, 8.5, 10, 10 ], "texture": "#makarov_ij70" },
				"south": { "uv": [ 13.5, 8.5, 13, 10 ], "texture": "#makarov_ij70" },
				"west": { "uv": [ 9.5, 8.5, 13.5, 10 ], "texture": "#makarov_ij70" },
				"east": { "uv": [ 13.5, 8.5, 9.5, 10 ], "texture": "#makarov_ij70" }
			}
		},
		{
			"__comment": "makarov_ij7034",
			"from": [ 7.5, 6.5, 5 ],
			"to": [ 8.5, 7, 7 ],
			"faces": {
				"down": { "uv": [ 5, 9, 7, 9.5 ], "texture": "#makarov_ij70", "rotation": 270 },
				"up": { "uv": [ 5, 9.5, 7, 9 ], "texture": "#makarov_ij70", "rotation": 90 },
				"north": { "uv": [ 5, 9, 5.5, 9.5 ], "texture": "#makarov_ij70" },
				"south": { "uv": [ 7, 9, 6.5, 9.5 ], "texture": "#makarov_ij70" },
				"west": { "uv": [ 5, 9, 7, 9.5 ], "texture": "#makarov_ij70" },
				"east": { "uv": [ 7, 9, 5, 9.5 ], "texture": "#makarov_ij70" }
			}
		},
		{
			"__comment": "makarov_ij7035",
			"from": [ 7.5, 7, 4.5 ],
			"to": [ 8.5, 7.5, 5 ],
			"faces": {
				"down": { "uv": [ 4.5, 8.5, 5, 9 ], "texture": "#makarov_ij70", "rotation": 270 },
				"up": { "uv": [ 4.5, 9, 5, 8.5 ], "texture": "#makarov_ij70", "rotation": 90 },
				"north": { "uv": [ 4.5, 8.5, 5, 9 ], "texture": "#makarov_ij70" },
				"south": { "uv": [ 5, 8.5, 4.5, 9 ], "texture": "#makarov_ij70" },
				"west": { "uv": [ 4.5, 8.5, 5, 9 ], "texture": "#makarov_ij70" },
				"east": { "uv": [ 5, 8.5, 4.5, 9 ], "texture": "#makarov_ij70" }
			}
		},
		{
			"__comment": "makarov_ij7036",
			"from": [ 7.5, 7.5, 4 ],
			"to": [ 8.5, 9, 4.5 ],
			"faces": {
				"down": { "uv": [ 4, 8, 4.5, 8.5 ], "texture": "#makarov_ij70", "rotation": 270 },
				"up": { "uv": [ 4, 7.5, 4.5, 7 ], "texture": "#makarov_ij70", "rotation": 90 },
				"north": { "uv": [ 4, 7, 4.5, 8.5 ], "texture": "#makarov_ij70" },
				"south": { "uv": [ 4.5, 7, 4, 8.5 ], "texture": "#makarov_ij70" },
				"west": { "uv": [ 4, 7, 4.5, 8.5 ], "texture": "#makarov_ij70" },
				"east": { "uv": [ 4.5, 7, 4, 8.5 ], "texture": "#makarov_ij70" }
			}
		},
		{
			"__comment": "makarov_ij7037",
			"from": [ 7.5, 9, 4.5 ],
			"to": [ 8.5, 10, 5 ],
			"faces": {
				"down": { "uv": [ 4.5, 6.5, 5, 7 ], "texture": "#makarov_ij70", "rotation": 270 },
				"up": { "uv": [ 4.5, 6.5, 5, 6 ], "texture": "#makarov_ij70", "rotation": 90 },
				"north": { "uv": [ 4.5, 6, 5, 7 ], "texture": "#makarov_ij70" },
				"south": { "uv": [ 5, 6, 4.5, 7 ], "texture": "#makarov_ij70" },
				"west": { "uv": [ 4.5, 6, 5, 7 ], "texture": "#makarov_ij70" },
				"east": { "uv": [ 5, 6, 4.5, 7 ], "texture": "#makarov_ij70" }
			}
		},
		{
			"__comment": "makarov_ij7038",
			"from": [ 7.5, 9, 6.5 ],
			"to": [ 8.5, 9.5, 7.5 ],
			"faces": {
				"down": { "uv": [ 6.5, 6.5, 7.5, 7 ], "texture": "#makarov_ij70", "rotation": 270 },
				"up": { "uv": [ 6.5, 7, 7.5, 6.5 ], "texture": "#makarov_ij70", "rotation": 90 },
				"north": { "uv": [ 6.5, 6.5, 7, 7 ], "texture": "#makarov_ij70" },
				"south": { "uv": [ 7.5, 6.5, 7, 7 ], "texture": "#makarov_ij70" },
				"west": { "uv": [ 6.5, 6.5, 7.5, 7 ], "texture": "#makarov_ij70" },
				"east": { "uv": [ 7.5, 6.5, 6.5, 7 ], "texture": "#makarov_ij70" }
			}
		},
		{
			"__comment": "makarov_ij7039",
			"from": [ 7.5, 8.5, 6.5 ],
			"to": [ 8.5, 9, 7 ],
			"faces": {
				"down": { "uv": [ 6.5, 7, 7, 7.5 ], "texture": "#makarov_ij70", "rotation": 270 },
				"up": { "uv": [ 6.5, 7.5, 7, 7 ], "texture": "#makarov_ij70", "rotation": 90 },
				"north": { "uv": [ 6.5, 7, 7, 7.5 ], "texture": "#makarov_ij70" },
				"south": { "uv": [ 7, 7, 6.5, 7.5 ], "texture": "#makarov_ij70" },
				"west": { "uv": [ 6.5, 7, 7, 7.5 ], "texture": "#makarov_ij70" },
				"east": { "uv": [ 7, 7, 6.5, 7.5 ], "texture": "#makarov_ij70" }
			}
		},
		{
			"__comment": "makarov_ij7040",
			"from": [ 7.5, 8, 6 ],
			"to": [ 8.5, 8.5, 6.5 ],
			"faces": {
				"down": { "uv": [ 6, 7.5, 6.5, 8 ], "texture": "#makarov_ij70", "rotation": 270 },
				"up": { "uv": [ 6, 8, 6.5, 7.5 ], "texture": "#makarov_ij70", "rotation": 90 },
				"north": { "uv": [ 6, 7.5, 6.5, 8 ], "texture": "#makarov_ij70" },
				"south": { "uv": [ 6.5, 7.5, 6, 8 ], "texture": "#makarov_ij70" },
				"west": { "uv": [ 6, 7.5, 6.5, 8 ], "texture": "#makarov_ij70" },
				"east": { "uv": [ 6.5, 7.5, 6, 8 ], "texture": "#makarov_ij70" }
			}
		},
		{
			"__comment": "makarov_ij7041",
			"from": [ 7.5, 7.5, 5.5 ],
			"to": [ 8.5, 8, 6 ],
			"faces": {
				"down": { "uv": [ 5.5, 8, 6, 8.5 ], "texture": "#makarov_ij70", "rotation": 270 },
				"up": { "uv": [ 5.5, 8.5, 6, 8 ], "texture": "#makarov_ij70", "rotation": 90 },
				"north": { "uv": [ 5.5, 8, 6, 8.5 ], "texture": "#makarov_ij70" },
				"south": { "uv": [ 6, 8, 5.5, 8.5 ], "texture": "#makarov_ij70" },
				"west": { "uv": [ 5.5, 8, 6, 8.5 ], "texture": "#makarov_ij70" },
				"east": { "uv": [ 6, 8, 5.5, 8.5 ], "texture": "#makarov_ij70" }
			}
		},
		{
			"__comment": "makarov_ij7042",
			"from": [ 7.5, 14, 1 ],
			"to": [ 8.5, 14.5, 1.5 ],
			"faces": {
				"down": { "uv": [ 1, 1.5, 1.5, 2 ], "texture": "#makarov_ij70", "rotation": 270 },
				"up": { "uv": [ 1, 2, 1.5, 1.5 ], "texture": "#makarov_ij70", "rotation": 90 },
				"north": { "uv": [ 1, 1.5, 1.5, 2 ], "texture": "#makarov_ij70" },
				"south": { "uv": [ 1.5, 1.5, 1, 2 ], "texture": "#makarov_ij70" },
				"west": { "uv": [ 1, 1.5, 1.5, 2 ], "texture": "#makarov_ij70" },
				"east": { "uv": [ 1.5, 1.5, 1, 2 ], "texture": "#makarov_ij70" }
			}
		},
		{
			"__comment": "makarov_ij7043",
			"from": [ 7, 14, 11.5 ],
			"to": [ 7.5, 14.5, 12.5 ],
			"faces": {
				"down": { "uv": [ 11.5, 1.5, 12.5, 2 ], "texture": "#makarov_ij70", "rotation": 270 },
				"up": { "uv": [ 11.5, 2, 12.5, 1.5 ], "texture": "#makarov_ij70", "rotation": 90 },
				"north": { "uv": [ 11.5, 1.5, 12, 2 ], "texture": "#makarov_ij70" },
				"south": { "uv": [ 12.5, 1.5, 12, 2 ], "texture": "#makarov_ij70" },
				"west": { "uv": [ 11.5, 1.5, 12.5, 2 ], "texture": "#makarov_ij70" },
				"east": { "uv": [ 12.5, 1.5, 11.5, 2 ], "texture": "#makarov_ij70" }
			}
		},
		{
			"__comment": "makarov_ij7044",
			"from": [ 7.5, 12, 15 ],
			"to": [ 8.5, 12.5, 16 ],
			"faces": {
				"down": { "uv": [ 15, 3.5, 16, 4 ], "texture": "#makarov_ij70", "rotation": 270 },
				"up": { "uv": [ 15, 4, 16, 3.5 ], "texture": "#makarov_ij70", "rotation": 90 },
				"north": { "uv": [ 15, 3.5, 15.5, 4 ], "texture": "#makarov_ij70" },
				"south": { "uv": [ 16, 3.5, 15.5, 4 ], "texture": "#makarov_ij70" },
				"west": { "uv": [ 15, 3.5, 16, 4 ], "texture": "#makarov_ij70" },
				"east": { "uv": [ 16, 3.5, 15, 4 ], "texture": "#makarov_ij70" }
			}
		},
		{
			"__comment": "makarov_ij7045",
			"from": [ 7, 11.5, 14.5 ],
			"to": [ 9, 13, 15 ],
			"faces": {
				"down": { "uv": [ 14.5, 4, 15, 4.5 ], "texture": "#makarov_ij70", "rotation": 270 },
				"up": { "uv": [ 14.5, 3.5, 15, 3 ], "texture": "#makarov_ij70", "rotation": 90 },
				"north": { "uv": [ 14.5, 3, 15, 4.5 ], "texture": "#makarov_ij70" },
				"south": { "uv": [ 15, 3, 14.5, 4.5 ], "texture": "#makarov_ij70" },
				"west": { "uv": [ 14.5, 3, 15, 4.5 ], "texture": "#makarov_ij70" },
				"east": { "uv": [ 15, 3, 14.5, 4.5 ], "texture": "#makarov_ij70" }
			}
		},
		{
			"__comment": "makarov_ij7046",
			"from": [ 7, 11, 15 ],
			"to": [ 9, 12, 15.5 ],
			"faces": {
				"down": { "uv": [ 15, 4.5, 15.5, 5 ], "texture": "#makarov_ij70", "rotation": 270 },
				"up": { "uv": [ 15, 4.5, 15.5, 4 ], "texture": "#makarov_ij70", "rotation": 90 },
				"north": { "uv": [ 15, 4, 15.5, 5 ], "texture": "#makarov_ij70" },
				"south": { "uv": [ 15.5, 4, 15, 5 ], "texture": "#makarov_ij70" },
				"west": { "uv": [ 15, 4, 15.5, 5 ], "texture": "#makarov_ij70" },
				"east": { "uv": [ 15.5, 4, 15, 5 ], "texture": "#makarov_ij70" }
			}
		},
		{
			"__comment": "makarov_ij7047",
			"from": [ 7.5, 11.5, 15.5 ],
			"to": [ 8.5, 12, 16 ],
			"faces": {
				"down": { "uv": [ 15.5, 4, 16, 4.5 ], "texture": "#makarov_ij70", "rotation": 270 },
				"up": { "uv": [ 15.5, 4.5, 16, 4 ], "texture": "#makarov_ij70", "rotation": 90 },
				"north": { "uv": [ 15.5, 4, 16, 4.5 ], "texture": "#makarov_ij70" },
				"south": { "uv": [ 16, 4, 15.5, 4.5 ], "texture": "#makarov_ij70" },
				"west": { "uv": [ 15.5, 4, 16, 4.5 ], "texture": "#makarov_ij70" },
				"east": { "uv": [ 16, 4, 15.5, 4.5 ], "texture": "#makarov_ij70" }
			}
		},
		{
			"__comment": "makarov_ij7048",
			"from": [ 7, 8.5, 12.5 ],
			"to": [ 9, 9, 13 ],
			"faces": {
				"down": { "uv": [ 12.5, 7, 13, 7.5 ], "texture": "#makarov_ij70", "rotation": 270 },
				"up": { "uv": [ 12.5, 7.5, 13, 7 ], "texture": "#makarov_ij70", "rotation": 90 },
				"north": { "uv": [ 12.5, 7, 13, 7.5 ], "texture": "#makarov_ij70" },
				"south": { "uv": [ 13, 7, 12.5, 7.5 ], "texture": "#makarov_ij70" },
				"west": { "uv": [ 12.5, 7, 13, 7.5 ], "texture": "#makarov_ij70" },
				"east": { "uv": [ 13, 7, 12.5, 7.5 ], "texture": "#makarov_ij70" }
			}
		},
		{
			"__comment": "makarov_ij7049",
			"from": [ 7, 6, 9 ],
			"to": [ 9, 8, 9.5 ],
			"faces": {
				"down": { "uv": [ 9, 9.5, 9.5, 10 ], "texture": "#makarov_ij70", "rotation": 270 },
				"up": { "uv": [ 9, 8.5, 9.5, 8 ], "texture": "#makarov_ij70", "rotation": 90 },
				"north": { "uv": [ 9, 8, 9.5, 10 ], "texture": "#makarov_ij70" },
				"south": { "uv": [ 9.5, 8, 9, 10 ], "texture": "#makarov_ij70" },
				"west": { "uv": [ 9, 8, 9.5, 10 ], "texture": "#makarov_ij70" },
				"east": { "uv": [ 9.5, 8, 9, 10 ], "texture": "#makarov_ij70" }
			}
		},
		{
			"__comment": "makarov_ij7050",
			"from": [ 7, 8, 8.5 ],
			"to": [ 9, 9.5, 9 ],
			"faces": {
				"down": { "uv": [ 8.5, 7.5, 9, 8 ], "texture": "#makarov_ij70", "rotation": 270 },
				"up": { "uv": [ 8.5, 7, 9, 6.5 ], "texture": "#makarov_ij70", "rotation": 90 },
				"north": { "uv": [ 8.5, 6.5, 9, 8 ], "texture": "#makarov_ij70" },
				"south": { "uv": [ 9, 6.5, 8.5, 8 ], "texture": "#makarov_ij70" },
				"west": { "uv": [ 8.5, 6.5, 9, 8 ], "texture": "#makarov_ij70" },
				"east": { "uv": [ 9, 6.5, 8.5, 8 ], "texture": "#makarov_ij70" }
			}
		},
		{
			"__comment": "makarov_ij7051",
			"from": [ 8.5, 14, 11.5 ],
			"to": [ 9, 14.5, 12.5 ],
			"faces": {
				"down": { "uv": [ 11.5, 1.5, 12.5, 2 ], "texture": "#makarov_ij70", "rotation": 270 },
				"up": { "uv": [ 11.5, 2, 12.5, 1.5 ], "texture": "#makarov_ij70", "rotation": 90 },
				"north": { "uv": [ 11.5, 1.5, 12, 2 ], "texture": "#makarov_ij70" },
				"south": { "uv": [ 12.5, 1.5, 12, 2 ], "texture": "#makarov_ij70" },
				"west": { "uv": [ 11.5, 1.5, 12.5, 2 ], "texture": "#makarov_ij70" },
				"east": { "uv": [ 12.5, 1.5, 11.5, 2 ], "texture": "#makarov_ij70" }
			}
		},
		{
			"__comment": "makarov_ij7052",
			"from": [ 6.5, 11.5, 14.5 ],
			"to": [ 9.5, 12, 15 ],
			"faces": {
				"down": { "uv": [ 14.5, 4, 15, 4.5 ], "texture": "#makarov_ij70", "rotation": 270 },
				"up": { "uv": [ 14.5, 4.5, 15, 4 ], "texture": "#makarov_ij70", "rotation": 90 },
				"north": { "uv": [ 14.5, 4, 15, 4.5 ], "texture": "#makarov_ij70" },
				"south": { "uv": [ 15, 4, 14.5, 4.5 ], "texture": "#makarov_ij70" },
				"west": { "uv": [ 14.5, 4, 15, 4.5 ], "texture": "#makarov_ij70" },
				"east": { "uv": [ 15, 4, 14.5, 4.5 ], "texture": "#makarov_ij70" }
			}
		}
	],
	"display": {
		"thirdperson_righthand": {
			"translation":  [ 0, -1, 1 ],
			"scale":  [ 0.5, 0.5, 0.5 ]
		},
		"thirdperson_lefthand": {
			"rotation":  [ -45, 0, 0 ],
			"translation":  [ -10, -3, 0 ],
			"scale":  [ 0.5, 0.5, 0.5 ]
		},
		"firstperson_righthand": {
			"rotation":  [ 15, 0, -45 ],
			"translation":  [ -6, -3, -12 ]
		},
		"firstperson_lefthand": {
			"scale":  [ 0.0001, 0.0001, 0.0001 ]
		},
		"gui": {
			"rotation":  [ 30, 135, 0 ],
			"scale":  [ 0.625, 0.625, 0.625 ]
		},
		"head": {
			"scale":  [ 0.0001, 0.0001, 0.0001 ]
		},
		"ground": {
			"rotation":  [ 0, 0, 90 ],
			"scale":  [ 0.5, 0.5, 0.5 ]
		},
		"fixed": {
			"rotation":  [ 0, -90, 0 ]
		}
	}
}