{
	"__comment": "Designed by Optimus0812 with Cubik Studio - https://cubik.studio",
	"textures": {
		"p1": "dayz/weapon/gun/handgun/p1"
	},
	"elements": [ 	 
		{
			"__comment": "p11",
			"from": [ 7.5, 13, 0 ],
			"to": [ 8.5, 14, 1 ],
			"faces": {
				"down": { "uv": [ 0, 2.5, 1, 3 ], "texture": "#p1", "rotation": 270 },
				"up": { "uv": [ 0, 2.5, 1, 2 ], "texture": "#p1", "rotation": 90 },
				"north": { "uv": [ 0, 2, 0.5, 3 ], "texture": "#p1" },
				"south": { "uv": [ 1, 2, 0.5, 3 ], "texture": "#p1" },
				"west": { "uv": [ 0, 2, 1, 3 ], "texture": "#p1" },
				"east": { "uv": [ 1, 2, 0, 3 ], "texture": "#p1" }
			}
		},
		{
			"__comment": "p12",
			"from": [ 7.5, 12, 0 ],
			"to": [ 8.5, 13, 5 ],
			"faces": {
				"down": { "uv": [ 0, 3.5, 5, 4 ], "texture": "#p1", "rotation": 270 },
				"up": { "uv": [ 0, 3.5, 5, 3 ], "texture": "#p1", "rotation": 90 },
				"north": { "uv": [ 0, 3, 0.5, 4 ], "texture": "#p1" },
				"south": { "uv": [ 5, 3, 4.5, 4 ], "texture": "#p1" },
				"west": { "uv": [ 0, 3, 5, 4 ], "texture": "#p1" },
				"east": { "uv": [ 5, 3, 0, 4 ], "texture": "#p1" }
			}
		},
		{
			"__comment": "p13",
			"from": [ 7.5, 13, 5 ],
			"to": [ 8.5, 13.5, 6 ],
			"faces": {
				"down": { "uv": [ 5, 2.5, 6, 3 ], "texture": "#p1", "rotation": 270 },
				"up": { "uv": [ 5, 3, 6, 2.5 ], "texture": "#p1", "rotation": 90 },
				"north": { "uv": [ 5, 2.5, 5.5, 3 ], "texture": "#p1" },
				"south": { "uv": [ 6, 2.5, 5.5, 3 ], "texture": "#p1" },
				"west": { "uv": [ 5, 2.5, 6, 3 ], "texture": "#p1" },
				"east": { "uv": [ 6, 2.5, 5, 3 ], "texture": "#p1" }
			}
		},
		{
			"__comment": "p14",
			"from": [ 7.5, 13, 9 ],
			"to": [ 8.5, 13.5, 14.5 ],
			"faces": {
				"down": { "uv": [ 9, 2.5, 14.5, 3 ], "texture": "#p1", "rotation": 270 },
				"up": { "uv": [ 9, 3, 14.5, 2.5 ], "texture": "#p1", "rotation": 90 },
				"north": { "uv": [ 9, 2.5, 9.5, 3 ], "texture": "#p1" },
				"south": { "uv": [ 14.5, 2.5, 14, 3 ], "texture": "#p1" },
				"west": { "uv": [ 9, 2.5, 14.5, 3 ], "texture": "#p1" },
				"east": { "uv": [ 14.5, 2.5, 9, 3 ], "texture": "#p1" }
			}
		},
		{
			"__comment": "p15",
			"from": [ 7.5, 12, 14.5 ],
			"to": [ 8.5, 13, 15 ],
			"faces": {
				"down": { "uv": [ 14.5, 3.5, 15, 4 ], "texture": "#p1", "rotation": 270 },
				"up": { "uv": [ 14.5, 3.5, 15, 3 ], "texture": "#p1", "rotation": 90 },
				"north": { "uv": [ 14.5, 3, 15, 4 ], "texture": "#p1" },
				"south": { "uv": [ 15, 3, 14.5, 4 ], "texture": "#p1" },
				"west": { "uv": [ 14.5, 3, 15, 4 ], "texture": "#p1" },
				"east": { "uv": [ 15, 3, 14.5, 4 ], "texture": "#p1" }
			}
		},
		{
			"__comment": "p16",
			"from": [ 7, 11.5, 5 ],
			"to": [ 9, 13, 6 ],
			"faces": {
				"down": { "uv": [ 5, 4, 6, 4.5 ], "texture": "#p1", "rotation": 270 },
				"up": { "uv": [ 5, 3.5, 6, 3 ], "texture": "#p1", "rotation": 90 },
				"north": { "uv": [ 5, 3, 5.5, 4.5 ], "texture": "#p1" },
				"south": { "uv": [ 6, 3, 5.5, 4.5 ], "texture": "#p1" },
				"west": { "uv": [ 5, 3, 6, 4.5 ], "texture": "#p1" },
				"east": { "uv": [ 6, 3, 5, 4.5 ], "texture": "#p1" }
			}
		},
		{
			"__comment": "p17",
			"from": [ 7.5, 12.5, 6 ],
			"to": [ 8.5, 13, 9 ],
			"faces": {
				"down": { "uv": [ 6, 3, 9, 3.5 ], "texture": "#p1", "rotation": 270 },
				"up": { "uv": [ 6, 3.5, 9, 3 ], "texture": "#p1", "rotation": 90 },
				"north": { "uv": [ 6, 3, 6.5, 3.5 ], "texture": "#p1" },
				"south": { "uv": [ 9, 3, 8.5, 3.5 ], "texture": "#p1" },
				"west": { "uv": [ 6, 3, 9, 3.5 ], "texture": "#p1" },
				"east": { "uv": [ 9, 3, 6, 3.5 ], "texture": "#p1" }
			}
		},
		{
			"__comment": "p18",
			"from": [ 7, 11.5, 6 ],
			"to": [ 9, 12.5, 9 ],
			"faces": {
				"down": { "uv": [ 6, 4, 9, 4.5 ], "texture": "#p1", "rotation": 270 },
				"up": { "uv": [ 6, 4, 9, 3.5 ], "texture": "#p1", "rotation": 90 },
				"north": { "uv": [ 6, 3.5, 6.5, 4.5 ], "texture": "#p1" },
				"south": { "uv": [ 9, 3.5, 8.5, 4.5 ], "texture": "#p1" },
				"west": { "uv": [ 6, 3.5, 9, 4.5 ], "texture": "#p1" },
				"east": { "uv": [ 9, 3.5, 6, 4.5 ], "texture": "#p1" }
			}
		},
		{
			"__comment": "p19",
			"from": [ 7, 11.5, 9 ],
			"to": [ 9, 13, 14.5 ],
			"faces": {
				"down": { "uv": [ 9, 4, 14.5, 4.5 ], "texture": "#p1", "rotation": 270 },
				"up": { "uv": [ 9, 3.5, 14.5, 3 ], "texture": "#p1", "rotation": 90 },
				"north": { "uv": [ 9, 3, 9.5, 4.5 ], "texture": "#p1" },
				"south": { "uv": [ 14.5, 3, 14, 4.5 ], "texture": "#p1" },
				"west": { "uv": [ 9, 3, 14.5, 4.5 ], "texture": "#p1" },
				"east": { "uv": [ 14.5, 3, 9, 4.5 ], "texture": "#p1" }
			}
		},
		{
			"__comment": "p110",
			"from": [ 7.5, 11, 5 ],
			"to": [ 8.5, 11.5, 5.5 ],
			"faces": {
				"down": { "uv": [ 5, 4.5, 5.5, 5 ], "texture": "#p1", "rotation": 270 },
				"up": { "uv": [ 5, 5, 5.5, 4.5 ], "texture": "#p1", "rotation": 90 },
				"north": { "uv": [ 5, 4.5, 5.5, 5 ], "texture": "#p1" },
				"south": { "uv": [ 5.5, 4.5, 5, 5 ], "texture": "#p1" },
				"west": { "uv": [ 5, 4.5, 5.5, 5 ], "texture": "#p1" },
				"east": { "uv": [ 5.5, 4.5, 5, 5 ], "texture": "#p1" }
			}
		},
		{
			"__comment": "p111",
			"from": [ 7.5, 10.5, 5.5 ],
			"to": [ 8.5, 11, 6 ],
			"faces": {
				"down": { "uv": [ 5.5, 5, 6, 5.5 ], "texture": "#p1", "rotation": 270 },
				"up": { "uv": [ 5.5, 5.5, 6, 5 ], "texture": "#p1", "rotation": 90 },
				"north": { "uv": [ 5.5, 5, 6, 5.5 ], "texture": "#p1" },
				"south": { "uv": [ 6, 5, 5.5, 5.5 ], "texture": "#p1" },
				"west": { "uv": [ 5.5, 5, 6, 5.5 ], "texture": "#p1" },
				"east": { "uv": [ 6, 5, 5.5, 5.5 ], "texture": "#p1" }
			}
		},
		{
			"__comment": "p112",
			"from": [ 7.5, 10, 6 ],
			"to": [ 8.5, 10.5, 10.5 ],
			"faces": {
				"down": { "uv": [ 6, 5.5, 10.5, 6 ], "texture": "#p1", "rotation": 270 },
				"up": { "uv": [ 6, 6, 10.5, 5.5 ], "texture": "#p1", "rotation": 90 },
				"north": { "uv": [ 6, 5.5, 6.5, 6 ], "texture": "#p1" },
				"south": { "uv": [ 10.5, 5.5, 10, 6 ], "texture": "#p1" },
				"west": { "uv": [ 6, 5.5, 10.5, 6 ], "texture": "#p1" },
				"east": { "uv": [ 10.5, 5.5, 6, 6 ], "texture": "#p1" }
			}
		},
		{
			"__comment": "p113",
			"from": [ 7.5, 9.5, 7 ],
			"to": [ 8.5, 10, 8 ],
			"faces": {
				"down": { "uv": [ 7, 6, 8, 6.5 ], "texture": "#p1", "rotation": 270 },
				"up": { "uv": [ 7, 6.5, 8, 6 ], "texture": "#p1", "rotation": 90 },
				"north": { "uv": [ 7, 6, 7.5, 6.5 ], "texture": "#p1" },
				"south": { "uv": [ 8, 6, 7.5, 6.5 ], "texture": "#p1" },
				"west": { "uv": [ 7, 6, 8, 6.5 ], "texture": "#p1" },
				"east": { "uv": [ 8, 6, 7, 6.5 ], "texture": "#p1" }
			}
		},
		{
			"__comment": "p114",
			"from": [ 7.5, 8.5, 7.5 ],
			"to": [ 8.5, 9.5, 8 ],
			"faces": {
				"down": { "uv": [ 7.5, 7, 8, 7.5 ], "texture": "#p1", "rotation": 270 },
				"up": { "uv": [ 7.5, 7, 8, 6.5 ], "texture": "#p1", "rotation": 90 },
				"north": { "uv": [ 7.5, 6.5, 8, 7.5 ], "texture": "#p1" },
				"south": { "uv": [ 8, 6.5, 7.5, 7.5 ], "texture": "#p1" },
				"west": { "uv": [ 7.5, 6.5, 8, 7.5 ], "texture": "#p1" },
				"east": { "uv": [ 8, 6.5, 7.5, 7.5 ], "texture": "#p1" }
			}
		},
		{
			"__comment": "p115",
			"from": [ 7.5, 8, 8 ],
			"to": [ 8.5, 8.5, 10.5 ],
			"faces": {
				"down": { "uv": [ 8, 7.5, 10.5, 8 ], "texture": "#p1", "rotation": 270 },
				"up": { "uv": [ 8, 8, 10.5, 7.5 ], "texture": "#p1", "rotation": 90 },
				"north": { "uv": [ 8, 7.5, 8.5, 8 ], "texture": "#p1" },
				"south": { "uv": [ 10.5, 7.5, 10, 8 ], "texture": "#p1" },
				"west": { "uv": [ 8, 7.5, 10.5, 8 ], "texture": "#p1" },
				"east": { "uv": [ 10.5, 7.5, 8, 8 ], "texture": "#p1" }
			}
		},
		{
			"__comment": "p116",
			"from": [ 7.5, 8.5, 8.5 ],
			"to": [ 8.5, 9, 9 ],
			"faces": {
				"down": { "uv": [ 8.5, 7, 9, 7.5 ], "texture": "#p1", "rotation": 270 },
				"up": { "uv": [ 8.5, 7.5, 9, 7 ], "texture": "#p1", "rotation": 90 },
				"north": { "uv": [ 8.5, 7, 9, 7.5 ], "texture": "#p1" },
				"south": { "uv": [ 9, 7, 8.5, 7.5 ], "texture": "#p1" },
				"west": { "uv": [ 8.5, 7, 9, 7.5 ], "texture": "#p1" },
				"east": { "uv": [ 9, 7, 8.5, 7.5 ], "texture": "#p1" }
			}
		},
		{
			"__comment": "p117",
			"from": [ 7.5, 9, 9 ],
			"to": [ 8.5, 9.5, 9.5 ],
			"faces": {
				"down": { "uv": [ 9, 6.5, 9.5, 7 ], "texture": "#p1", "rotation": 270 },
				"up": { "uv": [ 9, 7, 9.5, 6.5 ], "texture": "#p1", "rotation": 90 },
				"north": { "uv": [ 9, 6.5, 9.5, 7 ], "texture": "#p1" },
				"south": { "uv": [ 9.5, 6.5, 9, 7 ], "texture": "#p1" },
				"west": { "uv": [ 9, 6.5, 9.5, 7 ], "texture": "#p1" },
				"east": { "uv": [ 9.5, 6.5, 9, 7 ], "texture": "#p1" }
			}
		},
		{
			"__comment": "p118",
			"from": [ 7.5, 9.5, 9 ],
			"to": [ 8.5, 10, 10 ],
			"faces": {
				"down": { "uv": [ 9, 6, 10, 6.5 ], "texture": "#p1", "rotation": 270 },
				"up": { "uv": [ 9, 6.5, 10, 6 ], "texture": "#p1", "rotation": 90 },
				"north": { "uv": [ 9, 6, 9.5, 6.5 ], "texture": "#p1" },
				"south": { "uv": [ 10, 6, 9.5, 6.5 ], "texture": "#p1" },
				"west": { "uv": [ 9, 6, 10, 6.5 ], "texture": "#p1" },
				"east": { "uv": [ 10, 6, 9, 6.5 ], "texture": "#p1" }
			}
		},
		{
			"__comment": "p119",
			"from": [ 7.5, 8, 8 ],
			"to": [ 8.5, 8.5, 10.5 ],
			"faces": {
				"down": { "uv": [ 8, 7.5, 10.5, 8 ], "texture": "#p1", "rotation": 270 },
				"up": { "uv": [ 8, 8, 10.5, 7.5 ], "texture": "#p1", "rotation": 90 },
				"north": { "uv": [ 8, 7.5, 8.5, 8 ], "texture": "#p1" },
				"south": { "uv": [ 10.5, 7.5, 10, 8 ], "texture": "#p1" },
				"west": { "uv": [ 8, 7.5, 10.5, 8 ], "texture": "#p1" },
				"east": { "uv": [ 10.5, 7.5, 8, 8 ], "texture": "#p1" }
			}
		},
		{
			"__comment": "p120",
			"from": [ 7, 10, 11 ],
			"to": [ 9, 10.5, 14.5 ],
			"faces": {
				"down": { "uv": [ 11, 5.5, 14.5, 6 ], "texture": "#p1", "rotation": 270 },
				"up": { "uv": [ 11, 6, 14.5, 5.5 ], "texture": "#p1", "rotation": 90 },
				"north": { "uv": [ 11, 5.5, 11.5, 6 ], "texture": "#p1" },
				"south": { "uv": [ 14.5, 5.5, 14, 6 ], "texture": "#p1" },
				"west": { "uv": [ 11, 5.5, 14.5, 6 ], "texture": "#p1" },
				"east": { "uv": [ 14.5, 5.5, 11, 6 ], "texture": "#p1" }
			}
		},
		{
			"__comment": "p121",
			"from": [ 7, 9.5, 11 ],
			"to": [ 9, 10, 14 ],
			"faces": {
				"down": { "uv": [ 11, 6, 14, 6.5 ], "texture": "#p1", "rotation": 270 },
				"up": { "uv": [ 11, 6.5, 14, 6 ], "texture": "#p1", "rotation": 90 },
				"north": { "uv": [ 11, 6, 11.5, 6.5 ], "texture": "#p1" },
				"south": { "uv": [ 14, 6, 13.5, 6.5 ], "texture": "#p1" },
				"west": { "uv": [ 11, 6, 14, 6.5 ], "texture": "#p1" },
				"east": { "uv": [ 14, 6, 11, 6.5 ], "texture": "#p1" }
			}
		},
		{
			"__comment": "p122",
			"from": [ 7, 8.5, 11 ],
			"to": [ 9, 9.5, 14 ],
			"faces": {
				"down": { "uv": [ 11, 7, 14, 7.5 ], "texture": "#p1", "rotation": 270 },
				"up": { "uv": [ 11, 7, 14, 6.5 ], "texture": "#p1", "rotation": 90 },
				"north": { "uv": [ 11, 6.5, 11.5, 7.5 ], "texture": "#p1" },
				"south": { "uv": [ 14, 6.5, 13.5, 7.5 ], "texture": "#p1" },
				"west": { "uv": [ 11, 6.5, 14, 7.5 ], "texture": "#p1" },
				"east": { "uv": [ 14, 6.5, 11, 7.5 ], "texture": "#p1" }
			}
		},
		{
			"__comment": "p123",
			"from": [ 7, 8, 11 ],
			"to": [ 9, 8.5, 14 ],
			"faces": {
				"down": { "uv": [ 11, 7.5, 14, 8 ], "texture": "#p1", "rotation": 270 },
				"up": { "uv": [ 11, 8, 14, 7.5 ], "texture": "#p1", "rotation": 90 },
				"north": { "uv": [ 11, 7.5, 11.5, 8 ], "texture": "#p1" },
				"south": { "uv": [ 14, 7.5, 13.5, 8 ], "texture": "#p1" },
				"west": { "uv": [ 11, 7.5, 14, 8 ], "texture": "#p1" },
				"east": { "uv": [ 14, 7.5, 11, 8 ], "texture": "#p1" }
			}
		},
		{
			"__comment": "p124",
			"from": [ 7, 7.5, 11 ],
			"to": [ 9, 8, 14.5 ],
			"faces": {
				"down": { "uv": [ 11, 8, 14.5, 8.5 ], "texture": "#p1", "rotation": 270 },
				"up": { "uv": [ 11, 8.5, 14.5, 8 ], "texture": "#p1", "rotation": 90 },
				"north": { "uv": [ 11, 8, 11.5, 8.5 ], "texture": "#p1" },
				"south": { "uv": [ 14.5, 8, 14, 8.5 ], "texture": "#p1" },
				"west": { "uv": [ 11, 8, 14.5, 8.5 ], "texture": "#p1" },
				"east": { "uv": [ 14.5, 8, 11, 8.5 ], "texture": "#p1" }
			}
		},
		{
			"__comment": "p125",
			"from": [ 7, 6.5, 11.5 ],
			"to": [ 9, 7.5, 14.5 ],
			"faces": {
				"down": { "uv": [ 11.5, 9, 14.5, 9.5 ], "texture": "#p1", "rotation": 270 },
				"up": { "uv": [ 11.5, 9, 14.5, 8.5 ], "texture": "#p1", "rotation": 90 },
				"north": { "uv": [ 11.5, 8.5, 12, 9.5 ], "texture": "#p1" },
				"south": { "uv": [ 14.5, 8.5, 14, 9.5 ], "texture": "#p1" },
				"west": { "uv": [ 11.5, 8.5, 14.5, 9.5 ], "texture": "#p1" },
				"east": { "uv": [ 14.5, 8.5, 11.5, 9.5 ], "texture": "#p1" }
			}
		},
		{
			"__comment": "p126",
			"from": [ 7, 5.5, 11.5 ],
			"to": [ 9, 6.5, 15 ],
			"faces": {
				"down": { "uv": [ 11.5, 10, 15, 10.5 ], "texture": "#p1", "rotation": 270 },
				"up": { "uv": [ 11.5, 10, 15, 9.5 ], "texture": "#p1", "rotation": 90 },
				"north": { "uv": [ 11.5, 9.5, 12, 10.5 ], "texture": "#p1" },
				"south": { "uv": [ 15, 9.5, 14.5, 10.5 ], "texture": "#p1" },
				"west": { "uv": [ 11.5, 9.5, 15, 10.5 ], "texture": "#p1" },
				"east": { "uv": [ 15, 9.5, 11.5, 10.5 ], "texture": "#p1" }
			}
		},
		{
			"__comment": "p127",
			"from": [ 7, 3.5, 12 ],
			"to": [ 9, 5.5, 15 ],
			"faces": {
				"down": { "uv": [ 12, 12, 15, 12.5 ], "texture": "#p1", "rotation": 270 },
				"up": { "uv": [ 12, 11, 15, 10.5 ], "texture": "#p1", "rotation": 90 },
				"north": { "uv": [ 12, 10.5, 12.5, 12.5 ], "texture": "#p1" },
				"south": { "uv": [ 15, 10.5, 14.5, 12.5 ], "texture": "#p1" },
				"west": { "uv": [ 12, 10.5, 15, 12.5 ], "texture": "#p1" },
				"east": { "uv": [ 15, 10.5, 12, 12.5 ], "texture": "#p1" }
			}
		},
		{
			"__comment": "p128",
			"from": [ 7, 3, 11.5 ],
			"to": [ 9, 3.5, 15 ],
			"faces": {
				"down": { "uv": [ 11.5, 12.5, 15, 13 ], "texture": "#p1", "rotation": 270 },
				"up": { "uv": [ 11.5, 13, 15, 12.5 ], "texture": "#p1", "rotation": 90 },
				"north": { "uv": [ 11.5, 12.5, 12, 13 ], "texture": "#p1" },
				"south": { "uv": [ 15, 12.5, 14.5, 13 ], "texture": "#p1" },
				"west": { "uv": [ 11.5, 12.5, 15, 13 ], "texture": "#p1" },
				"east": { "uv": [ 15, 12.5, 11.5, 13 ], "texture": "#p1" }
			}
		},
		{
			"__comment": "p129",
			"from": [ 7, 2.5, 11 ],
			"to": [ 9, 3, 15 ],
			"faces": {
				"down": { "uv": [ 11, 13, 15, 13.5 ], "texture": "#p1", "rotation": 270 },
				"up": { "uv": [ 11, 13.5, 15, 13 ], "texture": "#p1", "rotation": 90 },
				"north": { "uv": [ 11, 13, 11.5, 13.5 ], "texture": "#p1" },
				"south": { "uv": [ 15, 13, 14.5, 13.5 ], "texture": "#p1" },
				"west": { "uv": [ 11, 13, 15, 13.5 ], "texture": "#p1" },
				"east": { "uv": [ 15, 13, 11, 13.5 ], "texture": "#p1" }
			}
		},
		{
			"__comment": "p130",
			"from": [ 7.5, 7.5, 10.5 ],
			"to": [ 8.5, 10.5, 11 ],
			"faces": {
				"down": { "uv": [ 10.5, 8, 11, 8.5 ], "texture": "#p1", "rotation": 270 },
				"up": { "uv": [ 10.5, 6, 11, 5.5 ], "texture": "#p1", "rotation": 90 },
				"north": { "uv": [ 10.5, 5.5, 11, 8.5 ], "texture": "#p1" },
				"south": { "uv": [ 11, 5.5, 10.5, 8.5 ], "texture": "#p1" },
				"west": { "uv": [ 10.5, 5.5, 11, 8.5 ], "texture": "#p1" },
				"east": { "uv": [ 11, 5.5, 10.5, 8.5 ], "texture": "#p1" }
			}
		},
		{
			"__comment": "p131",
			"from": [ 7.5, 5.5, 11 ],
			"to": [ 8.5, 7.5, 11.5 ],
			"faces": {
				"down": { "uv": [ 11, 10, 11.5, 10.5 ], "texture": "#p1", "rotation": 270 },
				"up": { "uv": [ 11, 9, 11.5, 8.5 ], "texture": "#p1", "rotation": 90 },
				"north": { "uv": [ 11, 8.5, 11.5, 10.5 ], "texture": "#p1" },
				"south": { "uv": [ 11.5, 8.5, 11, 10.5 ], "texture": "#p1" },
				"west": { "uv": [ 11, 8.5, 11.5, 10.5 ], "texture": "#p1" },
				"east": { "uv": [ 11.5, 8.5, 11, 10.5 ], "texture": "#p1" }
			}
		},
		{
			"__comment": "p132",
			"from": [ 7.5, 3.5, 11.5 ],
			"to": [ 8.5, 5.5, 12 ],
			"faces": {
				"down": { "uv": [ 11.5, 12, 12, 12.5 ], "texture": "#p1", "rotation": 270 },
				"up": { "uv": [ 11.5, 11, 12, 10.5 ], "texture": "#p1", "rotation": 90 },
				"north": { "uv": [ 11.5, 10.5, 12, 12.5 ], "texture": "#p1" },
				"south": { "uv": [ 12, 10.5, 11.5, 12.5 ], "texture": "#p1" },
				"west": { "uv": [ 11.5, 10.5, 12, 12.5 ], "texture": "#p1" },
				"east": { "uv": [ 12, 10.5, 11.5, 12.5 ], "texture": "#p1" }
			}
		},
		{
			"__comment": "p133",
			"from": [ 7.5, 3, 11 ],
			"to": [ 8.5, 3.5, 11.5 ],
			"faces": {
				"down": { "uv": [ 11, 12.5, 11.5, 13 ], "texture": "#p1", "rotation": 270 },
				"up": { "uv": [ 11, 13, 11.5, 12.5 ], "texture": "#p1", "rotation": 90 },
				"north": { "uv": [ 11, 12.5, 11.5, 13 ], "texture": "#p1" },
				"south": { "uv": [ 11.5, 12.5, 11, 13 ], "texture": "#p1" },
				"west": { "uv": [ 11, 12.5, 11.5, 13 ], "texture": "#p1" },
				"east": { "uv": [ 11.5, 12.5, 11, 13 ], "texture": "#p1" }
			}
		},
		{
			"__comment": "p134",
			"from": [ 7.5, 3, 15 ],
			"to": [ 8.5, 6.5, 15.5 ],
			"faces": {
				"down": { "uv": [ 15, 12.5, 15.5, 13 ], "texture": "#p1", "rotation": 270 },
				"up": { "uv": [ 15, 10, 15.5, 9.5 ], "texture": "#p1", "rotation": 90 },
				"north": { "uv": [ 15, 9.5, 15.5, 13 ], "texture": "#p1" },
				"south": { "uv": [ 15.5, 9.5, 15, 13 ], "texture": "#p1" },
				"west": { "uv": [ 15, 9.5, 15.5, 13 ], "texture": "#p1" },
				"east": { "uv": [ 15.5, 9.5, 15, 13 ], "texture": "#p1" }
			}
		},
		{
			"__comment": "p135",
			"from": [ 7.5, 6.5, 14.5 ],
			"to": [ 8.5, 8, 15 ],
			"faces": {
				"down": { "uv": [ 14.5, 9, 15, 9.5 ], "texture": "#p1", "rotation": 270 },
				"up": { "uv": [ 14.5, 8.5, 15, 8 ], "texture": "#p1", "rotation": 90 },
				"north": { "uv": [ 14.5, 8, 15, 9.5 ], "texture": "#p1" },
				"south": { "uv": [ 15, 8, 14.5, 9.5 ], "texture": "#p1" },
				"west": { "uv": [ 14.5, 8, 15, 9.5 ], "texture": "#p1" },
				"east": { "uv": [ 15, 8, 14.5, 9.5 ], "texture": "#p1" }
			}
		},
		{
			"__comment": "p136",
			"from": [ 7.5, 8, 14 ],
			"to": [ 8.5, 10, 14.5 ],
			"faces": {
				"down": { "uv": [ 14, 7.5, 14.5, 8 ], "texture": "#p1", "rotation": 270 },
				"up": { "uv": [ 14, 6.5, 14.5, 6 ], "texture": "#p1", "rotation": 90 },
				"north": { "uv": [ 14, 6, 14.5, 8 ], "texture": "#p1" },
				"south": { "uv": [ 14.5, 6, 14, 8 ], "texture": "#p1" },
				"west": { "uv": [ 14, 6, 14.5, 8 ], "texture": "#p1" },
				"east": { "uv": [ 14.5, 6, 14, 8 ], "texture": "#p1" }
			}
		},
		{
			"__comment": "p137",
			"from": [ 7.5, 10, 14.5 ],
			"to": [ 8.5, 12, 15 ],
			"faces": {
				"down": { "uv": [ 14.5, 5.5, 15, 6 ], "texture": "#p1", "rotation": 270 },
				"up": { "uv": [ 14.5, 4.5, 15, 4 ], "texture": "#p1", "rotation": 90 },
				"north": { "uv": [ 14.5, 4, 15, 6 ], "texture": "#p1" },
				"south": { "uv": [ 15, 4, 14.5, 6 ], "texture": "#p1" },
				"west": { "uv": [ 14.5, 4, 15, 6 ], "texture": "#p1" },
				"east": { "uv": [ 15, 4, 14.5, 6 ], "texture": "#p1" }
			}
		},
		{
			"__comment": "p138",
			"from": [ 7.5, 10.5, 15 ],
			"to": [ 8.5, 12, 15.5 ],
			"faces": {
				"down": { "uv": [ 15, 5, 15.5, 5.5 ], "texture": "#p1", "rotation": 270 },
				"up": { "uv": [ 15, 4.5, 15.5, 4 ], "texture": "#p1", "rotation": 90 },
				"north": { "uv": [ 15, 4, 15.5, 5.5 ], "texture": "#p1" },
				"south": { "uv": [ 15.5, 4, 15, 5.5 ], "texture": "#p1" },
				"west": { "uv": [ 15, 4, 15.5, 5.5 ], "texture": "#p1" },
				"east": { "uv": [ 15.5, 4, 15, 5.5 ], "texture": "#p1" }
			}
		},
		{
			"__comment": "p139",
			"from": [ 7.5, 10.5, 15.5 ],
			"to": [ 8.5, 11, 16 ],
			"faces": {
				"down": { "uv": [ 15.5, 5, 16, 5.5 ], "texture": "#p1", "rotation": 270 },
				"up": { "uv": [ 15.5, 5.5, 16, 5 ], "texture": "#p1", "rotation": 90 },
				"north": { "uv": [ 15.5, 5, 16, 5.5 ], "texture": "#p1" },
				"south": { "uv": [ 16, 5, 15.5, 5.5 ], "texture": "#p1" },
				"west": { "uv": [ 15.5, 5, 16, 5.5 ], "texture": "#p1" },
				"east": { "uv": [ 16, 5, 15.5, 5.5 ], "texture": "#p1" }
			}
		},
		{
			"__comment": "p140",
			"from": [ 7.5, 11.5, 15.5 ],
			"to": [ 8.5, 12, 16 ],
			"faces": {
				"down": { "uv": [ 15.5, 4, 16, 4.5 ], "texture": "#p1", "rotation": 270 },
				"up": { "uv": [ 15.5, 4.5, 16, 4 ], "texture": "#p1", "rotation": 90 },
				"north": { "uv": [ 15.5, 4, 16, 4.5 ], "texture": "#p1" },
				"south": { "uv": [ 16, 4, 15.5, 4.5 ], "texture": "#p1" },
				"west": { "uv": [ 15.5, 4, 16, 4.5 ], "texture": "#p1" },
				"east": { "uv": [ 16, 4, 15.5, 4.5 ], "texture": "#p1" }
			}
		},
		{
			"__comment": "p141",
			"from": [ 7, 11, 5.5 ],
			"to": [ 9, 11.5, 14.5 ],
			"faces": {
				"down": { "uv": [ 5.5, 4.5, 14.5, 5 ], "texture": "#p1", "rotation": 270 },
				"up": { "uv": [ 5.5, 5, 14.5, 4.5 ], "texture": "#p1", "rotation": 90 },
				"north": { "uv": [ 5.5, 4.5, 6, 5 ], "texture": "#p1" },
				"south": { "uv": [ 14.5, 4.5, 14, 5 ], "texture": "#p1" },
				"west": { "uv": [ 5.5, 4.5, 14.5, 5 ], "texture": "#p1" },
				"east": { "uv": [ 14.5, 4.5, 5.5, 5 ], "texture": "#p1" }
			}
		},
		{
			"__comment": "p142",
			"from": [ 7.5, 10.5, 8 ],
			"to": [ 8.5, 11, 14.5 ],
			"faces": {
				"down": { "uv": [ 8, 5, 14.5, 5.5 ], "texture": "#p1", "rotation": 270 },
				"up": { "uv": [ 8, 5.5, 14.5, 5 ], "texture": "#p1", "rotation": 90 },
				"north": { "uv": [ 8, 5, 8.5, 5.5 ], "texture": "#p1" },
				"south": { "uv": [ 14.5, 5, 14, 5.5 ], "texture": "#p1" },
				"west": { "uv": [ 8, 5, 14.5, 5.5 ], "texture": "#p1" },
				"east": { "uv": [ 14.5, 5, 8, 5.5 ], "texture": "#p1" }
			}
		},
		{
			"__comment": "p143",
			"from": [ 7.5, 2, 13.5 ],
			"to": [ 8.5, 2.5, 15 ],
			"faces": {
				"down": { "uv": [ 13.5, 13.5, 15, 14 ], "texture": "#p1", "rotation": 270 },
				"up": { "uv": [ 13.5, 14, 15, 13.5 ], "texture": "#p1", "rotation": 90 },
				"north": { "uv": [ 13.5, 13.5, 14, 14 ], "texture": "#p1" },
				"south": { "uv": [ 15, 13.5, 14.5, 14 ], "texture": "#p1" },
				"west": { "uv": [ 13.5, 13.5, 15, 14 ], "texture": "#p1" },
				"east": { "uv": [ 15, 13.5, 13.5, 14 ], "texture": "#p1" }
			}
		},
		{
			"__comment": "p144",
			"from": [ 7.5, 2.5, 15 ],
			"to": [ 8.5, 3, 15.5 ],
			"faces": {
				"down": { "uv": [ 15, 13, 15.5, 13.5 ], "texture": "#p1", "rotation": 270 },
				"up": { "uv": [ 15, 13.5, 15.5, 13 ], "texture": "#p1", "rotation": 90 },
				"north": { "uv": [ 15, 13, 15.5, 13.5 ], "texture": "#p1" },
				"south": { "uv": [ 15.5, 13, 15, 13.5 ], "texture": "#p1" },
				"west": { "uv": [ 15, 13, 15.5, 13.5 ], "texture": "#p1" },
				"east": { "uv": [ 15.5, 13, 15, 13.5 ], "texture": "#p1" }
			}
		},
		{
			"__comment": "p145",
			"from": [ 7.5, 3, 15.5 ],
			"to": [ 8.5, 3.5, 16 ],
			"faces": {
				"down": { "uv": [ 15.5, 12.5, 16, 13 ], "texture": "#p1", "rotation": 270 },
				"up": { "uv": [ 15.5, 13, 16, 12.5 ], "texture": "#p1", "rotation": 90 },
				"north": { "uv": [ 15.5, 12.5, 16, 13 ], "texture": "#p1" },
				"south": { "uv": [ 16, 12.5, 15.5, 13 ], "texture": "#p1" },
				"west": { "uv": [ 15.5, 12.5, 16, 13 ], "texture": "#p1" },
				"east": { "uv": [ 16, 12.5, 15.5, 13 ], "texture": "#p1" }
			}
		},
		{
			"__comment": "p1",
			"from": [ 7, 10.5, 6 ],
			"to": [ 9, 11, 8 ],
			"faces": {
				"down": { "uv": [ 6, 5, 8, 5.5 ], "texture": "#p1", "rotation": 270 },
				"up": { "uv": [ 6, 5.5, 8, 5 ], "texture": "#p1", "rotation": 90 },
				"north": { "uv": [ 6, 5, 6.5, 5.5 ], "texture": "#p1" },
				"south": { "uv": [ 8, 5, 7.5, 5.5 ], "texture": "#p1" },
				"west": { "uv": [ 6, 5, 8, 5.5 ], "texture": "#p1" },
				"east": { "uv": [ 8, 5, 6, 5.5 ], "texture": "#p1" }
			}
		},
		{
			"__comment": "p14",
			"from": [ 7.5, 13.5, 13.5 ],
			"to": [ 8.5, 14, 14 ],
			"faces": {
				"down": { "uv": [ 13.5, 2, 14, 2.5 ], "texture": "#p1", "rotation": 270 },
				"up": { "uv": [ 13.5, 2.5, 14, 2 ], "texture": "#p1", "rotation": 90 },
				"north": { "uv": [ 13.5, 2, 14, 2.5 ], "texture": "#p1" },
				"south": { "uv": [ 14, 2, 13.5, 2.5 ], "texture": "#p1" },
				"west": { "uv": [ 13.5, 2, 14, 2.5 ], "texture": "#p1" },
				"east": { "uv": [ 14, 2, 13.5, 2.5 ], "texture": "#p1" }
			}
		}
	],
	"display": {
		"thirdperson_righthand": {
			"translation":  [ 0, -1, -0.5 ],
			"scale":  [ 0.5, 0.5, 0.5 ]
		},
		"thirdperson_lefthand": {
			"rotation":  [ -45, 0, 0 ],
			"translation":  [ -10, -3, 0 ],
			"scale":  [ 0.5, 0.5, 0.5 ]
		},
		"firstperson_righthand": {
			"rotation":  [ 15, 0, -45 ],
			"translation":  [ -6, -3, -12 ]
		},
		"firstperson_lefthand": {
			"scale":  [ 0.0001, 0.0001, 0.0001 ]
		},
		"gui": {
			"rotation":  [ 30, 135, 0 ],
			"scale":  [ 0.625, 0.625, 0.625 ]
		},
		"head": {
			"scale":  [ 0.0001, 0.0001, 0.0001 ]
		},
		"ground": {
			"rotation":  [ 0, 0, 90 ],
			"scale":  [ 0.5, 0.5, 0.5 ]
		},
		"fixed": {
			"rotation":  [ 0, -90, 0 ]
		}
	}
}