{
	"__comment": "Designed by Optimus0812 with Cubik Studio - https://cubik.studio",
	"textures": {
		"red_9": "dayz/weapon/gun/handgun/red_9"
	},
	"elements": [ 	 
		{
			"__comment": "red_9",
			"from": [ 7.5, 13, 0.5 ],
			"to": [ 8.5, 13.5, 1.5 ],
			"faces": {
				"down": { "uv": [ 0.5, 2.5, 1.5, 3 ], "texture": "#red_9", "rotation": 270 },
				"up": { "uv": [ 0.5, 3, 1.5, 2.5 ], "texture": "#red_9", "rotation": 90 },
				"north": { "uv": [ 0.5, 2.5, 1, 3 ], "texture": "#red_9" },
				"south": { "uv": [ 1.5, 2.5, 1, 3 ], "texture": "#red_9" },
				"west": { "uv": [ 0.5, 2.5, 1.5, 3 ], "texture": "#red_9" },
				"east": { "uv": [ 1.5, 2.5, 0.5, 3 ], "texture": "#red_9" }
			}
		},
		{
			"__comment": "red_9",
			"from": [ 7, 12, 5.5 ],
			"to": [ 9, 13, 13 ],
			"faces": {
				"down": { "uv": [ 5.5, 3.5, 13, 4 ], "texture": "#red_9", "rotation": 270 },
				"up": { "uv": [ 5.5, 3.5, 13, 3 ], "texture": "#red_9", "rotation": 90 },
				"north": { "uv": [ 5.5, 3, 6, 4 ], "texture": "#red_9" },
				"south": { "uv": [ 13, 3, 12.5, 4 ], "texture": "#red_9" },
				"west": { "uv": [ 5.5, 3, 13, 4 ], "texture": "#red_9" },
				"east": { "uv": [ 13, 3, 5.5, 4 ], "texture": "#red_9" }
			}
		},
		{
			"__comment": "red_9",
			"from": [ 7.5, 13.5, 5.5 ],
			"to": [ 8.5, 13.501, 6 ],
			"rotation": { "origin": [ 7.5, 13.5, 5.5 ], "axis": "z", "angle": -45 },
			"faces": {
				"down": { "uv": [ 5.5, 2.5, 6, 3 ], "texture": "#red_9", "rotation": 270 },
				"up": { "uv": [ 5.5, 3, 6, 2.5 ], "texture": "#red_9", "rotation": 90 },
				"north": { "uv": [ 5.5, 2.5, 6, 3 ], "texture": "#red_9" },
				"south": { "uv": [ 6, 2.5, 5.5, 3 ], "texture": "#red_9" },
				"west": { "uv": [ 5.5, 2.5, 6, 3 ], "texture": "#red_9" },
				"east": { "uv": [ 6, 2.5, 5.5, 3 ], "texture": "#red_9" }
			}
		},
		{
			"__comment": "red_9",
			"from": [ 7, 10, 14 ],
			"to": [ 9, 10.5, 14.5 ],
			"faces": {
				"down": { "uv": [ 14, 5.5, 14.5, 6 ], "texture": "#red_9", "rotation": 270 },
				"up": { "uv": [ 14, 6, 14.5, 5.5 ], "texture": "#red_9", "rotation": 90 },
				"north": { "uv": [ 14, 5.5, 14.5, 6 ], "texture": "#red_9" },
				"south": { "uv": [ 14.5, 5.5, 14, 6 ], "texture": "#red_9" },
				"west": { "uv": [ 14, 5.5, 14.5, 6 ], "texture": "#red_9" },
				"east": { "uv": [ 14.5, 5.5, 14, 6 ], "texture": "#red_9" }
			}
		},
		{
			"__comment": "red_9",
			"from": [ 7.5, 13, 7 ],
			"to": [ 8.5, 13.5, 12.5 ],
			"faces": {
				"down": { "uv": [ 7, 2.5, 12.5, 3 ], "texture": "#red_9", "rotation": 270 },
				"up": { "uv": [ 7, 3, 12.5, 2.5 ], "texture": "#red_9", "rotation": 90 },
				"north": { "uv": [ 7, 2.5, 7.5, 3 ], "texture": "#red_9" },
				"south": { "uv": [ 12.5, 2.5, 12, 3 ], "texture": "#red_9" },
				"west": { "uv": [ 7, 2.5, 12.5, 3 ], "texture": "#red_9" },
				"east": { "uv": [ 12.5, 2.5, 7, 3 ], "texture": "#red_9" }
			}
		},
		{
			"__comment": "red_9",
			"from": [ 7.5, 8, 10 ],
			"to": [ 8.5, 8.5, 10.5 ],
			"faces": {
				"down": { "uv": [ 10, 7.5, 10.5, 8 ], "texture": "#red_9", "rotation": 270 },
				"up": { "uv": [ 10, 8, 10.5, 7.5 ], "texture": "#red_9", "rotation": 90 },
				"north": { "uv": [ 10, 7.5, 10.5, 8 ], "texture": "#red_9" },
				"south": { "uv": [ 10.5, 7.5, 10, 8 ], "texture": "#red_9" },
				"west": { "uv": [ 10, 7.5, 10.5, 8 ], "texture": "#red_9" },
				"east": { "uv": [ 10.5, 7.5, 10, 8 ], "texture": "#red_9" }
			}
		},
		{
			"__comment": "red_9",
			"from": [ 7, 11.5, 5.5 ],
			"to": [ 9, 12, 12.5 ],
			"faces": {
				"down": { "uv": [ 5.5, 4, 12.5, 4.5 ], "texture": "#red_9", "rotation": 270 },
				"up": { "uv": [ 5.5, 4.5, 12.5, 4 ], "texture": "#red_9", "rotation": 90 },
				"north": { "uv": [ 5.5, 4, 6, 4.5 ], "texture": "#red_9" },
				"south": { "uv": [ 12.5, 4, 12, 4.5 ], "texture": "#red_9" },
				"west": { "uv": [ 5.5, 4, 12.5, 4.5 ], "texture": "#red_9" },
				"east": { "uv": [ 12.5, 4, 5.5, 4.5 ], "texture": "#red_9" }
			}
		},
		{
			"__comment": "red_9",
			"from": [ 7, 11, 6 ],
			"to": [ 9, 11.5, 13.5 ],
			"faces": {
				"down": { "uv": [ 6, 4.5, 13.5, 5 ], "texture": "#red_9", "rotation": 270 },
				"up": { "uv": [ 6, 5, 13.5, 4.5 ], "texture": "#red_9", "rotation": 90 },
				"north": { "uv": [ 6, 4.5, 6.5, 5 ], "texture": "#red_9" },
				"south": { "uv": [ 13.5, 4.5, 13, 5 ], "texture": "#red_9" },
				"west": { "uv": [ 6, 4.5, 13.5, 5 ], "texture": "#red_9" },
				"east": { "uv": [ 13.5, 4.5, 6, 5 ], "texture": "#red_9" }
			}
		},
		{
			"__comment": "red_9",
			"from": [ 7, 7.5, 9.5 ],
			"to": [ 9, 8, 11 ],
			"faces": {
				"down": { "uv": [ 9.5, 8, 11, 8.5 ], "texture": "#red_9", "rotation": 270 },
				"up": { "uv": [ 9.5, 8.5, 11, 8 ], "texture": "#red_9", "rotation": 90 },
				"north": { "uv": [ 9.5, 8, 10, 8.5 ], "texture": "#red_9" },
				"south": { "uv": [ 11, 8, 10.5, 8.5 ], "texture": "#red_9" },
				"west": { "uv": [ 9.5, 8, 11, 8.5 ], "texture": "#red_9" },
				"east": { "uv": [ 11, 8, 9.5, 8.5 ], "texture": "#red_9" }
			}
		},
		{
			"__comment": "red_9",
			"from": [ 7, 8, 11 ],
			"to": [ 9, 8.5, 12 ],
			"faces": {
				"down": { "uv": [ 11, 7.5, 12, 8 ], "texture": "#red_9", "rotation": 270 },
				"up": { "uv": [ 11, 8, 12, 7.5 ], "texture": "#red_9", "rotation": 90 },
				"north": { "uv": [ 11, 7.5, 11.5, 8 ], "texture": "#red_9" },
				"south": { "uv": [ 12, 7.5, 11.5, 8 ], "texture": "#red_9" },
				"west": { "uv": [ 11, 7.5, 12, 8 ], "texture": "#red_9" },
				"east": { "uv": [ 12, 7.5, 11, 8 ], "texture": "#red_9" }
			}
		},
		{
			"__comment": "red_9",
			"from": [ 7, 7.5, 6.5 ],
			"to": [ 9, 9, 8.5 ],
			"faces": {
				"down": { "uv": [ 6.5, 8, 8.5, 8.5 ], "texture": "#red_9", "rotation": 270 },
				"up": { "uv": [ 6.5, 7.5, 8.5, 7 ], "texture": "#red_9", "rotation": 90 },
				"north": { "uv": [ 6.5, 7, 7, 8.5 ], "texture": "#red_9" },
				"south": { "uv": [ 8.5, 7, 8, 8.5 ], "texture": "#red_9" },
				"west": { "uv": [ 6.5, 7, 8.5, 8.5 ], "texture": "#red_9" },
				"east": { "uv": [ 8.5, 7, 6.5, 8.5 ], "texture": "#red_9" }
			}
		},
		{
			"__comment": "red_9",
			"from": [ 7, 7.5, 8.5 ],
			"to": [ 9, 9, 9.5 ],
			"faces": {
				"down": { "uv": [ 8.5, 8, 9.5, 8.5 ], "texture": "#red_9", "rotation": 270 },
				"up": { "uv": [ 8.5, 7.5, 9.5, 7 ], "texture": "#red_9", "rotation": 90 },
				"north": { "uv": [ 8.5, 7, 9, 8.5 ], "texture": "#red_9" },
				"south": { "uv": [ 9.5, 7, 9, 8.5 ], "texture": "#red_9" },
				"west": { "uv": [ 8.5, 7, 9.5, 8.5 ], "texture": "#red_9" },
				"east": { "uv": [ 9.5, 7, 8.5, 8.5 ], "texture": "#red_9" }
			}
		},
		{
			"__comment": "red_9",
			"from": [ 7, 9, 6.5 ],
			"to": [ 9, 11, 14 ],
			"faces": {
				"down": { "uv": [ 6.5, 6.5, 14, 7 ], "texture": "#red_9", "rotation": 270 },
				"up": { "uv": [ 6.5, 5.5, 14, 5 ], "texture": "#red_9", "rotation": 90 },
				"north": { "uv": [ 6.5, 5, 7, 7 ], "texture": "#red_9" },
				"south": { "uv": [ 14, 5, 13.5, 7 ], "texture": "#red_9" },
				"west": { "uv": [ 6.5, 5, 14, 7 ], "texture": "#red_9" },
				"east": { "uv": [ 14, 5, 6.5, 7 ], "texture": "#red_9" }
			}
		},
		{
			"__comment": "red_9",
			"from": [ 7.5, 10.5, 14 ],
			"to": [ 8.5, 11, 15.5 ],
			"faces": {
				"down": { "uv": [ 14, 5, 15.5, 5.5 ], "texture": "#red_9", "rotation": 270 },
				"up": { "uv": [ 14, 5.5, 15.5, 5 ], "texture": "#red_9", "rotation": 90 },
				"north": { "uv": [ 14, 5, 14.5, 5.5 ], "texture": "#red_9" },
				"south": { "uv": [ 15.5, 5, 15, 5.5 ], "texture": "#red_9" },
				"west": { "uv": [ 14, 5, 15.5, 5.5 ], "texture": "#red_9" },
				"east": { "uv": [ 15.5, 5, 14, 5.5 ], "texture": "#red_9" }
			}
		},
		{
			"__comment": "red_9",
			"from": [ 7.5, 8.5, 10 ],
			"to": [ 8.5, 9, 11 ],
			"faces": {
				"down": { "uv": [ 10, 7, 11, 7.5 ], "texture": "#red_9", "rotation": 270 },
				"up": { "uv": [ 10, 7.5, 11, 7 ], "texture": "#red_9", "rotation": 90 },
				"north": { "uv": [ 10, 7, 10.5, 7.5 ], "texture": "#red_9" },
				"south": { "uv": [ 11, 7, 10.5, 7.5 ], "texture": "#red_9" },
				"west": { "uv": [ 10, 7, 11, 7.5 ], "texture": "#red_9" },
				"east": { "uv": [ 11, 7, 10, 7.5 ], "texture": "#red_9" }
			}
		},
		{
			"__comment": "red_9",
			"from": [ 7.5, 12, 0 ],
			"to": [ 8.5, 13, 5.5 ],
			"faces": {
				"down": { "uv": [ 0, 3.5, 5.5, 4 ], "texture": "#red_9", "rotation": 270 },
				"up": { "uv": [ 0, 3.5, 5.5, 3 ], "texture": "#red_9", "rotation": 90 },
				"north": { "uv": [ 0, 3, 0.5, 4 ], "texture": "#red_9" },
				"south": { "uv": [ 5.5, 3, 5, 4 ], "texture": "#red_9" },
				"west": { "uv": [ 0, 3, 5.5, 4 ], "texture": "#red_9" },
				"east": { "uv": [ 5.5, 3, 0, 4 ], "texture": "#red_9" }
			}
		},
		{
			"__comment": "red_9",
			"from": [ 7.5, 10, 14.5 ],
			"to": [ 8.5, 10.5, 15 ],
			"faces": {
				"down": { "uv": [ 14.5, 5.5, 15, 6 ], "texture": "#red_9", "rotation": 270 },
				"up": { "uv": [ 14.5, 6, 15, 5.5 ], "texture": "#red_9", "rotation": 90 },
				"north": { "uv": [ 14.5, 5.5, 15, 6 ], "texture": "#red_9" },
				"south": { "uv": [ 15, 5.5, 14.5, 6 ], "texture": "#red_9" },
				"west": { "uv": [ 14.5, 5.5, 15, 6 ], "texture": "#red_9" },
				"east": { "uv": [ 15, 5.5, 14.5, 6 ], "texture": "#red_9" }
			}
		},
		{
			"__comment": "red_9",
			"from": [ 7.5, 11, 14.5 ],
			"to": [ 8.5, 11.5, 15 ],
			"faces": {
				"down": { "uv": [ 14.5, 4.5, 15, 5 ], "texture": "#red_9", "rotation": 270 },
				"up": { "uv": [ 14.5, 5, 15, 4.5 ], "texture": "#red_9", "rotation": 90 },
				"north": { "uv": [ 14.5, 4.5, 15, 5 ], "texture": "#red_9" },
				"south": { "uv": [ 15, 4.5, 14.5, 5 ], "texture": "#red_9" },
				"west": { "uv": [ 14.5, 4.5, 15, 5 ], "texture": "#red_9" },
				"east": { "uv": [ 15, 4.5, 14.5, 5 ], "texture": "#red_9" }
			}
		},
		{
			"__comment": "red_9",
			"from": [ 7.5, 11, 15.5 ],
			"to": [ 8.5, 11.5, 16 ],
			"faces": {
				"down": { "uv": [ 15.5, 4.5, 16, 5 ], "texture": "#red_9", "rotation": 270 },
				"up": { "uv": [ 15.5, 5, 16, 4.5 ], "texture": "#red_9", "rotation": 90 },
				"north": { "uv": [ 15.5, 4.5, 16, 5 ], "texture": "#red_9" },
				"south": { "uv": [ 16, 4.5, 15.5, 5 ], "texture": "#red_9" },
				"west": { "uv": [ 15.5, 4.5, 16, 5 ], "texture": "#red_9" },
				"east": { "uv": [ 16, 4.5, 15.5, 5 ], "texture": "#red_9" }
			}
		},
		{
			"__comment": "red_9",
			"from": [ 7.5, 11.5, 15 ],
			"to": [ 8.5, 12, 15.5 ],
			"faces": {
				"down": { "uv": [ 15, 4, 15.5, 4.5 ], "texture": "#red_9", "rotation": 270 },
				"up": { "uv": [ 15, 4.5, 15.5, 4 ], "texture": "#red_9", "rotation": 90 },
				"north": { "uv": [ 15, 4, 15.5, 4.5 ], "texture": "#red_9" },
				"south": { "uv": [ 15.5, 4, 15, 4.5 ], "texture": "#red_9" },
				"west": { "uv": [ 15, 4, 15.5, 4.5 ], "texture": "#red_9" },
				"east": { "uv": [ 15.5, 4, 15, 4.5 ], "texture": "#red_9" }
			}
		},
		{
			"__comment": "red_9",
			"from": [ 7, 8.5, 10.5 ],
			"to": [ 9, 9, 14 ],
			"faces": {
				"down": { "uv": [ 10.5, 7, 14, 7.5 ], "texture": "#red_9", "rotation": 270 },
				"up": { "uv": [ 10.5, 7.5, 14, 7 ], "texture": "#red_9", "rotation": 90 },
				"north": { "uv": [ 10.5, 7, 11, 7.5 ], "texture": "#red_9" },
				"south": { "uv": [ 14, 7, 13.5, 7.5 ], "texture": "#red_9" },
				"west": { "uv": [ 10.5, 7, 14, 7.5 ], "texture": "#red_9" },
				"east": { "uv": [ 14, 7, 10.5, 7.5 ], "texture": "#red_9" }
			}
		},
		{
			"__comment": "red_9",
			"from": [ 7, 7.5, 12 ],
			"to": [ 9, 8.5, 14 ],
			"faces": {
				"down": { "uv": [ 12, 8, 14, 8.5 ], "texture": "#red_9", "rotation": 270 },
				"up": { "uv": [ 12, 8, 14, 7.5 ], "texture": "#red_9", "rotation": 90 },
				"north": { "uv": [ 12, 7.5, 12.5, 8.5 ], "texture": "#red_9" },
				"south": { "uv": [ 14, 7.5, 13.5, 8.5 ], "texture": "#red_9" },
				"west": { "uv": [ 12, 7.5, 14, 8.5 ], "texture": "#red_9" },
				"east": { "uv": [ 14, 7.5, 12, 8.5 ], "texture": "#red_9" }
			}
		},
		{
			"__comment": "red_9",
			"from": [ 7, 6.5, 12 ],
			"to": [ 9, 7.5, 14.5 ],
			"faces": {
				"down": { "uv": [ 12, 9, 14.5, 9.5 ], "texture": "#red_9", "rotation": 270 },
				"up": { "uv": [ 12, 9, 14.5, 8.5 ], "texture": "#red_9", "rotation": 90 },
				"north": { "uv": [ 12, 8.5, 12.5, 9.5 ], "texture": "#red_9" },
				"south": { "uv": [ 14.5, 8.5, 14, 9.5 ], "texture": "#red_9" },
				"west": { "uv": [ 12, 8.5, 14.5, 9.5 ], "texture": "#red_9" },
				"east": { "uv": [ 14.5, 8.5, 12, 9.5 ], "texture": "#red_9" }
			}
		},
		{
			"__comment": "red_9",
			"from": [ 7, 2.5, 13.5 ],
			"to": [ 9, 3, 14.5 ],
			"faces": {
				"down": { "uv": [ 13.5, 13, 14.5, 13.5 ], "texture": "#red_9", "rotation": 270 },
				"up": { "uv": [ 13.5, 13.5, 14.5, 13 ], "texture": "#red_9", "rotation": 90 },
				"north": { "uv": [ 13.5, 13, 14, 13.5 ], "texture": "#red_9" },
				"south": { "uv": [ 14.5, 13, 14, 13.5 ], "texture": "#red_9" },
				"west": { "uv": [ 13.5, 13, 14.5, 13.5 ], "texture": "#red_9" },
				"east": { "uv": [ 14.5, 13, 13.5, 13.5 ], "texture": "#red_9" }
			}
		},
		{
			"__comment": "red_9",
			"from": [ 7, 6, 12 ],
			"to": [ 9, 6.5, 15 ],
			"faces": {
				"down": { "uv": [ 12, 9.5, 15, 10 ], "texture": "#red_9", "rotation": 270 },
				"up": { "uv": [ 12, 10, 15, 9.5 ], "texture": "#red_9", "rotation": 90 },
				"north": { "uv": [ 12, 9.5, 12.5, 10 ], "texture": "#red_9" },
				"south": { "uv": [ 15, 9.5, 14.5, 10 ], "texture": "#red_9" },
				"west": { "uv": [ 12, 9.5, 15, 10 ], "texture": "#red_9" },
				"east": { "uv": [ 15, 9.5, 12, 10 ], "texture": "#red_9" }
			}
		},
		{
			"__comment": "red_9",
			"from": [ 7, 5.5, 12.5 ],
			"to": [ 9, 6, 15 ],
			"faces": {
				"down": { "uv": [ 12.5, 10, 15, 10.5 ], "texture": "#red_9", "rotation": 270 },
				"up": { "uv": [ 12.5, 10.5, 15, 10 ], "texture": "#red_9", "rotation": 90 },
				"north": { "uv": [ 12.5, 10, 13, 10.5 ], "texture": "#red_9" },
				"south": { "uv": [ 15, 10, 14.5, 10.5 ], "texture": "#red_9" },
				"west": { "uv": [ 12.5, 10, 15, 10.5 ], "texture": "#red_9" },
				"east": { "uv": [ 15, 10, 12.5, 10.5 ], "texture": "#red_9" }
			}
		},
		{
			"__comment": "red_9",
			"from": [ 7, 4.5, 12.5 ],
			"to": [ 9, 5.5, 15.5 ],
			"faces": {
				"down": { "uv": [ 12.5, 11, 15.5, 11.5 ], "texture": "#red_9", "rotation": 270 },
				"up": { "uv": [ 12.5, 11, 15.5, 10.5 ], "texture": "#red_9", "rotation": 90 },
				"north": { "uv": [ 12.5, 10.5, 13, 11.5 ], "texture": "#red_9" },
				"south": { "uv": [ 15.5, 10.5, 15, 11.5 ], "texture": "#red_9" },
				"west": { "uv": [ 12.5, 10.5, 15.5, 11.5 ], "texture": "#red_9" },
				"east": { "uv": [ 15.5, 10.5, 12.5, 11.5 ], "texture": "#red_9" }
			}
		},
		{
			"__comment": "red_9",
			"from": [ 7, 3.5, 13 ],
			"to": [ 9, 4.5, 15.5 ],
			"faces": {
				"down": { "uv": [ 13, 12, 15.5, 12.5 ], "texture": "#red_9", "rotation": 270 },
				"up": { "uv": [ 13, 12, 15.5, 11.5 ], "texture": "#red_9", "rotation": 90 },
				"north": { "uv": [ 13, 11.5, 13.5, 12.5 ], "texture": "#red_9" },
				"south": { "uv": [ 15.5, 11.5, 15, 12.5 ], "texture": "#red_9" },
				"west": { "uv": [ 13, 11.5, 15.5, 12.5 ], "texture": "#red_9" },
				"east": { "uv": [ 15.5, 11.5, 13, 12.5 ], "texture": "#red_9" }
			}
		},
		{
			"__comment": "red_9",
			"from": [ 7, 3, 13 ],
			"to": [ 9, 3.5, 15 ],
			"faces": {
				"down": { "uv": [ 13, 12.5, 15, 13 ], "texture": "#red_9", "rotation": 270 },
				"up": { "uv": [ 13, 13, 15, 12.5 ], "texture": "#red_9", "rotation": 90 },
				"north": { "uv": [ 13, 12.5, 13.5, 13 ], "texture": "#red_9" },
				"south": { "uv": [ 15, 12.5, 14.5, 13 ], "texture": "#red_9" },
				"west": { "uv": [ 13, 12.5, 15, 13 ], "texture": "#red_9" },
				"east": { "uv": [ 15, 12.5, 13, 13 ], "texture": "#red_9" }
			}
		}
	],
	"display": {
		"thirdperson_righthand": {
			"translation":  [ 0, -0.5, -0.75 ],
			"scale":  [ 0.5, 0.5, 0.5 ]
		},
		"thirdperson_lefthand": {
			"rotation":  [ -45, 0, 0 ],
			"translation":  [ -10, -3, 0 ],
			"scale":  [ 0.5, 0.5, 0.5 ]
		},
		"firstperson_righthand": {
			"rotation":  [ 15, 0, -45 ],
			"translation":  [ -6, -3, -12 ]
		},
		"firstperson_lefthand": {
			"scale":  [ 0.0001, 0.0001, 0.0001 ]
		},
		"gui": {
			"rotation":  [ 30, 135, 0 ],
			"scale":  [ 0.625, 0.625, 0.625 ]
		},
		"head": {
			"scale":  [ 0.0001, 0.0001, 0.0001 ]
		},
		"ground": {
			"rotation":  [ 0, 0, 90 ],
			"scale":  [ 0.5, 0.5, 0.5 ]
		},
		"fixed": {
			"rotation":  [ 0, -90, 0 ]
		}
	}
}