{
	"__comment": "Designed by Optimus0812 with Cubik Studio - https://cubik.studio",
	"textures": {
		"tasergun": "dayz/weapon/gun/handgun/taser_gun"
	},
	"elements": [ 	 
		{
			"__comment": "tasergun",
			"from": [ 7, 9.5, 0.5 ],
			"to": [ 9, 10.5, 1.5 ],
			"faces": {
				"down": { "uv": [ 0.5, 6, 1.5, 6.5 ], "texture": "#tasergun", "rotation": 270 },
				"up": { "uv": [ 0.5, 6, 1.5, 5.5 ], "texture": "#tasergun", "rotation": 90 },
				"north": { "uv": [ 0.5, 5.5, 1, 6.5 ], "texture": "#tasergun" },
				"south": { "uv": [ 1.5, 5.5, 1, 6.5 ], "texture": "#tasergun" },
				"west": { "uv": [ 0.5, 5.5, 1.5, 6.5 ], "texture": "#tasergun" },
				"east": { "uv": [ 1.5, 5.5, 0.5, 6.5 ], "texture": "#tasergun" }
			}
		},
		{
			"__comment": "tasergun",
			"from": [ 6.5, 6.5, 3 ],
			"to": [ 9.5, 7, 7.5 ],
			"faces": {
				"down": { "uv": [ 3, 9, 7.5, 9.5 ], "texture": "#tasergun", "rotation": 270 },
				"up": { "uv": [ 3, 9.5, 7.5, 9 ], "texture": "#tasergun", "rotation": 90 },
				"north": { "uv": [ 3, 9, 3.5, 9.5 ], "texture": "#tasergun" },
				"south": { "uv": [ 7.5, 9, 7, 9.5 ], "texture": "#tasergun" },
				"west": { "uv": [ 3, 9, 7.5, 9.5 ], "texture": "#tasergun" },
				"east": { "uv": [ 7.5, 9, 3, 9.5 ], "texture": "#tasergun" }
			}
		},
		{
			"__comment": "tasergun",
			"from": [ 7, 9, 0 ],
			"to": [ 9, 11, 0.5 ],
			"faces": {
				"down": { "uv": [ 0, 6.5, 0.5, 7 ], "texture": "#tasergun", "rotation": 270 },
				"up": { "uv": [ 0, 5.5, 0.5, 5 ], "texture": "#tasergun", "rotation": 90 },
				"north": { "uv": [ 0, 5, 0.5, 7 ], "texture": "#tasergun" },
				"south": { "uv": [ 0.5, 5, 0, 7 ], "texture": "#tasergun" },
				"west": { "uv": [ 0, 5, 0.5, 7 ], "texture": "#tasergun" },
				"east": { "uv": [ 0.5, 5, 0, 7 ], "texture": "#tasergun" }
			}
		},
		{
			"__comment": "tasergun",
			"from": [ 7.5, 8.5, 9 ],
			"to": [ 8.5, 9, 10 ],
			"faces": {
				"down": { "uv": [ 9, 7, 10, 7.5 ], "texture": "#tasergun", "rotation": 270 },
				"up": { "uv": [ 9, 7.5, 10, 7 ], "texture": "#tasergun", "rotation": 90 },
				"north": { "uv": [ 9, 7, 9.5, 7.5 ], "texture": "#tasergun" },
				"south": { "uv": [ 10, 7, 9.5, 7.5 ], "texture": "#tasergun" },
				"west": { "uv": [ 9, 7, 10, 7.5 ], "texture": "#tasergun" },
				"east": { "uv": [ 10, 7, 9, 7.5 ], "texture": "#tasergun" }
			}
		},
		{
			"__comment": "tasergun",
			"from": [ 7, 6.5, 7.5 ],
			"to": [ 9, 7, 9 ],
			"faces": {
				"down": { "uv": [ 7.5, 9, 9, 9.5 ], "texture": "#tasergun", "rotation": 270 },
				"up": { "uv": [ 7.5, 9.5, 9, 9 ], "texture": "#tasergun", "rotation": 90 },
				"north": { "uv": [ 7.5, 9, 8, 9.5 ], "texture": "#tasergun" },
				"south": { "uv": [ 9, 9, 8.5, 9.5 ], "texture": "#tasergun" },
				"west": { "uv": [ 7.5, 9, 9, 9.5 ], "texture": "#tasergun" },
				"east": { "uv": [ 9, 9, 7.5, 9.5 ], "texture": "#tasergun" }
			}
		},
		{
			"__comment": "tasergun",
			"from": [ 7, 12, 0 ],
			"to": [ 9, 12.5, 12.5 ],
			"faces": {
				"down": { "uv": [ 0, 3.5, 12.5, 4 ], "texture": "#tasergun", "rotation": 270 },
				"up": { "uv": [ 0, 4, 12.5, 3.5 ], "texture": "#tasergun", "rotation": 90 },
				"north": { "uv": [ 0, 3.5, 0.5, 4 ], "texture": "#tasergun" },
				"south": { "uv": [ 12.5, 3.5, 12, 4 ], "texture": "#tasergun" },
				"west": { "uv": [ 0, 3.5, 12.5, 4 ], "texture": "#tasergun" },
				"east": { "uv": [ 12.5, 3.5, 0, 4 ], "texture": "#tasergun" }
			}
		},
		{
			"__comment": "tasergun",
			"from": [ 6.5, 11, 0 ],
			"to": [ 9.5, 12, 8 ],
			"faces": {
				"down": { "uv": [ 0, 4.5, 8, 5 ], "texture": "#tasergun", "rotation": 270 },
				"up": { "uv": [ 0, 4.5, 8, 4 ], "texture": "#tasergun", "rotation": 90 },
				"north": { "uv": [ 0, 4, 0.5, 5 ], "texture": "#tasergun" },
				"south": { "uv": [ 8, 4, 7.5, 5 ], "texture": "#tasergun" },
				"west": { "uv": [ 0, 4, 8, 5 ], "texture": "#tasergun" },
				"east": { "uv": [ 8, 4, 0, 5 ], "texture": "#tasergun" }
			}
		},
		{
			"__comment": "tasergun",
			"from": [ 6.5, 10.5, 0.5 ],
			"to": [ 9.5, 11, 8 ],
			"faces": {
				"down": { "uv": [ 0.5, 5, 8, 5.5 ], "texture": "#tasergun", "rotation": 270 },
				"up": { "uv": [ 0.5, 5.5, 8, 5 ], "texture": "#tasergun", "rotation": 90 },
				"north": { "uv": [ 0.5, 5, 1, 5.5 ], "texture": "#tasergun" },
				"south": { "uv": [ 8, 5, 7.5, 5.5 ], "texture": "#tasergun" },
				"west": { "uv": [ 0.5, 5, 8, 5.5 ], "texture": "#tasergun" },
				"east": { "uv": [ 8, 5, 0.5, 5.5 ], "texture": "#tasergun" }
			}
		},
		{
			"__comment": "tasergun",
			"from": [ 6.5, 9.5, 1.5 ],
			"to": [ 9.5, 10.5, 7.5 ],
			"faces": {
				"down": { "uv": [ 1.5, 6, 7.5, 6.5 ], "texture": "#tasergun", "rotation": 270 },
				"up": { "uv": [ 1.5, 6, 7.5, 5.5 ], "texture": "#tasergun", "rotation": 90 },
				"north": { "uv": [ 1.5, 5.5, 2, 6.5 ], "texture": "#tasergun" },
				"south": { "uv": [ 7.5, 5.5, 7, 6.5 ], "texture": "#tasergun" },
				"west": { "uv": [ 1.5, 5.5, 7.5, 6.5 ], "texture": "#tasergun" },
				"east": { "uv": [ 7.5, 5.5, 1.5, 6.5 ], "texture": "#tasergun" }
			}
		},
		{
			"__comment": "tasergun",
			"from": [ 6.5, 9, 0.5 ],
			"to": [ 9.5, 9.5, 7 ],
			"faces": {
				"down": { "uv": [ 0.5, 6.5, 7, 7 ], "texture": "#tasergun", "rotation": 270 },
				"up": { "uv": [ 0.5, 7, 7, 6.5 ], "texture": "#tasergun", "rotation": 90 },
				"north": { "uv": [ 0.5, 6.5, 1, 7 ], "texture": "#tasergun" },
				"south": { "uv": [ 7, 6.5, 6.5, 7 ], "texture": "#tasergun" },
				"west": { "uv": [ 0.5, 6.5, 7, 7 ], "texture": "#tasergun" },
				"east": { "uv": [ 7, 6.5, 0.5, 7 ], "texture": "#tasergun" }
			}
		},
		{
			"__comment": "tasergun",
			"from": [ 6.5, 8, 0 ],
			"to": [ 9.5, 9, 7 ],
			"faces": {
				"down": { "uv": [ 0, 7.5, 7, 8 ], "texture": "#tasergun", "rotation": 270 },
				"up": { "uv": [ 0, 7.5, 7, 7 ], "texture": "#tasergun", "rotation": 90 },
				"north": { "uv": [ 0, 7, 0.5, 8 ], "texture": "#tasergun" },
				"south": { "uv": [ 7, 7, 6.5, 8 ], "texture": "#tasergun" },
				"west": { "uv": [ 0, 7, 7, 8 ], "texture": "#tasergun" },
				"east": { "uv": [ 7, 7, 0, 8 ], "texture": "#tasergun" }
			}
		},
		{
			"__comment": "tasergun",
			"from": [ 6.5, 7.5, 1 ],
			"to": [ 9.5, 8, 7.5 ],
			"faces": {
				"down": { "uv": [ 1, 8, 7.5, 8.5 ], "texture": "#tasergun", "rotation": 270 },
				"up": { "uv": [ 1, 8.5, 7.5, 8 ], "texture": "#tasergun", "rotation": 90 },
				"north": { "uv": [ 1, 8, 1.5, 8.5 ], "texture": "#tasergun" },
				"south": { "uv": [ 7.5, 8, 7, 8.5 ], "texture": "#tasergun" },
				"west": { "uv": [ 1, 8, 7.5, 8.5 ], "texture": "#tasergun" },
				"east": { "uv": [ 7.5, 8, 1, 8.5 ], "texture": "#tasergun" }
			}
		},
		{
			"__comment": "tasergun",
			"from": [ 6.5, 7, 2.5 ],
			"to": [ 9.5, 7.5, 8 ],
			"faces": {
				"down": { "uv": [ 2.5, 8.5, 8, 9 ], "texture": "#tasergun", "rotation": 270 },
				"up": { "uv": [ 2.5, 9, 8, 8.5 ], "texture": "#tasergun", "rotation": 90 },
				"north": { "uv": [ 2.5, 8.5, 3, 9 ], "texture": "#tasergun" },
				"south": { "uv": [ 8, 8.5, 7.5, 9 ], "texture": "#tasergun" },
				"west": { "uv": [ 2.5, 8.5, 8, 9 ], "texture": "#tasergun" },
				"east": { "uv": [ 8, 8.5, 2.5, 9 ], "texture": "#tasergun" }
			}
		},
		{
			"__comment": "tasergun",
			"from": [ 7, 8, 14 ],
			"to": [ 9, 10, 14.5 ],
			"faces": {
				"down": { "uv": [ 14, 7.5, 14.5, 8 ], "texture": "#tasergun", "rotation": 270 },
				"up": { "uv": [ 14, 6.5, 14.5, 6 ], "texture": "#tasergun", "rotation": 90 },
				"north": { "uv": [ 14, 6, 14.5, 8 ], "texture": "#tasergun" },
				"south": { "uv": [ 14.5, 6, 14, 8 ], "texture": "#tasergun" },
				"west": { "uv": [ 14, 6, 14.5, 8 ], "texture": "#tasergun" },
				"east": { "uv": [ 14.5, 6, 14, 8 ], "texture": "#tasergun" }
			}
		},
		{
			"__comment": "tasergun",
			"from": [ 7, 7.5, 0 ],
			"to": [ 9, 8, 1 ],
			"faces": {
				"down": { "uv": [ 0, 8, 1, 8.5 ], "texture": "#tasergun", "rotation": 270 },
				"up": { "uv": [ 0, 8.5, 1, 8 ], "texture": "#tasergun", "rotation": 90 },
				"north": { "uv": [ 0, 8, 0.5, 8.5 ], "texture": "#tasergun" },
				"south": { "uv": [ 1, 8, 0.5, 8.5 ], "texture": "#tasergun" },
				"west": { "uv": [ 0, 8, 1, 8.5 ], "texture": "#tasergun" },
				"east": { "uv": [ 1, 8, 0, 8.5 ], "texture": "#tasergun" }
			}
		},
		{
			"__comment": "tasergun",
			"from": [ 7, 7, 1 ],
			"to": [ 9, 7.5, 2.5 ],
			"faces": {
				"down": { "uv": [ 1, 8.5, 2.5, 9 ], "texture": "#tasergun", "rotation": 270 },
				"up": { "uv": [ 1, 9, 2.5, 8.5 ], "texture": "#tasergun", "rotation": 90 },
				"north": { "uv": [ 1, 8.5, 1.5, 9 ], "texture": "#tasergun" },
				"south": { "uv": [ 2.5, 8.5, 2, 9 ], "texture": "#tasergun" },
				"west": { "uv": [ 1, 8.5, 2.5, 9 ], "texture": "#tasergun" },
				"east": { "uv": [ 2.5, 8.5, 1, 9 ], "texture": "#tasergun" }
			}
		},
		{
			"__comment": "tasergun",
			"from": [ 7, 6.5, 2.5 ],
			"to": [ 9, 7, 3 ],
			"faces": {
				"down": { "uv": [ 2.5, 9, 3, 9.5 ], "texture": "#tasergun", "rotation": 270 },
				"up": { "uv": [ 2.5, 9.5, 3, 9 ], "texture": "#tasergun", "rotation": 90 },
				"north": { "uv": [ 2.5, 9, 3, 9.5 ], "texture": "#tasergun" },
				"south": { "uv": [ 3, 9, 2.5, 9.5 ], "texture": "#tasergun" },
				"west": { "uv": [ 2.5, 9, 3, 9.5 ], "texture": "#tasergun" },
				"east": { "uv": [ 3, 9, 2.5, 9.5 ], "texture": "#tasergun" }
			}
		},
		{
			"__comment": "tasergun",
			"from": [ 7, 6, 3 ],
			"to": [ 9, 6.5, 7.5 ],
			"faces": {
				"down": { "uv": [ 3, 9.5, 7.5, 10 ], "texture": "#tasergun", "rotation": 270 },
				"up": { "uv": [ 3, 10, 7.5, 9.5 ], "texture": "#tasergun", "rotation": 90 },
				"north": { "uv": [ 3, 9.5, 3.5, 10 ], "texture": "#tasergun" },
				"south": { "uv": [ 7.5, 9.5, 7, 10 ], "texture": "#tasergun" },
				"west": { "uv": [ 3, 9.5, 7.5, 10 ], "texture": "#tasergun" },
				"east": { "uv": [ 7.5, 9.5, 3, 10 ], "texture": "#tasergun" }
			}
		},
		{
			"__comment": "tasergun",
			"from": [ 7.5, 12.5, 2 ],
			"to": [ 8.5, 13, 3 ],
			"faces": {
				"down": { "uv": [ 2, 3, 3, 3.5 ], "texture": "#tasergun", "rotation": 270 },
				"up": { "uv": [ 2, 3.5, 3, 3 ], "texture": "#tasergun", "rotation": 90 },
				"north": { "uv": [ 2, 3, 2.5, 3.5 ], "texture": "#tasergun" },
				"south": { "uv": [ 3, 3, 2.5, 3.5 ], "texture": "#tasergun" },
				"west": { "uv": [ 2, 3, 3, 3.5 ], "texture": "#tasergun" },
				"east": { "uv": [ 3, 3, 2, 3.5 ], "texture": "#tasergun" }
			}
		},
		{
			"__comment": "tasergun",
			"from": [ 7, 11.5, 8 ],
			"to": [ 8, 12, 11.5 ],
			"faces": {
				"down": { "uv": [ 8, 4, 11.5, 4.5 ], "texture": "#tasergun", "rotation": 270 },
				"up": { "uv": [ 8, 4.5, 11.5, 4 ], "texture": "#tasergun", "rotation": 90 },
				"north": { "uv": [ 8, 4, 8.5, 4.5 ], "texture": "#tasergun" },
				"south": { "uv": [ 11.5, 4, 11, 4.5 ], "texture": "#tasergun" },
				"west": { "uv": [ 8, 4, 11.5, 4.5 ], "texture": "#tasergun" },
				"east": { "uv": [ 11.5, 4, 8, 4.5 ], "texture": "#tasergun" }
			}
		},
		{
			"__comment": "tasergun",
			"from": [ 7, 11, 8 ],
			"to": [ 8, 11.5, 11 ],
			"faces": {
				"down": { "uv": [ 8, 4.5, 11, 5 ], "texture": "#tasergun", "rotation": 270 },
				"up": { "uv": [ 8, 5, 11, 4.5 ], "texture": "#tasergun", "rotation": 90 },
				"north": { "uv": [ 8, 4.5, 8.5, 5 ], "texture": "#tasergun" },
				"south": { "uv": [ 11, 4.5, 10.5, 5 ], "texture": "#tasergun" },
				"west": { "uv": [ 8, 4.5, 11, 5 ], "texture": "#tasergun" },
				"east": { "uv": [ 11, 4.5, 8, 5 ], "texture": "#tasergun" }
			}
		},
		{
			"__comment": "tasergun",
			"from": [ 7.5, 9, 9.5 ],
			"to": [ 8.5, 10.5, 10.5 ],
			"faces": {
				"down": { "uv": [ 9.5, 6.5, 10.5, 7 ], "texture": "#tasergun", "rotation": 270 },
				"up": { "uv": [ 9.5, 6, 10.5, 5.5 ], "texture": "#tasergun", "rotation": 90 },
				"north": { "uv": [ 9.5, 5.5, 10, 7 ], "texture": "#tasergun" },
				"south": { "uv": [ 10.5, 5.5, 10, 7 ], "texture": "#tasergun" },
				"west": { "uv": [ 9.5, 5.5, 10.5, 7 ], "texture": "#tasergun" },
				"east": { "uv": [ 10.5, 5.5, 9.5, 7 ], "texture": "#tasergun" }
			}
		},
		{
			"__comment": "tasergun",
			"from": [ 7, 12, 0 ],
			"to": [ 9, 12.5, 12.5 ],
			"faces": {
				"down": { "uv": [ 0, 3.5, 12.5, 4 ], "texture": "#tasergun", "rotation": 270 },
				"up": { "uv": [ 0, 4, 12.5, 3.5 ], "texture": "#tasergun", "rotation": 90 },
				"north": { "uv": [ 0, 3.5, 0.5, 4 ], "texture": "#tasergun" },
				"south": { "uv": [ 12.5, 3.5, 12, 4 ], "texture": "#tasergun" },
				"west": { "uv": [ 0, 3.5, 12.5, 4 ], "texture": "#tasergun" },
				"east": { "uv": [ 12.5, 3.5, 0, 4 ], "texture": "#tasergun" }
			}
		},
		{
			"__comment": "tasergun",
			"from": [ 7, 10.5, 8 ],
			"to": [ 9, 11, 11 ],
			"faces": {
				"down": { "uv": [ 8, 5, 11, 5.5 ], "texture": "#tasergun", "rotation": 270 },
				"up": { "uv": [ 8, 5.5, 11, 5 ], "texture": "#tasergun", "rotation": 90 },
				"north": { "uv": [ 8, 5, 8.5, 5.5 ], "texture": "#tasergun" },
				"south": { "uv": [ 11, 5, 10.5, 5.5 ], "texture": "#tasergun" },
				"west": { "uv": [ 8, 5, 11, 5.5 ], "texture": "#tasergun" },
				"east": { "uv": [ 11, 5, 8, 5.5 ], "texture": "#tasergun" }
			}
		},
		{
			"__comment": "tasergun",
			"from": [ 7, 9.5, 7.5 ],
			"to": [ 9, 10.5, 8 ],
			"faces": {
				"down": { "uv": [ 7.5, 6, 8, 6.5 ], "texture": "#tasergun", "rotation": 270 },
				"up": { "uv": [ 7.5, 6, 8, 5.5 ], "texture": "#tasergun", "rotation": 90 },
				"north": { "uv": [ 7.5, 5.5, 8, 6.5 ], "texture": "#tasergun" },
				"south": { "uv": [ 8, 5.5, 7.5, 6.5 ], "texture": "#tasergun" },
				"west": { "uv": [ 7.5, 5.5, 8, 6.5 ], "texture": "#tasergun" },
				"east": { "uv": [ 8, 5.5, 7.5, 6.5 ], "texture": "#tasergun" }
			}
		},
		{
			"__comment": "tasergun",
			"from": [ 7, 8, 7 ],
			"to": [ 9, 9.5, 7.5 ],
			"faces": {
				"down": { "uv": [ 7, 7.5, 7.5, 8 ], "texture": "#tasergun", "rotation": 270 },
				"up": { "uv": [ 7, 7, 7.5, 6.5 ], "texture": "#tasergun", "rotation": 90 },
				"north": { "uv": [ 7, 6.5, 7.5, 8 ], "texture": "#tasergun" },
				"south": { "uv": [ 7.5, 6.5, 7, 8 ], "texture": "#tasergun" },
				"west": { "uv": [ 7, 6.5, 7.5, 8 ], "texture": "#tasergun" },
				"east": { "uv": [ 7.5, 6.5, 7, 8 ], "texture": "#tasergun" }
			}
		},
		{
			"__comment": "tasergun",
			"from": [ 7, 7.5, 7.5 ],
			"to": [ 9, 8, 8 ],
			"faces": {
				"down": { "uv": [ 7.5, 8, 8, 8.5 ], "texture": "#tasergun", "rotation": 270 },
				"up": { "uv": [ 7.5, 8.5, 8, 8 ], "texture": "#tasergun", "rotation": 90 },
				"north": { "uv": [ 7.5, 8, 8, 8.5 ], "texture": "#tasergun" },
				"south": { "uv": [ 8, 8, 7.5, 8.5 ], "texture": "#tasergun" },
				"west": { "uv": [ 7.5, 8, 8, 8.5 ], "texture": "#tasergun" },
				"east": { "uv": [ 8, 8, 7.5, 8.5 ], "texture": "#tasergun" }
			}
		},
		{
			"__comment": "tasergun",
			"from": [ 7, 7, 8 ],
			"to": [ 9, 7.5, 9 ],
			"faces": {
				"down": { "uv": [ 8, 8.5, 9, 9 ], "texture": "#tasergun", "rotation": 270 },
				"up": { "uv": [ 8, 9, 9, 8.5 ], "texture": "#tasergun", "rotation": 90 },
				"north": { "uv": [ 8, 8.5, 8.5, 9 ], "texture": "#tasergun" },
				"south": { "uv": [ 9, 8.5, 8.5, 9 ], "texture": "#tasergun" },
				"west": { "uv": [ 8, 8.5, 9, 9 ], "texture": "#tasergun" },
				"east": { "uv": [ 9, 8.5, 8, 9 ], "texture": "#tasergun" }
			}
		},
		{
			"__comment": "tasergun",
			"from": [ 7, 7, 9 ],
			"to": [ 9, 7.5, 11 ],
			"faces": {
				"down": { "uv": [ 9, 8.5, 11, 9 ], "texture": "#tasergun", "rotation": 270 },
				"up": { "uv": [ 9, 9, 11, 8.5 ], "texture": "#tasergun", "rotation": 90 },
				"north": { "uv": [ 9, 8.5, 9.5, 9 ], "texture": "#tasergun" },
				"south": { "uv": [ 11, 8.5, 10.5, 9 ], "texture": "#tasergun" },
				"west": { "uv": [ 9, 8.5, 11, 9 ], "texture": "#tasergun" },
				"east": { "uv": [ 11, 8.5, 9, 9 ], "texture": "#tasergun" }
			}
		},
		{
			"__comment": "tasergun",
			"from": [ 7, 8, 10 ],
			"to": [ 9, 8.5, 12 ],
			"faces": {
				"down": { "uv": [ 10, 7.5, 12, 8 ], "texture": "#tasergun", "rotation": 270 },
				"up": { "uv": [ 10, 8, 12, 7.5 ], "texture": "#tasergun", "rotation": 90 },
				"north": { "uv": [ 10, 7.5, 10.5, 8 ], "texture": "#tasergun" },
				"south": { "uv": [ 12, 7.5, 11.5, 8 ], "texture": "#tasergun" },
				"west": { "uv": [ 10, 7.5, 12, 8 ], "texture": "#tasergun" },
				"east": { "uv": [ 12, 7.5, 10, 8 ], "texture": "#tasergun" }
			}
		},
		{
			"__comment": "tasergun",
			"from": [ 7, 8.5, 10.5 ],
			"to": [ 9, 9.5, 12 ],
			"faces": {
				"down": { "uv": [ 10.5, 7, 12, 7.5 ], "texture": "#tasergun", "rotation": 270 },
				"up": { "uv": [ 10.5, 7, 12, 6.5 ], "texture": "#tasergun", "rotation": 90 },
				"north": { "uv": [ 10.5, 6.5, 11, 7.5 ], "texture": "#tasergun" },
				"south": { "uv": [ 12, 6.5, 11.5, 7.5 ], "texture": "#tasergun" },
				"west": { "uv": [ 10.5, 6.5, 12, 7.5 ], "texture": "#tasergun" },
				"east": { "uv": [ 12, 6.5, 10.5, 7.5 ], "texture": "#tasergun" }
			}
		},
		{
			"__comment": "tasergun",
			"from": [ 7, 6.5, 10 ],
			"to": [ 9, 7, 11 ],
			"faces": {
				"down": { "uv": [ 10, 9, 11, 9.5 ], "texture": "#tasergun", "rotation": 270 },
				"up": { "uv": [ 10, 9.5, 11, 9 ], "texture": "#tasergun", "rotation": 90 },
				"north": { "uv": [ 10, 9, 10.5, 9.5 ], "texture": "#tasergun" },
				"south": { "uv": [ 11, 9, 10.5, 9.5 ], "texture": "#tasergun" },
				"west": { "uv": [ 10, 9, 11, 9.5 ], "texture": "#tasergun" },
				"east": { "uv": [ 11, 9, 10, 9.5 ], "texture": "#tasergun" }
			}
		},
		{
			"__comment": "tasergun",
			"from": [ 7, 5, 10.5 ],
			"to": [ 9, 6.5, 11 ],
			"faces": {
				"down": { "uv": [ 10.5, 10.5, 11, 11 ], "texture": "#tasergun", "rotation": 270 },
				"up": { "uv": [ 10.5, 10, 11, 9.5 ], "texture": "#tasergun", "rotation": 90 },
				"north": { "uv": [ 10.5, 9.5, 11, 11 ], "texture": "#tasergun" },
				"south": { "uv": [ 11, 9.5, 10.5, 11 ], "texture": "#tasergun" },
				"west": { "uv": [ 10.5, 9.5, 11, 11 ], "texture": "#tasergun" },
				"east": { "uv": [ 11, 9.5, 10.5, 11 ], "texture": "#tasergun" }
			}
		},
		{
			"__comment": "tasergun",
			"from": [ 7, 1.5, 12 ],
			"to": [ 9, 2, 15 ],
			"faces": {
				"down": { "uv": [ 12, 14, 15, 14.5 ], "texture": "#tasergun", "rotation": 270 },
				"up": { "uv": [ 12, 14.5, 15, 14 ], "texture": "#tasergun", "rotation": 90 },
				"north": { "uv": [ 12, 14, 12.5, 14.5 ], "texture": "#tasergun" },
				"south": { "uv": [ 15, 14, 14.5, 14.5 ], "texture": "#tasergun" },
				"west": { "uv": [ 12, 14, 15, 14.5 ], "texture": "#tasergun" },
				"east": { "uv": [ 15, 14, 12, 14.5 ], "texture": "#tasergun" }
			}
		},
		{
			"__comment": "tasergun",
			"from": [ 7, 3, 15.5 ],
			"to": [ 9, 5, 16 ],
			"faces": {
				"down": { "uv": [ 15.5, 12.5, 16, 13 ], "texture": "#tasergun", "rotation": 270 },
				"up": { "uv": [ 15.5, 11.5, 16, 11 ], "texture": "#tasergun", "rotation": 90 },
				"north": { "uv": [ 15.5, 11, 16, 13 ], "texture": "#tasergun" },
				"south": { "uv": [ 16, 11, 15.5, 13 ], "texture": "#tasergun" },
				"west": { "uv": [ 15.5, 11, 16, 13 ], "texture": "#tasergun" },
				"east": { "uv": [ 16, 11, 15.5, 13 ], "texture": "#tasergun" }
			}
		},
		{
			"__comment": "tasergun",
			"from": [ 7, 5, 15 ],
			"to": [ 9, 6.5, 15.5 ],
			"faces": {
				"down": { "uv": [ 15, 10.5, 15.5, 11 ], "texture": "#tasergun", "rotation": 270 },
				"up": { "uv": [ 15, 10, 15.5, 9.5 ], "texture": "#tasergun", "rotation": 90 },
				"north": { "uv": [ 15, 9.5, 15.5, 11 ], "texture": "#tasergun" },
				"south": { "uv": [ 15.5, 9.5, 15, 11 ], "texture": "#tasergun" },
				"west": { "uv": [ 15, 9.5, 15.5, 11 ], "texture": "#tasergun" },
				"east": { "uv": [ 15.5, 9.5, 15, 11 ], "texture": "#tasergun" }
			}
		},
		{
			"__comment": "tasergun",
			"from": [ 7, 6.5, 14.5 ],
			"to": [ 9, 8, 15 ],
			"faces": {
				"down": { "uv": [ 14.5, 9, 15, 9.5 ], "texture": "#tasergun", "rotation": 270 },
				"up": { "uv": [ 14.5, 8.5, 15, 8 ], "texture": "#tasergun", "rotation": 90 },
				"north": { "uv": [ 14.5, 8, 15, 9.5 ], "texture": "#tasergun" },
				"south": { "uv": [ 15, 8, 14.5, 9.5 ], "texture": "#tasergun" },
				"west": { "uv": [ 14.5, 8, 15, 9.5 ], "texture": "#tasergun" },
				"east": { "uv": [ 15, 8, 14.5, 9.5 ], "texture": "#tasergun" }
			}
		},
		{
			"__comment": "tasergun",
			"from": [ 7, 12, 12.5 ],
			"to": [ 9, 12.5, 14.5 ],
			"faces": {
				"down": { "uv": [ 12.5, 3.5, 14.5, 4 ], "texture": "#tasergun", "rotation": 270 },
				"up": { "uv": [ 12.5, 4, 14.5, 3.5 ], "texture": "#tasergun", "rotation": 90 },
				"north": { "uv": [ 12.5, 3.5, 13, 4 ], "texture": "#tasergun" },
				"south": { "uv": [ 14.5, 3.5, 14, 4 ], "texture": "#tasergun" },
				"west": { "uv": [ 12.5, 3.5, 14.5, 4 ], "texture": "#tasergun" },
				"east": { "uv": [ 14.5, 3.5, 12.5, 4 ], "texture": "#tasergun" }
			}
		},
		{
			"__comment": "tasergun",
			"from": [ 6.5, 11.5, 11.5 ],
			"to": [ 9.5, 12, 14.5 ],
			"faces": {
				"down": { "uv": [ 11.5, 4, 14.5, 4.5 ], "texture": "#tasergun", "rotation": 270 },
				"up": { "uv": [ 11.5, 4.5, 14.5, 4 ], "texture": "#tasergun", "rotation": 90 },
				"north": { "uv": [ 11.5, 4, 12, 4.5 ], "texture": "#tasergun" },
				"south": { "uv": [ 14.5, 4, 14, 4.5 ], "texture": "#tasergun" },
				"west": { "uv": [ 11.5, 4, 14.5, 4.5 ], "texture": "#tasergun" },
				"east": { "uv": [ 14.5, 4, 11.5, 4.5 ], "texture": "#tasergun" }
			}
		},
		{
			"__comment": "tasergun",
			"from": [ 6, 8, 5.5 ],
			"to": [ 10, 8.5, 6 ],
			"faces": {
				"down": { "uv": [ 5.5, 7.5, 6, 8 ], "texture": "#tasergun", "rotation": 270 },
				"up": { "uv": [ 5.5, 8, 6, 7.5 ], "texture": "#tasergun", "rotation": 90 },
				"north": { "uv": [ 5.5, 7.5, 6, 8 ], "texture": "#tasergun" },
				"south": { "uv": [ 6, 7.5, 5.5, 8 ], "texture": "#tasergun" },
				"west": { "uv": [ 5.5, 7.5, 6, 8 ], "texture": "#tasergun" },
				"east": { "uv": [ 6, 7.5, 5.5, 8 ], "texture": "#tasergun" }
			}
		},
		{
			"__comment": "tasergun",
			"from": [ 6.5, 10.5, 11 ],
			"to": [ 9.5, 11, 15 ],
			"faces": {
				"down": { "uv": [ 11, 5, 15, 5.5 ], "texture": "#tasergun", "rotation": 270 },
				"up": { "uv": [ 11, 5.5, 15, 5 ], "texture": "#tasergun", "rotation": 90 },
				"north": { "uv": [ 11, 5, 11.5, 5.5 ], "texture": "#tasergun" },
				"south": { "uv": [ 15, 5, 14.5, 5.5 ], "texture": "#tasergun" },
				"west": { "uv": [ 11, 5, 15, 5.5 ], "texture": "#tasergun" },
				"east": { "uv": [ 15, 5, 11, 5.5 ], "texture": "#tasergun" }
			}
		},
		{
			"__comment": "tasergun",
			"from": [ 6.5, 10, 10.5 ],
			"to": [ 9.5, 10.5, 14.5 ],
			"faces": {
				"down": { "uv": [ 10.5, 5.5, 14.5, 6 ], "texture": "#tasergun", "rotation": 270 },
				"up": { "uv": [ 10.5, 6, 14.5, 5.5 ], "texture": "#tasergun", "rotation": 90 },
				"north": { "uv": [ 10.5, 5.5, 11, 6 ], "texture": "#tasergun" },
				"south": { "uv": [ 14.5, 5.5, 14, 6 ], "texture": "#tasergun" },
				"west": { "uv": [ 10.5, 5.5, 14.5, 6 ], "texture": "#tasergun" },
				"east": { "uv": [ 14.5, 5.5, 10.5, 6 ], "texture": "#tasergun" }
			}
		},
		{
			"__comment": "tasergun",
			"from": [ 6.5, 9.5, 10.5 ],
			"to": [ 9.5, 10, 14 ],
			"faces": {
				"down": { "uv": [ 10.5, 6, 14, 6.5 ], "texture": "#tasergun", "rotation": 270 },
				"up": { "uv": [ 10.5, 6.5, 14, 6 ], "texture": "#tasergun", "rotation": 90 },
				"north": { "uv": [ 10.5, 6, 11, 6.5 ], "texture": "#tasergun" },
				"south": { "uv": [ 14, 6, 13.5, 6.5 ], "texture": "#tasergun" },
				"west": { "uv": [ 10.5, 6, 14, 6.5 ], "texture": "#tasergun" },
				"east": { "uv": [ 14, 6, 10.5, 6.5 ], "texture": "#tasergun" }
			}
		},
		{
			"__comment": "tasergun",
			"from": [ 6.5, 2, 12 ],
			"to": [ 9.5, 3, 15 ],
			"faces": {
				"down": { "uv": [ 12, 13.5, 15, 14 ], "texture": "#tasergun", "rotation": 270 },
				"up": { "uv": [ 12, 13.5, 15, 13 ], "texture": "#tasergun", "rotation": 90 },
				"north": { "uv": [ 12, 13, 12.5, 14 ], "texture": "#tasergun" },
				"south": { "uv": [ 15, 13, 14.5, 14 ], "texture": "#tasergun" },
				"west": { "uv": [ 12, 13, 15, 14 ], "texture": "#tasergun" },
				"east": { "uv": [ 15, 13, 12, 14 ], "texture": "#tasergun" }
			}
		},
		{
			"__comment": "tasergun",
			"from": [ 7, 7.5, 9 ],
			"to": [ 9, 8, 11.5 ],
			"faces": {
				"down": { "uv": [ 9, 8, 11.5, 8.5 ], "texture": "#tasergun", "rotation": 270 },
				"up": { "uv": [ 9, 8.5, 11.5, 8 ], "texture": "#tasergun", "rotation": 90 },
				"north": { "uv": [ 9, 8, 9.5, 8.5 ], "texture": "#tasergun" },
				"south": { "uv": [ 11.5, 8, 11, 8.5 ], "texture": "#tasergun" },
				"west": { "uv": [ 9, 8, 11.5, 8.5 ], "texture": "#tasergun" },
				"east": { "uv": [ 11.5, 8, 9, 8.5 ], "texture": "#tasergun" }
			}
		},
		{
			"__comment": "tasergun",
			"from": [ 6.5, 8.5, 12 ],
			"to": [ 9.5, 9.5, 14 ],
			"faces": {
				"down": { "uv": [ 12, 7, 14, 7.5 ], "texture": "#tasergun", "rotation": 270 },
				"up": { "uv": [ 12, 7, 14, 6.5 ], "texture": "#tasergun", "rotation": 90 },
				"north": { "uv": [ 12, 6.5, 12.5, 7.5 ], "texture": "#tasergun" },
				"south": { "uv": [ 14, 6.5, 13.5, 7.5 ], "texture": "#tasergun" },
				"west": { "uv": [ 12, 6.5, 14, 7.5 ], "texture": "#tasergun" },
				"east": { "uv": [ 14, 6.5, 12, 7.5 ], "texture": "#tasergun" }
			}
		},
		{
			"__comment": "tasergun",
			"from": [ 6.5, 8, 12 ],
			"to": [ 9.5, 8.5, 14 ],
			"faces": {
				"down": { "uv": [ 12, 7.5, 14, 8 ], "texture": "#tasergun", "rotation": 270 },
				"up": { "uv": [ 12, 8, 14, 7.5 ], "texture": "#tasergun", "rotation": 90 },
				"north": { "uv": [ 12, 7.5, 12.5, 8 ], "texture": "#tasergun" },
				"south": { "uv": [ 14, 7.5, 13.5, 8 ], "texture": "#tasergun" },
				"west": { "uv": [ 12, 7.5, 14, 8 ], "texture": "#tasergun" },
				"east": { "uv": [ 14, 7.5, 12, 8 ], "texture": "#tasergun" }
			}
		},
		{
			"__comment": "tasergun",
			"from": [ 6.5, 7.5, 11.5 ],
			"to": [ 9.5, 8, 14.5 ],
			"faces": {
				"down": { "uv": [ 11.5, 8, 14.5, 8.5 ], "texture": "#tasergun", "rotation": 270 },
				"up": { "uv": [ 11.5, 8.5, 14.5, 8 ], "texture": "#tasergun", "rotation": 90 },
				"north": { "uv": [ 11.5, 8, 12, 8.5 ], "texture": "#tasergun" },
				"south": { "uv": [ 14.5, 8, 14, 8.5 ], "texture": "#tasergun" },
				"west": { "uv": [ 11.5, 8, 14.5, 8.5 ], "texture": "#tasergun" },
				"east": { "uv": [ 14.5, 8, 11.5, 8.5 ], "texture": "#tasergun" }
			}
		},
		{
			"__comment": "tasergun",
			"from": [ 6.5, 6.5, 11 ],
			"to": [ 9.5, 7.5, 14.5 ],
			"faces": {
				"down": { "uv": [ 11, 9, 14.5, 9.5 ], "texture": "#tasergun", "rotation": 270 },
				"up": { "uv": [ 11, 9, 14.5, 8.5 ], "texture": "#tasergun", "rotation": 90 },
				"north": { "uv": [ 11, 8.5, 11.5, 9.5 ], "texture": "#tasergun" },
				"south": { "uv": [ 14.5, 8.5, 14, 9.5 ], "texture": "#tasergun" },
				"west": { "uv": [ 11, 8.5, 14.5, 9.5 ], "texture": "#tasergun" },
				"east": { "uv": [ 14.5, 8.5, 11, 9.5 ], "texture": "#tasergun" }
			}
		},
		{
			"__comment": "tasergun",
			"from": [ 6.5, 5, 11 ],
			"to": [ 9.5, 6.5, 15 ],
			"faces": {
				"down": { "uv": [ 11, 10.5, 15, 11 ], "texture": "#tasergun", "rotation": 270 },
				"up": { "uv": [ 11, 10, 15, 9.5 ], "texture": "#tasergun", "rotation": 90 },
				"north": { "uv": [ 11, 9.5, 11.5, 11 ], "texture": "#tasergun" },
				"south": { "uv": [ 15, 9.5, 14.5, 11 ], "texture": "#tasergun" },
				"west": { "uv": [ 11, 9.5, 15, 11 ], "texture": "#tasergun" },
				"east": { "uv": [ 15, 9.5, 11, 11 ], "texture": "#tasergun" }
			}
		},
		{
			"__comment": "tasergun",
			"from": [ 6.5, 4, 11.5 ],
			"to": [ 9.5, 5, 15.5 ],
			"faces": {
				"down": { "uv": [ 11.5, 11.5, 15.5, 12 ], "texture": "#tasergun", "rotation": 270 },
				"up": { "uv": [ 11.5, 11.5, 15.5, 11 ], "texture": "#tasergun", "rotation": 90 },
				"north": { "uv": [ 11.5, 11, 12, 12 ], "texture": "#tasergun" },
				"south": { "uv": [ 15.5, 11, 15, 12 ], "texture": "#tasergun" },
				"west": { "uv": [ 11.5, 11, 15.5, 12 ], "texture": "#tasergun" },
				"east": { "uv": [ 15.5, 11, 11.5, 12 ], "texture": "#tasergun" }
			}
		},
		{
			"__comment": "tasergun",
			"from": [ 7, 3.5, 11 ],
			"to": [ 9, 5, 11.5 ],
			"faces": {
				"down": { "uv": [ 11, 12, 11.5, 12.5 ], "texture": "#tasergun", "rotation": 270 },
				"up": { "uv": [ 11, 11.5, 11.5, 11 ], "texture": "#tasergun", "rotation": 90 },
				"north": { "uv": [ 11, 11, 11.5, 12.5 ], "texture": "#tasergun" },
				"south": { "uv": [ 11.5, 11, 11, 12.5 ], "texture": "#tasergun" },
				"west": { "uv": [ 11, 11, 11.5, 12.5 ], "texture": "#tasergun" },
				"east": { "uv": [ 11.5, 11, 11, 12.5 ], "texture": "#tasergun" }
			}
		},
		{
			"__comment": "tasergun",
			"from": [ 7, 2, 11.5 ],
			"to": [ 9, 3.5, 12 ],
			"faces": {
				"down": { "uv": [ 11.5, 13.5, 12, 14 ], "texture": "#tasergun", "rotation": 270 },
				"up": { "uv": [ 11.5, 13, 12, 12.5 ], "texture": "#tasergun", "rotation": 90 },
				"north": { "uv": [ 11.5, 12.5, 12, 14 ], "texture": "#tasergun" },
				"south": { "uv": [ 12, 12.5, 11.5, 14 ], "texture": "#tasergun" },
				"west": { "uv": [ 11.5, 12.5, 12, 14 ], "texture": "#tasergun" },
				"east": { "uv": [ 12, 12.5, 11.5, 14 ], "texture": "#tasergun" }
			}
		},
		{
			"__comment": "tasergun",
			"from": [ 7, 2, 15 ],
			"to": [ 9, 3, 15.5 ],
			"faces": {
				"down": { "uv": [ 15, 13.5, 15.5, 14 ], "texture": "#tasergun", "rotation": 270 },
				"up": { "uv": [ 15, 13.5, 15.5, 13 ], "texture": "#tasergun", "rotation": 90 },
				"north": { "uv": [ 15, 13, 15.5, 14 ], "texture": "#tasergun" },
				"south": { "uv": [ 15.5, 13, 15, 14 ], "texture": "#tasergun" },
				"west": { "uv": [ 15, 13, 15.5, 14 ], "texture": "#tasergun" },
				"east": { "uv": [ 15.5, 13, 15, 14 ], "texture": "#tasergun" }
			}
		},
		{
			"__comment": "tasergun",
			"from": [ 6.5, 3.5, 11.5 ],
			"to": [ 9.5, 4, 15.5 ],
			"faces": {
				"down": { "uv": [ 11.5, 12, 15.5, 12.5 ], "texture": "#tasergun", "rotation": 270 },
				"up": { "uv": [ 11.5, 12.5, 15.5, 12 ], "texture": "#tasergun", "rotation": 90 },
				"north": { "uv": [ 11.5, 12, 12, 12.5 ], "texture": "#tasergun" },
				"south": { "uv": [ 15.5, 12, 15, 12.5 ], "texture": "#tasergun" },
				"west": { "uv": [ 11.5, 12, 15.5, 12.5 ], "texture": "#tasergun" },
				"east": { "uv": [ 15.5, 12, 11.5, 12.5 ], "texture": "#tasergun" }
			}
		},
		{
			"__comment": "tasergun",
			"from": [ 6.5, 3, 12 ],
			"to": [ 9.5, 3.5, 15.5 ],
			"faces": {
				"down": { "uv": [ 12, 12.5, 15.5, 13 ], "texture": "#tasergun", "rotation": 270 },
				"up": { "uv": [ 12, 13, 15.5, 12.5 ], "texture": "#tasergun", "rotation": 90 },
				"north": { "uv": [ 12, 12.5, 12.5, 13 ], "texture": "#tasergun" },
				"south": { "uv": [ 15.5, 12.5, 15, 13 ], "texture": "#tasergun" },
				"west": { "uv": [ 12, 12.5, 15.5, 13 ], "texture": "#tasergun" },
				"east": { "uv": [ 15.5, 12.5, 12, 13 ], "texture": "#tasergun" }
			}
		},
		{
			"__comment": "tasergun",
			"from": [ 6.5, 11, 11 ],
			"to": [ 9.5, 11.5, 14.5 ],
			"faces": {
				"down": { "uv": [ 11, 4.5, 14.5, 5 ], "texture": "#tasergun", "rotation": 270 },
				"up": { "uv": [ 11, 5, 14.5, 4.5 ], "texture": "#tasergun", "rotation": 90 },
				"north": { "uv": [ 11, 4.5, 11.5, 5 ], "texture": "#tasergun" },
				"south": { "uv": [ 14.5, 4.5, 14, 5 ], "texture": "#tasergun" },
				"west": { "uv": [ 11, 4.5, 14.5, 5 ], "texture": "#tasergun" },
				"east": { "uv": [ 14.5, 4.5, 11, 5 ], "texture": "#tasergun" }
			}
		},
		{
			"__comment": "tasergun",
			"from": [ 6, 11, 12 ],
			"to": [ 10, 11.5, 14.5 ],
			"faces": {
				"down": { "uv": [ 12, 4.5, 14.5, 5 ], "texture": "#tasergun", "rotation": 270 },
				"up": { "uv": [ 12, 5, 14.5, 4.5 ], "texture": "#tasergun", "rotation": 90 },
				"north": { "uv": [ 12, 4.5, 12.5, 5 ], "texture": "#tasergun" },
				"south": { "uv": [ 14.5, 4.5, 14, 5 ], "texture": "#tasergun" },
				"west": { "uv": [ 12, 4.5, 14.5, 5 ], "texture": "#tasergun" },
				"east": { "uv": [ 14.5, 4.5, 12, 5 ], "texture": "#tasergun" }
			}
		},
		{
			"__comment": "tasergun",
			"from": [ 6, 10.5, 13 ],
			"to": [ 10, 11, 14.5 ],
			"faces": {
				"down": { "uv": [ 13, 5, 14.5, 5.5 ], "texture": "#tasergun", "rotation": 270 },
				"up": { "uv": [ 13, 5.5, 14.5, 5 ], "texture": "#tasergun", "rotation": 90 },
				"north": { "uv": [ 13, 5, 13.5, 5.5 ], "texture": "#tasergun" },
				"south": { "uv": [ 14.5, 5, 14, 5.5 ], "texture": "#tasergun" },
				"west": { "uv": [ 13, 5, 14.5, 5.5 ], "texture": "#tasergun" },
				"east": { "uv": [ 14.5, 5, 13, 5.5 ], "texture": "#tasergun" }
			}
		},
		{
			"__comment": "tasergun",
			"from": [ 6, 8.5, 5.5 ],
			"to": [ 10, 9, 6.5 ],
			"faces": {
				"down": { "uv": [ 5.5, 7, 6.5, 7.5 ], "texture": "#tasergun", "rotation": 270 },
				"up": { "uv": [ 5.5, 7.5, 6.5, 7 ], "texture": "#tasergun", "rotation": 90 },
				"north": { "uv": [ 5.5, 7, 6, 7.5 ], "texture": "#tasergun" },
				"south": { "uv": [ 6.5, 7, 6, 7.5 ], "texture": "#tasergun" },
				"west": { "uv": [ 5.5, 7, 6.5, 7.5 ], "texture": "#tasergun" },
				"east": { "uv": [ 6.5, 7, 5.5, 7.5 ], "texture": "#tasergun" }
			}
		},
		{
			"__comment": "tasergun",
			"from": [ 7, 11, 14.5 ],
			"to": [ 9, 12, 15 ],
			"faces": {
				"down": { "uv": [ 14.5, 4.5, 15, 5 ], "texture": "#tasergun", "rotation": 270 },
				"up": { "uv": [ 14.5, 4.5, 15, 4 ], "texture": "#tasergun", "rotation": 90 },
				"north": { "uv": [ 14.5, 4, 15, 5 ], "texture": "#tasergun" },
				"south": { "uv": [ 15, 4, 14.5, 5 ], "texture": "#tasergun" },
				"west": { "uv": [ 14.5, 4, 15, 5 ], "texture": "#tasergun" },
				"east": { "uv": [ 15, 4, 14.5, 5 ], "texture": "#tasergun" }
			}
		},
		{
			"__comment": "tasergun",
			"from": [ 7, 10, 14.5 ],
			"to": [ 9, 10.5, 15 ],
			"faces": {
				"down": { "uv": [ 14.5, 5.5, 15, 6 ], "texture": "#tasergun", "rotation": 270 },
				"up": { "uv": [ 14.5, 6, 15, 5.5 ], "texture": "#tasergun", "rotation": 90 },
				"north": { "uv": [ 14.5, 5.5, 15, 6 ], "texture": "#tasergun" },
				"south": { "uv": [ 15, 5.5, 14.5, 6 ], "texture": "#tasergun" },
				"west": { "uv": [ 14.5, 5.5, 15, 6 ], "texture": "#tasergun" },
				"east": { "uv": [ 15, 5.5, 14.5, 6 ], "texture": "#tasergun" }
			}
		},
		{
			"__comment": "tasergun",
			"from": [ 7, 10.5, 15 ],
			"to": [ 9, 11, 15.5 ],
			"faces": {
				"down": { "uv": [ 15, 5, 15.5, 5.5 ], "texture": "#tasergun", "rotation": 270 },
				"up": { "uv": [ 15, 5.5, 15.5, 5 ], "texture": "#tasergun", "rotation": 90 },
				"north": { "uv": [ 15, 5, 15.5, 5.5 ], "texture": "#tasergun" },
				"south": { "uv": [ 15.5, 5, 15, 5.5 ], "texture": "#tasergun" },
				"west": { "uv": [ 15, 5, 15.5, 5.5 ], "texture": "#tasergun" },
				"east": { "uv": [ 15.5, 5, 15, 5.5 ], "texture": "#tasergun" }
			}
		}
	],
	"display": {
		"thirdperson_righthand": {
			"translation":  [ 0, -1.25, -1 ],
			"scale":  [ 0.5, 0.5, 0.5 ]
		},
		"thirdperson_lefthand": {
			"rotation":  [ -45, 0, 0 ],
			"translation":  [ -10, -3, 0 ],
			"scale":  [ 0.5, 0.5, 0.5 ]
		},
		"firstperson_righthand": {
			"translation":  [ -8.95, 3.25, -3 ]
		},
		"firstperson_lefthand": {
			"scale":  [ 0.0001, 0.0001, 0.0001 ]
		},
		"gui": {
			"rotation":  [ 30, 135, 0 ],
			"scale":  [ 0.625, 0.625, 0.625 ]
		},
		"head": {
			"scale":  [ 0.0001, 0.0001, 0.0001 ]
		},
		"ground": {
			"rotation":  [ 0, 0, 90 ],
			"scale":  [ 0.5, 0.5, 0.5 ]
		},
		"fixed": {
			"rotation":  [ 0, -90, 0 ]
		}
	}
}