{
	"__comment": "Designed by Optimus0812 with BDcraft Cubik PRO 0.96 Beta - http://bdcraft.net",
	"textures": {
		"mp-133_shotgun": "guns/shotguns/mp-133_shotgun"
	},
	"elements": [ 	 
		{
			"__comment": "mp-133_shotgun",
			"from": [ 7.5, 7.5, -8 ],
			"to": [ 8.5, 8.5, 5.5 ],
			"faces": {
				"down": { "uv": [ 0, 8, 6.75, 8.25 ], "texture": "#mp-133_shotgun", "rotation": 270 },
				"up": { "uv": [ 0, 8, 6.75, 7.75 ], "texture": "#mp-133_shotgun", "rotation": 90 },
				"north": { "uv": [ 0, 7.75, 0.25, 8.25 ], "texture": "#mp-133_shotgun" },
				"south": { "uv": [ 6.75, 7.75, 6.5, 8.25 ], "texture": "#mp-133_shotgun" },
				"west": { "uv": [ 0, 7.75, 6.75, 8.25 ], "texture": "#mp-133_shotgun" },
				"east": { "uv": [ 6.75, 7.75, 0, 8.25 ], "texture": "#mp-133_shotgun" }
			}
		},
		{
			"__comment": "mp-133_shotgun1",
			"from": [ 7.5, 8.5, -7.5 ],
			"to": [ 8.5, 9, -7 ],
			"faces": {
				"down": { "uv": [ 0.25, 7.5, 0.5, 7.75 ], "texture": "#mp-133_shotgun", "rotation": 270 },
				"up": { "uv": [ 0.25, 7.75, 0.5, 7.5 ], "texture": "#mp-133_shotgun", "rotation": 90 },
				"north": { "uv": [ 0.25, 7.5, 0.5, 7.75 ], "texture": "#mp-133_shotgun" },
				"south": { "uv": [ 0.5, 7.5, 0.25, 7.75 ], "texture": "#mp-133_shotgun" },
				"west": { "uv": [ 0.25, 7.5, 0.5, 7.75 ], "texture": "#mp-133_shotgun" },
				"east": { "uv": [ 0.5, 7.5, 0.25, 7.75 ], "texture": "#mp-133_shotgun" }
			}
		},
		{
			"__comment": "mp-133_shotgun2",
			"from": [ 7.5, 7, -4 ],
			"to": [ 8.5, 7.5, -3.5 ],
			"faces": {
				"down": { "uv": [ 2, 8.25, 2.25, 8.5 ], "texture": "#mp-133_shotgun", "rotation": 270 },
				"up": { "uv": [ 2, 8.5, 2.25, 8.25 ], "texture": "#mp-133_shotgun", "rotation": 90 },
				"north": { "uv": [ 2, 8.25, 2.25, 8.5 ], "texture": "#mp-133_shotgun" },
				"south": { "uv": [ 2.25, 8.25, 2, 8.5 ], "texture": "#mp-133_shotgun" },
				"west": { "uv": [ 2, 8.25, 2.25, 8.5 ], "texture": "#mp-133_shotgun" },
				"east": { "uv": [ 2.25, 8.25, 2, 8.5 ], "texture": "#mp-133_shotgun" }
			}
		},
		{
			"__comment": "mp-133_shotgun3",
			"from": [ 7.5, 6, -8 ],
			"to": [ 8.5, 7, -3 ],
			"faces": {
				"down": { "uv": [ 0, 8.75, 2.5, 9 ], "texture": "#mp-133_shotgun", "rotation": 270 },
				"up": { "uv": [ 0, 8.75, 2.5, 8.5 ], "texture": "#mp-133_shotgun", "rotation": 90 },
				"north": { "uv": [ 0, 8.5, 0.25, 9 ], "texture": "#mp-133_shotgun" },
				"south": { "uv": [ 2.5, 8.5, 2.25, 9 ], "texture": "#mp-133_shotgun" },
				"west": { "uv": [ 0, 8.5, 2.5, 9 ], "texture": "#mp-133_shotgun" },
				"east": { "uv": [ 2.5, 8.5, 0, 9 ], "texture": "#mp-133_shotgun" }
			}
		},
		{
			"__comment": "mp-133_shotgun4",
			"from": [ 7, 5.5, -3 ],
			"to": [ 9, 7.5, 3 ],
			"faces": {
				"down": { "uv": [ 2.5, 9, 5.5, 9.25 ], "texture": "#mp-133_shotgun", "rotation": 270 },
				"up": { "uv": [ 2.5, 8.5, 5.5, 8.25 ], "texture": "#mp-133_shotgun", "rotation": 90 },
				"north": { "uv": [ 2.5, 8.25, 2.75, 9.25 ], "texture": "#mp-133_shotgun" },
				"south": { "uv": [ 5.5, 8.25, 5.25, 9.25 ], "texture": "#mp-133_shotgun" },
				"west": { "uv": [ 2.5, 8.25, 5.5, 9.25 ], "texture": "#mp-133_shotgun" },
				"east": { "uv": [ 5.5, 8.25, 2.5, 9.25 ], "texture": "#mp-133_shotgun" }
			}
		},
		{
			"__comment": "mp-133_shotgun5",
			"from": [ 7.5, 6, 3 ],
			"to": [ 8.5, 7.5, 5.5 ],
			"faces": {
				"down": { "uv": [ 5.5, 8.75, 6.75, 9 ], "texture": "#mp-133_shotgun", "rotation": 270 },
				"up": { "uv": [ 5.5, 8.5, 6.75, 8.25 ], "texture": "#mp-133_shotgun", "rotation": 90 },
				"north": { "uv": [ 5.5, 8.25, 5.75, 9 ], "texture": "#mp-133_shotgun" },
				"south": { "uv": [ 6.75, 8.25, 6.5, 9 ], "texture": "#mp-133_shotgun" },
				"west": { "uv": [ 5.5, 8.25, 6.75, 9 ], "texture": "#mp-133_shotgun" },
				"east": { "uv": [ 6.75, 8.25, 5.5, 9 ], "texture": "#mp-133_shotgun" }
			}
		},
		{
			"__comment": "mp-133_shotgun7",
			"from": [ 7, 6.5, 5.5 ],
			"to": [ 9, 8, 12.5 ],
			"faces": {
				"down": { "uv": [ 8, 8.75, 10.25, 9 ], "texture": "#mp-133_shotgun", "rotation": 270 },
				"up": { "uv": [ 8, 8, 10.25, 7.75 ], "texture": "#mp-133_shotgun", "rotation": 90 },
				"north": { "uv": [ 8, 7.75, 8.25, 9 ], "texture": "#mp-133_shotgun" },
				"south": { "uv": [ 10.25, 7.75, 10, 9 ], "texture": "#mp-133_shotgun" },
				"west": { "uv": [ 6.75, 8, 10.25, 8.75 ], "texture": "#mp-133_shotgun" },
				"east": { "uv": [ 10.25, 7.75, 8, 9 ], "texture": "#mp-133_shotgun" }
			}
		},
		{
			"__comment": "mp-133_shotgun8",
			"from": [ 7, 6, 12.5 ],
			"to": [ 9, 8, 13 ],
			"faces": {
				"down": { "uv": [ 10.25, 8.75, 10.5, 9 ], "texture": "#mp-133_shotgun", "rotation": 270 },
				"up": { "uv": [ 10.25, 8.25, 10.5, 8 ], "texture": "#mp-133_shotgun", "rotation": 90 },
				"north": { "uv": [ 10.25, 8, 10.5, 9 ], "texture": "#mp-133_shotgun" },
				"south": { "uv": [ 10.5, 8, 10.25, 9 ], "texture": "#mp-133_shotgun" },
				"west": { "uv": [ 10.25, 8, 10.5, 9 ], "texture": "#mp-133_shotgun" },
				"east": { "uv": [ 10.5, 8, 10.25, 9 ], "texture": "#mp-133_shotgun" }
			}
		},
		{
			"__comment": "mp-133_shotgun9",
			"from": [ 7.5, 8, 12.5 ],
			"to": [ 8.5, 8.5, 13 ],
			"faces": {
				"down": { "uv": [ 10.25, 7.75, 10.5, 8 ], "texture": "#mp-133_shotgun", "rotation": 270 },
				"up": { "uv": [ 10.25, 8, 10.5, 7.75 ], "texture": "#mp-133_shotgun", "rotation": 90 },
				"north": { "uv": [ 10.25, 7.75, 10.5, 8 ], "texture": "#mp-133_shotgun" },
				"south": { "uv": [ 10.5, 7.75, 10.25, 8 ], "texture": "#mp-133_shotgun" },
				"west": { "uv": [ 10.25, 7.75, 10.5, 8 ], "texture": "#mp-133_shotgun" },
				"east": { "uv": [ 10.5, 7.75, 10.25, 8 ], "texture": "#mp-133_shotgun" }
			}
		},
		{
			"__comment": "mp-133_shotgun10",
			"from": [ 7.5, 5.5, 9 ],
			"to": [ 8.5, 6, 11 ],
			"faces": {
				"down": { "uv": [ 8.5, 9, 9.5, 9.25 ], "texture": "#mp-133_shotgun", "rotation": 270 },
				"up": { "uv": [ 8.5, 9.25, 9.5, 9 ], "texture": "#mp-133_shotgun", "rotation": 90 },
				"north": { "uv": [ 8.5, 9, 8.75, 9.25 ], "texture": "#mp-133_shotgun" },
				"south": { "uv": [ 9.5, 9, 9.25, 9.25 ], "texture": "#mp-133_shotgun" },
				"west": { "uv": [ 8.5, 9, 9.5, 9.25 ], "texture": "#mp-133_shotgun" },
				"east": { "uv": [ 9.5, 9, 8.5, 9.25 ], "texture": "#mp-133_shotgun" }
			}
		},
		{
			"__comment": "mp-133_shotgun11",
			"from": [ 7.5, 4.5, 10 ],
			"to": [ 8.5, 5.5, 10.5 ],
			"faces": {
				"down": { "uv": [ 9, 9.5, 9.25, 9.75 ], "texture": "#mp-133_shotgun", "rotation": 270 },
				"up": { "uv": [ 9, 9.5, 9.25, 9.25 ], "texture": "#mp-133_shotgun", "rotation": 90 },
				"north": { "uv": [ 9, 9.25, 9.25, 9.75 ], "texture": "#mp-133_shotgun" },
				"south": { "uv": [ 9.25, 9.25, 9, 9.75 ], "texture": "#mp-133_shotgun" },
				"west": { "uv": [ 9, 9.25, 9.25, 9.75 ], "texture": "#mp-133_shotgun" },
				"east": { "uv": [ 9.25, 9.25, 9, 9.75 ], "texture": "#mp-133_shotgun" }
			}
		},
		{
			"__comment": "mp-133_shotgun12",
			"from": [ 7.5, 4, 10.5 ],
			"to": [ 8.5, 4.5, 12.5 ],
			"faces": {
				"down": { "uv": [ 9.25, 9.75, 10.25, 10 ], "texture": "#mp-133_shotgun", "rotation": 270 },
				"up": { "uv": [ 9.25, 10, 10.25, 9.75 ], "texture": "#mp-133_shotgun", "rotation": 90 },
				"north": { "uv": [ 9.25, 9.75, 9.5, 10 ], "texture": "#mp-133_shotgun" },
				"south": { "uv": [ 10.25, 9.75, 10, 10 ], "texture": "#mp-133_shotgun" },
				"west": { "uv": [ 9.25, 9.75, 10.25, 10 ], "texture": "#mp-133_shotgun" },
				"east": { "uv": [ 10.25, 9.75, 9.25, 10 ], "texture": "#mp-133_shotgun" }
			}
		},
		{
			"__comment": "mp-133_shotgun13",
			"from": [ 7.5, 4.5, 12.5 ],
			"to": [ 8.5, 5.5, 13 ],
			"faces": {
				"down": { "uv": [ 10.25, 9.5, 10.5, 9.75 ], "texture": "#mp-133_shotgun", "rotation": 270 },
				"up": { "uv": [ 10.25, 9.5, 10.5, 9.25 ], "texture": "#mp-133_shotgun", "rotation": 90 },
				"north": { "uv": [ 10.25, 9.25, 10.5, 9.75 ], "texture": "#mp-133_shotgun" },
				"south": { "uv": [ 10.5, 9.25, 10.25, 9.75 ], "texture": "#mp-133_shotgun" },
				"west": { "uv": [ 10.25, 9.25, 10.5, 9.75 ], "texture": "#mp-133_shotgun" },
				"east": { "uv": [ 10.5, 9.25, 10.25, 9.75 ], "texture": "#mp-133_shotgun" }
			}
		},
		{
			"__comment": "mp-133_shotgun14",
			"from": [ 7.5, 5.5, 11.5 ],
			"to": [ 8.5, 6, 14.5 ],
			"faces": {
				"down": { "uv": [ 9.75, 9, 11.25, 9.25 ], "texture": "#mp-133_shotgun", "rotation": 270 },
				"up": { "uv": [ 9.75, 9.25, 11.25, 9 ], "texture": "#mp-133_shotgun", "rotation": 90 },
				"north": { "uv": [ 9.75, 9, 10, 9.25 ], "texture": "#mp-133_shotgun" },
				"south": { "uv": [ 11.25, 9, 11, 9.25 ], "texture": "#mp-133_shotgun" },
				"west": { "uv": [ 9.75, 9, 11.25, 9.25 ], "texture": "#mp-133_shotgun" },
				"east": { "uv": [ 11.25, 9, 9.75, 9.25 ], "texture": "#mp-133_shotgun" }
			}
		},
		{
			"__comment": "mp-133_shotgun15",
			"from": [ 7.5, 5, 12 ],
			"to": [ 8.5, 5.5, 12.5 ],
			"faces": {
				"down": { "uv": [ 10, 9.25, 10.25, 9.5 ], "texture": "#mp-133_shotgun", "rotation": 270 },
				"up": { "uv": [ 10, 9.5, 10.25, 9.25 ], "texture": "#mp-133_shotgun", "rotation": 90 },
				"north": { "uv": [ 10, 9.25, 10.25, 9.5 ], "texture": "#mp-133_shotgun" },
				"south": { "uv": [ 10.25, 9.25, 10, 9.5 ], "texture": "#mp-133_shotgun" },
				"west": { "uv": [ 10, 9.25, 10.25, 9.5 ], "texture": "#mp-133_shotgun" },
				"east": { "uv": [ 10.25, 9.25, 10, 9.5 ], "texture": "#mp-133_shotgun" }
			}
		},
		{
			"__comment": "mp-133_shotgun16",
			"from": [ 7.5, 4.5, 11.5 ],
			"to": [ 8.5, 5, 12 ],
			"faces": {
				"down": { "uv": [ 7.5, 4, 8.5, 4.5 ], "texture": "#mp-133_shotgun" },
				"up": { "uv": [ 7.5, 11.5, 8.5, 12 ], "texture": "#mp-133_shotgun" },
				"north": { "uv": [ 7.5, 11, 8.5, 11.5 ], "texture": "#mp-133_shotgun" },
				"south": { "uv": [ 7.5, 11, 8.5, 11.5 ], "texture": "#mp-133_shotgun" },
				"west": { "uv": [ 11.5, 11, 12, 11.5 ], "texture": "#mp-133_shotgun" },
				"east": { "uv": [ 4, 11, 4.5, 11.5 ], "texture": "#mp-133_shotgun" }
			}
		},
		{
			"__comment": "mp-133_shotgun17",
			"from": [ 7.5, 7.5, 13 ],
			"to": [ 8.5, 8, 14 ],
			"faces": {
				"down": { "uv": [ 10.5, 8, 11, 8.25 ], "texture": "#mp-133_shotgun", "rotation": 270 },
				"up": { "uv": [ 10.5, 8.25, 11, 8 ], "texture": "#mp-133_shotgun", "rotation": 90 },
				"north": { "uv": [ 10.5, 8, 10.75, 8.25 ], "texture": "#mp-133_shotgun" },
				"south": { "uv": [ 11, 8, 10.75, 8.25 ], "texture": "#mp-133_shotgun" },
				"west": { "uv": [ 10.5, 8, 11, 8.25 ], "texture": "#mp-133_shotgun" },
				"east": { "uv": [ 11, 8, 10.5, 8.25 ], "texture": "#mp-133_shotgun" }
			}
		},
		{
			"__comment": "mp-133_shotgun18",
			"from": [ 7.5, 7, 14 ],
			"to": [ 8.5, 7.5, 15 ],
			"faces": {
				"down": { "uv": [ 11, 8.25, 11.5, 8.5 ], "texture": "#mp-133_shotgun", "rotation": 270 },
				"up": { "uv": [ 11, 8.5, 11.5, 8.25 ], "texture": "#mp-133_shotgun", "rotation": 90 },
				"north": { "uv": [ 11, 8.25, 11.25, 8.5 ], "texture": "#mp-133_shotgun" },
				"south": { "uv": [ 11.5, 8.25, 11.25, 8.5 ], "texture": "#mp-133_shotgun" },
				"west": { "uv": [ 11, 8.25, 11.5, 8.5 ], "texture": "#mp-133_shotgun" },
				"east": { "uv": [ 11.5, 8.25, 11, 8.5 ], "texture": "#mp-133_shotgun" }
			}
		},
		{
			"__comment": "mp-133_shotgun19",
			"from": [ 7.5, 6.5, 15 ],
			"to": [ 8.5, 7, 16 ],
			"faces": {
				"down": { "uv": [ 11.5, 8.5, 12, 8.75 ], "texture": "#mp-133_shotgun", "rotation": 270 },
				"up": { "uv": [ 11.5, 8.75, 12, 8.5 ], "texture": "#mp-133_shotgun", "rotation": 90 },
				"north": { "uv": [ 11.5, 8.5, 11.75, 8.75 ], "texture": "#mp-133_shotgun" },
				"south": { "uv": [ 12, 8.5, 11.75, 8.75 ], "texture": "#mp-133_shotgun" },
				"west": { "uv": [ 11.5, 8.5, 12, 8.75 ], "texture": "#mp-133_shotgun" },
				"east": { "uv": [ 12, 8.5, 11.5, 8.75 ], "texture": "#mp-133_shotgun" }
			}
		},
		{
			"__comment": "mp-133_shotgun20",
			"from": [ 7.5, 6, 16 ],
			"to": [ 8.5, 6.5, 17 ],
			"faces": {
				"down": { "uv": [ 12, 8.75, 12.5, 9 ], "texture": "#mp-133_shotgun", "rotation": 270 },
				"up": { "uv": [ 12, 9, 12.5, 8.75 ], "texture": "#mp-133_shotgun", "rotation": 90 },
				"north": { "uv": [ 12, 8.75, 12.25, 9 ], "texture": "#mp-133_shotgun" },
				"south": { "uv": [ 12.5, 8.75, 12.25, 9 ], "texture": "#mp-133_shotgun" },
				"west": { "uv": [ 12, 8.75, 12.5, 9 ], "texture": "#mp-133_shotgun" },
				"east": { "uv": [ 12.5, 8.75, 12, 9 ], "texture": "#mp-133_shotgun" }
			}
		},
		{
			"__comment": "mp-133_shotgun21",
			"from": [ 7.5, 6.5, 17 ],
			"to": [ 8.5, 7, 19 ],
			"faces": {
				"down": { "uv": [ 12.5, 8.5, 13.5, 8.75 ], "texture": "#mp-133_shotgun", "rotation": 270 },
				"up": { "uv": [ 12.5, 8.75, 13.5, 8.5 ], "texture": "#mp-133_shotgun", "rotation": 90 },
				"north": { "uv": [ 12.5, 8.5, 12.75, 8.75 ], "texture": "#mp-133_shotgun" },
				"south": { "uv": [ 13.5, 8.5, 13.25, 8.75 ], "texture": "#mp-133_shotgun" },
				"west": { "uv": [ 12.5, 8.5, 13.5, 8.75 ], "texture": "#mp-133_shotgun" },
				"east": { "uv": [ 13.5, 8.5, 12.5, 8.75 ], "texture": "#mp-133_shotgun" }
			}
		},
		{
			"__comment": "mp-133_shotgun22",
			"from": [ 7.5, 6, 19 ],
			"to": [ 8.5, 6.5, 21 ],
			"faces": {
				"down": { "uv": [ 13.5, 8.75, 14.5, 9 ], "texture": "#mp-133_shotgun", "rotation": 270 },
				"up": { "uv": [ 13.5, 9, 14.5, 8.75 ], "texture": "#mp-133_shotgun", "rotation": 90 },
				"north": { "uv": [ 13.5, 8.75, 13.75, 9 ], "texture": "#mp-133_shotgun" },
				"south": { "uv": [ 14.5, 8.75, 14.25, 9 ], "texture": "#mp-133_shotgun" },
				"west": { "uv": [ 13.5, 8.75, 14.5, 9 ], "texture": "#mp-133_shotgun" },
				"east": { "uv": [ 14.5, 8.75, 13.5, 9 ], "texture": "#mp-133_shotgun" }
			}
		},
		{
			"__comment": "mp-133_shotgun23",
			"from": [ 7.5, 5.5, 21 ],
			"to": [ 8.5, 6, 23 ],
			"faces": {
				"down": { "uv": [ 14.5, 9, 15.5, 9.25 ], "texture": "#mp-133_shotgun", "rotation": 270 },
				"up": { "uv": [ 14.5, 9.25, 15.5, 9 ], "texture": "#mp-133_shotgun", "rotation": 90 },
				"north": { "uv": [ 14.5, 9, 14.75, 9.25 ], "texture": "#mp-133_shotgun" },
				"south": { "uv": [ 15.5, 9, 15.25, 9.25 ], "texture": "#mp-133_shotgun" },
				"west": { "uv": [ 14.5, 9, 15.5, 9.25 ], "texture": "#mp-133_shotgun" },
				"east": { "uv": [ 15.5, 9, 14.5, 9.25 ], "texture": "#mp-133_shotgun" }
			}
		},
		{
			"__comment": "mp-133_shotgun24",
			"from": [ 7.5, 5, 23 ],
			"to": [ 8.5, 5.5, 24 ],
			"faces": {
				"down": { "uv": [ 15.5, 9.25, 16, 9.5 ], "texture": "#mp-133_shotgun", "rotation": 270 },
				"up": { "uv": [ 15.5, 9.5, 16, 9.25 ], "texture": "#mp-133_shotgun", "rotation": 90 },
				"north": { "uv": [ 15.5, 9.25, 15.75, 9.5 ], "texture": "#mp-133_shotgun" },
				"south": { "uv": [ 16, 9.25, 15.75, 9.5 ], "texture": "#mp-133_shotgun" },
				"west": { "uv": [ 15.5, 9.25, 16, 9.5 ], "texture": "#mp-133_shotgun" },
				"east": { "uv": [ 16, 9.25, 15.5, 9.5 ], "texture": "#mp-133_shotgun" }
			}
		},
		{
			"__comment": "mp-133_shotgun25",
			"from": [ 7.5, 5, 14.5 ],
			"to": [ 8.5, 5.5, 15 ],
			"faces": {
				"down": { "uv": [ 11.25, 9.25, 11.5, 9.5 ], "texture": "#mp-133_shotgun", "rotation": 270 },
				"up": { "uv": [ 11.25, 9.5, 11.5, 9.25 ], "texture": "#mp-133_shotgun", "rotation": 90 },
				"north": { "uv": [ 11.25, 9.25, 11.5, 9.5 ], "texture": "#mp-133_shotgun" },
				"south": { "uv": [ 11.5, 9.25, 11.25, 9.5 ], "texture": "#mp-133_shotgun" },
				"west": { "uv": [ 11.25, 9.25, 11.5, 9.5 ], "texture": "#mp-133_shotgun" },
				"east": { "uv": [ 11.5, 9.25, 11.25, 9.5 ], "texture": "#mp-133_shotgun" }
			}
		},
		{
			"__comment": "mp-133_shotgun26",
			"from": [ 7.5, 4.5, 15 ],
			"to": [ 8.5, 5, 15.5 ],
			"faces": {
				"down": { "uv": [ 11.5, 9.5, 11.75, 9.75 ], "texture": "#mp-133_shotgun", "rotation": 270 },
				"up": { "uv": [ 11.5, 9.75, 11.75, 9.5 ], "texture": "#mp-133_shotgun", "rotation": 90 },
				"north": { "uv": [ 11.5, 9.5, 11.75, 9.75 ], "texture": "#mp-133_shotgun" },
				"south": { "uv": [ 11.75, 9.5, 11.5, 9.75 ], "texture": "#mp-133_shotgun" },
				"west": { "uv": [ 11.5, 9.5, 11.75, 9.75 ], "texture": "#mp-133_shotgun" },
				"east": { "uv": [ 11.75, 9.5, 11.5, 9.75 ], "texture": "#mp-133_shotgun" }
			}
		},
		{
			"__comment": "mp-133_shotgun27",
			"from": [ 7.5, 4, 15.5 ],
			"to": [ 8.5, 4.5, 16 ],
			"faces": {
				"down": { "uv": [ 11.75, 9.75, 12, 10 ], "texture": "#mp-133_shotgun", "rotation": 270 },
				"up": { "uv": [ 11.75, 10, 12, 9.75 ], "texture": "#mp-133_shotgun", "rotation": 90 },
				"north": { "uv": [ 11.75, 9.75, 12, 10 ], "texture": "#mp-133_shotgun" },
				"south": { "uv": [ 12, 9.75, 11.75, 10 ], "texture": "#mp-133_shotgun" },
				"west": { "uv": [ 11.75, 9.75, 12, 10 ], "texture": "#mp-133_shotgun" },
				"east": { "uv": [ 12, 9.75, 11.75, 10 ], "texture": "#mp-133_shotgun" }
			}
		},
		{
			"__comment": "mp-133_shotgun28",
			"from": [ 7.5, 3.5, 16 ],
			"to": [ 8.5, 4, 17 ],
			"faces": {
				"down": { "uv": [ 12, 10, 12.5, 10.25 ], "texture": "#mp-133_shotgun", "rotation": 270 },
				"up": { "uv": [ 12, 10.25, 12.5, 10 ], "texture": "#mp-133_shotgun", "rotation": 90 },
				"north": { "uv": [ 12, 10, 12.25, 10.25 ], "texture": "#mp-133_shotgun" },
				"south": { "uv": [ 12.5, 10, 12.25, 10.25 ], "texture": "#mp-133_shotgun" },
				"west": { "uv": [ 12, 10, 12.5, 10.25 ], "texture": "#mp-133_shotgun" },
				"east": { "uv": [ 12.5, 10, 12, 10.25 ], "texture": "#mp-133_shotgun" }
			}
		},
		{
			"__comment": "mp-133_shotgun29",
			"from": [ 7.5, 4, 17 ],
			"to": [ 8.5, 4.5, 18 ],
			"faces": {
				"down": { "uv": [ 12.5, 9.75, 13, 10 ], "texture": "#mp-133_shotgun", "rotation": 270 },
				"up": { "uv": [ 12.5, 10, 13, 9.75 ], "texture": "#mp-133_shotgun", "rotation": 90 },
				"north": { "uv": [ 12.5, 9.75, 12.75, 10 ], "texture": "#mp-133_shotgun" },
				"south": { "uv": [ 13, 9.75, 12.75, 10 ], "texture": "#mp-133_shotgun" },
				"west": { "uv": [ 12.5, 9.75, 13, 10 ], "texture": "#mp-133_shotgun" },
				"east": { "uv": [ 13, 9.75, 12.5, 10 ], "texture": "#mp-133_shotgun" }
			}
		},
		{
			"__comment": "mp-133_shotgun30",
			"from": [ 7.5, 3.5, 18 ],
			"to": [ 8.5, 4, 19 ],
			"faces": {
				"down": { "uv": [ 13, 10, 13.5, 10.25 ], "texture": "#mp-133_shotgun", "rotation": 270 },
				"up": { "uv": [ 13, 10.25, 13.5, 10 ], "texture": "#mp-133_shotgun", "rotation": 90 },
				"north": { "uv": [ 13, 10, 13.25, 10.25 ], "texture": "#mp-133_shotgun" },
				"south": { "uv": [ 13.5, 10, 13.25, 10.25 ], "texture": "#mp-133_shotgun" },
				"west": { "uv": [ 13, 10, 13.5, 10.25 ], "texture": "#mp-133_shotgun" },
				"east": { "uv": [ 13.5, 10, 13, 10.25 ], "texture": "#mp-133_shotgun" }
			}
		},
		{
			"__comment": "mp-133_shotgun31",
			"from": [ 7.5, 3, 19 ],
			"to": [ 8.5, 3.5, 20 ],
			"faces": {
				"down": { "uv": [ 13.5, 10.25, 14, 10.5 ], "texture": "#mp-133_shotgun", "rotation": 270 },
				"up": { "uv": [ 13.5, 10.5, 14, 10.25 ], "texture": "#mp-133_shotgun", "rotation": 90 },
				"north": { "uv": [ 13.5, 10.25, 13.75, 10.5 ], "texture": "#mp-133_shotgun" },
				"south": { "uv": [ 14, 10.25, 13.75, 10.5 ], "texture": "#mp-133_shotgun" },
				"west": { "uv": [ 13.5, 10.25, 14, 10.5 ], "texture": "#mp-133_shotgun" },
				"east": { "uv": [ 14, 10.25, 13.5, 10.5 ], "texture": "#mp-133_shotgun" }
			}
		},
		{
			"__comment": "mp-133_shotgun32",
			"from": [ 7.5, 2.5, 20 ],
			"to": [ 8.5, 3, 21 ],
			"faces": {
				"down": { "uv": [ 14, 10.5, 14.5, 10.75 ], "texture": "#mp-133_shotgun", "rotation": 270 },
				"up": { "uv": [ 14, 10.75, 14.5, 10.5 ], "texture": "#mp-133_shotgun", "rotation": 90 },
				"north": { "uv": [ 14, 10.5, 14.25, 10.75 ], "texture": "#mp-133_shotgun" },
				"south": { "uv": [ 14.5, 10.5, 14.25, 10.75 ], "texture": "#mp-133_shotgun" },
				"west": { "uv": [ 14, 10.5, 14.5, 10.75 ], "texture": "#mp-133_shotgun" },
				"east": { "uv": [ 14.5, 10.5, 14, 10.75 ], "texture": "#mp-133_shotgun" }
			}
		},
		{
			"__comment": "mp-133_shotgun33",
			"from": [ 7.5, 2, 21 ],
			"to": [ 8.5, 2.5, 22 ],
			"faces": {
				"down": { "uv": [ 14.5, 10.75, 15, 11 ], "texture": "#mp-133_shotgun", "rotation": 270 },
				"up": { "uv": [ 14.5, 11, 15, 10.75 ], "texture": "#mp-133_shotgun", "rotation": 90 },
				"north": { "uv": [ 14.5, 10.75, 14.75, 11 ], "texture": "#mp-133_shotgun" },
				"south": { "uv": [ 15, 10.75, 14.75, 11 ], "texture": "#mp-133_shotgun" },
				"west": { "uv": [ 14.5, 10.75, 15, 11 ], "texture": "#mp-133_shotgun" },
				"east": { "uv": [ 15, 10.75, 14.5, 11 ], "texture": "#mp-133_shotgun" }
			}
		},
		{
			"__comment": "mp-133_shotgun34",
			"from": [ 7.5, 1.5, 22 ],
			"to": [ 8.5, 2, 23 ],
			"faces": {
				"down": { "uv": [ 15, 11, 15.5, 11.25 ], "texture": "#mp-133_shotgun", "rotation": 270 },
				"up": { "uv": [ 15, 11.25, 15.5, 11 ], "texture": "#mp-133_shotgun", "rotation": 90 },
				"north": { "uv": [ 15, 11, 15.25, 11.25 ], "texture": "#mp-133_shotgun" },
				"south": { "uv": [ 15.5, 11, 15.25, 11.25 ], "texture": "#mp-133_shotgun" },
				"west": { "uv": [ 15, 11, 15.5, 11.25 ], "texture": "#mp-133_shotgun" },
				"east": { "uv": [ 15.5, 11, 15, 11.25 ], "texture": "#mp-133_shotgun" }
			}
		},
		{
			"__comment": "mp-133_shotgun35",
			"from": [ 7.5, 1, 23 ],
			"to": [ 8.5, 1.5, 24 ],
			"faces": {
				"down": { "uv": [ 15.5, 11.25, 16, 11.5 ], "texture": "#mp-133_shotgun", "rotation": 270 },
				"up": { "uv": [ 15.5, 11.5, 16, 11.25 ], "texture": "#mp-133_shotgun", "rotation": 90 },
				"north": { "uv": [ 15.5, 11.25, 15.75, 11.5 ], "texture": "#mp-133_shotgun" },
				"south": { "uv": [ 16, 11.25, 15.75, 11.5 ], "texture": "#mp-133_shotgun" },
				"west": { "uv": [ 15.5, 11.25, 16, 11.5 ], "texture": "#mp-133_shotgun" },
				"east": { "uv": [ 16, 11.25, 15.5, 11.5 ], "texture": "#mp-133_shotgun" }
			}
		},
		{
			"__comment": "mp-133_shotgun36",
			"from": [ 7.5, 1.5, 20 ],
			"to": [ 8.5, 2.5, 20.5 ],
			"faces": {
				"down": { "uv": [ 14, 11, 14.25, 11.25 ], "texture": "#mp-133_shotgun", "rotation": 270 },
				"up": { "uv": [ 14, 11, 14.25, 10.75 ], "texture": "#mp-133_shotgun", "rotation": 90 },
				"north": { "uv": [ 14, 10.75, 14.25, 11.25 ], "texture": "#mp-133_shotgun" },
				"south": { "uv": [ 14.25, 10.75, 14, 11.25 ], "texture": "#mp-133_shotgun" },
				"west": { "uv": [ 14, 10.75, 14.25, 11.25 ], "texture": "#mp-133_shotgun" },
				"east": { "uv": [ 14.25, 10.75, 14, 11.25 ], "texture": "#mp-133_shotgun" }
			}
		},
		{
			"__comment": "mp-133_shotgun37",
			"from": [ 7, 6, 13 ],
			"to": [ 9, 7.5, 14 ],
			"faces": {
				"down": { "uv": [ 10.5, 8.75, 11, 9 ], "texture": "#mp-133_shotgun", "rotation": 270 },
				"up": { "uv": [ 10.5, 8.5, 11, 8.25 ], "texture": "#mp-133_shotgun", "rotation": 90 },
				"north": { "uv": [ 10.5, 8.25, 10.75, 9 ], "texture": "#mp-133_shotgun" },
				"south": { "uv": [ 11, 8.25, 10.75, 9 ], "texture": "#mp-133_shotgun" },
				"west": { "uv": [ 10.5, 8.25, 11, 9 ], "texture": "#mp-133_shotgun" },
				"east": { "uv": [ 11, 8.25, 10.5, 9 ], "texture": "#mp-133_shotgun" }
			}
		},
		{
			"__comment": "mp-133_shotgun38",
			"from": [ 7, 6, 14 ],
			"to": [ 9, 7, 14.5 ],
			"faces": {
				"down": { "uv": [ 11, 8.75, 11.25, 9 ], "texture": "#mp-133_shotgun", "rotation": 270 },
				"up": { "uv": [ 11, 8.75, 11.25, 8.5 ], "texture": "#mp-133_shotgun", "rotation": 90 },
				"north": { "uv": [ 11, 8.5, 11.25, 9 ], "texture": "#mp-133_shotgun" },
				"south": { "uv": [ 11.25, 8.5, 11, 9 ], "texture": "#mp-133_shotgun" },
				"west": { "uv": [ 11, 8.5, 11.25, 9 ], "texture": "#mp-133_shotgun" },
				"east": { "uv": [ 11.25, 8.5, 11, 9 ], "texture": "#mp-133_shotgun" }
			}
		},
		{
			"__comment": "mp-133_shotgun39",
			"from": [ 7, 5.5, 14.5 ],
			"to": [ 9, 7, 15 ],
			"faces": {
				"down": { "uv": [ 11.25, 9, 11.5, 9.25 ], "texture": "#mp-133_shotgun", "rotation": 270 },
				"up": { "uv": [ 11.25, 8.75, 11.5, 8.5 ], "texture": "#mp-133_shotgun", "rotation": 90 },
				"north": { "uv": [ 11.25, 8.5, 11.5, 9.25 ], "texture": "#mp-133_shotgun" },
				"south": { "uv": [ 11.5, 8.5, 11.25, 9.25 ], "texture": "#mp-133_shotgun" },
				"west": { "uv": [ 11.25, 8.5, 11.5, 9.25 ], "texture": "#mp-133_shotgun" },
				"east": { "uv": [ 11.5, 8.5, 11.25, 9.25 ], "texture": "#mp-133_shotgun" }
			}
		},
		{
			"__comment": "mp-133_shotgun40",
			"from": [ 7, 5, 15 ],
			"to": [ 9, 6.5, 15.5 ],
			"faces": {
				"down": { "uv": [ 11.5, 9.25, 11.75, 9.5 ], "texture": "#mp-133_shotgun", "rotation": 270 },
				"up": { "uv": [ 11.5, 9, 11.75, 8.75 ], "texture": "#mp-133_shotgun", "rotation": 90 },
				"north": { "uv": [ 11.5, 8.75, 11.75, 9.5 ], "texture": "#mp-133_shotgun" },
				"south": { "uv": [ 11.75, 8.75, 11.5, 9.5 ], "texture": "#mp-133_shotgun" },
				"west": { "uv": [ 11.5, 8.75, 11.75, 9.5 ], "texture": "#mp-133_shotgun" },
				"east": { "uv": [ 11.75, 8.75, 11.5, 9.5 ], "texture": "#mp-133_shotgun" }
			}
		},
		{
			"__comment": "mp-133_shotgun41",
			"from": [ 7, 4.5, 15.5 ],
			"to": [ 9, 6.5, 16 ],
			"faces": {
				"down": { "uv": [ 11.75, 9.5, 12, 9.75 ], "texture": "#mp-133_shotgun", "rotation": 270 },
				"up": { "uv": [ 11.75, 9, 12, 8.75 ], "texture": "#mp-133_shotgun", "rotation": 90 },
				"north": { "uv": [ 11.75, 8.75, 12, 9.75 ], "texture": "#mp-133_shotgun" },
				"south": { "uv": [ 12, 8.75, 11.75, 9.75 ], "texture": "#mp-133_shotgun" },
				"west": { "uv": [ 11.75, 8.75, 12, 9.75 ], "texture": "#mp-133_shotgun" },
				"east": { "uv": [ 12, 8.75, 11.75, 9.75 ], "texture": "#mp-133_shotgun" }
			}
		},
		{
			"__comment": "mp-133_shotgun42",
			"from": [ 7, 4, 16 ],
			"to": [ 9, 6, 17 ],
			"faces": {
				"down": { "uv": [ 12, 9.75, 12.5, 10 ], "texture": "#mp-133_shotgun", "rotation": 270 },
				"up": { "uv": [ 12, 9.25, 12.5, 9 ], "texture": "#mp-133_shotgun", "rotation": 90 },
				"north": { "uv": [ 12, 9, 12.25, 10 ], "texture": "#mp-133_shotgun" },
				"south": { "uv": [ 12.5, 9, 12.25, 10 ], "texture": "#mp-133_shotgun" },
				"west": { "uv": [ 12, 9, 12.5, 10 ], "texture": "#mp-133_shotgun" },
				"east": { "uv": [ 12.5, 9, 12, 10 ], "texture": "#mp-133_shotgun" }
			}
		},
		{
			"__comment": "mp-133_shotgun43",
			"from": [ 7, 4.5, 17 ],
			"to": [ 9, 6.5, 18 ],
			"faces": {
				"down": { "uv": [ 12.5, 9.5, 13, 9.75 ], "texture": "#mp-133_shotgun", "rotation": 270 },
				"up": { "uv": [ 12.5, 9, 13, 8.75 ], "texture": "#mp-133_shotgun", "rotation": 90 },
				"north": { "uv": [ 12.5, 8.75, 12.75, 9.75 ], "texture": "#mp-133_shotgun" },
				"south": { "uv": [ 13, 8.75, 12.75, 9.75 ], "texture": "#mp-133_shotgun" },
				"west": { "uv": [ 12.5, 8.75, 13, 9.75 ], "texture": "#mp-133_shotgun" },
				"east": { "uv": [ 13, 8.75, 12.5, 9.75 ], "texture": "#mp-133_shotgun" }
			}
		},
		{
			"__comment": "mp-133_shotgun44",
			"from": [ 7, 4, 18 ],
			"to": [ 9, 6.5, 19 ],
			"faces": {
				"down": { "uv": [ 13, 9.75, 13.5, 10 ], "texture": "#mp-133_shotgun", "rotation": 270 },
				"up": { "uv": [ 13, 9, 13.5, 8.75 ], "texture": "#mp-133_shotgun", "rotation": 90 },
				"north": { "uv": [ 13, 8.75, 13.25, 10 ], "texture": "#mp-133_shotgun" },
				"south": { "uv": [ 13.5, 8.75, 13.25, 10 ], "texture": "#mp-133_shotgun" },
				"west": { "uv": [ 13, 8.75, 13.5, 10 ], "texture": "#mp-133_shotgun" },
				"east": { "uv": [ 13.5, 8.75, 13, 10 ], "texture": "#mp-133_shotgun" }
			}
		},
		{
			"__comment": "mp-133_shotgun45",
			"from": [ 7, 3.5, 19 ],
			"to": [ 9, 6, 20 ],
			"faces": {
				"down": { "uv": [ 13.5, 10, 14, 10.25 ], "texture": "#mp-133_shotgun", "rotation": 270 },
				"up": { "uv": [ 13.5, 9.25, 14, 9 ], "texture": "#mp-133_shotgun", "rotation": 90 },
				"north": { "uv": [ 13.5, 9, 13.75, 10.25 ], "texture": "#mp-133_shotgun" },
				"south": { "uv": [ 14, 9, 13.75, 10.25 ], "texture": "#mp-133_shotgun" },
				"west": { "uv": [ 13.5, 9, 14, 10.25 ], "texture": "#mp-133_shotgun" },
				"east": { "uv": [ 14, 9, 13.5, 10.25 ], "texture": "#mp-133_shotgun" }
			}
		},
		{
			"__comment": "mp-133_shotgun46",
			"from": [ 7, 3, 20 ],
			"to": [ 9, 6, 21 ],
			"faces": {
				"down": { "uv": [ 14, 10.25, 14.5, 10.5 ], "texture": "#mp-133_shotgun", "rotation": 270 },
				"up": { "uv": [ 14, 9.25, 14.5, 9 ], "texture": "#mp-133_shotgun", "rotation": 90 },
				"north": { "uv": [ 14, 9, 14.25, 10.5 ], "texture": "#mp-133_shotgun" },
				"south": { "uv": [ 14.5, 9, 14.25, 10.5 ], "texture": "#mp-133_shotgun" },
				"west": { "uv": [ 14, 9, 14.5, 10.5 ], "texture": "#mp-133_shotgun" },
				"east": { "uv": [ 14.5, 9, 14, 10.5 ], "texture": "#mp-133_shotgun" }
			}
		},
		{
			"__comment": "mp-133_shotgun47",
			"from": [ 7, 2.5, 21 ],
			"to": [ 9, 5.5, 22 ],
			"faces": {
				"down": { "uv": [ 14.5, 10.5, 15, 10.75 ], "texture": "#mp-133_shotgun", "rotation": 270 },
				"up": { "uv": [ 14.5, 9.5, 15, 9.25 ], "texture": "#mp-133_shotgun", "rotation": 90 },
				"north": { "uv": [ 14.5, 9.25, 14.75, 10.75 ], "texture": "#mp-133_shotgun" },
				"south": { "uv": [ 15, 9.25, 14.75, 10.75 ], "texture": "#mp-133_shotgun" },
				"west": { "uv": [ 14.5, 9.25, 15, 10.75 ], "texture": "#mp-133_shotgun" },
				"east": { "uv": [ 15, 9.25, 14.5, 10.75 ], "texture": "#mp-133_shotgun" }
			}
		},
		{
			"__comment": "mp-133_shotgun48",
			"from": [ 7, 2, 22 ],
			"to": [ 9, 5.5, 23 ],
			"faces": {
				"down": { "uv": [ 15, 10.75, 15.5, 11 ], "texture": "#mp-133_shotgun", "rotation": 270 },
				"up": { "uv": [ 15, 9.5, 15.5, 9.25 ], "texture": "#mp-133_shotgun", "rotation": 90 },
				"north": { "uv": [ 15, 9.25, 15.25, 11 ], "texture": "#mp-133_shotgun" },
				"south": { "uv": [ 15.5, 9.25, 15.25, 11 ], "texture": "#mp-133_shotgun" },
				"west": { "uv": [ 15, 9.25, 15.5, 11 ], "texture": "#mp-133_shotgun" },
				"east": { "uv": [ 15.5, 9.25, 15, 11 ], "texture": "#mp-133_shotgun" }
			}
		},
		{
			"__comment": "mp-133_shotgun49",
			"from": [ 7, 1.5, 23 ],
			"to": [ 9, 5, 24 ],
			"faces": {
				"down": { "uv": [ 15.5, 11, 16, 11.25 ], "texture": "#mp-133_shotgun", "rotation": 270 },
				"up": { "uv": [ 15.5, 9.75, 16, 9.5 ], "texture": "#mp-133_shotgun", "rotation": 90 },
				"north": { "uv": [ 15.5, 9.5, 15.75, 11.25 ], "texture": "#mp-133_shotgun" },
				"south": { "uv": [ 16, 9.5, 15.75, 11.25 ], "texture": "#mp-133_shotgun" },
				"west": { "uv": [ 15.5, 9.5, 16, 11.25 ], "texture": "#mp-133_shotgun" },
				"east": { "uv": [ 16, 9.5, 15.5, 11.25 ], "texture": "#mp-133_shotgun" }
			}
		},
		{
			"__comment": "mp-133_shotgun1",
			"from": [ 7.5, 7, -6.5 ],
			"to": [ 8.5, 7.5, -6 ],
			"faces": {
				"down": { "uv": [ 0.75, 8.25, 1, 8.5 ], "texture": "#mp-133_shotgun", "rotation": 270 },
				"up": { "uv": [ 0.75, 8.5, 1, 8.25 ], "texture": "#mp-133_shotgun", "rotation": 90 },
				"north": { "uv": [ 0.75, 8.25, 1, 8.5 ], "texture": "#mp-133_shotgun" },
				"south": { "uv": [ 1, 8.25, 0.75, 8.5 ], "texture": "#mp-133_shotgun" },
				"west": { "uv": [ 0.75, 8.25, 1, 8.5 ], "texture": "#mp-133_shotgun" },
				"east": { "uv": [ 1, 8.25, 0.75, 8.5 ], "texture": "#mp-133_shotgun" }
			}
		},
		{
			"__comment": "mp-133_shotgun7",
			"from": [ 7.5, 8, 5.5 ],
			"to": [ 8.5, 8.5, 12.5 ],
			"faces": {
				"down": { "uv": [ 6.75, 7.75, 10.25, 8 ], "texture": "#mp-133_shotgun", "rotation": 270 },
				"up": { "uv": [ 6.75, 8, 10.25, 7.75 ], "texture": "#mp-133_shotgun", "rotation": 90 },
				"north": { "uv": [ 6.75, 7.75, 7, 8 ], "texture": "#mp-133_shotgun" },
				"south": { "uv": [ 10.25, 7.75, 10, 8 ], "texture": "#mp-133_shotgun" },
				"west": { "uv": [ 6.75, 7.75, 10.25, 8 ], "texture": "#mp-133_shotgun" },
				"east": { "uv": [ 10.25, 7.75, 6.75, 8 ], "texture": "#mp-133_shotgun" }
			}
		},
		{
			"__comment": "mp-133_shotgun7",
			"from": [ 7.5, 6, 5.5 ],
			"to": [ 8.5, 6.5, 12.5 ],
			"faces": {
				"down": { "uv": [ 6.75, 8.75, 10.25, 9 ], "texture": "#mp-133_shotgun", "rotation": 270 },
				"up": { "uv": [ 6.75, 9, 10.25, 8.75 ], "texture": "#mp-133_shotgun", "rotation": 90 },
				"north": { "uv": [ 6.75, 8.75, 7, 9 ], "texture": "#mp-133_shotgun" },
				"south": { "uv": [ 10.25, 8.75, 10, 9 ], "texture": "#mp-133_shotgun" },
				"west": { "uv": [ 6.75, 8.75, 10.25, 9 ], "texture": "#mp-133_shotgun" },
				"east": { "uv": [ 10.25, 8.75, 6.75, 9 ], "texture": "#mp-133_shotgun" }
			}
		}
	],
	"display": {
		"thirdperson_righthand": {
			"translation":  [ 0, 1.125, -1.125 ],
			"scale":  [ 0.75, 0.75, 0.75 ]
		},
		"thirdperson_lefthand": {
			"rotation":  [ 180, 180, 180 ],
			"translation":  [ -1.25, -4.375, 8 ],
			"scale":  [ 0.75, 0.75, 0.75 ]
		},
		"firstperson_righthand": {
			"rotation":  [ 30, 0, -30 ],
			"translation":  [ -6, 4.5, -3 ]
		},
		"firstperson_lefthand": {
			"scale":  [ 0.0001, 0.0001, 0.0001 ]
		},
		"gui": {
			"rotation":  [ 30, 135, 0 ],
			"scale":  [ 0.5, 0.5, 0.5 ]
		},
		"head": {
			"scale":  [ 0.0001, 0.0001, 0.0001 ]
		},
		"ground": {
			"rotation":  [ 0, 0, 90 ],
			"scale":  [ 0.75, 0.75, 0.75 ]
		},
		"fixed": {
			"rotation":  [ 0, -90, 0 ],
			"scale":  [ 1.5, 1.5, 1.5 ]
		}
	}
}